canonical_id,text,category,language,variant_type,model,strategy,predicted_category,top1_score,top2_category,top2_score,score_gap,top3_categories,top3_scores,top1_correct,top3_correct
chicken_breast,Chicken Breast,Groceries,en,clean,sentence-transformers/paraphrase-multilingual-MiniLM-L12-v2,DESCRIPTION_ONLY,Groceries,0.37397676706314087,Fruits & Vegetables,0.15033775568008423,0.22363901138305664,"[""Groceries"", ""Fruits & Vegetables"", ""Personal Care""]","[0.37397676706314087, 0.15033775568008423, 0.11348769813776016]",True,True
chicken_breast,Chicken Breast,Groceries,en,clean,sentence-transformers/paraphrase-multilingual-MiniLM-L12-v2,EXAMPLE_CENTROID,Restaurants,0.3637322783470154,Groceries,0.3121131360530853,0.051619142293930054,"[""Restaurants"", ""Groceries"", ""Personal Care""]","[0.3637322783470154, 0.3121131360530853, 0.25717437267303467]",False,True
chicken_breast,Chicken Breast,Groceries,en,clean,sentence-transformers/paraphrase-multilingual-MiniLM-L12-v2,HYBRID_PROTOTYPE,Groceries,0.4081130623817444,Restaurants,0.2761805057525635,0.1319325566291809,"[""Groceries"", ""Restaurants"", ""Fruits & Vegetables""]","[0.4081130623817444, 0.2761805057525635, 0.22871357202529907]",True,True
milk_1l,Milk 1L,Groceries,en,clean,sentence-transformers/paraphrase-multilingual-MiniLM-L12-v2,DESCRIPTION_ONLY,Groceries,0.30562925338745117,Bills,0.18727433681488037,0.1183549165725708,"[""Groceries"", ""Bills"", ""Restaurants""]","[0.30562925338745117, 0.18727433681488037, 0.1795344352722168]",True,True
milk_1l,Milk 1L,Groceries,en,clean,sentence-transformers/paraphrase-multilingual-MiniLM-L12-v2,EXAMPLE_CENTROID,Groceries,0.48880964517593384,Restaurants,0.33146849274635315,0.1573411524295807,"[""Groceries"", ""Restaurants"", ""Medicine""]","[0.48880964517593384, 0.33146849274635315, 0.32303744554519653]",True,True
milk_1l,Milk 1L,Groceries,en,clean,sentence-transformers/paraphrase-multilingual-MiniLM-L12-v2,HYBRID_PROTOTYPE,Groceries,0.4718616008758545,Restaurants,0.30135226249694824,0.17050933837890625,"[""Groceries"", ""Restaurants"", ""Medicine""]","[0.4718616008758545, 0.30135226249694824, 0.26513004302978516]",True,True
rice_1kg,Rice 1KG,Groceries,en,clean,sentence-transformers/paraphrase-multilingual-MiniLM-L12-v2,DESCRIPTION_ONLY,Groceries,0.32173043489456177,Fruits & Vegetables,0.14626243710517883,0.17546799778938293,"[""Groceries"", ""Fruits & Vegetables"", ""Bills""]","[0.32173043489456177, 0.14626243710517883, 0.07164217531681061]",True,True
rice_1kg,Rice 1KG,Groceries,en,clean,sentence-transformers/paraphrase-multilingual-MiniLM-L12-v2,EXAMPLE_CENTROID,Groceries,0.30662474036216736,Medicine,0.30229324102401733,0.004331499338150024,"[""Groceries"", ""Medicine"", ""Restaurants""]","[0.30662474036216736, 0.30229324102401733, 0.30138662457466125]",True,True
rice_1kg,Rice 1KG,Groceries,en,clean,sentence-transformers/paraphrase-multilingual-MiniLM-L12-v2,HYBRID_PROTOTYPE,Groceries,0.38031530380249023,Fruits & Vegetables,0.24917525053024292,0.13114005327224731,"[""Groceries"", ""Fruits & Vegetables"", ""Restaurants""]","[0.38031530380249023, 0.24917525053024292, 0.21402525901794434]",True,True
groceries_egyptian_white_cheese,Egyptian White Cheese,Groceries,en,clean,sentence-transformers/paraphrase-multilingual-MiniLM-L12-v2,DESCRIPTION_ONLY,Groceries,0.23126758635044098,Restaurants,0.17185306549072266,0.05941452085971832,"[""Groceries"", ""Restaurants"", ""Fruits & Vegetables""]","[0.23126758635044098, 0.17185306549072266, 0.10083219408988953]",True,True
groceries_egyptian_white_cheese,Egyptian White Cheese,Groceries,en,clean,sentence-transformers/paraphrase-multilingual-MiniLM-L12-v2,EXAMPLE_CENTROID,Restaurants,0.5451722145080566,Medicine,0.36899834871292114,0.1761738657951355,"[""Restaurants"", ""Medicine"", ""Personal Care""]","[0.5451722145080566, 0.36899834871292114, 0.3627893328666687]",False,False
groceries_egyptian_white_cheese,Egyptian White Cheese,Groceries,en,clean,sentence-transformers/paraphrase-multilingual-MiniLM-L12-v2,HYBRID_PROTOTYPE,Restaurants,0.42284926772117615,Groceries,0.35275566577911377,0.07009360194206238,"[""Restaurants"", ""Groceries"", ""Personal Care""]","[0.42284926772117615, 0.35275566577911377, 0.2617837190628052]",False,True
chicken_breast,صدور فراخ,Groceries,ar,clean,sentence-transformers/paraphrase-multilingual-MiniLM-L12-v2,DESCRIPTION_ONLY,Other,0.3472852408885956,Bills,0.23916901648044586,0.10811622440814972,"[""Other"", ""Bills"", ""Transport""]","[0.3472852408885956, 0.23916901648044586, 0.19688314199447632]",False,False
chicken_breast,صدور فراخ,Groceries,ar,clean,sentence-transformers/paraphrase-multilingual-MiniLM-L12-v2,EXAMPLE_CENTROID,Books,0.6675613522529602,Other,0.6592325568199158,0.008328795433044434,"[""Books"", ""Other"", ""Medicine""]","[0.6675613522529602, 0.6592325568199158, 0.596156656742096]",False,False
chicken_breast,صدور فراخ,Groceries,ar,clean,sentence-transformers/paraphrase-multilingual-MiniLM-L12-v2,HYBRID_PROTOTYPE,Other,0.5631154775619507,Books,0.5119267106056213,0.051188766956329346,"[""Other"", ""Books"", ""Transport""]","[0.5631154775619507, 0.5119267106056213, 0.4638688862323761]",False,False
milk_1l,لبن كامل الدسم,Groceries,ar,clean,sentence-transformers/paraphrase-multilingual-MiniLM-L12-v2,DESCRIPTION_ONLY,Groceries,0.2841838002204895,Restaurants,0.23668205738067627,0.04750174283981323,"[""Groceries"", ""Restaurants"", ""Other""]","[0.2841838002204895, 0.23668205738067627, 0.23163434863090515]",True,True
milk_1l,لبن كامل الدسم,Groceries,ar,clean,sentence-transformers/paraphrase-multilingual-MiniLM-L12-v2,EXAMPLE_CENTROID,Groceries,0.706224799156189,Personal Care,0.6560689210891724,0.0501558780670166,"[""Groceries"", ""Personal Care"", ""Medicine""]","[0.706224799156189, 0.6560689210891724, 0.6543670892715454]",True,True
milk_1l,لبن كامل الدسم,Groceries,ar,clean,sentence-transformers/paraphrase-multilingual-MiniLM-L12-v2,HYBRID_PROTOTYPE,Groceries,0.5882590413093567,Restaurants,0.5185048580169678,0.06975418329238892,"[""Groceries"", ""Restaurants"", ""Medicine""]","[0.5882590413093567, 0.5185048580169678, 0.4983847737312317]",True,True
rice_1kg,كيس أرز 1 كيلو,Groceries,ar,clean,sentence-transformers/paraphrase-multilingual-MiniLM-L12-v2,DESCRIPTION_ONLY,Groceries,0.4116159677505493,Other,0.32637819647789,0.0852377712726593,"[""Groceries"", ""Other"", ""Transport""]","[0.4116159677505493, 0.32637819647789, 0.29565107822418213]",True,True
rice_1kg,كيس أرز 1 كيلو,Groceries,ar,clean,sentence-transformers/paraphrase-multilingual-MiniLM-L12-v2,EXAMPLE_CENTROID,Medicine,0.48793721199035645,Groceries,0.47792714834213257,0.010010063648223877,"[""Medicine"", ""Groceries"", ""Restaurants""]","[0.48793721199035645, 0.47792714834213257, 0.43266749382019043]",False,True
rice_1kg,كيس أرز 1 كيلو,Groceries,ar,clean,sentence-transformers/paraphrase-multilingual-MiniLM-L12-v2,HYBRID_PROTOTYPE,Groceries,0.5384007692337036,Medicine,0.4388313889503479,0.09956938028335571,"[""Groceries"", ""Medicine"", ""Other""]","[0.5384007692337036, 0.4388313889503479, 0.4046260416507721]",True,True
groceries_8,علبة تونة,Groceries,ar,clean,sentence-transformers/paraphrase-multilingual-MiniLM-L12-v2,DESCRIPTION_ONLY,Transport,0.295326828956604,Other,0.2603413462638855,0.034985482692718506,"[""Transport"", ""Other"", ""Restaurants""]","[0.295326828956604, 0.2603413462638855, 0.24760571122169495]",False,False
groceries_8,علبة تونة,Groceries,ar,clean,sentence-transformers/paraphrase-multilingual-MiniLM-L12-v2,EXAMPLE_CENTROID,Shopping,0.6269831657409668,Medicine,0.5665233731269836,0.060459792613983154,"[""Shopping"", ""Medicine"", ""Groceries""]","[0.6269831657409668, 0.5665233731269836, 0.5415568947792053]",False,True
groceries_8,علبة تونة,Groceries,ar,clean,sentence-transformers/paraphrase-multilingual-MiniLM-L12-v2,HYBRID_PROTOTYPE,Shopping,0.5066661834716797,Transport,0.4898808002471924,0.016785383224487305,"[""Shopping"", ""Transport"", ""Medicine""]","[0.5066661834716797, 0.4898808002471924, 0.4383341073989868]",False,False
milk_1l,Fresh Milk لبن,Groceries,mixed,mixed_language,sentence-transformers/paraphrase-multilingual-MiniLM-L12-v2,DESCRIPTION_ONLY,Groceries,0.3902646601200104,Fruits & Vegetables,0.21126556396484375,0.17899909615516663,"[""Groceries"", ""Fruits & Vegetables"", ""Household""]","[0.3902646601200104, 0.21126556396484375, 0.18904906511306763]",True,True
milk_1l,Fresh Milk لبن,Groceries,mixed,mixed_language,sentence-transformers/paraphrase-multilingual-MiniLM-L12-v2,EXAMPLE_CENTROID,Groceries,0.46105650067329407,Restaurants,0.4190672039985657,0.041989296674728394,"[""Groceries"", ""Restaurants"", ""Household""]","[0.46105650067329407, 0.4190672039985657, 0.34456557035446167]",True,True
milk_1l,Fresh Milk لبن,Groceries,mixed,mixed_language,sentence-transformers/paraphrase-multilingual-MiniLM-L12-v2,HYBRID_PROTOTYPE,Groceries,0.5056471824645996,Restaurants,0.35330766439437866,0.15233951807022095,"[""Groceries"", ""Restaurants"", ""Household""]","[0.5056471824645996, 0.35330766439437866, 0.3116458058357239]",True,True
chicken_breast,Chicken فراخ مجمدة,Groceries,mixed,mixed_language,sentence-transformers/paraphrase-multilingual-MiniLM-L12-v2,DESCRIPTION_ONLY,Groceries,0.41811665892601013,Restaurants,0.22541746497154236,0.19269919395446777,"[""Groceries"", ""Restaurants"", ""Transport""]","[0.41811665892601013, 0.22541746497154236, 0.14584587514400482]",True,True
chicken_breast,Chicken فراخ مجمدة,Groceries,mixed,mixed_language,sentence-transformers/paraphrase-multilingual-MiniLM-L12-v2,EXAMPLE_CENTROID,Restaurants,0.6056085824966431,Groceries,0.5344786643981934,0.07112991809844971,"[""Restaurants"", ""Groceries"", ""Medicine""]","[0.6056085824966431, 0.5344786643981934, 0.4349048137664795]",False,True
chicken_breast,Chicken فراخ مجمدة,Groceries,mixed,mixed_language,sentence-transformers/paraphrase-multilingual-MiniLM-L12-v2,HYBRID_PROTOTYPE,Groceries,0.5666408538818359,Restaurants,0.49007856845855713,0.07656228542327881,"[""Groceries"", ""Restaurants"", ""Medicine""]","[0.5666408538818359, 0.49007856845855713, 0.30296453833580017]",True,True
milk_1l,M1LK 1L,Groceries,en,ocr_noise,sentence-transformers/paraphrase-multilingual-MiniLM-L12-v2,DESCRIPTION_ONLY,Transport,0.15302373468875885,Books,0.058663226664066315,0.09436050802469254,"[""Transport"", ""Books"", ""Restaurants""]","[0.15302373468875885, 0.058663226664066315, 0.05255521088838577]",False,False
milk_1l,M1LK 1L,Groceries,en,ocr_noise,sentence-transformers/paraphrase-multilingual-MiniLM-L12-v2,EXAMPLE_CENTROID,Medicine,0.47716325521469116,Transport,0.3672456443309784,0.10991761088371277,"[""Medicine"", ""Transport"", ""Groceries""]","[0.47716325521469116, 0.3672456443309784, 0.3576951026916504]",False,True
milk_1l,M1LK 1L,Groceries,en,ocr_noise,sentence-transformers/paraphrase-multilingual-MiniLM-L12-v2,HYBRID_PROTOTYPE,Medicine,0.31537237763404846,Transport,0.30823832750320435,0.007134050130844116,"[""Medicine"", ""Transport"", ""Groceries""]","[0.31537237763404846, 0.30823832750320435, 0.22936245799064636]",False,True
rice_1kg,R1CE 1KG,Groceries,en,ocr_noise,sentence-transformers/paraphrase-multilingual-MiniLM-L12-v2,DESCRIPTION_ONLY,Bills,0.03692031651735306,Transport,0.02984301932156086,0.007077297195792198,"[""Bills"", ""Transport"", ""Books""]","[0.03692031651735306, 0.02984301932156086, -0.004271453246474266]",False,False
rice_1kg,R1CE 1KG,Groceries,en,ocr_noise,sentence-transformers/paraphrase-multilingual-MiniLM-L12-v2,EXAMPLE_CENTROID,Medicine,0.41861921548843384,Transport,0.2510470747947693,0.16757214069366455,"[""Medicine"", ""Transport"", ""Books""]","[0.41861921548843384, 0.2510470747947693, 0.24424897134304047]",False,False
rice_1kg,R1CE 1KG,Groceries,en,ocr_noise,sentence-transformers/paraphrase-multilingual-MiniLM-L12-v2,HYBRID_PROTOTYPE,Medicine,0.2290152907371521,Transport,0.16641584038734436,0.06259945034980774,"[""Medicine"", ""Transport"", ""Books""]","[0.2290152907371521, 0.16641584038734436, 0.14295601844787598]",False,False
banana,Banana,Fruits & Vegetables,en,clean,sentence-transformers/paraphrase-multilingual-MiniLM-L12-v2,DESCRIPTION_ONLY,Fruits & Vegetables,0.31354308128356934,Groceries,0.12363594770431519,0.18990713357925415,"[""Fruits & Vegetables"", ""Groceries"", ""Transport""]","[0.31354308128356934, 0.12363594770431519, 0.12030217051506042]",True,True
banana,Banana,Fruits & Vegetables,en,clean,sentence-transformers/paraphrase-multilingual-MiniLM-L12-v2,EXAMPLE_CENTROID,Fruits & Vegetables,0.4078979194164276,Medicine,0.3393029272556305,0.06859499216079712,"[""Fruits & Vegetables"", ""Medicine"", ""Groceries""]","[0.4078979194164276, 0.3393029272556305, 0.3218008279800415]",True,True
banana,Banana,Fruits & Vegetables,en,clean,sentence-transformers/paraphrase-multilingual-MiniLM-L12-v2,HYBRID_PROTOTYPE,Fruits & Vegetables,0.4053820073604584,Groceries,0.2639133930206299,0.1414686143398285,"[""Fruits & Vegetables"", ""Groceries"", ""Medicine""]","[0.4053820073604584, 0.2639133930206299, 0.23736390471458435]",True,True
tomatoes,Fresh Tomatoes,Fruits & Vegetables,en,clean,sentence-transformers/paraphrase-multilingual-MiniLM-L12-v2,DESCRIPTION_ONLY,Fruits & Vegetables,0.5809780359268188,Groceries,0.20985658466815948,0.37112145125865936,"[""Fruits & Vegetables"", ""Groceries"", ""Medicine""]","[0.5809780359268188, 0.20985658466815948, 0.194589301943779]",True,True
tomatoes,Fresh Tomatoes,Fruits & Vegetables,en,clean,sentence-transformers/paraphrase-multilingual-MiniLM-L12-v2,EXAMPLE_CENTROID,Fruits & Vegetables,0.5679925680160522,Medicine,0.3174082636833191,0.25058430433273315,"[""Fruits & Vegetables"", ""Medicine"", ""Restaurants""]","[0.5679925680160522, 0.3174082636833191, 0.2963048815727234]",True,True
tomatoes,Fresh Tomatoes,Fruits & Vegetables,en,clean,sentence-transformers/paraphrase-multilingual-MiniLM-L12-v2,HYBRID_PROTOTYPE,Fruits & Vegetables,0.6613935828208923,Medicine,0.32545006275177,0.3359435200691223,"[""Fruits & Vegetables"", ""Medicine"", ""Groceries""]","[0.6613935828208923, 0.32545006275177, 0.2954048216342926]",True,True
apples,Green Apples,Fruits & Vegetables,en,clean,sentence-transformers/paraphrase-multilingual-MiniLM-L12-v2,DESCRIPTION_ONLY,Fruits & Vegetables,0.4928208589553833,Groceries,0.23406992852687836,0.25875093042850494,"[""Fruits & Vegetables"", ""Groceries"", ""Transport""]","[0.4928208589553833, 0.23406992852687836, 0.14221486449241638]",True,True
apples,Green Apples,Fruits & Vegetables,en,clean,sentence-transformers/paraphrase-multilingual-MiniLM-L12-v2,EXAMPLE_CENTROID,Fruits & Vegetables,0.5105217099189758,Groceries,0.3663555383682251,0.14416617155075073,"[""Fruits & Vegetables"", ""Groceries"", ""Medicine""]","[0.5105217099189758, 0.3663555383682251, 0.27034687995910645]",True,True
apples,Green Apples,Fruits & Vegetables,en,clean,sentence-transformers/paraphrase-multilingual-MiniLM-L12-v2,HYBRID_PROTOTYPE,Fruits & Vegetables,0.5736767053604126,Groceries,0.3557415008544922,0.2179352045059204,"[""Fruits & Vegetables"", ""Groceries"", ""Shopping""]","[0.5736767053604126, 0.3557415008544922, 0.21072682738304138]",True,True
cucumber,Cucumber Pack,Fruits & Vegetables,en,clean,sentence-transformers/paraphrase-multilingual-MiniLM-L12-v2,DESCRIPTION_ONLY,Fruits & Vegetables,0.4222753047943115,Groceries,0.28005263209342957,0.14222267270088196,"[""Fruits & Vegetables"", ""Groceries"", ""Medicine""]","[0.4222753047943115, 0.28005263209342957, 0.23364907503128052]",True,True
cucumber,Cucumber Pack,Fruits & Vegetables,en,clean,sentence-transformers/paraphrase-multilingual-MiniLM-L12-v2,EXAMPLE_CENTROID,Fruits & Vegetables,0.4767759144306183,Restaurants,0.354343980550766,0.1224319338798523,"[""Fruits & Vegetables"", ""Restaurants"", ""Medicine""]","[0.4767759144306183, 0.354343980550766, 0.32256758213043213]",True,True
cucumber,Cucumber Pack,Fruits & Vegetables,en,clean,sentence-transformers/paraphrase-multilingual-MiniLM-L12-v2,HYBRID_PROTOTYPE,Fruits & Vegetables,0.5057299733161926,Groceries,0.35398727655410767,0.15174269676208496,"[""Fruits & Vegetables"", ""Groceries"", ""Medicine""]","[0.5057299733161926, 0.35398727655410767, 0.35355791449546814]",True,True
tomatoes,طماطم,Fruits & Vegetables,ar,clean,sentence-transformers/paraphrase-multilingual-MiniLM-L12-v2,DESCRIPTION_ONLY,Fruits & Vegetables,0.5438603162765503,Groceries,0.2595284581184387,0.2843318581581116,"[""Fruits & Vegetables"", ""Groceries"", ""Medicine""]","[0.5438603162765503, 0.2595284581184387, 0.16099834442138672]",True,True
tomatoes,طماطم,Fruits & Vegetables,ar,clean,sentence-transformers/paraphrase-multilingual-MiniLM-L12-v2,EXAMPLE_CENTROID,Fruits & Vegetables,0.6950465440750122,Groceries,0.4638440012931824,0.23120254278182983,"[""Fruits & Vegetables"", ""Groceries"", ""Medicine""]","[0.6950465440750122, 0.4638440012931824, 0.4132610559463501]",True,True
tomatoes,طماطم,Fruits & Vegetables,ar,clean,sentence-transformers/paraphrase-multilingual-MiniLM-L12-v2,HYBRID_PROTOTYPE,Fruits & Vegetables,0.7131644487380981,Groceries,0.428585410118103,0.2845790386199951,"[""Fruits & Vegetables"", ""Groceries"", ""Medicine""]","[0.7131644487380981, 0.428585410118103, 0.36502665281295776]",True,True
apples,تفاح,Fruits & Vegetables,ar,clean,sentence-transformers/paraphrase-multilingual-MiniLM-L12-v2,DESCRIPTION_ONLY,Fruits & Vegetables,0.4009556770324707,Groceries,0.17821501195430756,0.22274066507816315,"[""Fruits & Vegetables"", ""Groceries"", ""Transport""]","[0.4009556770324707, 0.17821501195430756, 0.13982196152210236]",True,True
apples,تفاح,Fruits & Vegetables,ar,clean,sentence-transformers/paraphrase-multilingual-MiniLM-L12-v2,EXAMPLE_CENTROID,Fruits & Vegetables,0.42944979667663574,Groceries,0.33280375599861145,0.09664604067802429,"[""Fruits & Vegetables"", ""Groceries"", ""Books""]","[0.42944979667663574, 0.33280375599861145, 0.29253673553466797]",True,True
apples,تفاح,Fruits & Vegetables,ar,clean,sentence-transformers/paraphrase-multilingual-MiniLM-L12-v2,HYBRID_PROTOTYPE,Fruits & Vegetables,0.47479715943336487,Groceries,0.30276957154273987,0.172027587890625,"[""Fruits & Vegetables"", ""Groceries"", ""Books""]","[0.47479715943336487, 0.30276957154273987, 0.22745287418365479]",True,True
banana,موز بلدي,Fruits & Vegetables,ar,clean,sentence-transformers/paraphrase-multilingual-MiniLM-L12-v2,DESCRIPTION_ONLY,Fruits & Vegetables,0.27769944071769714,Entertainment,0.25437599420547485,0.02332344651222229,"[""Fruits & Vegetables"", ""Entertainment"", ""Transport""]","[0.27769944071769714, 0.25437599420547485, 0.24217528104782104]",True,True
banana,موز بلدي,Fruits & Vegetables,ar,clean,sentence-transformers/paraphrase-multilingual-MiniLM-L12-v2,EXAMPLE_CENTROID,Groceries,0.5134309530258179,Fruits & Vegetables,0.45892971754074097,0.054501235485076904,"[""Groceries"", ""Fruits & Vegetables"", ""Restaurants""]","[0.5134309530258179, 0.45892971754074097, 0.44406238198280334]",False,True
banana,موز بلدي,Fruits & Vegetables,ar,clean,sentence-transformers/paraphrase-multilingual-MiniLM-L12-v2,HYBRID_PROTOTYPE,Groceries,0.434333860874176,Fruits & Vegetables,0.41391634941101074,0.020417511463165283,"[""Groceries"", ""Fruits & Vegetables"", ""Restaurants""]","[0.434333860874176, 0.41391634941101074, 0.38301295042037964]",False,True
cucumber,خيار طازج,Fruits & Vegetables,ar,clean,sentence-transformers/paraphrase-multilingual-MiniLM-L12-v2,DESCRIPTION_ONLY,Transport,0.2980552315711975,Restaurants,0.27585679292678833,0.02219843864440918,"[""Transport"", ""Restaurants"", ""Personal Care""]","[0.2980552315711975, 0.27585679292678833, 0.2746275067329407]",False,False
cucumber,خيار طازج,Fruits & Vegetables,ar,clean,sentence-transformers/paraphrase-multilingual-MiniLM-L12-v2,EXAMPLE_CENTROID,Books,0.5160771608352661,Transport,0.4432852268218994,0.0727919340133667,"[""Books"", ""Transport"", ""Groceries""]","[0.5160771608352661, 0.4432852268218994, 0.43164777755737305]",False,False
cucumber,خيار طازج,Fruits & Vegetables,ar,clean,sentence-transformers/paraphrase-multilingual-MiniLM-L12-v2,HYBRID_PROTOTYPE,Transport,0.43921390175819397,Personal Care,0.404651403427124,0.034562498331069946,"[""Transport"", ""Personal Care"", ""Entertainment""]","[0.43921390175819397, 0.404651403427124, 0.39228200912475586]",False,False
banana,Banana موز,Fruits & Vegetables,mixed,mixed_language,sentence-transformers/paraphrase-multilingual-MiniLM-L12-v2,DESCRIPTION_ONLY,Fruits & Vegetables,0.36554279923439026,Groceries,0.13620364665985107,0.22933915257453918,"[""Fruits & Vegetables"", ""Groceries"", ""Transport""]","[0.36554279923439026, 0.13620364665985107, 0.11186257749795914]",True,True
banana,Banana موز,Fruits & Vegetables,mixed,mixed_language,sentence-transformers/paraphrase-multilingual-MiniLM-L12-v2,EXAMPLE_CENTROID,Fruits & Vegetables,0.42105650901794434,Groceries,0.2860333323478699,0.13502317667007446,"[""Fruits & Vegetables"", ""Groceries"", ""Medicine""]","[0.42105650901794434, 0.2860333323478699, 0.2750679850578308]",True,True
banana,Banana موز,Fruits & Vegetables,mixed,mixed_language,sentence-transformers/paraphrase-multilingual-MiniLM-L12-v2,HYBRID_PROTOTYPE,Fruits & Vegetables,0.441994845867157,Groceries,0.2501679062843323,0.1918269395828247,"[""Fruits & Vegetables"", ""Groceries"", ""Medicine""]","[0.441994845867157, 0.2501679062843323, 0.199977844953537]",True,True
tomatoes,Fresh طماطم,Fruits & Vegetables,mixed,mixed_language,sentence-transformers/paraphrase-multilingual-MiniLM-L12-v2,DESCRIPTION_ONLY,Fruits & Vegetables,0.63167804479599,Groceries,0.28656935691833496,0.34510868787765503,"[""Fruits & Vegetables"", ""Groceries"", ""Medicine""]","[0.63167804479599, 0.28656935691833496, 0.2145465910434723]",True,True
tomatoes,Fresh طماطم,Fruits & Vegetables,mixed,mixed_language,sentence-transformers/paraphrase-multilingual-MiniLM-L12-v2,EXAMPLE_CENTROID,Fruits & Vegetables,0.6201741099357605,Groceries,0.3453294634819031,0.2748446464538574,"[""Fruits & Vegetables"", ""Groceries"", ""Restaurants""]","[0.6201741099357605, 0.3453294634819031, 0.3256317973136902]",True,True
tomatoes,Fresh طماطم,Fruits & Vegetables,mixed,mixed_language,sentence-transformers/paraphrase-multilingual-MiniLM-L12-v2,HYBRID_PROTOTYPE,Fruits & Vegetables,0.7206162214279175,Groceries,0.3743888735771179,0.34622734785079956,"[""Fruits & Vegetables"", ""Groceries"", ""Medicine""]","[0.7206162214279175, 0.3743888735771179, 0.34189316630363464]",True,True
tomatoes,T0MAT0ES,Fruits & Vegetables,en,ocr_noise,sentence-transformers/paraphrase-multilingual-MiniLM-L12-v2,DESCRIPTION_ONLY,Transport,0.11200893670320511,Bills,0.07558754086494446,0.03642139583826065,"[""Transport"", ""Bills"", ""Books""]","[0.11200893670320511, 0.07558754086494446, 0.07077908515930176]",False,False
tomatoes,T0MAT0ES,Fruits & Vegetables,en,ocr_noise,sentence-transformers/paraphrase-multilingual-MiniLM-L12-v2,EXAMPLE_CENTROID,Medicine,0.45237109065055847,Shopping,0.3832097053527832,0.06916138529777527,"[""Medicine"", ""Shopping"", ""Groceries""]","[0.45237109065055847, 0.3832097053527832, 0.3200172781944275]",False,False
tomatoes,T0MAT0ES,Fruits & Vegetables,en,ocr_noise,sentence-transformers/paraphrase-multilingual-MiniLM-L12-v2,HYBRID_PROTOTYPE,Medicine,0.29937803745269775,Shopping,0.24732047319412231,0.05205756425857544,"[""Medicine"", ""Shopping"", ""Books""]","[0.29937803745269775, 0.24732047319412231, 0.20788802206516266]",False,False
apples,تفـاح,Fruits & Vegetables,ar,ocr_noise,sentence-transformers/paraphrase-multilingual-MiniLM-L12-v2,DESCRIPTION_ONLY,Transport,0.23568344116210938,Entertainment,0.17832599580287933,0.05735744535923004,"[""Transport"", ""Entertainment"", ""Fruits & Vegetables""]","[0.23568344116210938, 0.17832599580287933, 0.1625041961669922]",False,True
apples,تفـاح,Fruits & Vegetables,ar,ocr_noise,sentence-transformers/paraphrase-multilingual-MiniLM-L12-v2,EXAMPLE_CENTROID,Groceries,0.6806612014770508,Medicine,0.645790696144104,0.03487050533294678,"[""Groceries"", ""Medicine"", ""Books""]","[0.6806612014770508, 0.645790696144104, 0.6373324394226074]",False,False
apples,تفـاح,Fruits & Vegetables,ar,ocr_noise,sentence-transformers/paraphrase-multilingual-MiniLM-L12-v2,HYBRID_PROTOTYPE,Groceries,0.4951302111148834,Transport,0.48509857058525085,0.010031640529632568,"[""Groceries"", ""Transport"", ""Books""]","[0.4951302111148834, 0.48509857058525085, 0.4655676484107971]",False,False
mcchicken_meal,McChicken Meal,Restaurants,en,clean,sentence-transformers/paraphrase-multilingual-MiniLM-L12-v2,DESCRIPTION_ONLY,Groceries,0.41357529163360596,Restaurants,0.3445998430252075,0.06897544860839844,"[""Groceries"", ""Restaurants"", ""Other""]","[0.41357529163360596, 0.3445998430252075, 0.14045843482017517]",False,True
mcchicken_meal,McChicken Meal,Restaurants,en,clean,sentence-transformers/paraphrase-multilingual-MiniLM-L12-v2,EXAMPLE_CENTROID,Restaurants,0.7325214743614197,Groceries,0.5134187340736389,0.21910274028778076,"[""Restaurants"", ""Groceries"", ""Medicine""]","[0.7325214743614197, 0.5134187340736389, 0.382928729057312]",True,True
mcchicken_meal,McChicken Meal,Restaurants,en,clean,sentence-transformers/paraphrase-multilingual-MiniLM-L12-v2,HYBRID_PROTOTYPE,Restaurants,0.6352524161338806,Groceries,0.5492275953292847,0.08602482080459595,"[""Restaurants"", ""Groceries"", ""Medicine""]","[0.6352524161338806, 0.5492275953292847, 0.3200536370277405]",True,True
margherita_pizza,Margherita Pizza,Restaurants,en,clean,sentence-transformers/paraphrase-multilingual-MiniLM-L12-v2,DESCRIPTION_ONLY,Restaurants,0.2749060392379761,Groceries,0.2728606164455414,0.0020454227924346924,"[""Restaurants"", ""Groceries"", ""Fruits & Vegetables""]","[0.2749060392379761, 0.2728606164455414, 0.11834651976823807]",True,True
margherita_pizza,Margherita Pizza,Restaurants,en,clean,sentence-transformers/paraphrase-multilingual-MiniLM-L12-v2,EXAMPLE_CENTROID,Restaurants,0.5073549747467041,Groceries,0.3820672035217285,0.12528777122497559,"[""Restaurants"", ""Groceries"", ""Medicine""]","[0.5073549747467041, 0.3820672035217285, 0.29289737343788147]",True,True
margherita_pizza,Margherita Pizza,Restaurants,en,clean,sentence-transformers/paraphrase-multilingual-MiniLM-L12-v2,HYBRID_PROTOTYPE,Restaurants,0.4624843895435333,Groceries,0.3880332112312317,0.07445117831230164,"[""Restaurants"", ""Groceries"", ""Medicine""]","[0.4624843895435333, 0.3880332112312317, 0.24928736686706543]",True,True
coffee,Cappuccino,Restaurants,en,clean,sentence-transformers/paraphrase-multilingual-MiniLM-L12-v2,DESCRIPTION_ONLY,Restaurants,0.30360791087150574,Groceries,0.18318304419517517,0.12042486667633057,"[""Restaurants"", ""Groceries"", ""Household""]","[0.30360791087150574, 0.18318304419517517, 0.13487938046455383]",True,True
coffee,Cappuccino,Restaurants,en,clean,sentence-transformers/paraphrase-multilingual-MiniLM-L12-v2,EXAMPLE_CENTROID,Restaurants,0.43339216709136963,Groceries,0.4312061071395874,0.0021860599517822266,"[""Restaurants"", ""Groceries"", ""Personal Care""]","[0.43339216709136963, 0.4312061071395874, 0.3931889533996582]",True,True
coffee,Cappuccino,Restaurants,en,clean,sentence-transformers/paraphrase-multilingual-MiniLM-L12-v2,HYBRID_PROTOTYPE,Restaurants,0.4407995045185089,Groceries,0.3640146851539612,0.07678481936454773,"[""Restaurants"", ""Groceries"", ""Personal Care""]","[0.4407995045185089, 0.3640146851539612, 0.3168576955795288]",True,True
restaurants_kfc_family_meal,KFC Family Meal,Restaurants,en,clean,sentence-transformers/paraphrase-multilingual-MiniLM-L12-v2,DESCRIPTION_ONLY,Groceries,0.4232024848461151,Restaurants,0.33365488052368164,0.08954760432243347,"[""Groceries"", ""Restaurants"", ""Fruits & Vegetables""]","[0.4232024848461151, 0.33365488052368164, 0.20176953077316284]",False,True
restaurants_kfc_family_meal,KFC Family Meal,Restaurants,en,clean,sentence-transformers/paraphrase-multilingual-MiniLM-L12-v2,EXAMPLE_CENTROID,Restaurants,0.5755494236946106,Groceries,0.3765375316143036,0.199011892080307,"[""Restaurants"", ""Groceries"", ""Fruits & Vegetables""]","[0.5755494236946106, 0.3765375316143036, 0.2274521142244339]",True,True
restaurants_kfc_family_meal,KFC Family Meal,Restaurants,en,clean,sentence-transformers/paraphrase-multilingual-MiniLM-L12-v2,HYBRID_PROTOTYPE,Restaurants,0.5385988354682922,Groceries,0.47383183240890503,0.06476700305938721,"[""Restaurants"", ""Groceries"", ""Fruits & Vegetables""]","[0.5385988354682922, 0.47383183240890503, 0.24187779426574707]",True,True
margherita_pizza,بيتزا مارجريتا,Restaurants,ar,clean,sentence-transformers/paraphrase-multilingual-MiniLM-L12-v2,DESCRIPTION_ONLY,Restaurants,0.30775216221809387,Groceries,0.28135526180267334,0.026396900415420532,"[""Restaurants"", ""Groceries"", ""Fruits & Vegetables""]","[0.30775216221809387, 0.28135526180267334, 0.11401757597923279]",True,True
margherita_pizza,بيتزا مارجريتا,Restaurants,ar,clean,sentence-transformers/paraphrase-multilingual-MiniLM-L12-v2,EXAMPLE_CENTROID,Restaurants,0.5434740781784058,Groceries,0.4314073622226715,0.11206671595573425,"[""Restaurants"", ""Groceries"", ""Medicine""]","[0.5434740781784058, 0.4314073622226715, 0.31884151697158813]",True,True
margherita_pizza,بيتزا مارجريتا,Restaurants,ar,clean,sentence-transformers/paraphrase-multilingual-MiniLM-L12-v2,HYBRID_PROTOTYPE,Restaurants,0.5032575726509094,Groceries,0.4222992956638336,0.0809582769870758,"[""Restaurants"", ""Groceries"", ""Medicine""]","[0.5032575726509094, 0.4222992956638336, 0.26921603083610535]",True,True
burger_meal,وجبة برجر,Restaurants,ar,clean,sentence-transformers/paraphrase-multilingual-MiniLM-L12-v2,DESCRIPTION_ONLY,Groceries,0.3541751205921173,Restaurants,0.33829545974731445,0.015879660844802856,"[""Groceries"", ""Restaurants"", ""Other""]","[0.3541751205921173, 0.33829545974731445, 0.1481785774230957]",False,True
burger_meal,وجبة برجر,Restaurants,ar,clean,sentence-transformers/paraphrase-multilingual-MiniLM-L12-v2,EXAMPLE_CENTROID,Restaurants,0.8161563873291016,Groceries,0.7103201150894165,0.10583627223968506,"[""Restaurants"", ""Groceries"", ""Medicine""]","[0.8161563873291016, 0.7103201150894165, 0.5301412343978882]",True,True
burger_meal,وجبة برجر,Restaurants,ar,clean,sentence-transformers/paraphrase-multilingual-MiniLM-L12-v2,HYBRID_PROTOTYPE,Restaurants,0.6784356832504272,Groceries,0.6306946277618408,0.047741055488586426,"[""Restaurants"", ""Groceries"", ""Medicine""]","[0.6784356832504272, 0.6306946277618408, 0.39272183179855347]",True,True
coffee,قهوة لاتيه,Restaurants,ar,clean,sentence-transformers/paraphrase-multilingual-MiniLM-L12-v2,DESCRIPTION_ONLY,Restaurants,0.4294758439064026,Transport,0.18328574299812317,0.24619010090827942,"[""Restaurants"", ""Transport"", ""Bills""]","[0.4294758439064026, 0.18328574299812317, 0.14281374216079712]",True,True
coffee,قهوة لاتيه,Restaurants,ar,clean,sentence-transformers/paraphrase-multilingual-MiniLM-L12-v2,EXAMPLE_CENTROID,Groceries,0.5100632905960083,Restaurants,0.4745554029941559,0.03550788760185242,"[""Groceries"", ""Restaurants"", ""Transport""]","[0.5100632905960083, 0.4745554029941559, 0.4483526647090912]",False,True
coffee,قهوة لاتيه,Restaurants,ar,clean,sentence-transformers/paraphrase-multilingual-MiniLM-L12-v2,HYBRID_PROTOTYPE,Restaurants,0.5407007932662964,Groceries,0.38346701860427856,0.15723377466201782,"[""Restaurants"", ""Groceries"", ""Transport""]","[0.5407007932662964, 0.38346701860427856, 0.3742198646068573]",True,True
restaurants_32,ساندوتش شاورما,Restaurants,ar,clean,sentence-transformers/paraphrase-multilingual-MiniLM-L12-v2,DESCRIPTION_ONLY,Other,0.2606965899467468,Books,0.19421641528606415,0.06648017466068268,"[""Other"", ""Books"", ""Restaurants""]","[0.2606965899467468, 0.19421641528606415, 0.19334831833839417]",False,True
restaurants_32,ساندوتش شاورما,Restaurants,ar,clean,sentence-transformers/paraphrase-multilingual-MiniLM-L12-v2,EXAMPLE_CENTROID,Groceries,0.5490842461585999,Personal Care,0.5342041850090027,0.014880061149597168,"[""Groceries"", ""Personal Care"", ""Medicine""]","[0.5490842461585999, 0.5342041850090027, 0.531646192073822]",False,False
restaurants_32,ساندوتش شاورما,Restaurants,ar,clean,sentence-transformers/paraphrase-multilingual-MiniLM-L12-v2,HYBRID_PROTOTYPE,Personal Care,0.410828560590744,Groceries,0.40565502643585205,0.005173534154891968,"[""Personal Care"", ""Groceries"", ""Medicine""]","[0.410828560590744, 0.40565502643585205, 0.38705188035964966]",False,False
coffee,Coffee قهوة,Restaurants,mixed,mixed_language,sentence-transformers/paraphrase-multilingual-MiniLM-L12-v2,DESCRIPTION_ONLY,Restaurants,0.4541469216346741,Transport,0.21331927180290222,0.24082764983177185,"[""Restaurants"", ""Transport"", ""Bills""]","[0.4541469216346741, 0.21331927180290222, 0.185990110039711]",True,True
coffee,Coffee قهوة,Restaurants,mixed,mixed_language,sentence-transformers/paraphrase-multilingual-MiniLM-L12-v2,EXAMPLE_CENTROID,Groceries,0.39048367738723755,Transport,0.36989539861679077,0.020588278770446777,"[""Groceries"", ""Transport"", ""Restaurants""]","[0.39048367738723755, 0.36989539861679077, 0.36292755603790283]",False,True
coffee,Coffee قهوة,Restaurants,mixed,mixed_language,sentence-transformers/paraphrase-multilingual-MiniLM-L12-v2,HYBRID_PROTOTYPE,Restaurants,0.48869195580482483,Transport,0.34553083777427673,0.1431611180305481,"[""Restaurants"", ""Transport"", ""Groceries""]","[0.48869195580482483, 0.34553083777427673, 0.3071635067462921]",True,True
burger_meal,Burger وجبة,Restaurants,mixed,mixed_language,sentence-transformers/paraphrase-multilingual-MiniLM-L12-v2,DESCRIPTION_ONLY,Groceries,0.3635483682155609,Restaurants,0.26366758346557617,0.09988078474998474,"[""Groceries"", ""Restaurants"", ""Fruits & Vegetables""]","[0.3635483682155609, 0.26366758346557617, 0.08746761083602905]",False,True
burger_meal,Burger وجبة,Restaurants,mixed,mixed_language,sentence-transformers/paraphrase-multilingual-MiniLM-L12-v2,EXAMPLE_CENTROID,Restaurants,0.5908991694450378,Groceries,0.39334648847579956,0.19755268096923828,"[""Restaurants"", ""Groceries"", ""Medicine""]","[0.5908991694450378, 0.39334648847579956, 0.32474732398986816]",True,True
burger_meal,Burger وجبة,Restaurants,mixed,mixed_language,sentence-transformers/paraphrase-multilingual-MiniLM-L12-v2,HYBRID_PROTOTYPE,Restaurants,0.5022024512290955,Groceries,0.4484468698501587,0.05375558137893677,"[""Restaurants"", ""Groceries"", ""Medicine""]","[0.5022024512290955, 0.4484468698501587, 0.25395411252975464]",True,True
mcchicken_meal,McCh1cken MeaI,Restaurants,en,ocr_noise,sentence-transformers/paraphrase-multilingual-MiniLM-L12-v2,DESCRIPTION_ONLY,Books,0.1170923113822937,Transport,0.10800221562385559,0.00909009575843811,"[""Books"", ""Transport"", ""Groceries""]","[0.1170923113822937, 0.10800221562385559, 0.10721786320209503]",False,False
mcchicken_meal,McCh1cken MeaI,Restaurants,en,ocr_noise,sentence-transformers/paraphrase-multilingual-MiniLM-L12-v2,EXAMPLE_CENTROID,Medicine,0.5492693781852722,Groceries,0.5020776987075806,0.04719167947769165,"[""Medicine"", ""Groceries"", ""Books""]","[0.5492693781852722, 0.5020776987075806, 0.4582028090953827]",False,False
mcchicken_meal,McCh1cken MeaI,Restaurants,en,ocr_noise,sentence-transformers/paraphrase-multilingual-MiniLM-L12-v2,HYBRID_PROTOTYPE,Groceries,0.36099687218666077,Medicine,0.3527032732963562,0.008293598890304565,"[""Groceries"", ""Medicine"", ""Books""]","[0.36099687218666077, 0.3527032732963562, 0.3427065908908844]",False,False
margherita_pizza,P1ZZA MARGHER1TA,Restaurants,en,ocr_noise,sentence-transformers/paraphrase-multilingual-MiniLM-L12-v2,DESCRIPTION_ONLY,Restaurants,0.20605909824371338,Other,0.18927797675132751,0.016781121492385864,"[""Restaurants"", ""Other"", ""Books""]","[0.20605909824371338, 0.18927797675132751, 0.16387994587421417]",True,True
margherita_pizza,P1ZZA MARGHER1TA,Restaurants,en,ocr_noise,sentence-transformers/paraphrase-multilingual-MiniLM-L12-v2,EXAMPLE_CENTROID,Medicine,0.5522115230560303,Groceries,0.5294532775878906,0.02275824546813965,"[""Medicine"", ""Groceries"", ""Personal Care""]","[0.5522115230560303, 0.5294532775878906, 0.44674208760261536]",False,False
margherita_pizza,P1ZZA MARGHER1TA,Restaurants,en,ocr_noise,sentence-transformers/paraphrase-multilingual-MiniLM-L12-v2,HYBRID_PROTOTYPE,Medicine,0.43168652057647705,Groceries,0.38268905878067017,0.048997461795806885,"[""Medicine"", ""Groceries"", ""Restaurants""]","[0.43168652057647705, 0.38268905878067017, 0.3646581172943115]",False,True
uber_trip,Uber Trip,Transport,en,clean,sentence-transformers/paraphrase-multilingual-MiniLM-L12-v2,DESCRIPTION_ONLY,Transport,0.2787707448005676,Shopping,0.13668368756771088,0.14208705723285675,"[""Transport"", ""Shopping"", ""Restaurants""]","[0.2787707448005676, 0.13668368756771088, 0.12389819324016571]",True,True
uber_trip,Uber Trip,Transport,en,clean,sentence-transformers/paraphrase-multilingual-MiniLM-L12-v2,EXAMPLE_CENTROID,Transport,0.47375011444091797,Entertainment,0.2989790439605713,0.17477107048034668,"[""Transport"", ""Entertainment"", ""Shopping""]","[0.47375011444091797, 0.2989790439605713, 0.2757226228713989]",True,True
uber_trip,Uber Trip,Transport,en,clean,sentence-transformers/paraphrase-multilingual-MiniLM-L12-v2,HYBRID_PROTOTYPE,Transport,0.4470446705818176,Shopping,0.2558649778366089,0.19117969274520874,"[""Transport"", ""Shopping"", ""Entertainment""]","[0.4470446705818176, 0.2558649778366089, 0.21386821568012238]",True,True
careem_ride,Careem Ride,Transport,en,clean,sentence-transformers/paraphrase-multilingual-MiniLM-L12-v2,DESCRIPTION_ONLY,Transport,0.26085013151168823,Personal Care,0.19854378700256348,0.062306344509124756,"[""Transport"", ""Personal Care"", ""Restaurants""]","[0.26085013151168823, 0.19854378700256348, 0.19584891200065613]",True,True
careem_ride,Careem Ride,Transport,en,clean,sentence-transformers/paraphrase-multilingual-MiniLM-L12-v2,EXAMPLE_CENTROID,Transport,0.5005455017089844,Entertainment,0.4099234938621521,0.09062200784683228,"[""Transport"", ""Entertainment"", ""Shopping""]","[0.5005455017089844, 0.4099234938621521, 0.37440598011016846]",True,True
careem_ride,Careem Ride,Transport,en,clean,sentence-transformers/paraphrase-multilingual-MiniLM-L12-v2,HYBRID_PROTOTYPE,Transport,0.448953777551651,Entertainment,0.3618897795677185,0.0870639979839325,"[""Transport"", ""Entertainment"", ""Restaurants""]","[0.448953777551651, 0.3618897795677185, 0.3331963121891022]",True,True
metro_ticket,Cairo Metro Ticket,Transport,en,clean,sentence-transformers/paraphrase-multilingual-MiniLM-L12-v2,DESCRIPTION_ONLY,Transport,0.3066479563713074,Restaurants,0.1502493917942047,0.15639856457710266,"[""Transport"", ""Restaurants"", ""Shopping""]","[0.3066479563713074, 0.1502493917942047, 0.128623366355896]",True,True
metro_ticket,Cairo Metro Ticket,Transport,en,clean,sentence-transformers/paraphrase-multilingual-MiniLM-L12-v2,EXAMPLE_CENTROID,Entertainment,0.3816741108894348,Transport,0.3343978822231293,0.04727622866630554,"[""Entertainment"", ""Transport"", ""Shopping""]","[0.3816741108894348, 0.3343978822231293, 0.3042440414428711]",False,True
metro_ticket,Cairo Metro Ticket,Transport,en,clean,sentence-transformers/paraphrase-multilingual-MiniLM-L12-v2,HYBRID_PROTOTYPE,Transport,0.3878871202468872,Entertainment,0.28287264704704285,0.10501447319984436,"[""Transport"", ""Entertainment"", ""Shopping""]","[0.3878871202468872, 0.28287264704704285, 0.26855945587158203]",True,True
gasoline_92,Gasoline 92,Transport,en,clean,sentence-transformers/paraphrase-multilingual-MiniLM-L12-v2,DESCRIPTION_ONLY,Bills,0.3036249279975891,Transport,0.2651108503341675,0.03851407766342163,"[""Bills"", ""Transport"", ""Household""]","[0.3036249279975891, 0.2651108503341675, 0.08005936443805695]",False,True
gasoline_92,Gasoline 92,Transport,en,clean,sentence-transformers/paraphrase-multilingual-MiniLM-L12-v2,EXAMPLE_CENTROID,Bills,0.45131176710128784,Medicine,0.29075390100479126,0.16055786609649658,"[""Bills"", ""Medicine"", ""Shopping""]","[0.45131176710128784, 0.29075390100479126, 0.2872808277606964]",False,False
gasoline_92,Gasoline 92,Transport,en,clean,sentence-transformers/paraphrase-multilingual-MiniLM-L12-v2,HYBRID_PROTOTYPE,Bills,0.41247642040252686,Transport,0.2996923327445984,0.11278408765792847,"[""Bills"", ""Transport"", ""Shopping""]","[0.41247642040252686, 0.2996923327445984, 0.1891711950302124]",False,True
uber_trip,رحلة أوبر,Transport,ar,clean,sentence-transformers/paraphrase-multilingual-MiniLM-L12-v2,DESCRIPTION_ONLY,Transport,0.28325873613357544,Other,0.17846354842185974,0.1047951877117157,"[""Transport"", ""Other"", ""Restaurants""]","[0.28325873613357544, 0.17846354842185974, 0.17765501141548157]",True,True
uber_trip,رحلة أوبر,Transport,ar,clean,sentence-transformers/paraphrase-multilingual-MiniLM-L12-v2,EXAMPLE_CENTROID,Transport,0.598400890827179,Medicine,0.5836766362190247,0.014724254608154297,"[""Transport"", ""Medicine"", ""Books""]","[0.598400890827179, 0.5836766362190247, 0.5756293535232544]",True,True
uber_trip,رحلة أوبر,Transport,ar,clean,sentence-transformers/paraphrase-multilingual-MiniLM-L12-v2,HYBRID_PROTOTYPE,Transport,0.5237612128257751,Books,0.43610283732414246,0.08765837550163269,"[""Transport"", ""Books"", ""Shopping""]","[0.5237612128257751, 0.43610283732414246, 0.40306130051612854]",True,True
careem_ride,مشوار كريم,Transport,ar,clean,sentence-transformers/paraphrase-multilingual-MiniLM-L12-v2,DESCRIPTION_ONLY,Restaurants,0.23258128762245178,Groceries,0.1850178986787796,0.04756338894367218,"[""Restaurants"", ""Groceries"", ""Transport""]","[0.23258128762245178, 0.1850178986787796, 0.16506637632846832]",False,True
careem_ride,مشوار كريم,Transport,ar,clean,sentence-transformers/paraphrase-multilingual-MiniLM-L12-v2,EXAMPLE_CENTROID,Groceries,0.6461316347122192,Personal Care,0.603771984577179,0.04235965013504028,"[""Groceries"", ""Personal Care"", ""Restaurants""]","[0.6461316347122192, 0.603771984577179, 0.5905139446258545]",False,False
careem_ride,مشوار كريم,Transport,ar,clean,sentence-transformers/paraphrase-multilingual-MiniLM-L12-v2,HYBRID_PROTOTYPE,Groceries,0.49244144558906555,Restaurants,0.4854015111923218,0.007039934396743774,"[""Groceries"", ""Restaurants"", ""Personal Care""]","[0.49244144558906555, 0.4854015111923218, 0.45976918935775757]",False,False
metro_ticket,تذكرة مترو,Transport,ar,clean,sentence-transformers/paraphrase-multilingual-MiniLM-L12-v2,DESCRIPTION_ONLY,Transport,0.362224817276001,Bills,0.11265033483505249,0.2495744824409485,"[""Transport"", ""Bills"", ""Restaurants""]","[0.362224817276001, 0.11265033483505249, 0.1110943853855133]",True,True
metro_ticket,تذكرة مترو,Transport,ar,clean,sentence-transformers/paraphrase-multilingual-MiniLM-L12-v2,EXAMPLE_CENTROID,Entertainment,0.5307929515838623,Transport,0.4183269739151001,0.11246597766876221,"[""Entertainment"", ""Transport"", ""Shopping""]","[0.5307929515838623, 0.4183269739151001, 0.35649511218070984]",False,True
metro_ticket,تذكرة مترو,Transport,ar,clean,sentence-transformers/paraphrase-multilingual-MiniLM-L12-v2,HYBRID_PROTOTYPE,Transport,0.47230005264282227,Entertainment,0.3495844900608063,0.12271556258201599,"[""Transport"", ""Entertainment"", ""Shopping""]","[0.47230005264282227, 0.3495844900608063, 0.279731422662735]",True,True
gasoline_92,بنزين 92,Transport,ar,clean,sentence-transformers/paraphrase-multilingual-MiniLM-L12-v2,DESCRIPTION_ONLY,Bills,0.2665646970272064,Transport,0.21272024512290955,0.053844451904296875,"[""Bills"", ""Transport"", ""Restaurants""]","[0.2665646970272064, 0.21272024512290955, 0.11278651654720306]",False,True
gasoline_92,بنزين 92,Transport,ar,clean,sentence-transformers/paraphrase-multilingual-MiniLM-L12-v2,EXAMPLE_CENTROID,Bills,0.4235503375530243,Medicine,0.4144485592842102,0.009101778268814087,"[""Bills"", ""Medicine"", ""Groceries""]","[0.4235503375530243, 0.4144485592842102, 0.3481648564338684]",False,False
gasoline_92,بنزين 92,Transport,ar,clean,sentence-transformers/paraphrase-multilingual-MiniLM-L12-v2,HYBRID_PROTOTYPE,Bills,0.3770596385002136,Transport,0.290995717048645,0.0860639214515686,"[""Bills"", ""Transport"", ""Medicine""]","[0.3770596385002136, 0.290995717048645, 0.28899890184402466]",False,True
uber_trip,Uber مشوار,Transport,mixed,mixed_language,sentence-transformers/paraphrase-multilingual-MiniLM-L12-v2,DESCRIPTION_ONLY,Transport,0.3235500752925873,Shopping,0.1623593121767044,0.16119076311588287,"[""Transport"", ""Shopping"", ""Restaurants""]","[0.3235500752925873, 0.1623593121767044, 0.09793191403150558]",True,True
uber_trip,Uber مشوار,Transport,mixed,mixed_language,sentence-transformers/paraphrase-multilingual-MiniLM-L12-v2,EXAMPLE_CENTROID,Transport,0.4728007912635803,Shopping,0.35586538910865784,0.11693540215492249,"[""Transport"", ""Shopping"", ""Entertainment""]","[0.4728007912635803, 0.35586538910865784, 0.267536997795105]",True,True
uber_trip,Uber مشوار,Transport,mixed,mixed_language,sentence-transformers/paraphrase-multilingual-MiniLM-L12-v2,HYBRID_PROTOTYPE,Transport,0.4730824828147888,Shopping,0.32151687145233154,0.15156561136245728,"[""Transport"", ""Shopping"", ""Entertainment""]","[0.4730824828147888, 0.32151687145233154, 0.19004598259925842]",True,True
careem_ride,Careem رحلة,Transport,mixed,mixed_language,sentence-transformers/paraphrase-multilingual-MiniLM-L12-v2,DESCRIPTION_ONLY,Transport,0.31271281838417053,Restaurants,0.2683047652244568,0.044408053159713745,"[""Transport"", ""Restaurants"", ""Entertainment""]","[0.31271281838417053, 0.2683047652244568, 0.2641439437866211]",True,True
careem_ride,Careem رحلة,Transport,mixed,mixed_language,sentence-transformers/paraphrase-multilingual-MiniLM-L12-v2,EXAMPLE_CENTROID,Transport,0.5758211016654968,Entertainment,0.4712042808532715,0.10461682081222534,"[""Transport"", ""Entertainment"", ""Books""]","[0.5758211016654968, 0.4712042808532715, 0.46667197346687317]",True,True
careem_ride,Careem رحلة,Transport,mixed,mixed_language,sentence-transformers/paraphrase-multilingual-MiniLM-L12-v2,HYBRID_PROTOTYPE,Transport,0.5239204168319702,Entertainment,0.44542351365089417,0.07849690318107605,"[""Transport"", ""Entertainment"", ""Restaurants""]","[0.5239204168319702, 0.44542351365089417, 0.38998740911483765]",True,True
uber_trip,UBER TR1P,Transport,en,ocr_noise,sentence-transformers/paraphrase-multilingual-MiniLM-L12-v2,DESCRIPTION_ONLY,Transport,0.13392816483974457,Other,0.10825645178556442,0.025671713054180145,"[""Transport"", ""Other"", ""Bills""]","[0.13392816483974457, 0.10825645178556442, 0.10186364501714706]",True,True
uber_trip,UBER TR1P,Transport,en,ocr_noise,sentence-transformers/paraphrase-multilingual-MiniLM-L12-v2,EXAMPLE_CENTROID,Medicine,0.413868248462677,Groceries,0.3504258990287781,0.06344234943389893,"[""Medicine"", ""Groceries"", ""Transport""]","[0.413868248462677, 0.3504258990287781, 0.3467840254306793]",False,True
uber_trip,UBER TR1P,Transport,en,ocr_noise,sentence-transformers/paraphrase-multilingual-MiniLM-L12-v2,HYBRID_PROTOTYPE,Transport,0.28557321429252625,Medicine,0.2659139335155487,0.01965928077697754,"[""Transport"", ""Medicine"", ""Books""]","[0.28557321429252625, 0.2659139335155487, 0.2173413634300232]",True,True
careem_ride,CAR EEM R1DE,Transport,en,ocr_noise,sentence-transformers/paraphrase-multilingual-MiniLM-L12-v2,DESCRIPTION_ONLY,Transport,0.19899173080921173,Shopping,0.08748787641525269,0.11150385439395905,"[""Transport"", ""Shopping"", ""Bills""]","[0.19899173080921173, 0.08748787641525269, 0.0799182802438736]",True,True
careem_ride,CAR EEM R1DE,Transport,en,ocr_noise,sentence-transformers/paraphrase-multilingual-MiniLM-L12-v2,EXAMPLE_CENTROID,Transport,0.3849024176597595,Medicine,0.33708274364471436,0.047819674015045166,"[""Transport"", ""Medicine"", ""Shopping""]","[0.3849024176597595, 0.33708274364471436, 0.2813470661640167]",True,True
careem_ride,CAR EEM R1DE,Transport,en,ocr_noise,sentence-transformers/paraphrase-multilingual-MiniLM-L12-v2,HYBRID_PROTOTYPE,Transport,0.3442907929420471,Shopping,0.22883248329162598,0.11545830965042114,"[""Transport"", ""Shopping"", ""Bills""]","[0.3442907929420471, 0.22883248329162598, 0.1930956244468689]",True,True
dettol_floor_cleaner,Dettol Floor Cleaner,Household,en,clean,sentence-transformers/paraphrase-multilingual-MiniLM-L12-v2,DESCRIPTION_ONLY,Household,0.396709144115448,Personal Care,0.2368278205394745,0.1598813235759735,"[""Household"", ""Personal Care"", ""Transport""]","[0.396709144115448, 0.2368278205394745, 0.18141627311706543]",True,True
dettol_floor_cleaner,Dettol Floor Cleaner,Household,en,clean,sentence-transformers/paraphrase-multilingual-MiniLM-L12-v2,EXAMPLE_CENTROID,Household,0.4332576394081116,Personal Care,0.28360456228256226,0.14965307712554932,"[""Household"", ""Personal Care"", ""Medicine""]","[0.4332576394081116, 0.28360456228256226, 0.250904381275177]",True,True
dettol_floor_cleaner,Dettol Floor Cleaner,Household,en,clean,sentence-transformers/paraphrase-multilingual-MiniLM-L12-v2,HYBRID_PROTOTYPE,Household,0.49393364787101746,Personal Care,0.31328269839286804,0.18065094947814941,"[""Household"", ""Personal Care"", ""Shopping""]","[0.49393364787101746, 0.31328269839286804, 0.2600310444831848]",True,True
fairy_dish_liquid,Fairy Dishwashing Liquid,Household,en,clean,sentence-transformers/paraphrase-multilingual-MiniLM-L12-v2,DESCRIPTION_ONLY,Household,0.4004707336425781,Groceries,0.25068655610084534,0.1497841775417328,"[""Household"", ""Groceries"", ""Personal Care""]","[0.4004707336425781, 0.25068655610084534, 0.2412126064300537]",True,True
fairy_dish_liquid,Fairy Dishwashing Liquid,Household,en,clean,sentence-transformers/paraphrase-multilingual-MiniLM-L12-v2,EXAMPLE_CENTROID,Household,0.547301173210144,Groceries,0.4414362907409668,0.10586488246917725,"[""Household"", ""Groceries"", ""Personal Care""]","[0.547301173210144, 0.4414362907409668, 0.43530911207199097]",True,True
fairy_dish_liquid,Fairy Dishwashing Liquid,Household,en,clean,sentence-transformers/paraphrase-multilingual-MiniLM-L12-v2,HYBRID_PROTOTYPE,Household,0.5680644512176514,Groceries,0.4100705683231354,0.157993882894516,"[""Household"", ""Groceries"", ""Personal Care""]","[0.5680644512176514, 0.4100705683231354, 0.40724319219589233]",True,True
persil_gel,Persil Gel,Household,en,clean,sentence-transformers/paraphrase-multilingual-MiniLM-L12-v2,DESCRIPTION_ONLY,Personal Care,0.250141978263855,Medicine,0.18689841032028198,0.063243567943573,"[""Personal Care"", ""Medicine"", ""Other""]","[0.250141978263855, 0.18689841032028198, 0.1656946837902069]",False,False
persil_gel,Persil Gel,Household,en,clean,sentence-transformers/paraphrase-multilingual-MiniLM-L12-v2,EXAMPLE_CENTROID,Personal Care,0.4753589630126953,Groceries,0.4197489619255066,0.05561000108718872,"[""Personal Care"", ""Groceries"", ""Medicine""]","[0.4753589630126953, 0.4197489619255066, 0.4160197973251343]",False,False
persil_gel,Persil Gel,Household,en,clean,sentence-transformers/paraphrase-multilingual-MiniLM-L12-v2,HYBRID_PROTOTYPE,Personal Care,0.43672704696655273,Medicine,0.3832436203956604,0.053483426570892334,"[""Personal Care"", ""Medicine"", ""Household""]","[0.43672704696655273, 0.3832436203956604, 0.311625599861145]",False,True
clorox_bleach,Clorox Bleach,Household,en,clean,sentence-transformers/paraphrase-multilingual-MiniLM-L12-v2,DESCRIPTION_ONLY,Personal Care,0.13992086052894592,Household,0.12316479533910751,0.01675606518983841,"[""Personal Care"", ""Household"", ""Medicine""]","[0.13992086052894592, 0.12316479533910751, 0.06556621193885803]",False,True
clorox_bleach,Clorox Bleach,Household,en,clean,sentence-transformers/paraphrase-multilingual-MiniLM-L12-v2,EXAMPLE_CENTROID,Personal Care,0.41360703110694885,Household,0.36563682556152344,0.047970205545425415,"[""Personal Care"", ""Household"", ""Medicine""]","[0.41360703110694885, 0.36563682556152344, 0.3441581130027771]",False,True
clorox_bleach,Clorox Bleach,Household,en,clean,sentence-transformers/paraphrase-multilingual-MiniLM-L12-v2,HYBRID_PROTOTYPE,Personal Care,0.33320510387420654,Household,0.28042712807655334,0.0527779757976532,"[""Personal Care"", ""Household"", ""Medicine""]","[0.33320510387420654, 0.28042712807655334, 0.2604403495788574]",False,True
dettol_floor_cleaner,منظف أرضيات ديتول,Household,ar,clean,sentence-transformers/paraphrase-multilingual-MiniLM-L12-v2,DESCRIPTION_ONLY,Household,0.39781618118286133,Transport,0.2551225423812866,0.1426936388015747,"[""Household"", ""Transport"", ""Personal Care""]","[0.39781618118286133, 0.2551225423812866, 0.22791287302970886]",True,True
dettol_floor_cleaner,منظف أرضيات ديتول,Household,ar,clean,sentence-transformers/paraphrase-multilingual-MiniLM-L12-v2,EXAMPLE_CENTROID,Household,0.5113937854766846,Personal Care,0.4148923456668854,0.0965014398097992,"[""Household"", ""Personal Care"", ""Shopping""]","[0.5113937854766846, 0.4148923456668854, 0.4043770134449005]",True,True
dettol_floor_cleaner,منظف أرضيات ديتول,Household,ar,clean,sentence-transformers/paraphrase-multilingual-MiniLM-L12-v2,HYBRID_PROTOTYPE,Household,0.5410932302474976,Personal Care,0.3869469165802002,0.15414631366729736,"[""Household"", ""Personal Care"", ""Shopping""]","[0.5410932302474976, 0.3869469165802002, 0.36518752574920654]",True,True
fairy_dish_liquid,سائل غسيل أطباق,Household,ar,clean,sentence-transformers/paraphrase-multilingual-MiniLM-L12-v2,DESCRIPTION_ONLY,Household,0.5622787475585938,Personal Care,0.35638248920440674,0.205896258354187,"[""Household"", ""Personal Care"", ""Groceries""]","[0.5622787475585938, 0.35638248920440674, 0.25202476978302]",True,True
fairy_dish_liquid,سائل غسيل أطباق,Household,ar,clean,sentence-transformers/paraphrase-multilingual-MiniLM-L12-v2,EXAMPLE_CENTROID,Household,0.6542759537696838,Personal Care,0.441314697265625,0.21296125650405884,"[""Household"", ""Personal Care"", ""Groceries""]","[0.6542759537696838, 0.441314697265625, 0.40547341108322144]",True,True
fairy_dish_liquid,سائل غسيل أطباق,Household,ar,clean,sentence-transformers/paraphrase-multilingual-MiniLM-L12-v2,HYBRID_PROTOTYPE,Household,0.7291643023490906,Personal Care,0.48018670082092285,0.24897760152816772,"[""Household"", ""Personal Care"", ""Groceries""]","[0.7291643023490906, 0.48018670082092285, 0.3895561099052429]",True,True
persil_gel,مسحوق غسيل برسيل,Household,ar,clean,sentence-transformers/paraphrase-multilingual-MiniLM-L12-v2,DESCRIPTION_ONLY,Household,0.48610973358154297,Personal Care,0.3767361044883728,0.10937362909317017,"[""Household"", ""Personal Care"", ""Other""]","[0.48610973358154297, 0.3767361044883728, 0.17354831099510193]",True,True
persil_gel,مسحوق غسيل برسيل,Household,ar,clean,sentence-transformers/paraphrase-multilingual-MiniLM-L12-v2,EXAMPLE_CENTROID,Household,0.7843105792999268,Personal Care,0.6331693530082703,0.1511412262916565,"[""Household"", ""Personal Care"", ""Groceries""]","[0.7843105792999268, 0.6331693530082703, 0.4128522574901581]",True,True
persil_gel,مسحوق غسيل برسيل,Household,ar,clean,sentence-transformers/paraphrase-multilingual-MiniLM-L12-v2,HYBRID_PROTOTYPE,Household,0.7425119876861572,Personal Care,0.6079288721084595,0.13458311557769775,"[""Household"", ""Personal Care"", ""Groceries""]","[0.7425119876861572, 0.6079288721084595, 0.3430328965187073]",True,True
clorox_bleach,كلور مبيض,Household,ar,clean,sentence-transformers/paraphrase-multilingual-MiniLM-L12-v2,DESCRIPTION_ONLY,Transport,0.0886799767613411,Personal Care,0.07132155448198318,0.01735842227935791,"[""Transport"", ""Personal Care"", ""Groceries""]","[0.0886799767613411, 0.07132155448198318, 0.06996939331293106]",False,False
clorox_bleach,كلور مبيض,Household,ar,clean,sentence-transformers/paraphrase-multilingual-MiniLM-L12-v2,EXAMPLE_CENTROID,Groceries,0.3150961995124817,Shopping,0.30856046080589294,0.006535738706588745,"[""Groceries"", ""Shopping"", ""Medicine""]","[0.3150961995124817, 0.30856046080589294, 0.2922634184360504]",False,False
clorox_bleach,كلور مبيض,Household,ar,clean,sentence-transformers/paraphrase-multilingual-MiniLM-L12-v2,HYBRID_PROTOTYPE,Groceries,0.228144571185112,Personal Care,0.20444515347480774,0.02369941771030426,"[""Groceries"", ""Personal Care"", ""Shopping""]","[0.228144571185112, 0.20444515347480774, 0.19958414137363434]",False,False
dettol_floor_cleaner,Dettol منظف أرضيات,Household,mixed,mixed_language,sentence-transformers/paraphrase-multilingual-MiniLM-L12-v2,DESCRIPTION_ONLY,Household,0.32524338364601135,Transport,0.2752472460269928,0.049996137619018555,"[""Household"", ""Transport"", ""Bills""]","[0.32524338364601135, 0.2752472460269928, 0.17665398120880127]",True,True
dettol_floor_cleaner,Dettol منظف أرضيات,Household,mixed,mixed_language,sentence-transformers/paraphrase-multilingual-MiniLM-L12-v2,EXAMPLE_CENTROID,Household,0.3561481535434723,Shopping,0.355676531791687,0.0004716217517852783,"[""Household"", ""Shopping"", ""Books""]","[0.3561481535434723, 0.355676531791687, 0.3327932357788086]",True,True
dettol_floor_cleaner,Dettol منظف أرضيات,Household,mixed,mixed_language,sentence-transformers/paraphrase-multilingual-MiniLM-L12-v2,HYBRID_PROTOTYPE,Household,0.40551286935806274,Transport,0.3375449776649475,0.06796789169311523,"[""Household"", ""Transport"", ""Shopping""]","[0.40551286935806274, 0.3375449776649475, 0.32731735706329346]",True,True
fairy_dish_liquid,Fairy صابون أطباق,Household,mixed,mixed_language,sentence-transformers/paraphrase-multilingual-MiniLM-L12-v2,DESCRIPTION_ONLY,Household,0.4364622235298157,Personal Care,0.349265992641449,0.0871962308883667,"[""Household"", ""Personal Care"", ""Groceries""]","[0.4364622235298157, 0.349265992641449, 0.25165247917175293]",True,True
fairy_dish_liquid,Fairy صابون أطباق,Household,mixed,mixed_language,sentence-transformers/paraphrase-multilingual-MiniLM-L12-v2,EXAMPLE_CENTROID,Household,0.49846261739730835,Personal Care,0.4711703360080719,0.02729228138923645,"[""Household"", ""Personal Care"", ""Restaurants""]","[0.49846261739730835, 0.4711703360080719, 0.4249255657196045]",True,True
fairy_dish_liquid,Fairy صابون أطباق,Household,mixed,mixed_language,sentence-transformers/paraphrase-multilingual-MiniLM-L12-v2,HYBRID_PROTOTYPE,Household,0.5603642463684082,Personal Care,0.4938749074935913,0.0664893388748169,"[""Household"", ""Personal Care"", ""Groceries""]","[0.5603642463684082, 0.4938749074935913, 0.3883710503578186]",True,True
dettol_floor_cleaner,DettoI Floor C1eaner,Household,en,ocr_noise,sentence-transformers/paraphrase-multilingual-MiniLM-L12-v2,DESCRIPTION_ONLY,Transport,0.18110395967960358,Household,0.16261589527130127,0.018488064408302307,"[""Transport"", ""Household"", ""Bills""]","[0.18110395967960358, 0.16261589527130127, 0.12052027881145477]",False,True
dettol_floor_cleaner,DettoI Floor C1eaner,Household,en,ocr_noise,sentence-transformers/paraphrase-multilingual-MiniLM-L12-v2,EXAMPLE_CENTROID,Medicine,0.3257305920124054,Shopping,0.30034542083740234,0.025385171175003052,"[""Medicine"", ""Shopping"", ""Transport""]","[0.3257305920124054, 0.30034542083740234, 0.25509384274482727]",False,False
dettol_floor_cleaner,DettoI Floor C1eaner,Household,en,ocr_noise,sentence-transformers/paraphrase-multilingual-MiniLM-L12-v2,HYBRID_PROTOTYPE,Transport,0.2584293484687805,Shopping,0.2537016272544861,0.004727721214294434,"[""Transport"", ""Shopping"", ""Medicine""]","[0.2584293484687805, 0.2537016272544861, 0.22240766882896423]",False,False
persil_gel,PersiI GeI,Household,en,ocr_noise,sentence-transformers/paraphrase-multilingual-MiniLM-L12-v2,DESCRIPTION_ONLY,Other,0.19238826632499695,Books,0.18481598794460297,0.007572278380393982,"[""Other"", ""Books"", ""Transport""]","[0.19238826632499695, 0.18481598794460297, 0.16944025456905365]",False,False
persil_gel,PersiI GeI,Household,en,ocr_noise,sentence-transformers/paraphrase-multilingual-MiniLM-L12-v2,EXAMPLE_CENTROID,Medicine,0.6178840398788452,Groceries,0.5913947820663452,0.0264892578125,"[""Medicine"", ""Groceries"", ""Personal Care""]","[0.6178840398788452, 0.5913947820663452, 0.5812150239944458]",False,False
persil_gel,PersiI GeI,Household,en,ocr_noise,sentence-transformers/paraphrase-multilingual-MiniLM-L12-v2,HYBRID_PROTOTYPE,Books,0.44929513335227966,Medicine,0.4341282844543457,0.01516684889793396,"[""Books"", ""Medicine"", ""Transport""]","[0.44929513335227966, 0.4341282844543457, 0.41045457124710083]",False,False
panadol_extra,Panadol Extra,Medicine,en,clean,sentence-transformers/paraphrase-multilingual-MiniLM-L12-v2,DESCRIPTION_ONLY,Other,0.17103585600852966,Household,0.11836878955364227,0.05266706645488739,"[""Other"", ""Household"", ""Restaurants""]","[0.17103585600852966, 0.11836878955364227, 0.11424587666988373]",False,False
panadol_extra,Panadol Extra,Medicine,en,clean,sentence-transformers/paraphrase-multilingual-MiniLM-L12-v2,EXAMPLE_CENTROID,Restaurants,0.48356056213378906,Medicine,0.4606582522392273,0.022902309894561768,"[""Restaurants"", ""Medicine"", ""Groceries""]","[0.48356056213378906, 0.4606582522392273, 0.4477771818637848]",False,True
panadol_extra,Panadol Extra,Medicine,en,clean,sentence-transformers/paraphrase-multilingual-MiniLM-L12-v2,HYBRID_PROTOTYPE,Medicine,0.3562767505645752,Restaurants,0.3525426387786865,0.003734111785888672,"[""Medicine"", ""Restaurants"", ""Groceries""]","[0.3562767505645752, 0.3525426387786865, 0.3237355947494507]",True,True
brufen_400,Brufen 400,Medicine,en,clean,sentence-transformers/paraphrase-multilingual-MiniLM-L12-v2,DESCRIPTION_ONLY,Transport,0.15407951176166534,Bills,0.14894816279411316,0.005131348967552185,"[""Transport"", ""Bills"", ""Other""]","[0.15407951176166534, 0.14894816279411316, 0.13835814595222473]",False,False
brufen_400,Brufen 400,Medicine,en,clean,sentence-transformers/paraphrase-multilingual-MiniLM-L12-v2,EXAMPLE_CENTROID,Shopping,0.4919707775115967,Medicine,0.4901469051837921,0.0018238723278045654,"[""Shopping"", ""Medicine"", ""Groceries""]","[0.4919707775115967, 0.4901469051837921, 0.4512670040130615]",False,True
brufen_400,Brufen 400,Medicine,en,clean,sentence-transformers/paraphrase-multilingual-MiniLM-L12-v2,HYBRID_PROTOTYPE,Shopping,0.3504982590675354,Transport,0.34309524297714233,0.007403016090393066,"[""Shopping"", ""Transport"", ""Medicine""]","[0.3504982590675354, 0.34309524297714233, 0.31992703676223755]",False,True
folic_acid_600_mcg,Folic Acid 600 MCG,Medicine,en,clean,sentence-transformers/paraphrase-multilingual-MiniLM-L12-v2,DESCRIPTION_ONLY,Medicine,0.13940945267677307,Household,0.09454677999019623,0.04486267268657684,"[""Medicine"", ""Household"", ""Groceries""]","[0.13940945267677307, 0.09454677999019623, 0.07755793631076813]",True,True
folic_acid_600_mcg,Folic Acid 600 MCG,Medicine,en,clean,sentence-transformers/paraphrase-multilingual-MiniLM-L12-v2,EXAMPLE_CENTROID,Medicine,0.42779630422592163,Groceries,0.3567235469818115,0.07107275724411011,"[""Medicine"", ""Groceries"", ""Restaurants""]","[0.42779630422592163, 0.3567235469818115, 0.3224344551563263]",True,True
folic_acid_600_mcg,Folic Acid 600 MCG,Medicine,en,clean,sentence-transformers/paraphrase-multilingual-MiniLM-L12-v2,HYBRID_PROTOTYPE,Medicine,0.35663777589797974,Groceries,0.2573041021823883,0.09933367371559143,"[""Medicine"", ""Groceries"", ""Household""]","[0.35663777589797974, 0.2573041021823883, 0.2144540250301361]",True,True
immulant_plus_20_cap,Immulant Plus 20 Cap,Medicine,en,clean,sentence-transformers/paraphrase-multilingual-MiniLM-L12-v2,DESCRIPTION_ONLY,Shopping,0.19033658504486084,Household,0.1600639969110489,0.03027258813381195,"[""Shopping"", ""Household"", ""Restaurants""]","[0.19033658504486084, 0.1600639969110489, 0.1599327176809311]",False,False
immulant_plus_20_cap,Immulant Plus 20 Cap,Medicine,en,clean,sentence-transformers/paraphrase-multilingual-MiniLM-L12-v2,EXAMPLE_CENTROID,Medicine,0.4804846942424774,Groceries,0.4219854474067688,0.05849924683570862,"[""Medicine"", ""Groceries"", ""Shopping""]","[0.4804846942424774, 0.4219854474067688, 0.34640711545944214]",True,True
immulant_plus_20_cap,Immulant Plus 20 Cap,Medicine,en,clean,sentence-transformers/paraphrase-multilingual-MiniLM-L12-v2,HYBRID_PROTOTYPE,Medicine,0.38730406761169434,Groceries,0.3394469618797302,0.04785710573196411,"[""Medicine"", ""Groceries"", ""Shopping""]","[0.38730406761169434, 0.3394469618797302, 0.3330064117908478]",True,True
panadol_extra,بنادول إكسترا,Medicine,ar,clean,sentence-transformers/paraphrase-multilingual-MiniLM-L12-v2,DESCRIPTION_ONLY,Other,0.25798553228378296,Books,0.23095427453517914,0.02703125774860382,"[""Other"", ""Books"", ""Transport""]","[0.25798553228378296, 0.23095427453517914, 0.21576879918575287]",False,False
panadol_extra,بنادول إكسترا,Medicine,ar,clean,sentence-transformers/paraphrase-multilingual-MiniLM-L12-v2,EXAMPLE_CENTROID,Books,0.6652923822402954,Groceries,0.6406638622283936,0.024628520011901855,"[""Books"", ""Groceries"", ""Shopping""]","[0.6652923822402954, 0.6406638622283936, 0.6301643252372742]",False,False
panadol_extra,بنادول إكسترا,Medicine,ar,clean,sentence-transformers/paraphrase-multilingual-MiniLM-L12-v2,HYBRID_PROTOTYPE,Books,0.5338993072509766,Transport,0.48809459805488586,0.0458047091960907,"[""Books"", ""Transport"", ""Shopping""]","[0.5338993072509766, 0.48809459805488586, 0.4660975933074951]",False,False
brufen_400,بروفين 400,Medicine,ar,clean,sentence-transformers/paraphrase-multilingual-MiniLM-L12-v2,DESCRIPTION_ONLY,Other,0.14850233495235443,Transport,0.13810467720031738,0.010397657752037048,"[""Other"", ""Transport"", ""Bills""]","[0.14850233495235443, 0.13810467720031738, 0.11021372675895691]",False,False
brufen_400,بروفين 400,Medicine,ar,clean,sentence-transformers/paraphrase-multilingual-MiniLM-L12-v2,EXAMPLE_CENTROID,Medicine,0.5430083274841309,Groceries,0.4875110983848572,0.05549722909927368,"[""Medicine"", ""Groceries"", ""Shopping""]","[0.5430083274841309, 0.4875110983848572, 0.45855894684791565]",True,True
brufen_400,بروفين 400,Medicine,ar,clean,sentence-transformers/paraphrase-multilingual-MiniLM-L12-v2,HYBRID_PROTOTYPE,Medicine,0.36302053928375244,Transport,0.3449423611164093,0.01807817816734314,"[""Medicine"", ""Transport"", ""Shopping""]","[0.36302053928375244, 0.3449423611164093, 0.3293892741203308]",True,True
folic_acid_600_mcg,حمض الفوليك,Medicine,ar,clean,sentence-transformers/paraphrase-multilingual-MiniLM-L12-v2,DESCRIPTION_ONLY,Transport,0.17474550008773804,Books,0.16737200319766998,0.007373496890068054,"[""Transport"", ""Books"", ""Entertainment""]","[0.17474550008773804, 0.16737200319766998, 0.14669910073280334]",False,False
folic_acid_600_mcg,حمض الفوليك,Medicine,ar,clean,sentence-transformers/paraphrase-multilingual-MiniLM-L12-v2,EXAMPLE_CENTROID,Groceries,0.7142643928527832,Personal Care,0.6925259828567505,0.021738409996032715,"[""Groceries"", ""Personal Care"", ""Books""]","[0.7142643928527832, 0.6925259828567505, 0.6805863976478577]",False,False
folic_acid_600_mcg,حمض الفوليك,Medicine,ar,clean,sentence-transformers/paraphrase-multilingual-MiniLM-L12-v2,HYBRID_PROTOTYPE,Books,0.5051337480545044,Groceries,0.4960470199584961,0.0090867280960083,"[""Books"", ""Groceries"", ""Personal Care""]","[0.5051337480545044, 0.4960470199584961, 0.47213441133499146]",False,False
medicine_68,فيتامين سي,Medicine,ar,clean,sentence-transformers/paraphrase-multilingual-MiniLM-L12-v2,DESCRIPTION_ONLY,Medicine,0.47995907068252563,Fruits & Vegetables,0.2004292905330658,0.27952978014945984,"[""Medicine"", ""Fruits & Vegetables"", ""Other""]","[0.47995907068252563, 0.2004292905330658, 0.14375485479831696]",True,True
medicine_68,فيتامين سي,Medicine,ar,clean,sentence-transformers/paraphrase-multilingual-MiniLM-L12-v2,EXAMPLE_CENTROID,Fruits & Vegetables,0.34797656536102295,Medicine,0.31841471791267395,0.029561847448349,"[""Fruits & Vegetables"", ""Medicine"", ""Personal Care""]","[0.34797656536102295, 0.31841471791267395, 0.2893351912498474]",False,True
medicine_68,فيتامين سي,Medicine,ar,clean,sentence-transformers/paraphrase-multilingual-MiniLM-L12-v2,HYBRID_PROTOTYPE,Medicine,0.5342355966567993,Fruits & Vegetables,0.30904126167297363,0.22519433498382568,"[""Medicine"", ""Fruits & Vegetables"", ""Personal Care""]","[0.5342355966567993, 0.30904126167297363, 0.2360607385635376]",True,True
panadol_extra,Panadol مسكن,Medicine,mixed,mixed_language,sentence-transformers/paraphrase-multilingual-MiniLM-L12-v2,DESCRIPTION_ONLY,Restaurants,0.3064383864402771,Transport,0.1915743499994278,0.1148640364408493,"[""Restaurants"", ""Transport"", ""Other""]","[0.3064383864402771, 0.1915743499994278, 0.17909212410449982]",False,False
panadol_extra,Panadol مسكن,Medicine,mixed,mixed_language,sentence-transformers/paraphrase-multilingual-MiniLM-L12-v2,EXAMPLE_CENTROID,Restaurants,0.5175043344497681,Groceries,0.4227990508079529,0.09470528364181519,"[""Restaurants"", ""Groceries"", ""Personal Care""]","[0.5175043344497681, 0.4227990508079529, 0.3896715044975281]",False,False
panadol_extra,Panadol مسكن,Medicine,mixed,mixed_language,sentence-transformers/paraphrase-multilingual-MiniLM-L12-v2,HYBRID_PROTOTYPE,Restaurants,0.4859013855457306,Groceries,0.3453664779663086,0.140534907579422,"[""Restaurants"", ""Groceries"", ""Personal Care""]","[0.4859013855457306, 0.3453664779663086, 0.32881253957748413]",False,False
vitamin_d,Vitamin D فيتامين,Medicine,mixed,mixed_language,sentence-transformers/paraphrase-multilingual-MiniLM-L12-v2,DESCRIPTION_ONLY,Medicine,0.4337908625602722,Fruits & Vegetables,0.20525816082954407,0.22853270173072815,"[""Medicine"", ""Fruits & Vegetables"", ""Other""]","[0.4337908625602722, 0.20525816082954407, 0.1357259303331375]",True,True
vitamin_d,Vitamin D فيتامين,Medicine,mixed,mixed_language,sentence-transformers/paraphrase-multilingual-MiniLM-L12-v2,EXAMPLE_CENTROID,Medicine,0.4119119644165039,Fruits & Vegetables,0.22772057354450226,0.18419139087200165,"[""Medicine"", ""Fruits & Vegetables"", ""Groceries""]","[0.4119119644165039, 0.22772057354450226, 0.15714551508426666]",True,True
vitamin_d,Vitamin D فيتامين,Medicine,mixed,mixed_language,sentence-transformers/paraphrase-multilingual-MiniLM-L12-v2,HYBRID_PROTOTYPE,Medicine,0.5375691056251526,Fruits & Vegetables,0.24399501085281372,0.29357409477233887,"[""Medicine"", ""Fruits & Vegetables"", ""Other""]","[0.5375691056251526, 0.24399501085281372, 0.15536674857139587]",True,True
panadol_extra,PANAD0L EXTRA,Medicine,en,ocr_noise,sentence-transformers/paraphrase-multilingual-MiniLM-L12-v2,DESCRIPTION_ONLY,Other,0.15604743361473083,Bills,0.09876550734043121,0.05728192627429962,"[""Other"", ""Bills"", ""Household""]","[0.15604743361473083, 0.09876550734043121, 0.09214098751544952]",False,False
panadol_extra,PANAD0L EXTRA,Medicine,en,ocr_noise,sentence-transformers/paraphrase-multilingual-MiniLM-L12-v2,EXAMPLE_CENTROID,Medicine,0.5161337852478027,Groceries,0.3996679186820984,0.11646586656570435,"[""Medicine"", ""Groceries"", ""Shopping""]","[0.5161337852478027, 0.3996679186820984, 0.2834317982196808]",True,True
panadol_extra,PANAD0L EXTRA,Medicine,en,ocr_noise,sentence-transformers/paraphrase-multilingual-MiniLM-L12-v2,HYBRID_PROTOTYPE,Medicine,0.3691284656524658,Groceries,0.26901349425315857,0.10011497139930725,"[""Medicine"", ""Groceries"", ""Other""]","[0.3691284656524658, 0.26901349425315857, 0.23092687129974365]",True,True
folic_acid_600_mcg,F0LIC ACID 600 MCG,Medicine,en,ocr_noise,sentence-transformers/paraphrase-multilingual-MiniLM-L12-v2,DESCRIPTION_ONLY,Household,0.08139388263225555,Medicine,0.07457409054040909,0.006819792091846466,"[""Household"", ""Medicine"", ""Bills""]","[0.08139388263225555, 0.07457409054040909, 0.04234655201435089]",False,True
folic_acid_600_mcg,F0LIC ACID 600 MCG,Medicine,en,ocr_noise,sentence-transformers/paraphrase-multilingual-MiniLM-L12-v2,EXAMPLE_CENTROID,Medicine,0.4461783766746521,Groceries,0.3374878764152527,0.10869050025939941,"[""Medicine"", ""Groceries"", ""Restaurants""]","[0.4461783766746521, 0.3374878764152527, 0.2759726941585541]",True,True
folic_acid_600_mcg,F0LIC ACID 600 MCG,Medicine,en,ocr_noise,sentence-transformers/paraphrase-multilingual-MiniLM-L12-v2,HYBRID_PROTOTYPE,Medicine,0.3274296820163727,Groceries,0.2185859978199005,0.10884368419647217,"[""Medicine"", ""Groceries"", ""Household""]","[0.3274296820163727, 0.2185859978199005, 0.16280290484428406]",True,True
immulant_plus_20_cap,MLANT PLUS 20 CAP,Medicine,en,ocr_noise,sentence-transformers/paraphrase-multilingual-MiniLM-L12-v2,DESCRIPTION_ONLY,Groceries,0.18207833170890808,Other,0.17731158435344696,0.004766747355461121,"[""Groceries"", ""Other"", ""Shopping""]","[0.18207833170890808, 0.17731158435344696, 0.17585791647434235]",False,False
immulant_plus_20_cap,MLANT PLUS 20 CAP,Medicine,en,ocr_noise,sentence-transformers/paraphrase-multilingual-MiniLM-L12-v2,EXAMPLE_CENTROID,Medicine,0.4901321828365326,Groceries,0.4701237678527832,0.02000841498374939,"[""Medicine"", ""Groceries"", ""Shopping""]","[0.4901321828365326, 0.4701237678527832, 0.3795100450515747]",True,True
immulant_plus_20_cap,MLANT PLUS 20 CAP,Medicine,en,ocr_noise,sentence-transformers/paraphrase-multilingual-MiniLM-L12-v2,HYBRID_PROTOTYPE,Medicine,0.39099857211112976,Groceries,0.3864181935787201,0.004580378532409668,"[""Medicine"", ""Groceries"", ""Shopping""]","[0.39099857211112976, 0.3864181935787201, 0.34456127882003784]",True,True
folic_acid_600_mcg,FoLic AciD 600 McG,Medicine,en,ocr_noise,sentence-transformers/paraphrase-multilingual-MiniLM-L12-v2,DESCRIPTION_ONLY,Household,0.1731685996055603,Bills,0.11258670687675476,0.06058189272880554,"[""Household"", ""Bills"", ""Transport""]","[0.1731685996055603, 0.11258670687675476, 0.05380938947200775]",False,False
folic_acid_600_mcg,FoLic AciD 600 McG,Medicine,en,ocr_noise,sentence-transformers/paraphrase-multilingual-MiniLM-L12-v2,EXAMPLE_CENTROID,Medicine,0.4817706346511841,Transport,0.35817044973373413,0.12360018491744995,"[""Medicine"", ""Transport"", ""Shopping""]","[0.4817706346511841, 0.35817044973373413, 0.35518643260002136]",True,True
folic_acid_600_mcg,FoLic AciD 600 McG,Medicine,en,ocr_noise,sentence-transformers/paraphrase-multilingual-MiniLM-L12-v2,HYBRID_PROTOTYPE,Medicine,0.3189970850944519,Household,0.2591533958911896,0.05984368920326233,"[""Medicine"", ""Household"", ""Shopping""]","[0.3189970850944519, 0.2591533958911896, 0.2494243085384369]",True,True
cotton_tshirt,Cotton T Shirt,Shopping,en,clean,sentence-transformers/paraphrase-multilingual-MiniLM-L12-v2,DESCRIPTION_ONLY,Shopping,0.23536841571331024,Groceries,0.22069808840751648,0.014670327305793762,"[""Shopping"", ""Groceries"", ""Household""]","[0.23536841571331024, 0.22069808840751648, 0.21284347772598267]",True,True
cotton_tshirt,Cotton T Shirt,Shopping,en,clean,sentence-transformers/paraphrase-multilingual-MiniLM-L12-v2,EXAMPLE_CENTROID,Groceries,0.37679848074913025,Fruits & Vegetables,0.3457002639770508,0.031098216772079468,"[""Groceries"", ""Fruits & Vegetables"", ""Medicine""]","[0.37679848074913025, 0.3457002639770508, 0.31028658151626587]",False,False
cotton_tshirt,Cotton T Shirt,Shopping,en,clean,sentence-transformers/paraphrase-multilingual-MiniLM-L12-v2,HYBRID_PROTOTYPE,Groceries,0.35400623083114624,Shopping,0.29402413964271545,0.059982091188430786,"[""Groceries"", ""Shopping"", ""Household""]","[0.35400623083114624, 0.29402413964271545, 0.28938889503479004]",False,True
running_shoes,Running Shoes,Shopping,en,clean,sentence-transformers/paraphrase-multilingual-MiniLM-L12-v2,DESCRIPTION_ONLY,Shopping,0.21161824464797974,Books,0.13092127442359924,0.0806969702243805,"[""Shopping"", ""Books"", ""Restaurants""]","[0.21161824464797974, 0.13092127442359924, 0.12344333529472351]",True,True
running_shoes,Running Shoes,Shopping,en,clean,sentence-transformers/paraphrase-multilingual-MiniLM-L12-v2,EXAMPLE_CENTROID,Transport,0.27591079473495483,Books,0.21824616193771362,0.05766463279724121,"[""Transport"", ""Books"", ""Medicine""]","[0.27591079473495483, 0.21824616193771362, 0.21282052993774414]",False,False
running_shoes,Running Shoes,Shopping,en,clean,sentence-transformers/paraphrase-multilingual-MiniLM-L12-v2,HYBRID_PROTOTYPE,Shopping,0.2582458555698395,Transport,0.23442278802394867,0.023823067545890808,"[""Shopping"", ""Transport"", ""Books""]","[0.2582458555698395, 0.23442278802394867, 0.20800112187862396]",True,True
wireless_headphones,Wireless Headphones,Shopping,en,clean,sentence-transformers/paraphrase-multilingual-MiniLM-L12-v2,DESCRIPTION_ONLY,Shopping,0.1797218769788742,Transport,0.14200235903263092,0.037719517946243286,"[""Shopping"", ""Transport"", ""Restaurants""]","[0.1797218769788742, 0.14200235903263092, 0.1318979263305664]",True,True
wireless_headphones,Wireless Headphones,Shopping,en,clean,sentence-transformers/paraphrase-multilingual-MiniLM-L12-v2,EXAMPLE_CENTROID,Shopping,0.36323636770248413,Transport,0.21614065766334534,0.1470957100391388,"[""Shopping"", ""Transport"", ""Bills""]","[0.36323636770248413, 0.21614065766334534, 0.1596277952194214]",True,True
wireless_headphones,Wireless Headphones,Shopping,en,clean,sentence-transformers/paraphrase-multilingual-MiniLM-L12-v2,HYBRID_PROTOTYPE,Shopping,0.3318434953689575,Transport,0.2121850550174713,0.1196584403514862,"[""Shopping"", ""Transport"", ""Medicine""]","[0.3318434953689575, 0.2121850550174713, 0.17048682272434235]",True,True
phone_charger,Phone Charger,Shopping,en,clean,sentence-transformers/paraphrase-multilingual-MiniLM-L12-v2,DESCRIPTION_ONLY,Bills,0.28671932220458984,Household,0.14760726690292358,0.13911205530166626,"[""Bills"", ""Household"", ""Shopping""]","[0.28671932220458984, 0.14760726690292358, 0.13277849555015564]",False,True
phone_charger,Phone Charger,Shopping,en,clean,sentence-transformers/paraphrase-multilingual-MiniLM-L12-v2,EXAMPLE_CENTROID,Bills,0.5145776271820068,Other,0.2725282907485962,0.24204933643341064,"[""Bills"", ""Other"", ""Shopping""]","[0.5145776271820068, 0.2725282907485962, 0.25241634249687195]",False,True
phone_charger,Phone Charger,Shopping,en,clean,sentence-transformers/paraphrase-multilingual-MiniLM-L12-v2,HYBRID_PROTOTYPE,Bills,0.4378063678741455,Shopping,0.24114356935024261,0.1966627985239029,"[""Bills"", ""Shopping"", ""Other""]","[0.4378063678741455, 0.24114356935024261, 0.20926883816719055]",False,True
cotton_tshirt,تيشيرت قطن,Shopping,ar,clean,sentence-transformers/paraphrase-multilingual-MiniLM-L12-v2,DESCRIPTION_ONLY,Books,0.22010712325572968,Other,0.2172940969467163,0.0028130263090133667,"[""Books"", ""Other"", ""Entertainment""]","[0.22010712325572968, 0.2172940969467163, 0.1803022176027298]",False,False
cotton_tshirt,تيشيرت قطن,Shopping,ar,clean,sentence-transformers/paraphrase-multilingual-MiniLM-L12-v2,EXAMPLE_CENTROID,Groceries,0.7062962055206299,Medicine,0.6874147653579712,0.01888144016265869,"[""Groceries"", ""Medicine"", ""Personal Care""]","[0.7062962055206299, 0.6874147653579712, 0.6696926355361938]",False,False
cotton_tshirt,تيشيرت قطن,Shopping,ar,clean,sentence-transformers/paraphrase-multilingual-MiniLM-L12-v2,HYBRID_PROTOTYPE,Books,0.522976815700531,Groceries,0.4855928122997284,0.03738400340080261,"[""Books"", ""Groceries"", ""Medicine""]","[0.522976815700531, 0.4855928122997284, 0.4760698974132538]",False,False
running_shoes,حذاء رياضي,Shopping,ar,clean,sentence-transformers/paraphrase-multilingual-MiniLM-L12-v2,DESCRIPTION_ONLY,Shopping,0.3252255618572235,Books,0.16443198919296265,0.16079357266426086,"[""Shopping"", ""Books"", ""Medicine""]","[0.3252255618572235, 0.16443198919296265, 0.16195932030677795]",True,True
running_shoes,حذاء رياضي,Shopping,ar,clean,sentence-transformers/paraphrase-multilingual-MiniLM-L12-v2,EXAMPLE_CENTROID,Transport,0.33863407373428345,Medicine,0.32472294569015503,0.013911128044128418,"[""Transport"", ""Medicine"", ""Groceries""]","[0.33863407373428345, 0.32472294569015503, 0.28080815076828003]",False,False
running_shoes,حذاء رياضي,Shopping,ar,clean,sentence-transformers/paraphrase-multilingual-MiniLM-L12-v2,HYBRID_PROTOTYPE,Shopping,0.36792993545532227,Medicine,0.30935847759246826,0.058571457862854004,"[""Shopping"", ""Medicine"", ""Transport""]","[0.36792993545532227, 0.30935847759246826, 0.2889385223388672]",True,True
wireless_headphones,سماعات بلوتوث,Shopping,ar,clean,sentence-transformers/paraphrase-multilingual-MiniLM-L12-v2,DESCRIPTION_ONLY,Books,0.17985627055168152,Entertainment,0.1761178970336914,0.0037383735179901123,"[""Books"", ""Entertainment"", ""Other""]","[0.17985627055168152, 0.1761178970336914, 0.16171425580978394]",False,False
wireless_headphones,سماعات بلوتوث,Shopping,ar,clean,sentence-transformers/paraphrase-multilingual-MiniLM-L12-v2,EXAMPLE_CENTROID,Books,0.6199402213096619,Personal Care,0.5496267080307007,0.07031351327896118,"[""Books"", ""Personal Care"", ""Groceries""]","[0.6199402213096619, 0.5496267080307007, 0.5003141760826111]",False,False
wireless_headphones,سماعات بلوتوث,Shopping,ar,clean,sentence-transformers/paraphrase-multilingual-MiniLM-L12-v2,HYBRID_PROTOTYPE,Books,0.4764435291290283,Entertainment,0.3604356348514557,0.11600789427757263,"[""Books"", ""Entertainment"", ""Transport""]","[0.4764435291290283, 0.3604356348514557, 0.35349321365356445]",False,False
phone_charger,شاحن موبايل,Shopping,ar,clean,sentence-transformers/paraphrase-multilingual-MiniLM-L12-v2,DESCRIPTION_ONLY,Transport,0.3985605835914612,Bills,0.290188193321228,0.10837239027023315,"[""Transport"", ""Bills"", ""Shopping""]","[0.3985605835914612, 0.290188193321228, 0.2296527475118637]",False,True
phone_charger,شاحن موبايل,Shopping,ar,clean,sentence-transformers/paraphrase-multilingual-MiniLM-L12-v2,EXAMPLE_CENTROID,Transport,0.48431187868118286,Bills,0.44581034779548645,0.03850153088569641,"[""Transport"", ""Bills"", ""Shopping""]","[0.48431187868118286, 0.44581034779548645, 0.3799743354320526]",False,True
phone_charger,شاحن موبايل,Shopping,ar,clean,sentence-transformers/paraphrase-multilingual-MiniLM-L12-v2,HYBRID_PROTOTYPE,Transport,0.5230658054351807,Bills,0.4021291434764862,0.12093666195869446,"[""Transport"", ""Bills"", ""Shopping""]","[0.5230658054351807, 0.4021291434764862, 0.3816448748111725]",False,True
running_shoes,Nike حذاء,Shopping,mixed,mixed_language,sentence-transformers/paraphrase-multilingual-MiniLM-L12-v2,DESCRIPTION_ONLY,Shopping,0.36916232109069824,Personal Care,0.15856027603149414,0.2106020450592041,"[""Shopping"", ""Personal Care"", ""Other""]","[0.36916232109069824, 0.15856027603149414, 0.14174892008304596]",True,True
running_shoes,Nike حذاء,Shopping,mixed,mixed_language,sentence-transformers/paraphrase-multilingual-MiniLM-L12-v2,EXAMPLE_CENTROID,Transport,0.3552083671092987,Personal Care,0.2850838899612427,0.07012447714805603,"[""Transport"", ""Personal Care"", ""Entertainment""]","[0.3552083671092987, 0.2850838899612427, 0.28104937076568604]",False,False
running_shoes,Nike حذاء,Shopping,mixed,mixed_language,sentence-transformers/paraphrase-multilingual-MiniLM-L12-v2,HYBRID_PROTOTYPE,Shopping,0.4014066457748413,Transport,0.2863766551017761,0.11502999067306519,"[""Shopping"", ""Transport"", ""Personal Care""]","[0.4014066457748413, 0.2863766551017761, 0.26705875992774963]",True,True
wireless_headphones,Headphones سماعات,Shopping,mixed,mixed_language,sentence-transformers/paraphrase-multilingual-MiniLM-L12-v2,DESCRIPTION_ONLY,Transport,0.17217183113098145,Other,0.1599809229373932,0.012190908193588257,"[""Transport"", ""Other"", ""Entertainment""]","[0.17217183113098145, 0.1599809229373932, 0.1435476392507553]",False,False
wireless_headphones,Headphones سماعات,Shopping,mixed,mixed_language,sentence-transformers/paraphrase-multilingual-MiniLM-L12-v2,EXAMPLE_CENTROID,Shopping,0.3175218403339386,Personal Care,0.2562117576599121,0.06131008267402649,"[""Shopping"", ""Personal Care"", ""Medicine""]","[0.3175218403339386, 0.2562117576599121, 0.24128758907318115]",True,True
wireless_headphones,Headphones سماعات,Shopping,mixed,mixed_language,sentence-transformers/paraphrase-multilingual-MiniLM-L12-v2,HYBRID_PROTOTYPE,Shopping,0.2521941065788269,Transport,0.24133402109146118,0.010860085487365723,"[""Shopping"", ""Transport"", ""Medicine""]","[0.2521941065788269, 0.24133402109146118, 0.23903219401836395]",True,True
wireless_headphones,W1RELESS HEADPH0NES,Shopping,en,ocr_noise,sentence-transformers/paraphrase-multilingual-MiniLM-L12-v2,DESCRIPTION_ONLY,Transport,0.03747646510601044,Books,0.025018608197569847,0.01245785690844059,"[""Transport"", ""Books"", ""Restaurants""]","[0.03747646510601044, 0.025018608197569847, -0.009953219443559647]",False,False
wireless_headphones,W1RELESS HEADPH0NES,Shopping,en,ocr_noise,sentence-transformers/paraphrase-multilingual-MiniLM-L12-v2,EXAMPLE_CENTROID,Medicine,0.30360138416290283,Groceries,0.24569450318813324,0.05790688097476959,"[""Medicine"", ""Groceries"", ""Personal Care""]","[0.30360138416290283, 0.24569450318813324, 0.24225685000419617]",False,False
wireless_headphones,W1RELESS HEADPH0NES,Shopping,en,ocr_noise,sentence-transformers/paraphrase-multilingual-MiniLM-L12-v2,HYBRID_PROTOTYPE,Medicine,0.17129600048065186,Personal Care,0.13536734879016876,0.03592865169048309,"[""Medicine"", ""Personal Care"", ""Transport""]","[0.17129600048065186, 0.13536734879016876, 0.12845858931541443]",False,False
phone_charger,PH0NE CHARGER,Shopping,en,ocr_noise,sentence-transformers/paraphrase-multilingual-MiniLM-L12-v2,DESCRIPTION_ONLY,Books,0.12446433305740356,Transport,0.07512669265270233,0.04933764040470123,"[""Books"", ""Transport"", ""Other""]","[0.12446433305740356, 0.07512669265270233, 0.06969629973173141]",False,False
phone_charger,PH0NE CHARGER,Shopping,en,ocr_noise,sentence-transformers/paraphrase-multilingual-MiniLM-L12-v2,EXAMPLE_CENTROID,Medicine,0.535469651222229,Books,0.41747766733169556,0.11799198389053345,"[""Medicine"", ""Books"", ""Transport""]","[0.535469651222229, 0.41747766733169556, 0.35203033685684204]",False,False
phone_charger,PH0NE CHARGER,Shopping,en,ocr_noise,sentence-transformers/paraphrase-multilingual-MiniLM-L12-v2,HYBRID_PROTOTYPE,Medicine,0.3573928475379944,Books,0.3228379786014557,0.034554868936538696,"[""Medicine"", ""Books"", ""Transport""]","[0.3573928475379944, 0.3228379786014557, 0.2530730366706848]",False,False
electricity_bill,Electricity Bill,Bills,en,clean,sentence-transformers/paraphrase-multilingual-MiniLM-L12-v2,DESCRIPTION_ONLY,Bills,0.5843462347984314,Transport,0.22355741262435913,0.36078882217407227,"[""Bills"", ""Transport"", ""Household""]","[0.5843462347984314, 0.22355741262435913, 0.16748301684856415]",True,True
electricity_bill,Electricity Bill,Bills,en,clean,sentence-transformers/paraphrase-multilingual-MiniLM-L12-v2,EXAMPLE_CENTROID,Bills,0.6281552314758301,Other,0.2631533443927765,0.3650018870830536,"[""Bills"", ""Other"", ""Shopping""]","[0.6281552314758301, 0.2631533443927765, 0.25677311420440674]",True,True
electricity_bill,Electricity Bill,Bills,en,clean,sentence-transformers/paraphrase-multilingual-MiniLM-L12-v2,HYBRID_PROTOTYPE,Bills,0.6687495708465576,Transport,0.2603890001773834,0.4083605706691742,"[""Bills"", ""Transport"", ""Other""]","[0.6687495708465576, 0.2603890001773834, 0.22268959879875183]",True,True
internet_bill,WE Internet Bill,Bills,en,clean,sentence-transformers/paraphrase-multilingual-MiniLM-L12-v2,DESCRIPTION_ONLY,Bills,0.45825397968292236,Other,0.23337924480438232,0.22487473487854004,"[""Bills"", ""Other"", ""Shopping""]","[0.45825397968292236, 0.23337924480438232, 0.1935097575187683]",True,True
internet_bill,WE Internet Bill,Bills,en,clean,sentence-transformers/paraphrase-multilingual-MiniLM-L12-v2,EXAMPLE_CENTROID,Bills,0.5614500641822815,Other,0.4094451665878296,0.1520048975944519,"[""Bills"", ""Other"", ""Entertainment""]","[0.5614500641822815, 0.4094451665878296, 0.3207765817642212]",True,True
internet_bill,WE Internet Bill,Bills,en,clean,sentence-transformers/paraphrase-multilingual-MiniLM-L12-v2,HYBRID_PROTOTYPE,Bills,0.5579937696456909,Other,0.35964033007621765,0.19835343956947327,"[""Bills"", ""Other"", ""Shopping""]","[0.5579937696456909, 0.35964033007621765, 0.29887646436691284]",True,True
water_bill,Water Utility Bill,Bills,en,clean,sentence-transformers/paraphrase-multilingual-MiniLM-L12-v2,DESCRIPTION_ONLY,Bills,0.5630975365638733,Other,0.20306947827339172,0.36002805829048157,"[""Bills"", ""Other"", ""Household""]","[0.5630975365638733, 0.20306947827339172, 0.1651131957769394]",True,True
water_bill,Water Utility Bill,Bills,en,clean,sentence-transformers/paraphrase-multilingual-MiniLM-L12-v2,EXAMPLE_CENTROID,Bills,0.5771892666816711,Other,0.350602388381958,0.22658687829971313,"[""Bills"", ""Other"", ""Household""]","[0.5771892666816711, 0.350602388381958, 0.21939322352409363]",True,True
water_bill,Water Utility Bill,Bills,en,clean,sentence-transformers/paraphrase-multilingual-MiniLM-L12-v2,HYBRID_PROTOTYPE,Bills,0.6294329762458801,Other,0.30976223945617676,0.31967073678970337,"[""Bills"", ""Other"", ""Household""]","[0.6294329762458801, 0.30976223945617676, 0.22456243634223938]",True,True
mobile_bill,Mobile Phone Bill,Bills,en,clean,sentence-transformers/paraphrase-multilingual-MiniLM-L12-v2,DESCRIPTION_ONLY,Bills,0.3741858899593353,Other,0.1858534812927246,0.18833240866661072,"[""Bills"", ""Other"", ""Shopping""]","[0.3741858899593353, 0.1858534812927246, 0.18564659357070923]",True,True
mobile_bill,Mobile Phone Bill,Bills,en,clean,sentence-transformers/paraphrase-multilingual-MiniLM-L12-v2,EXAMPLE_CENTROID,Shopping,0.4895893931388855,Bills,0.4717486500740051,0.01784074306488037,"[""Shopping"", ""Bills"", ""Other""]","[0.4895893931388855, 0.4717486500740051, 0.3573053479194641]",False,True
mobile_bill,Mobile Phone Bill,Bills,en,clean,sentence-transformers/paraphrase-multilingual-MiniLM-L12-v2,HYBRID_PROTOTYPE,Bills,0.46144312620162964,Shopping,0.4189297556877136,0.042513370513916016,"[""Bills"", ""Shopping"", ""Other""]","[0.46144312620162964, 0.4189297556877136, 0.30388057231903076]",True,True
electricity_bill,فاتورة كهرباء,Bills,ar,clean,sentence-transformers/paraphrase-multilingual-MiniLM-L12-v2,DESCRIPTION_ONLY,Bills,0.5786883234977722,Other,0.26694542169570923,0.311742901802063,"[""Bills"", ""Other"", ""Transport""]","[0.5786883234977722, 0.26694542169570923, 0.25491517782211304]",True,True
electricity_bill,فاتورة كهرباء,Bills,ar,clean,sentence-transformers/paraphrase-multilingual-MiniLM-L12-v2,EXAMPLE_CENTROID,Bills,0.6969132423400879,Other,0.4992786645889282,0.19763457775115967,"[""Bills"", ""Other"", ""Shopping""]","[0.6969132423400879, 0.4992786645889282, 0.4179486930370331]",True,True
electricity_bill,فاتورة كهرباء,Bills,ar,clean,sentence-transformers/paraphrase-multilingual-MiniLM-L12-v2,HYBRID_PROTOTYPE,Bills,0.7035520076751709,Other,0.4286786615848541,0.2748733460903168,"[""Bills"", ""Other"", ""Transport""]","[0.7035520076751709, 0.4286786615848541, 0.37785375118255615]",True,True
internet_bill,فاتورة انترنت WE,Bills,mixed,mixed_language,sentence-transformers/paraphrase-multilingual-MiniLM-L12-v2,DESCRIPTION_ONLY,Bills,0.44816064834594727,Other,0.30773818492889404,0.14042246341705322,"[""Bills"", ""Other"", ""Shopping""]","[0.44816064834594727, 0.30773818492889404, 0.2836607098579407]",True,True
internet_bill,فاتورة انترنت WE,Bills,mixed,mixed_language,sentence-transformers/paraphrase-multilingual-MiniLM-L12-v2,EXAMPLE_CENTROID,Other,0.5284708738327026,Bills,0.523149847984314,0.005321025848388672,"[""Other"", ""Bills"", ""Shopping""]","[0.5284708738327026, 0.523149847984314, 0.3492854833602905]",False,True
internet_bill,فاتورة انترنت WE,Bills,mixed,mixed_language,sentence-transformers/paraphrase-multilingual-MiniLM-L12-v2,HYBRID_PROTOTYPE,Bills,0.5315122008323669,Other,0.4678330421447754,0.06367915868759155,"[""Bills"", ""Other"", ""Shopping""]","[0.5315122008323669, 0.4678330421447754, 0.3926923871040344]",True,True
water_bill,فاتورة مياه,Bills,ar,clean,sentence-transformers/paraphrase-multilingual-MiniLM-L12-v2,DESCRIPTION_ONLY,Bills,0.4882203936576843,Other,0.28530260920524597,0.20291778445243835,"[""Bills"", ""Other"", ""Groceries""]","[0.4882203936576843, 0.28530260920524597, 0.2132907509803772]",True,True
water_bill,فاتورة مياه,Bills,ar,clean,sentence-transformers/paraphrase-multilingual-MiniLM-L12-v2,EXAMPLE_CENTROID,Bills,0.5245177745819092,Other,0.4977453052997589,0.02677246928215027,"[""Bills"", ""Other"", ""Groceries""]","[0.5245177745819092, 0.4977453052997589, 0.4114084839820862]",True,True
water_bill,فاتورة مياه,Bills,ar,clean,sentence-transformers/paraphrase-multilingual-MiniLM-L12-v2,HYBRID_PROTOTYPE,Bills,0.5590267181396484,Other,0.4380910396575928,0.12093567848205566,"[""Bills"", ""Other"", ""Groceries""]","[0.5590267181396484, 0.4380910396575928, 0.3701232671737671]",True,True
gas_bill,فاتورة غاز,Bills,ar,clean,sentence-transformers/paraphrase-multilingual-MiniLM-L12-v2,DESCRIPTION_ONLY,Bills,0.47969257831573486,Transport,0.26570773124694824,0.21398484706878662,"[""Bills"", ""Transport"", ""Other""]","[0.47969257831573486, 0.26570773124694824, 0.18210674822330475]",True,True
gas_bill,فاتورة غاز,Bills,ar,clean,sentence-transformers/paraphrase-multilingual-MiniLM-L12-v2,EXAMPLE_CENTROID,Bills,0.5043200850486755,Transport,0.4672313332557678,0.037088751792907715,"[""Bills"", ""Transport"", ""Other""]","[0.5043200850486755, 0.4672313332557678, 0.42468002438545227]",True,True
gas_bill,فاتورة غاز,Bills,ar,clean,sentence-transformers/paraphrase-multilingual-MiniLM-L12-v2,HYBRID_PROTOTYPE,Bills,0.5413327217102051,Transport,0.4342363774776459,0.1070963442325592,"[""Bills"", ""Transport"", ""Other""]","[0.5413327217102051, 0.4342363774776459, 0.33947840332984924]",True,True
mobile_bill,Orange فاتورة موبايل,Bills,mixed,mixed_language,sentence-transformers/paraphrase-multilingual-MiniLM-L12-v2,DESCRIPTION_ONLY,Bills,0.3147878646850586,Other,0.2132347673177719,0.10155309736728668,"[""Bills"", ""Other"", ""Transport""]","[0.3147878646850586, 0.2132347673177719, 0.19011104106903076]",True,True
mobile_bill,Orange فاتورة موبايل,Bills,mixed,mixed_language,sentence-transformers/paraphrase-multilingual-MiniLM-L12-v2,EXAMPLE_CENTROID,Shopping,0.463875412940979,Bills,0.44600650668144226,0.017868906259536743,"[""Shopping"", ""Bills"", ""Other""]","[0.463875412940979, 0.44600650668144226, 0.40049707889556885]",False,True
mobile_bill,Orange فاتورة موبايل,Bills,mixed,mixed_language,sentence-transformers/paraphrase-multilingual-MiniLM-L12-v2,HYBRID_PROTOTYPE,Bills,0.4150006175041199,Shopping,0.40396684408187866,0.011033773422241211,"[""Bills"", ""Shopping"", ""Other""]","[0.4150006175041199, 0.40396684408187866, 0.3433639407157898]",True,True
internet_bill,Internet فاتورة شهرية,Bills,mixed,mixed_language,sentence-transformers/paraphrase-multilingual-MiniLM-L12-v2,DESCRIPTION_ONLY,Bills,0.4769250154495239,Other,0.3029904365539551,0.17393457889556885,"[""Bills"", ""Other"", ""Shopping""]","[0.4769250154495239, 0.3029904365539551, 0.30224958062171936]",True,True
internet_bill,Internet فاتورة شهرية,Bills,mixed,mixed_language,sentence-transformers/paraphrase-multilingual-MiniLM-L12-v2,EXAMPLE_CENTROID,Other,0.4844377338886261,Bills,0.46669667959213257,0.01774105429649353,"[""Other"", ""Bills"", ""Entertainment""]","[0.4844377338886261, 0.46669667959213257, 0.22548258304595947]",False,True
internet_bill,Internet فاتورة شهرية,Bills,mixed,mixed_language,sentence-transformers/paraphrase-multilingual-MiniLM-L12-v2,HYBRID_PROTOTYPE,Bills,0.5163605809211731,Other,0.4405416250228882,0.07581895589828491,"[""Bills"", ""Other"", ""Shopping""]","[0.5163605809211731, 0.4405416250228882, 0.3102041482925415]",True,True
electricity_bill,ELECTR1C1TY B1LL,Bills,en,ocr_noise,sentence-transformers/paraphrase-multilingual-MiniLM-L12-v2,DESCRIPTION_ONLY,Bills,0.15810638666152954,Transport,0.14757400751113892,0.010532379150390625,"[""Bills"", ""Transport"", ""Books""]","[0.15810638666152954, 0.14757400751113892, 0.10404250025749207]",True,True
electricity_bill,ELECTR1C1TY B1LL,Bills,en,ocr_noise,sentence-transformers/paraphrase-multilingual-MiniLM-L12-v2,EXAMPLE_CENTROID,Medicine,0.3616938591003418,Shopping,0.33490878343582153,0.026785075664520264,"[""Medicine"", ""Shopping"", ""Books""]","[0.3616938591003418, 0.33490878343582153, 0.31603702902793884]",False,False
electricity_bill,ELECTR1C1TY B1LL,Bills,en,ocr_noise,sentence-transformers/paraphrase-multilingual-MiniLM-L12-v2,HYBRID_PROTOTYPE,Books,0.2502438426017761,Bills,0.22796443104743958,0.022279411554336548,"[""Books"", ""Bills"", ""Transport""]","[0.2502438426017761, 0.22796443104743958, 0.22683760523796082]",False,True
internet_bill,WE 1NTERNET B1LL,Bills,en,ocr_noise,sentence-transformers/paraphrase-multilingual-MiniLM-L12-v2,DESCRIPTION_ONLY,Bills,0.1266711950302124,Transport,0.10145369172096252,0.025217503309249878,"[""Bills"", ""Transport"", ""Restaurants""]","[0.1266711950302124, 0.10145369172096252, 0.08367694169282913]",True,True
internet_bill,WE 1NTERNET B1LL,Bills,en,ocr_noise,sentence-transformers/paraphrase-multilingual-MiniLM-L12-v2,EXAMPLE_CENTROID,Medicine,0.3449433743953705,Groceries,0.31318432092666626,0.031759053468704224,"[""Medicine"", ""Groceries"", ""Books""]","[0.3449433743953705, 0.31318432092666626, 0.3041863739490509]",False,False
internet_bill,WE 1NTERNET B1LL,Bills,en,ocr_noise,sentence-transformers/paraphrase-multilingual-MiniLM-L12-v2,HYBRID_PROTOTYPE,Medicine,0.24440744519233704,Books,0.22810755670070648,0.016299888491630554,"[""Medicine"", ""Books"", ""Groceries""]","[0.24440744519233704, 0.22810755670070648, 0.1960863173007965]",False,False
netflix,Netflix,Entertainment,en,clean,sentence-transformers/paraphrase-multilingual-MiniLM-L12-v2,DESCRIPTION_ONLY,Entertainment,0.26842284202575684,Bills,0.1899094581604004,0.07851338386535645,"[""Entertainment"", ""Bills"", ""Shopping""]","[0.26842284202575684, 0.1899094581604004, 0.1601337492465973]",True,True
netflix,Netflix,Entertainment,en,clean,sentence-transformers/paraphrase-multilingual-MiniLM-L12-v2,EXAMPLE_CENTROID,Entertainment,0.34169429540634155,Transport,0.33606916666030884,0.005625128746032715,"[""Entertainment"", ""Transport"", ""Bills""]","[0.34169429540634155, 0.33606916666030884, 0.29243022203445435]",True,True
netflix,Netflix,Entertainment,en,clean,sentence-transformers/paraphrase-multilingual-MiniLM-L12-v2,HYBRID_PROTOTYPE,Entertainment,0.3836946189403534,Transport,0.2788538932800293,0.1048407256603241,"[""Entertainment"", ""Transport"", ""Bills""]","[0.3836946189403534, 0.2788538932800293, 0.2635369896888733]",True,True
cinema_ticket,Cinema Ticket,Entertainment,en,clean,sentence-transformers/paraphrase-multilingual-MiniLM-L12-v2,DESCRIPTION_ONLY,Entertainment,0.2560584247112274,Shopping,0.09994466602802277,0.15611375868320465,"[""Entertainment"", ""Shopping"", ""Other""]","[0.2560584247112274, 0.09994466602802277, 0.09937263280153275]",True,True
cinema_ticket,Cinema Ticket,Entertainment,en,clean,sentence-transformers/paraphrase-multilingual-MiniLM-L12-v2,EXAMPLE_CENTROID,Entertainment,0.6940853595733643,Transport,0.4509361684322357,0.24314919114112854,"[""Entertainment"", ""Transport"", ""Shopping""]","[0.6940853595733643, 0.4509361684322357, 0.29065120220184326]",True,True
cinema_ticket,Cinema Ticket,Entertainment,en,clean,sentence-transformers/paraphrase-multilingual-MiniLM-L12-v2,HYBRID_PROTOTYPE,Entertainment,0.5717740058898926,Transport,0.3117356598377228,0.2600383460521698,"[""Entertainment"", ""Transport"", ""Shopping""]","[0.5717740058898926, 0.3117356598377228, 0.24233338236808777]",True,True
playstation_game,PlayStation Game,Entertainment,en,clean,sentence-transformers/paraphrase-multilingual-MiniLM-L12-v2,DESCRIPTION_ONLY,Entertainment,0.1785178929567337,Restaurants,0.08378143608570099,0.09473645687103271,"[""Entertainment"", ""Restaurants"", ""Shopping""]","[0.1785178929567337, 0.08378143608570099, 0.07648974657058716]",True,True
playstation_game,PlayStation Game,Entertainment,en,clean,sentence-transformers/paraphrase-multilingual-MiniLM-L12-v2,EXAMPLE_CENTROID,Medicine,0.28367412090301514,Entertainment,0.21670477092266083,0.06696934998035431,"[""Medicine"", ""Entertainment"", ""Restaurants""]","[0.28367412090301514, 0.21670477092266083, 0.20956136286258698]",False,True
playstation_game,PlayStation Game,Entertainment,en,clean,sentence-transformers/paraphrase-multilingual-MiniLM-L12-v2,HYBRID_PROTOTYPE,Entertainment,0.24201463162899017,Medicine,0.21011172235012054,0.03190290927886963,"[""Entertainment"", ""Medicine"", ""Restaurants""]","[0.24201463162899017, 0.21011172235012054, 0.17299219965934753]",True,True
concert_ticket,Concert Ticket,Entertainment,en,clean,sentence-transformers/paraphrase-multilingual-MiniLM-L12-v2,DESCRIPTION_ONLY,Entertainment,0.10595525801181793,Other,0.07953113317489624,0.026424124836921692,"[""Entertainment"", ""Other"", ""Shopping""]","[0.10595525801181793, 0.07953113317489624, 0.062113597989082336]",True,True
concert_ticket,Concert Ticket,Entertainment,en,clean,sentence-transformers/paraphrase-multilingual-MiniLM-L12-v2,EXAMPLE_CENTROID,Entertainment,0.49466651678085327,Transport,0.4230383038520813,0.07162821292877197,"[""Entertainment"", ""Transport"", ""Shopping""]","[0.49466651678085327, 0.4230383038520813, 0.3257010877132416]",True,True
concert_ticket,Concert Ticket,Entertainment,en,clean,sentence-transformers/paraphrase-multilingual-MiniLM-L12-v2,HYBRID_PROTOTYPE,Entertainment,0.35653436183929443,Transport,0.2786927819252014,0.07784157991409302,"[""Entertainment"", ""Transport"", ""Shopping""]","[0.35653436183929443, 0.2786927819252014, 0.24060791730880737]",True,True
cinema_ticket,تذكرة سينما,Entertainment,ar,clean,sentence-transformers/paraphrase-multilingual-MiniLM-L12-v2,DESCRIPTION_ONLY,Entertainment,0.2317405492067337,Transport,0.10475210100412369,0.12698844820261002,"[""Entertainment"", ""Transport"", ""Other""]","[0.2317405492067337, 0.10475210100412369, 0.09099261462688446]",True,True
cinema_ticket,تذكرة سينما,Entertainment,ar,clean,sentence-transformers/paraphrase-multilingual-MiniLM-L12-v2,EXAMPLE_CENTROID,Entertainment,0.6964916586875916,Transport,0.5227766633033752,0.1737149953842163,"[""Entertainment"", ""Transport"", ""Shopping""]","[0.6964916586875916, 0.5227766633033752, 0.34539955854415894]",True,True
cinema_ticket,تذكرة سينما,Entertainment,ar,clean,sentence-transformers/paraphrase-multilingual-MiniLM-L12-v2,HYBRID_PROTOTYPE,Entertainment,0.5585880279541016,Transport,0.37178510427474976,0.1868029236793518,"[""Entertainment"", ""Transport"", ""Shopping""]","[0.5585880279541016, 0.37178510427474976, 0.2635728418827057]",True,True
netflix,اشتراك مشاهدة أفلام,Entertainment,ar,clean,sentence-transformers/paraphrase-multilingual-MiniLM-L12-v2,DESCRIPTION_ONLY,Entertainment,0.4772314429283142,Shopping,0.13842058181762695,0.33881086111068726,"[""Entertainment"", ""Shopping"", ""Personal Care""]","[0.4772314429283142, 0.13842058181762695, 0.12209942936897278]",True,True
netflix,اشتراك مشاهدة أفلام,Entertainment,ar,clean,sentence-transformers/paraphrase-multilingual-MiniLM-L12-v2,EXAMPLE_CENTROID,Entertainment,0.4194302260875702,Books,0.2852534353733063,0.13417679071426392,"[""Entertainment"", ""Books"", ""Personal Care""]","[0.4194302260875702, 0.2852534353733063, 0.20830175280570984]",True,True
netflix,اشتراك مشاهدة أفلام,Entertainment,ar,clean,sentence-transformers/paraphrase-multilingual-MiniLM-L12-v2,HYBRID_PROTOTYPE,Entertainment,0.5638986229896545,Books,0.22912052273750305,0.3347781002521515,"[""Entertainment"", ""Books"", ""Shopping""]","[0.5638986229896545, 0.22912052273750305, 0.2110881805419922]",True,True
playstation_game,لعبة بلايستيشن,Entertainment,ar,clean,sentence-transformers/paraphrase-multilingual-MiniLM-L12-v2,DESCRIPTION_ONLY,Entertainment,0.2958533763885498,Other,0.13753479719161987,0.15831857919692993,"[""Entertainment"", ""Other"", ""Transport""]","[0.2958533763885498, 0.13753479719161987, 0.13705992698669434]",True,True
playstation_game,لعبة بلايستيشن,Entertainment,ar,clean,sentence-transformers/paraphrase-multilingual-MiniLM-L12-v2,EXAMPLE_CENTROID,Books,0.5364927649497986,Groceries,0.4994531571865082,0.037039607763290405,"[""Books"", ""Groceries"", ""Medicine""]","[0.5364927649497986, 0.4994531571865082, 0.49245724081993103]",False,False
playstation_game,لعبة بلايستيشن,Entertainment,ar,clean,sentence-transformers/paraphrase-multilingual-MiniLM-L12-v2,HYBRID_PROTOTYPE,Entertainment,0.4799695312976837,Books,0.39958107471466064,0.08038845658302307,"[""Entertainment"", ""Books"", ""Transport""]","[0.4799695312976837, 0.39958107471466064, 0.36022284626960754]",True,True
concert_ticket,تذكرة حفلة,Entertainment,ar,clean,sentence-transformers/paraphrase-multilingual-MiniLM-L12-v2,DESCRIPTION_ONLY,Restaurants,0.17669957876205444,Other,0.12659811973571777,0.05010145902633667,"[""Restaurants"", ""Other"", ""Entertainment""]","[0.17669957876205444, 0.12659811973571777, 0.10680713504552841]",False,True
concert_ticket,تذكرة حفلة,Entertainment,ar,clean,sentence-transformers/paraphrase-multilingual-MiniLM-L12-v2,EXAMPLE_CENTROID,Entertainment,0.5339866280555725,Transport,0.5319448113441467,0.0020418167114257812,"[""Entertainment"", ""Transport"", ""Shopping""]","[0.5339866280555725, 0.5319448113441467, 0.4194714426994324]",True,True
concert_ticket,تذكرة حفلة,Entertainment,ar,clean,sentence-transformers/paraphrase-multilingual-MiniLM-L12-v2,HYBRID_PROTOTYPE,Entertainment,0.3803808093070984,Transport,0.37158870697021484,0.008792102336883545,"[""Entertainment"", ""Transport"", ""Restaurants""]","[0.3803808093070984, 0.37158870697021484, 0.3395129144191742]",True,True
netflix,Netflix اشتراك,Entertainment,mixed,mixed_language,sentence-transformers/paraphrase-multilingual-MiniLM-L12-v2,DESCRIPTION_ONLY,Entertainment,0.23291686177253723,Bills,0.1711033433675766,0.06181351840496063,"[""Entertainment"", ""Bills"", ""Shopping""]","[0.23291686177253723, 0.1711033433675766, 0.12404166162014008]",True,True
netflix,Netflix اشتراك,Entertainment,mixed,mixed_language,sentence-transformers/paraphrase-multilingual-MiniLM-L12-v2,EXAMPLE_CENTROID,Transport,0.3184944987297058,Entertainment,0.3183625638484955,0.00013193488121032715,"[""Transport"", ""Entertainment"", ""Bills""]","[0.3184944987297058, 0.3183625638484955, 0.27313530445098877]",False,True
netflix,Netflix اشتراك,Entertainment,mixed,mixed_language,sentence-transformers/paraphrase-multilingual-MiniLM-L12-v2,HYBRID_PROTOTYPE,Entertainment,0.34669229388237,Transport,0.2571122348308563,0.08958005905151367,"[""Entertainment"", ""Transport"", ""Bills""]","[0.34669229388237, 0.2571122348308563, 0.2427196353673935]",True,True
cinema_ticket,Cinema تذكرة,Entertainment,mixed,mixed_language,sentence-transformers/paraphrase-multilingual-MiniLM-L12-v2,DESCRIPTION_ONLY,Entertainment,0.28402575850486755,Other,0.11548043042421341,0.16854532808065414,"[""Entertainment"", ""Other"", ""Transport""]","[0.28402575850486755, 0.11548043042421341, 0.11421754211187363]",True,True
cinema_ticket,Cinema تذكرة,Entertainment,mixed,mixed_language,sentence-transformers/paraphrase-multilingual-MiniLM-L12-v2,EXAMPLE_CENTROID,Entertainment,0.7277798056602478,Transport,0.5053516030311584,0.22242820262908936,"[""Entertainment"", ""Transport"", ""Shopping""]","[0.7277798056602478, 0.5053516030311584, 0.3442646861076355]",True,True
cinema_ticket,Cinema تذكرة,Entertainment,mixed,mixed_language,sentence-transformers/paraphrase-multilingual-MiniLM-L12-v2,HYBRID_PROTOTYPE,Entertainment,0.6088806390762329,Transport,0.3670693635940552,0.24181127548217773,"[""Entertainment"", ""Transport"", ""Shopping""]","[0.6088806390762329, 0.3670693635940552, 0.2761675715446472]",True,True
netflix,NETFL1X,Entertainment,en,ocr_noise,sentence-transformers/paraphrase-multilingual-MiniLM-L12-v2,DESCRIPTION_ONLY,Bills,0.14150646328926086,Restaurants,0.07095221430063248,0.07055424898862839,"[""Bills"", ""Restaurants"", ""Groceries""]","[0.14150646328926086, 0.07095221430063248, 0.04803456738591194]",False,False
netflix,NETFL1X,Entertainment,en,ocr_noise,sentence-transformers/paraphrase-multilingual-MiniLM-L12-v2,EXAMPLE_CENTROID,Groceries,0.30389076471328735,Medicine,0.29845255613327026,0.00543820858001709,"[""Groceries"", ""Medicine"", ""Entertainment""]","[0.30389076471328735, 0.29845255613327026, 0.26507577300071716]",False,True
netflix,NETFL1X,Entertainment,en,ocr_noise,sentence-transformers/paraphrase-multilingual-MiniLM-L12-v2,HYBRID_PROTOTYPE,Bills,0.21994701027870178,Medicine,0.21423405408859253,0.005712956190109253,"[""Bills"", ""Medicine"", ""Groceries""]","[0.21994701027870178, 0.21423405408859253, 0.20850954949855804]",False,False
cinema_ticket,C1NEMA T1CKET,Entertainment,en,ocr_noise,sentence-transformers/paraphrase-multilingual-MiniLM-L12-v2,DESCRIPTION_ONLY,Transport,0.1046440526843071,Medicine,0.09775973856449127,0.006884314119815826,"[""Transport"", ""Medicine"", ""Books""]","[0.1046440526843071, 0.09775973856449127, 0.09480154514312744]",False,False
cinema_ticket,C1NEMA T1CKET,Entertainment,en,ocr_noise,sentence-transformers/paraphrase-multilingual-MiniLM-L12-v2,EXAMPLE_CENTROID,Medicine,0.5027772784233093,Shopping,0.380534827709198,0.12224245071411133,"[""Medicine"", ""Shopping"", ""Groceries""]","[0.5027772784233093, 0.380534827709198, 0.3530624508857727]",False,False
cinema_ticket,C1NEMA T1CKET,Entertainment,en,ocr_noise,sentence-transformers/paraphrase-multilingual-MiniLM-L12-v2,HYBRID_PROTOTYPE,Medicine,0.38172999024391174,Books,0.25733086466789246,0.12439912557601929,"[""Medicine"", ""Books"", ""Shopping""]","[0.38172999024391174, 0.25733086466789246, 0.25474634766578674]",False,False
dove_shampoo,Dove Shampoo,Personal Care,en,clean,sentence-transformers/paraphrase-multilingual-MiniLM-L12-v2,DESCRIPTION_ONLY,Personal Care,0.5460082292556763,Household,0.4289163649082184,0.11709186434745789,"[""Personal Care"", ""Household"", ""Shopping""]","[0.5460082292556763, 0.4289163649082184, 0.262961208820343]",True,True
dove_shampoo,Dove Shampoo,Personal Care,en,clean,sentence-transformers/paraphrase-multilingual-MiniLM-L12-v2,EXAMPLE_CENTROID,Household,0.6471319198608398,Personal Care,0.6224822998046875,0.024649620056152344,"[""Household"", ""Personal Care"", ""Groceries""]","[0.6471319198608398, 0.6224822998046875, 0.3947724401950836]",False,True
dove_shampoo,Dove Shampoo,Personal Care,en,clean,sentence-transformers/paraphrase-multilingual-MiniLM-L12-v2,HYBRID_PROTOTYPE,Personal Care,0.7118954062461853,Household,0.628442108631134,0.08345329761505127,"[""Personal Care"", ""Household"", ""Shopping""]","[0.7118954062461853, 0.628442108631134, 0.3763347566127777]",True,True
nivea_face_cream,Nivea Face Cream,Personal Care,en,clean,sentence-transformers/paraphrase-multilingual-MiniLM-L12-v2,DESCRIPTION_ONLY,Personal Care,0.19041162729263306,Medicine,0.09745863080024719,0.09295299649238586,"[""Personal Care"", ""Medicine"", ""Household""]","[0.19041162729263306, 0.09745863080024719, 0.011655375361442566]",True,True
nivea_face_cream,Nivea Face Cream,Personal Care,en,clean,sentence-transformers/paraphrase-multilingual-MiniLM-L12-v2,EXAMPLE_CENTROID,Personal Care,0.40423765778541565,Medicine,0.3250772953033447,0.07916036248207092,"[""Personal Care"", ""Medicine"", ""Restaurants""]","[0.40423765778541565, 0.3250772953033447, 0.2994515001773834]",True,True
nivea_face_cream,Nivea Face Cream,Personal Care,en,clean,sentence-transformers/paraphrase-multilingual-MiniLM-L12-v2,HYBRID_PROTOTYPE,Personal Care,0.35425329208374023,Medicine,0.2685840129852295,0.08566927909851074,"[""Personal Care"", ""Medicine"", ""Restaurants""]","[0.35425329208374023, 0.2685840129852295, 0.17347466945648193]",True,True
gillette_razor,Gillette Razor,Personal Care,en,clean,sentence-transformers/paraphrase-multilingual-MiniLM-L12-v2,DESCRIPTION_ONLY,Personal Care,0.3879803717136383,Household,0.1963101327419281,0.1916702389717102,"[""Personal Care"", ""Household"", ""Shopping""]","[0.3879803717136383, 0.1963101327419281, 0.08586357533931732]",True,True
gillette_razor,Gillette Razor,Personal Care,en,clean,sentence-transformers/paraphrase-multilingual-MiniLM-L12-v2,EXAMPLE_CENTROID,Personal Care,0.6419662237167358,Household,0.5625767707824707,0.07938945293426514,"[""Personal Care"", ""Household"", ""Medicine""]","[0.6419662237167358, 0.5625767707824707, 0.36299261450767517]",True,True
gillette_razor,Gillette Razor,Personal Care,en,clean,sentence-transformers/paraphrase-multilingual-MiniLM-L12-v2,HYBRID_PROTOTYPE,Personal Care,0.6215833425521851,Household,0.44321107864379883,0.17837226390838623,"[""Personal Care"", ""Household"", ""Medicine""]","[0.6215833425521851, 0.44321107864379883, 0.2708054482936859]",True,True
haircut,Haircut,Personal Care,en,clean,sentence-transformers/paraphrase-multilingual-MiniLM-L12-v2,DESCRIPTION_ONLY,Personal Care,0.362043559551239,Shopping,0.06928481161594391,0.2927587479352951,"[""Personal Care"", ""Shopping"", ""Household""]","[0.362043559551239, 0.06928481161594391, 0.06315922737121582]",True,True
haircut,Haircut,Personal Care,en,clean,sentence-transformers/paraphrase-multilingual-MiniLM-L12-v2,EXAMPLE_CENTROID,Personal Care,0.518145740032196,Household,0.38776400685310364,0.1303817331790924,"[""Personal Care"", ""Household"", ""Medicine""]","[0.518145740032196, 0.38776400685310364, 0.2215157002210617]",True,True
haircut,Haircut,Personal Care,en,clean,sentence-transformers/paraphrase-multilingual-MiniLM-L12-v2,HYBRID_PROTOTYPE,Personal Care,0.5373850464820862,Household,0.263351708650589,0.2740333378314972,"[""Personal Care"", ""Household"", ""Shopping""]","[0.5373850464820862, 0.263351708650589, 0.17597809433937073]",True,True
dove_shampoo,شامبو دوف,Personal Care,ar,clean,sentence-transformers/paraphrase-multilingual-MiniLM-L12-v2,DESCRIPTION_ONLY,Other,0.1762007176876068,Entertainment,0.17493882775306702,0.001261889934539795,"[""Other"", ""Entertainment"", ""Books""]","[0.1762007176876068, 0.17493882775306702, 0.17422965168952942]",False,False
dove_shampoo,شامبو دوف,Personal Care,ar,clean,sentence-transformers/paraphrase-multilingual-MiniLM-L12-v2,EXAMPLE_CENTROID,Groceries,0.5789019465446472,Medicine,0.5432018637657166,0.035700082778930664,"[""Groceries"", ""Medicine"", ""Books""]","[0.5789019465446472, 0.5432018637657166, 0.5396122336387634]",False,False
dove_shampoo,شامبو دوف,Personal Care,ar,clean,sentence-transformers/paraphrase-multilingual-MiniLM-L12-v2,HYBRID_PROTOTYPE,Books,0.42523983120918274,Groceries,0.41221219301223755,0.01302763819694519,"[""Books"", ""Groceries"", ""Shopping""]","[0.42523983120918274, 0.41221219301223755, 0.37172654271125793]",False,False
nivea_face_cream,كريم نيفيا للوجه,Personal Care,ar,clean,sentence-transformers/paraphrase-multilingual-MiniLM-L12-v2,DESCRIPTION_ONLY,Personal Care,0.12594711780548096,Restaurants,0.12475912272930145,0.0011879950761795044,"[""Personal Care"", ""Restaurants"", ""Other""]","[0.12594711780548096, 0.12475912272930145, 0.09614303708076477]",True,True
nivea_face_cream,كريم نيفيا للوجه,Personal Care,ar,clean,sentence-transformers/paraphrase-multilingual-MiniLM-L12-v2,EXAMPLE_CENTROID,Personal Care,0.5655525326728821,Restaurants,0.5235216021537781,0.042030930519104004,"[""Personal Care"", ""Restaurants"", ""Medicine""]","[0.5655525326728821, 0.5235216021537781, 0.5168969631195068]",True,True
nivea_face_cream,كريم نيفيا للوجه,Personal Care,ar,clean,sentence-transformers/paraphrase-multilingual-MiniLM-L12-v2,HYBRID_PROTOTYPE,Personal Care,0.4119504690170288,Restaurants,0.3823087215423584,0.02964174747467041,"[""Personal Care"", ""Restaurants"", ""Medicine""]","[0.4119504690170288, 0.3823087215423584, 0.36061424016952515]",True,True
gillette_razor,شفرة حلاقة,Personal Care,ar,clean,sentence-transformers/paraphrase-multilingual-MiniLM-L12-v2,DESCRIPTION_ONLY,Books,0.21753011643886566,Other,0.20970894396305084,0.00782117247581482,"[""Books"", ""Other"", ""Transport""]","[0.21753011643886566, 0.20970894396305084, 0.20326697826385498]",False,False
gillette_razor,شفرة حلاقة,Personal Care,ar,clean,sentence-transformers/paraphrase-multilingual-MiniLM-L12-v2,EXAMPLE_CENTROID,Books,0.7282313108444214,Medicine,0.6550735235214233,0.07315778732299805,"[""Books"", ""Medicine"", ""Groceries""]","[0.7282313108444214, 0.6550735235214233, 0.6448957920074463]",False,False
gillette_razor,شفرة حلاقة,Personal Care,ar,clean,sentence-transformers/paraphrase-multilingual-MiniLM-L12-v2,HYBRID_PROTOTYPE,Books,0.563395619392395,Medicine,0.46732115745544434,0.09607446193695068,"[""Books"", ""Medicine"", ""Groceries""]","[0.563395619392395, 0.46732115745544434, 0.46674901247024536]",False,False
haircut,قص شعر,Personal Care,ar,clean,sentence-transformers/paraphrase-multilingual-MiniLM-L12-v2,DESCRIPTION_ONLY,Personal Care,0.31653380393981934,Household,0.069625124335289,0.24690867960453033,"[""Personal Care"", ""Household"", ""Shopping""]","[0.31653380393981934, 0.069625124335289, 0.045822106301784515]",True,True
haircut,قص شعر,Personal Care,ar,clean,sentence-transformers/paraphrase-multilingual-MiniLM-L12-v2,EXAMPLE_CENTROID,Personal Care,0.5453018546104431,Household,0.431793749332428,0.11350810527801514,"[""Personal Care"", ""Household"", ""Shopping""]","[0.5453018546104431, 0.431793749332428, 0.27439603209495544]",True,True
haircut,قص شعر,Personal Care,ar,clean,sentence-transformers/paraphrase-multilingual-MiniLM-L12-v2,HYBRID_PROTOTYPE,Personal Care,0.5261795520782471,Household,0.2928425669670105,0.23333698511123657,"[""Personal Care"", ""Household"", ""Shopping""]","[0.5261795520782471, 0.2928425669670105, 0.1986696869134903]",True,True
dove_shampoo,Shampoo شامبو,Personal Care,mixed,mixed_language,sentence-transformers/paraphrase-multilingual-MiniLM-L12-v2,DESCRIPTION_ONLY,Personal Care,0.4464683532714844,Household,0.36767786741256714,0.07879048585891724,"[""Personal Care"", ""Household"", ""Groceries""]","[0.4464683532714844, 0.36767786741256714, 0.19243766367435455]",True,True
dove_shampoo,Shampoo شامبو,Personal Care,mixed,mixed_language,sentence-transformers/paraphrase-multilingual-MiniLM-L12-v2,EXAMPLE_CENTROID,Personal Care,0.6286298036575317,Household,0.6132378578186035,0.015391945838928223,"[""Personal Care"", ""Household"", ""Groceries""]","[0.6286298036575317, 0.6132378578186035, 0.42077213525772095]",True,True
dove_shampoo,Shampoo شامبو,Personal Care,mixed,mixed_language,sentence-transformers/paraphrase-multilingual-MiniLM-L12-v2,HYBRID_PROTOTYPE,Personal Care,0.6549966335296631,Household,0.5728820562362671,0.082114577293396,"[""Personal Care"", ""Household"", ""Groceries""]","[0.6549966335296631, 0.5728820562362671, 0.36331599950790405]",True,True
nivea_face_cream,Nivea كريم بشرة,Personal Care,mixed,mixed_language,sentence-transformers/paraphrase-multilingual-MiniLM-L12-v2,DESCRIPTION_ONLY,Personal Care,0.2946605086326599,Other,0.19001084566116333,0.10464966297149658,"[""Personal Care"", ""Other"", ""Medicine""]","[0.2946605086326599, 0.19001084566116333, 0.18813562393188477]",True,True
nivea_face_cream,Nivea كريم بشرة,Personal Care,mixed,mixed_language,sentence-transformers/paraphrase-multilingual-MiniLM-L12-v2,EXAMPLE_CENTROID,Personal Care,0.6242368221282959,Medicine,0.5462779402732849,0.07795888185501099,"[""Personal Care"", ""Medicine"", ""Groceries""]","[0.6242368221282959, 0.5462779402732849, 0.5022359490394592]",True,True
nivea_face_cream,Nivea كريم بشرة,Personal Care,mixed,mixed_language,sentence-transformers/paraphrase-multilingual-MiniLM-L12-v2,HYBRID_PROTOTYPE,Personal Care,0.5474191904067993,Medicine,0.46682822704315186,0.08059096336364746,"[""Personal Care"", ""Medicine"", ""Groceries""]","[0.5474191904067993, 0.46682822704315186, 0.3853406608104706]",True,True
dove_shampoo,شامبو D0VE,Personal Care,mixed,ocr_noise,sentence-transformers/paraphrase-multilingual-MiniLM-L12-v2,DESCRIPTION_ONLY,Transport,0.09648729860782623,Other,0.08645568788051605,0.01003161072731018,"[""Transport"", ""Other"", ""Books""]","[0.09648729860782623, 0.08645568788051605, 0.08336353302001953]",False,False
dove_shampoo,شامبو D0VE,Personal Care,mixed,ocr_noise,sentence-transformers/paraphrase-multilingual-MiniLM-L12-v2,EXAMPLE_CENTROID,Medicine,0.5496580600738525,Groceries,0.4374402165412903,0.11221784353256226,"[""Medicine"", ""Groceries"", ""Shopping""]","[0.5496580600738525, 0.4374402165412903, 0.4234437048435211]",False,False
dove_shampoo,شامبو D0VE,Personal Care,mixed,ocr_noise,sentence-transformers/paraphrase-multilingual-MiniLM-L12-v2,HYBRID_PROTOTYPE,Medicine,0.3601546883583069,Books,0.295110821723938,0.0650438666343689,"[""Medicine"", ""Books"", ""Groceries""]","[0.3601546883583069, 0.295110821723938, 0.27384400367736816]",False,False
gillette_razor,G1LLETTE RAZ0R,Personal Care,en,ocr_noise,sentence-transformers/paraphrase-multilingual-MiniLM-L12-v2,DESCRIPTION_ONLY,Transport,0.0294109545648098,Books,0.029005223885178566,0.0004057306796312332,"[""Transport"", ""Books"", ""Bills""]","[0.0294109545648098, 0.029005223885178566, 0.0265401192009449]",False,False
gillette_razor,G1LLETTE RAZ0R,Personal Care,en,ocr_noise,sentence-transformers/paraphrase-multilingual-MiniLM-L12-v2,EXAMPLE_CENTROID,Medicine,0.4041438698768616,Groceries,0.31493043899536133,0.08921343088150024,"[""Medicine"", ""Groceries"", ""Shopping""]","[0.4041438698768616, 0.31493043899536133, 0.2921232581138611]",False,False
gillette_razor,G1LLETTE RAZ0R,Personal Care,en,ocr_noise,sentence-transformers/paraphrase-multilingual-MiniLM-L12-v2,HYBRID_PROTOTYPE,Medicine,0.2515049874782562,Groceries,0.19105744361877441,0.06044754385948181,"[""Medicine"", ""Groceries"", ""Shopping""]","[0.2515049874782562, 0.19105744361877441, 0.16884922981262207]",False,False
service_fee,Service Fee,Other,en,clean,sentence-transformers/paraphrase-multilingual-MiniLM-L12-v2,DESCRIPTION_ONLY,Other,0.3230050206184387,Bills,0.2942655682563782,0.028739452362060547,"[""Other"", ""Bills"", ""Transport""]","[0.3230050206184387, 0.2942655682563782, 0.05152098461985588]",True,True
service_fee,Service Fee,Other,en,clean,sentence-transformers/paraphrase-multilingual-MiniLM-L12-v2,EXAMPLE_CENTROID,Other,0.5421038269996643,Bills,0.47156986594200134,0.07053396105766296,"[""Other"", ""Bills"", ""Groceries""]","[0.5421038269996643, 0.47156986594200134, 0.21809668838977814]",True,True
service_fee,Service Fee,Other,en,clean,sentence-transformers/paraphrase-multilingual-MiniLM-L12-v2,HYBRID_PROTOTYPE,Other,0.4814966320991516,Bills,0.41843119263648987,0.06306543946266174,"[""Other"", ""Bills"", ""Groceries""]","[0.4814966320991516, 0.41843119263648987, 0.14774808287620544]",True,True
charity_donation,Charity Donation,Other,en,clean,sentence-transformers/paraphrase-multilingual-MiniLM-L12-v2,DESCRIPTION_ONLY,Other,0.48876264691352844,Medicine,0.23122809827327728,0.25753454864025116,"[""Other"", ""Medicine"", ""Bills""]","[0.48876264691352844, 0.23122809827327728, 0.19190117716789246]",True,True
charity_donation,Charity Donation,Other,en,clean,sentence-transformers/paraphrase-multilingual-MiniLM-L12-v2,EXAMPLE_CENTROID,Other,0.3996380567550659,Medicine,0.3065221309661865,0.0931159257888794,"[""Other"", ""Medicine"", ""Books""]","[0.3996380567550659, 0.3065221309661865, 0.29633256793022156]",True,True
charity_donation,Charity Donation,Other,en,clean,sentence-transformers/paraphrase-multilingual-MiniLM-L12-v2,HYBRID_PROTOTYPE,Other,0.5055863857269287,Medicine,0.341819703578949,0.16376668214797974,"[""Other"", ""Medicine"", ""Books""]","[0.5055863857269287, 0.341819703578949, 0.23773768544197083]",True,True
document_printing,Document Printing,Other,en,clean,sentence-transformers/paraphrase-multilingual-MiniLM-L12-v2,DESCRIPTION_ONLY,Books,0.3009091019630432,Other,0.20461910963058472,0.0962899923324585,"[""Books"", ""Other"", ""Bills""]","[0.3009091019630432, 0.20461910963058472, 0.1401505172252655]",False,True
document_printing,Document Printing,Other,en,clean,sentence-transformers/paraphrase-multilingual-MiniLM-L12-v2,EXAMPLE_CENTROID,Books,0.2887369394302368,Household,0.26374369859695435,0.02499324083328247,"[""Books"", ""Household"", ""Bills""]","[0.2887369394302368, 0.26374369859695435, 0.22143350541591644]",False,False
document_printing,Document Printing,Other,en,clean,sentence-transformers/paraphrase-multilingual-MiniLM-L12-v2,HYBRID_PROTOTYPE,Books,0.3512556552886963,Other,0.23598921298980713,0.11526644229888916,"[""Books"", ""Other"", ""Household""]","[0.3512556552886963, 0.23598921298980713, 0.21433064341545105]",False,True
delivery_fee,Delivery Fee,Other,en,clean,sentence-transformers/paraphrase-multilingual-MiniLM-L12-v2,DESCRIPTION_ONLY,Other,0.37047964334487915,Bills,0.2638300955295563,0.10664954781532288,"[""Other"", ""Bills"", ""Groceries""]","[0.37047964334487915, 0.2638300955295563, 0.15413041412830353]",True,True
delivery_fee,Delivery Fee,Other,en,clean,sentence-transformers/paraphrase-multilingual-MiniLM-L12-v2,EXAMPLE_CENTROID,Other,0.6499635577201843,Bills,0.4268749952316284,0.2230885624885559,"[""Other"", ""Bills"", ""Groceries""]","[0.6499635577201843, 0.4268749952316284, 0.33801454305648804]",True,True
delivery_fee,Delivery Fee,Other,en,clean,sentence-transformers/paraphrase-multilingual-MiniLM-L12-v2,HYBRID_PROTOTYPE,Other,0.5666422843933105,Bills,0.3773820400238037,0.18926024436950684,"[""Other"", ""Bills"", ""Groceries""]","[0.5666422843933105, 0.3773820400238037, 0.2915871739387512]",True,True
service_fee,رسوم خدمة,Other,ar,clean,sentence-transformers/paraphrase-multilingual-MiniLM-L12-v2,DESCRIPTION_ONLY,Other,0.4107500910758972,Bills,0.36793315410614014,0.04281693696975708,"[""Other"", ""Bills"", ""Shopping""]","[0.4107500910758972, 0.36793315410614014, 0.1221286952495575]",True,True
service_fee,رسوم خدمة,Other,ar,clean,sentence-transformers/paraphrase-multilingual-MiniLM-L12-v2,EXAMPLE_CENTROID,Other,0.66391921043396,Bills,0.556015133857727,0.10790407657623291,"[""Other"", ""Bills"", ""Groceries""]","[0.66391921043396, 0.556015133857727, 0.34985971450805664]",True,True
service_fee,رسوم خدمة,Other,ar,clean,sentence-transformers/paraphrase-multilingual-MiniLM-L12-v2,HYBRID_PROTOTYPE,Other,0.5981323719024658,Bills,0.5048196315765381,0.09331274032592773,"[""Other"", ""Bills"", ""Shopping""]","[0.5981323719024658, 0.5048196315765381, 0.27935177087783813]",True,True
charity_donation,تبرع خيري,Other,ar,clean,sentence-transformers/paraphrase-multilingual-MiniLM-L12-v2,DESCRIPTION_ONLY,Other,0.4789476692676544,Bills,0.21516729891300201,0.2637803703546524,"[""Other"", ""Bills"", ""Medicine""]","[0.4789476692676544, 0.21516729891300201, 0.20309458673000336]",True,True
charity_donation,تبرع خيري,Other,ar,clean,sentence-transformers/paraphrase-multilingual-MiniLM-L12-v2,EXAMPLE_CENTROID,Other,0.4732578992843628,Books,0.4065360426902771,0.0667218565940857,"[""Other"", ""Books"", ""Medicine""]","[0.4732578992843628, 0.4065360426902771, 0.38992348313331604]",True,True
charity_donation,تبرع خيري,Other,ar,clean,sentence-transformers/paraphrase-multilingual-MiniLM-L12-v2,HYBRID_PROTOTYPE,Other,0.5418975949287415,Medicine,0.37695056200027466,0.1649470329284668,"[""Other"", ""Medicine"", ""Books""]","[0.5418975949287415, 0.37695056200027466, 0.29901444911956787]",True,True
document_printing,طباعة مستندات,Other,ar,clean,sentence-transformers/paraphrase-multilingual-MiniLM-L12-v2,DESCRIPTION_ONLY,Books,0.3704655170440674,Other,0.2796666622161865,0.09079885482788086,"[""Books"", ""Other"", ""Household""]","[0.3704655170440674, 0.2796666622161865, 0.1819678246974945]",False,True
document_printing,طباعة مستندات,Other,ar,clean,sentence-transformers/paraphrase-multilingual-MiniLM-L12-v2,EXAMPLE_CENTROID,Books,0.4717589020729065,Household,0.38069188594818115,0.09106701612472534,"[""Books"", ""Household"", ""Groceries""]","[0.4717589020729065, 0.38069188594818115, 0.3539838492870331]",False,False
document_printing,طباعة مستندات,Other,ar,clean,sentence-transformers/paraphrase-multilingual-MiniLM-L12-v2,HYBRID_PROTOTYPE,Books,0.5017180442810059,Household,0.3286089599132538,0.17310908436775208,"[""Books"", ""Household"", ""Other""]","[0.5017180442810059, 0.3286089599132538, 0.31911227107048035]",False,True
misc_expense,مصاريف متنوعة,Other,ar,clean,sentence-transformers/paraphrase-multilingual-MiniLM-L12-v2,DESCRIPTION_ONLY,Other,0.6220860481262207,Bills,0.4987373948097229,0.1233486533164978,"[""Other"", ""Bills"", ""Groceries""]","[0.6220860481262207, 0.4987373948097229, 0.39792293310165405]",True,True
misc_expense,مصاريف متنوعة,Other,ar,clean,sentence-transformers/paraphrase-multilingual-MiniLM-L12-v2,EXAMPLE_CENTROID,Other,0.6220409870147705,Bills,0.5038316249847412,0.1182093620300293,"[""Other"", ""Bills"", ""Groceries""]","[0.6220409870147705, 0.5038316249847412, 0.4753172695636749]",True,True
misc_expense,مصاريف متنوعة,Other,ar,clean,sentence-transformers/paraphrase-multilingual-MiniLM-L12-v2,HYBRID_PROTOTYPE,Other,0.7118936777114868,Bills,0.5477758646011353,0.16411781311035156,"[""Other"", ""Bills"", ""Groceries""]","[0.7118936777114868, 0.5477758646011353, 0.5173794031143188]",True,True
delivery_fee,Delivery رسوم,Other,mixed,mixed_language,sentence-transformers/paraphrase-multilingual-MiniLM-L12-v2,DESCRIPTION_ONLY,Other,0.43200016021728516,Groceries,0.2844387888908386,0.14756137132644653,"[""Other"", ""Groceries"", ""Restaurants""]","[0.43200016021728516, 0.2844387888908386, 0.2544800639152527]",True,True
delivery_fee,Delivery رسوم,Other,mixed,mixed_language,sentence-transformers/paraphrase-multilingual-MiniLM-L12-v2,EXAMPLE_CENTROID,Other,0.5843749642372131,Groceries,0.5298507213592529,0.054524242877960205,"[""Other"", ""Groceries"", ""Restaurants""]","[0.5843749642372131, 0.5298507213592529, 0.4380159378051758]",True,True
delivery_fee,Delivery رسوم,Other,mixed,mixed_language,sentence-transformers/paraphrase-multilingual-MiniLM-L12-v2,HYBRID_PROTOTYPE,Other,0.5643833875656128,Groceries,0.4824522137641907,0.08193117380142212,"[""Other"", ""Groceries"", ""Restaurants""]","[0.5643833875656128, 0.4824522137641907, 0.40838366746902466]",True,True
service_fee,Service مصاريف,Other,mixed,mixed_language,sentence-transformers/paraphrase-multilingual-MiniLM-L12-v2,DESCRIPTION_ONLY,Other,0.474723219871521,Bills,0.4548131227493286,0.019910097122192383,"[""Other"", ""Bills"", ""Transport""]","[0.474723219871521, 0.4548131227493286, 0.19846361875534058]",True,True
service_fee,Service مصاريف,Other,mixed,mixed_language,sentence-transformers/paraphrase-multilingual-MiniLM-L12-v2,EXAMPLE_CENTROID,Other,0.7041327357292175,Bills,0.5343422889709473,0.16979044675827026,"[""Other"", ""Bills"", ""Groceries""]","[0.7041327357292175, 0.5343422889709473, 0.4229761064052582]",True,True
service_fee,Service مصاريف,Other,mixed,mixed_language,sentence-transformers/paraphrase-multilingual-MiniLM-L12-v2,HYBRID_PROTOTYPE,Other,0.6561198830604553,Bills,0.5404469966888428,0.11567288637161255,"[""Other"", ""Bills"", ""Groceries""]","[0.6561198830604553, 0.5404469966888428, 0.3675540089607239]",True,True
service_fee,SERV1CE FEE,Other,en,ocr_noise,sentence-transformers/paraphrase-multilingual-MiniLM-L12-v2,DESCRIPTION_ONLY,Books,0.1034231185913086,Other,0.06342053413391113,0.04000258445739746,"[""Books"", ""Other"", ""Transport""]","[0.1034231185913086, 0.06342053413391113, 0.05722653493285179]",False,True
service_fee,SERV1CE FEE,Other,en,ocr_noise,sentence-transformers/paraphrase-multilingual-MiniLM-L12-v2,EXAMPLE_CENTROID,Medicine,0.4374278485774994,Personal Care,0.41477227210998535,0.022655576467514038,"[""Medicine"", ""Personal Care"", ""Books""]","[0.4374278485774994, 0.41477227210998535, 0.3847987949848175]",False,False
service_fee,SERV1CE FEE,Other,en,ocr_noise,sentence-transformers/paraphrase-multilingual-MiniLM-L12-v2,HYBRID_PROTOTYPE,Books,0.2908366322517395,Personal Care,0.2781375050544739,0.012699127197265625,"[""Books"", ""Personal Care"", ""Medicine""]","[0.2908366322517395, 0.2781375050544739, 0.23227450251579285]",False,False
misc_expense,M1SC EXPENSE,Other,en,ocr_noise,sentence-transformers/paraphrase-multilingual-MiniLM-L12-v2,DESCRIPTION_ONLY,Other,0.21636927127838135,Bills,0.18814250826835632,0.028226763010025024,"[""Other"", ""Bills"", ""Transport""]","[0.21636927127838135, 0.18814250826835632, 0.07877026498317719]",True,True
misc_expense,M1SC EXPENSE,Other,en,ocr_noise,sentence-transformers/paraphrase-multilingual-MiniLM-L12-v2,EXAMPLE_CENTROID,Other,0.40858256816864014,Bills,0.3707713782787323,0.03781118988990784,"[""Other"", ""Bills"", ""Medicine""]","[0.40858256816864014, 0.3707713782787323, 0.31180623173713684]",True,True
misc_expense,M1SC EXPENSE,Other,en,ocr_noise,sentence-transformers/paraphrase-multilingual-MiniLM-L12-v2,HYBRID_PROTOTYPE,Other,0.35759955644607544,Bills,0.30537500977516174,0.052224546670913696,"[""Other"", ""Bills"", ""Transport""]","[0.35759955644607544, 0.30537500977516174, 0.2000589817762375]",True,True
atomic_habits,Atomic Habits,Books,en,clean,sentence-transformers/paraphrase-multilingual-MiniLM-L12-v2,DESCRIPTION_ONLY,Books,0.16693715751171112,Entertainment,0.15413084626197815,0.012806311249732971,"[""Books"", ""Entertainment"", ""Transport""]","[0.16693715751171112, 0.15413084626197815, 0.13587310910224915]",True,True
atomic_habits,Atomic Habits,Books,en,clean,sentence-transformers/paraphrase-multilingual-MiniLM-L12-v2,EXAMPLE_CENTROID,Books,0.3326904773712158,Fruits & Vegetables,0.29639729857444763,0.03629317879676819,"[""Books"", ""Fruits & Vegetables"", ""Shopping""]","[0.3326904773712158, 0.29639729857444763, 0.29070520401000977]",True,True
atomic_habits,Atomic Habits,Books,en,clean,sentence-transformers/paraphrase-multilingual-MiniLM-L12-v2,HYBRID_PROTOTYPE,Books,0.29762208461761475,Shopping,0.236202672123909,0.06141941249370575,"[""Books"", ""Shopping"", ""Fruits & Vegetables""]","[0.29762208461761475, 0.236202672123909, 0.20780706405639648]",True,True
clean_code,Clean Code,Books,en,clean,sentence-transformers/paraphrase-multilingual-MiniLM-L12-v2,DESCRIPTION_ONLY,Household,0.21984538435935974,Books,0.12917011976242065,0.09067526459693909,"[""Household"", ""Books"", ""Other""]","[0.21984538435935974, 0.12917011976242065, 0.12098690122365952]",False,True
clean_code,Clean Code,Books,en,clean,sentence-transformers/paraphrase-multilingual-MiniLM-L12-v2,EXAMPLE_CENTROID,Household,0.44083425402641296,Personal Care,0.37477773427963257,0.0660565197467804,"[""Household"", ""Personal Care"", ""Groceries""]","[0.44083425402641296, 0.37477773427963257, 0.3452199697494507]",False,False
clean_code,Clean Code,Books,en,clean,sentence-transformers/paraphrase-multilingual-MiniLM-L12-v2,HYBRID_PROTOTYPE,Household,0.3858553171157837,Personal Care,0.2849046587944031,0.10095065832138062,"[""Household"", ""Personal Care"", ""Groceries""]","[0.3858553171157837, 0.2849046587944031, 0.2669689357280731]",False,False
psychology_of_money,The Psychology of Money,Books,en,clean,sentence-transformers/paraphrase-multilingual-MiniLM-L12-v2,DESCRIPTION_ONLY,Other,0.32059088349342346,Bills,0.28436094522476196,0.0362299382686615,"[""Other"", ""Bills"", ""Entertainment""]","[0.32059088349342346, 0.28436094522476196, 0.187996044754982]",False,False
psychology_of_money,The Psychology of Money,Books,en,clean,sentence-transformers/paraphrase-multilingual-MiniLM-L12-v2,EXAMPLE_CENTROID,Other,0.5226156711578369,Bills,0.41945675015449524,0.10315892100334167,"[""Other"", ""Bills"", ""Books""]","[0.5226156711578369, 0.41945675015449524, 0.36886996030807495]",False,True
psychology_of_money,The Psychology of Money,Books,en,clean,sentence-transformers/paraphrase-multilingual-MiniLM-L12-v2,HYBRID_PROTOTYPE,Other,0.4717479646205902,Bills,0.3845463991165161,0.0872015655040741,"[""Other"", ""Bills"", ""Books""]","[0.4717479646205902, 0.3845463991165161, 0.3182562589645386]",False,True
pragmatic_programmer,The Pragmatic Programmer,Books,en,clean,sentence-transformers/paraphrase-multilingual-MiniLM-L12-v2,DESCRIPTION_ONLY,Books,0.198715478181839,Transport,0.19850319623947144,0.0002122819423675537,"[""Books"", ""Transport"", ""Bills""]","[0.198715478181839, 0.19850319623947144, 0.1572989821434021]",True,True
pragmatic_programmer,The Pragmatic Programmer,Books,en,clean,sentence-transformers/paraphrase-multilingual-MiniLM-L12-v2,EXAMPLE_CENTROID,Books,0.5372138023376465,Groceries,0.3297354578971863,0.2074783444404602,"[""Books"", ""Groceries"", ""Fruits & Vegetables""]","[0.5372138023376465, 0.3297354578971863, 0.31698015332221985]",True,True
pragmatic_programmer,The Pragmatic Programmer,Books,en,clean,sentence-transformers/paraphrase-multilingual-MiniLM-L12-v2,HYBRID_PROTOTYPE,Books,0.43627631664276123,Transport,0.2588609457015991,0.1774153709411621,"[""Books"", ""Transport"", ""Groceries""]","[0.43627631664276123, 0.2588609457015991, 0.2544396221637726]",True,True
atomic_habits,العادات الذرية,Books,ar,clean,sentence-transformers/paraphrase-multilingual-MiniLM-L12-v2,DESCRIPTION_ONLY,Books,0.1979641318321228,Entertainment,0.17053425312042236,0.02742987871170044,"[""Books"", ""Entertainment"", ""Transport""]","[0.1979641318321228, 0.17053425312042236, 0.1563546061515808]",True,True
atomic_habits,العادات الذرية,Books,ar,clean,sentence-transformers/paraphrase-multilingual-MiniLM-L12-v2,EXAMPLE_CENTROID,Books,0.36969462037086487,Fruits & Vegetables,0.31689274311065674,0.05280187726020813,"[""Books"", ""Fruits & Vegetables"", ""Shopping""]","[0.36969462037086487, 0.31689274311065674, 0.2904892563819885]",True,True
atomic_habits,العادات الذرية,Books,ar,clean,sentence-transformers/paraphrase-multilingual-MiniLM-L12-v2,HYBRID_PROTOTYPE,Books,0.3381474018096924,Shopping,0.25427478551864624,0.08387261629104614,"[""Books"", ""Shopping"", ""Fruits & Vegetables""]","[0.3381474018096924, 0.25427478551864624, 0.2327675223350525]",True,True
art_of_not_caring,كتاب فن اللامبالاة,Books,ar,clean,sentence-transformers/paraphrase-multilingual-MiniLM-L12-v2,DESCRIPTION_ONLY,Books,0.34532594680786133,Other,0.20679107308387756,0.13853487372398376,"[""Books"", ""Other"", ""Entertainment""]","[0.34532594680786133, 0.20679107308387756, 0.1833469420671463]",True,True
art_of_not_caring,كتاب فن اللامبالاة,Books,ar,clean,sentence-transformers/paraphrase-multilingual-MiniLM-L12-v2,EXAMPLE_CENTROID,Books,0.6786576509475708,Medicine,0.49335727095603943,0.18530037999153137,"[""Books"", ""Medicine"", ""Personal Care""]","[0.6786576509475708, 0.49335727095603943, 0.4441860616207123]",True,True
art_of_not_caring,كتاب فن اللامبالاة,Books,ar,clean,sentence-transformers/paraphrase-multilingual-MiniLM-L12-v2,HYBRID_PROTOTYPE,Books,0.6124833822250366,Personal Care,0.3531535863876343,0.25932979583740234,"[""Books"", ""Personal Care"", ""Medicine""]","[0.6124833822250366, 0.3531535863876343, 0.3514702618122101]",True,True
awlad_haretna,رواية أولاد حارتنا,Books,ar,clean,sentence-transformers/paraphrase-multilingual-MiniLM-L12-v2,DESCRIPTION_ONLY,Books,0.36404046416282654,Entertainment,0.18806780874729156,0.17597265541553497,"[""Books"", ""Entertainment"", ""Other""]","[0.36404046416282654, 0.18806780874729156, 0.1752951294183731]",True,True
awlad_haretna,رواية أولاد حارتنا,Books,ar,clean,sentence-transformers/paraphrase-multilingual-MiniLM-L12-v2,EXAMPLE_CENTROID,Books,0.6168609857559204,Groceries,0.5411028861999512,0.07575809955596924,"[""Books"", ""Groceries"", ""Medicine""]","[0.6168609857559204, 0.5411028861999512, 0.5252993702888489]",True,True
awlad_haretna,رواية أولاد حارتنا,Books,ar,clean,sentence-transformers/paraphrase-multilingual-MiniLM-L12-v2,HYBRID_PROTOTYPE,Books,0.5889040231704712,Restaurants,0.39016780257225037,0.19873622059822083,"[""Books"", ""Restaurants"", ""Groceries""]","[0.5889040231704712, 0.39016780257225037, 0.3801732361316681]",True,True
learn_python_book,كتاب تعلم بايثون,Books,ar,clean,sentence-transformers/paraphrase-multilingual-MiniLM-L12-v2,DESCRIPTION_ONLY,Books,0.4561270773410797,Other,0.15503551065921783,0.3010915666818619,"[""Books"", ""Other"", ""Medicine""]","[0.4561270773410797, 0.15503551065921783, 0.11104115098714828]",True,True
learn_python_book,كتاب تعلم بايثون,Books,ar,clean,sentence-transformers/paraphrase-multilingual-MiniLM-L12-v2,EXAMPLE_CENTROID,Books,0.5986804366111755,Medicine,0.4324583113193512,0.16622212529182434,"[""Books"", ""Medicine"", ""Groceries""]","[0.5986804366111755, 0.4324583113193512, 0.37084025144577026]",True,True
learn_python_book,كتاب تعلم بايثون,Books,ar,clean,sentence-transformers/paraphrase-multilingual-MiniLM-L12-v2,HYBRID_PROTOTYPE,Books,0.639187216758728,Medicine,0.3454741835594177,0.2937130331993103,"[""Books"", ""Medicine"", ""Groceries""]","[0.639187216758728, 0.3454741835594177, 0.25549328327178955]",True,True
clean_code,Clean Code كتاب,Books,mixed,mixed_language,sentence-transformers/paraphrase-multilingual-MiniLM-L12-v2,DESCRIPTION_ONLY,Books,0.33912330865859985,Household,0.1958252191543579,0.14329808950424194,"[""Books"", ""Household"", ""Other""]","[0.33912330865859985, 0.1958252191543579, 0.14474569261074066]",True,True
clean_code,Clean Code كتاب,Books,mixed,mixed_language,sentence-transformers/paraphrase-multilingual-MiniLM-L12-v2,EXAMPLE_CENTROID,Books,0.45467260479927063,Household,0.39947420358657837,0.05519840121269226,"[""Books"", ""Household"", ""Groceries""]","[0.45467260479927063, 0.39947420358657837, 0.34991300106048584]",True,True
clean_code,Clean Code كتاب,Books,mixed,mixed_language,sentence-transformers/paraphrase-multilingual-MiniLM-L12-v2,HYBRID_PROTOTYPE,Books,0.47194793820381165,Household,0.3476714491844177,0.12427648901939392,"[""Books"", ""Household"", ""Groceries""]","[0.47194793820381165, 0.3476714491844177, 0.25452613830566406]",True,True
atomic_habits,Atomic Habits نسخة عربية,Books,mixed,mixed_language,sentence-transformers/paraphrase-multilingual-MiniLM-L12-v2,DESCRIPTION_ONLY,Books,0.21335694193840027,Transport,0.11825703084468842,0.09509991109371185,"[""Books"", ""Transport"", ""Entertainment""]","[0.21335694193840027, 0.11825703084468842, 0.11336404085159302]",True,True
atomic_habits,Atomic Habits نسخة عربية,Books,mixed,mixed_language,sentence-transformers/paraphrase-multilingual-MiniLM-L12-v2,EXAMPLE_CENTROID,Books,0.3420551121234894,Shopping,0.30435341596603394,0.037701696157455444,"[""Books"", ""Shopping"", ""Fruits & Vegetables""]","[0.3420551121234894, 0.30435341596603394, 0.3022684156894684]",True,True
atomic_habits,Atomic Habits نسخة عربية,Books,mixed,mixed_language,sentence-transformers/paraphrase-multilingual-MiniLM-L12-v2,HYBRID_PROTOTYPE,Books,0.330852210521698,Shopping,0.23322102427482605,0.09763118624687195,"[""Books"", ""Shopping"", ""Fruits & Vegetables""]","[0.330852210521698, 0.23322102427482605, 0.21257378160953522]",True,True
atomic_habits,AT0MIC HAB1TS,Books,en,ocr_noise,sentence-transformers/paraphrase-multilingual-MiniLM-L12-v2,DESCRIPTION_ONLY,Transport,0.031534843146800995,Books,0.01382182165980339,0.017713021486997604,"[""Transport"", ""Books"", ""Bills""]","[0.031534843146800995, 0.01382182165980339, -0.007166773080825806]",False,True
atomic_habits,AT0MIC HAB1TS,Books,en,ocr_noise,sentence-transformers/paraphrase-multilingual-MiniLM-L12-v2,EXAMPLE_CENTROID,Medicine,0.34069666266441345,Shopping,0.22474904358386993,0.11594761908054352,"[""Medicine"", ""Shopping"", ""Transport""]","[0.34069666266441345, 0.22474904358386993, 0.21983669698238373]",False,False
atomic_habits,AT0MIC HAB1TS,Books,en,ocr_noise,sentence-transformers/paraphrase-multilingual-MiniLM-L12-v2,HYBRID_PROTOTYPE,Medicine,0.16126522421836853,Transport,0.14892739057540894,0.012337833642959595,"[""Medicine"", ""Transport"", ""Books""]","[0.16126522421836853, 0.14892739057540894, 0.1252456158399582]",False,True
clean_code,CLEAN C0DE,Books,en,ocr_noise,sentence-transformers/paraphrase-multilingual-MiniLM-L12-v2,DESCRIPTION_ONLY,Household,0.3244102895259857,Personal Care,0.16138912737369537,0.16302116215229034,"[""Household"", ""Personal Care"", ""Transport""]","[0.3244102895259857, 0.16138912737369537, 0.09306135773658752]",False,False
clean_code,CLEAN C0DE,Books,en,ocr_noise,sentence-transformers/paraphrase-multilingual-MiniLM-L12-v2,EXAMPLE_CENTROID,Household,0.519390344619751,Medicine,0.4074985980987549,0.1118917465209961,"[""Household"", ""Medicine"", ""Personal Care""]","[0.519390344619751, 0.4074985980987549, 0.3377579152584076]",False,False
clean_code,CLEAN C0DE,Books,en,ocr_noise,sentence-transformers/paraphrase-multilingual-MiniLM-L12-v2,HYBRID_PROTOTYPE,Household,0.49280306696891785,Personal Care,0.30046963691711426,0.1923334300518036,"[""Household"", ""Personal Care"", ""Medicine""]","[0.49280306696891785, 0.30046963691711426, 0.2773396670818329]",False,False
chicken_breast,Chicken Breast,Groceries,en,clean,intfloat/multilingual-e5-small,DESCRIPTION_ONLY,Groceries,0.7947202324867249,Fruits & Vegetables,0.7839348316192627,0.010785400867462158,"[""Groceries"", ""Fruits & Vegetables"", ""Entertainment""]","[0.7947202324867249, 0.7839348316192627, 0.779657781124115]",True,True
chicken_breast,Chicken Breast,Groceries,en,clean,intfloat/multilingual-e5-small,EXAMPLE_CENTROID,Restaurants,0.8517399430274963,Fruits & Vegetables,0.8471197485923767,0.004620194435119629,"[""Restaurants"", ""Fruits & Vegetables"", ""Personal Care""]","[0.8517399430274963, 0.8471197485923767, 0.8424510955810547]",False,False
chicken_breast,Chicken Breast,Groceries,en,clean,intfloat/multilingual-e5-small,HYBRID_PROTOTYPE,Groceries,0.8424720764160156,Restaurants,0.8384321331977844,0.004039943218231201,"[""Groceries"", ""Restaurants"", ""Fruits & Vegetables""]","[0.8424720764160156, 0.8384321331977844, 0.8343464732170105]",True,True
milk_1l,Milk 1L,Groceries,en,clean,intfloat/multilingual-e5-small,DESCRIPTION_ONLY,Groceries,0.8408424854278564,Medicine,0.8204479217529297,0.020394563674926758,"[""Groceries"", ""Medicine"", ""Fruits & Vegetables""]","[0.8408424854278564, 0.8204479217529297, 0.8122068047523499]",True,True
milk_1l,Milk 1L,Groceries,en,clean,intfloat/multilingual-e5-small,EXAMPLE_CENTROID,Groceries,0.887966513633728,Restaurants,0.8787020444869995,0.009264469146728516,"[""Groceries"", ""Restaurants"", ""Fruits & Vegetables""]","[0.887966513633728, 0.8787020444869995, 0.8750352263450623]",True,True
milk_1l,Milk 1L,Groceries,en,clean,intfloat/multilingual-e5-small,HYBRID_PROTOTYPE,Groceries,0.8909553289413452,Medicine,0.8692010641098022,0.02175426483154297,"[""Groceries"", ""Medicine"", ""Restaurants""]","[0.8909553289413452, 0.8692010641098022, 0.8671056628227234]",True,True
rice_1kg,Rice 1KG,Groceries,en,clean,intfloat/multilingual-e5-small,DESCRIPTION_ONLY,Groceries,0.8319633603096008,Medicine,0.819716215133667,0.012247145175933838,"[""Groceries"", ""Medicine"", ""Fruits & Vegetables""]","[0.8319633603096008, 0.819716215133667, 0.8127374649047852]",True,True
rice_1kg,Rice 1KG,Groceries,en,clean,intfloat/multilingual-e5-small,EXAMPLE_CENTROID,Groceries,0.8917014002799988,Restaurants,0.8883471488952637,0.0033542513847351074,"[""Groceries"", ""Restaurants"", ""Fruits & Vegetables""]","[0.8917014002799988, 0.8883471488952637, 0.8848363161087036]",True,True
rice_1kg,Rice 1KG,Groceries,en,clean,intfloat/multilingual-e5-small,HYBRID_PROTOTYPE,Groceries,0.8881735801696777,Medicine,0.8741477131843567,0.014025866985321045,"[""Groceries"", ""Medicine"", ""Restaurants""]","[0.8881735801696777, 0.8741477131843567, 0.8718634843826294]",True,True
groceries_egyptian_white_cheese,Egyptian White Cheese,Groceries,en,clean,intfloat/multilingual-e5-small,DESCRIPTION_ONLY,Fruits & Vegetables,0.8140977621078491,Restaurants,0.8138039112091064,0.0002938508987426758,"[""Fruits & Vegetables"", ""Restaurants"", ""Medicine""]","[0.8140977621078491, 0.8138039112091064, 0.8044751882553101]",False,False
groceries_egyptian_white_cheese,Egyptian White Cheese,Groceries,en,clean,intfloat/multilingual-e5-small,EXAMPLE_CENTROID,Restaurants,0.876168966293335,Fruits & Vegetables,0.8716115951538086,0.004557371139526367,"[""Restaurants"", ""Fruits & Vegetables"", ""Groceries""]","[0.876168966293335, 0.8716115951538086, 0.8672789335250854]",False,True
groceries_egyptian_white_cheese,Egyptian White Cheese,Groceries,en,clean,intfloat/multilingual-e5-small,HYBRID_PROTOTYPE,Restaurants,0.8688348531723022,Fruits & Vegetables,0.8623045682907104,0.006530284881591797,"[""Restaurants"", ""Fruits & Vegetables"", ""Groceries""]","[0.8688348531723022, 0.8623045682907104, 0.8585535883903503]",False,True
chicken_breast,صدور فراخ,Groceries,ar,clean,intfloat/multilingual-e5-small,DESCRIPTION_ONLY,Fruits & Vegetables,0.8045417070388794,Groceries,0.8020809888839722,0.0024607181549072266,"[""Fruits & Vegetables"", ""Groceries"", ""Restaurants""]","[0.8045417070388794, 0.8020809888839722, 0.8010306358337402]",False,True
chicken_breast,صدور فراخ,Groceries,ar,clean,intfloat/multilingual-e5-small,EXAMPLE_CENTROID,Books,0.8676222562789917,Household,0.865541934967041,0.0020803213119506836,"[""Books"", ""Household"", ""Restaurants""]","[0.8676222562789917, 0.865541934967041, 0.8639514446258545]",False,False
chicken_breast,صدور فراخ,Groceries,ar,clean,intfloat/multilingual-e5-small,HYBRID_PROTOTYPE,Restaurants,0.8559867143630981,Groceries,0.8505603075027466,0.0054264068603515625,"[""Restaurants"", ""Groceries"", ""Fruits & Vegetables""]","[0.8559867143630981, 0.8505603075027466, 0.8502209186553955]",False,True
milk_1l,لبن كامل الدسم,Groceries,ar,clean,intfloat/multilingual-e5-small,DESCRIPTION_ONLY,Groceries,0.8106567859649658,Fruits & Vegetables,0.8075602650642395,0.0030965209007263184,"[""Groceries"", ""Fruits & Vegetables"", ""Personal Care""]","[0.8106567859649658, 0.8075602650642395, 0.8055682182312012]",True,True
milk_1l,لبن كامل الدسم,Groceries,ar,clean,intfloat/multilingual-e5-small,EXAMPLE_CENTROID,Household,0.8704298138618469,Restaurants,0.8660603761672974,0.0043694376945495605,"[""Household"", ""Restaurants"", ""Books""]","[0.8704298138618469, 0.8660603761672974, 0.864467978477478]",False,False
milk_1l,لبن كامل الدسم,Groceries,ar,clean,intfloat/multilingual-e5-small,HYBRID_PROTOTYPE,Groceries,0.8620598316192627,Household,0.8581876158714294,0.003872215747833252,"[""Groceries"", ""Household"", ""Restaurants""]","[0.8620598316192627, 0.8581876158714294, 0.8557190895080566]",True,True
rice_1kg,كيس أرز 1 كيلو,Groceries,ar,clean,intfloat/multilingual-e5-small,DESCRIPTION_ONLY,Groceries,0.83824622631073,Transport,0.8264452219009399,0.011801004409790039,"[""Groceries"", ""Transport"", ""Restaurants""]","[0.83824622631073, 0.8264452219009399, 0.8238012790679932]",True,True
rice_1kg,كيس أرز 1 كيلو,Groceries,ar,clean,intfloat/multilingual-e5-small,EXAMPLE_CENTROID,Groceries,0.8983333110809326,Restaurants,0.8967603445053101,0.0015729665756225586,"[""Groceries"", ""Restaurants"", ""Medicine""]","[0.8983333110809326, 0.8967603445053101, 0.8865339756011963]",True,True
rice_1kg,كيس أرز 1 كيلو,Groceries,ar,clean,intfloat/multilingual-e5-small,HYBRID_PROTOTYPE,Groceries,0.8948283791542053,Restaurants,0.8845608830451965,0.010267496109008789,"[""Groceries"", ""Restaurants"", ""Medicine""]","[0.8948283791542053, 0.8845608830451965, 0.8766446113586426]",True,True
groceries_8,علبة تونة,Groceries,ar,clean,intfloat/multilingual-e5-small,DESCRIPTION_ONLY,Bills,0.8173636794090271,Medicine,0.8135352730751038,0.00382840633392334,"[""Bills"", ""Medicine"", ""Groceries""]","[0.8173636794090271, 0.8135352730751038, 0.813366174697876]",False,True
groceries_8,علبة تونة,Groceries,ar,clean,intfloat/multilingual-e5-small,EXAMPLE_CENTROID,Household,0.8751210570335388,Shopping,0.8717687129974365,0.003352344036102295,"[""Household"", ""Shopping"", ""Books""]","[0.8751210570335388, 0.8717687129974365, 0.8703290820121765]",False,False
groceries_8,علبة تونة,Groceries,ar,clean,intfloat/multilingual-e5-small,HYBRID_PROTOTYPE,Household,0.8643911480903625,Shopping,0.8636021614074707,0.0007889866828918457,"[""Household"", ""Shopping"", ""Medicine""]","[0.8643911480903625, 0.8636021614074707, 0.8621009588241577]",False,False
milk_1l,Fresh Milk لبن,Groceries,mixed,mixed_language,intfloat/multilingual-e5-small,DESCRIPTION_ONLY,Groceries,0.8581055402755737,Fruits & Vegetables,0.8557019233703613,0.0024036169052124023,"[""Groceries"", ""Fruits & Vegetables"", ""Restaurants""]","[0.8581055402755737, 0.8557019233703613, 0.8292433023452759]",True,True
milk_1l,Fresh Milk لبن,Groceries,mixed,mixed_language,intfloat/multilingual-e5-small,EXAMPLE_CENTROID,Groceries,0.9032591581344604,Fruits & Vegetables,0.9017279744148254,0.0015311837196350098,"[""Groceries"", ""Fruits & Vegetables"", ""Restaurants""]","[0.9032591581344604, 0.9017279744148254, 0.9016477465629578]",True,True
milk_1l,Fresh Milk لبن,Groceries,mixed,mixed_language,intfloat/multilingual-e5-small,HYBRID_PROTOTYPE,Groceries,0.9077332019805908,Fruits & Vegetables,0.8989923596382141,0.008740842342376709,"[""Groceries"", ""Fruits & Vegetables"", ""Restaurants""]","[0.9077332019805908, 0.8989923596382141, 0.88987135887146]",True,True
chicken_breast,Chicken فراخ مجمدة,Groceries,mixed,mixed_language,intfloat/multilingual-e5-small,DESCRIPTION_ONLY,Groceries,0.8466612696647644,Restaurants,0.8362827897071838,0.010378479957580566,"[""Groceries"", ""Restaurants"", ""Fruits & Vegetables""]","[0.8466612696647644, 0.8362827897071838, 0.834946870803833]",True,True
chicken_breast,Chicken فراخ مجمدة,Groceries,mixed,mixed_language,intfloat/multilingual-e5-small,EXAMPLE_CENTROID,Restaurants,0.9215831756591797,Household,0.9114863872528076,0.01009678840637207,"[""Restaurants"", ""Household"", ""Groceries""]","[0.9215831756591797, 0.9114863872528076, 0.904895544052124]",False,True
chicken_breast,Chicken فراخ مجمدة,Groceries,mixed,mixed_language,intfloat/multilingual-e5-small,HYBRID_PROTOTYPE,Restaurants,0.9037394523620605,Groceries,0.9027210474014282,0.0010184049606323242,"[""Restaurants"", ""Groceries"", ""Household""]","[0.9037394523620605, 0.9027210474014282, 0.8870623707771301]",False,True
milk_1l,M1LK 1L,Groceries,en,ocr_noise,intfloat/multilingual-e5-small,DESCRIPTION_ONLY,Medicine,0.8006196022033691,Bills,0.8001511096954346,0.0004684925079345703,"[""Medicine"", ""Bills"", ""Groceries""]","[0.8006196022033691, 0.8001511096954346, 0.7995403409004211]",False,True
milk_1l,M1LK 1L,Groceries,en,ocr_noise,intfloat/multilingual-e5-small,EXAMPLE_CENTROID,Groceries,0.8692934513092041,Medicine,0.8632612228393555,0.006032228469848633,"[""Groceries"", ""Medicine"", ""Household""]","[0.8692934513092041, 0.8632612228393555, 0.8574914932250977]",True,True
milk_1l,M1LK 1L,Groceries,en,ocr_noise,intfloat/multilingual-e5-small,HYBRID_PROTOTYPE,Groceries,0.8600467443466187,Medicine,0.8559373617172241,0.004109382629394531,"[""Groceries"", ""Medicine"", ""Shopping""]","[0.8600467443466187, 0.8559373617172241, 0.8481153249740601]",True,True
rice_1kg,R1CE 1KG,Groceries,en,ocr_noise,intfloat/multilingual-e5-small,DESCRIPTION_ONLY,Medicine,0.8181400299072266,Groceries,0.8153995871543884,0.0027404427528381348,"[""Medicine"", ""Groceries"", ""Restaurants""]","[0.8181400299072266, 0.8153995871543884, 0.8122987747192383]",False,True
rice_1kg,R1CE 1KG,Groceries,en,ocr_noise,intfloat/multilingual-e5-small,EXAMPLE_CENTROID,Groceries,0.8799327611923218,Medicine,0.8732161521911621,0.006716609001159668,"[""Groceries"", ""Medicine"", ""Restaurants""]","[0.8799327611923218, 0.8732161521911621, 0.8699532747268677]",True,True
rice_1kg,R1CE 1KG,Groceries,en,ocr_noise,intfloat/multilingual-e5-small,HYBRID_PROTOTYPE,Groceries,0.8735745549201965,Medicine,0.8700713515281677,0.0035032033920288086,"[""Groceries"", ""Medicine"", ""Restaurants""]","[0.8735745549201965, 0.8700713515281677, 0.8648654222488403]",True,True
banana,Banana,Fruits & Vegetables,en,clean,intfloat/multilingual-e5-small,DESCRIPTION_ONLY,Fruits & Vegetables,0.8302178978919983,Groceries,0.8069430589675903,0.02327483892440796,"[""Fruits & Vegetables"", ""Groceries"", ""Entertainment""]","[0.8302178978919983, 0.8069430589675903, 0.8046060800552368]",True,True
banana,Banana,Fruits & Vegetables,en,clean,intfloat/multilingual-e5-small,EXAMPLE_CENTROID,Fruits & Vegetables,0.8438080549240112,Groceries,0.8435660004615784,0.00024205446243286133,"[""Fruits & Vegetables"", ""Groceries"", ""Shopping""]","[0.8438080549240112, 0.8435660004615784, 0.8384023308753967]",True,True
banana,Banana,Fruits & Vegetables,en,clean,intfloat/multilingual-e5-small,HYBRID_PROTOTYPE,Fruits & Vegetables,0.8564512729644775,Groceries,0.8498842716217041,0.0065670013427734375,"[""Fruits & Vegetables"", ""Groceries"", ""Shopping""]","[0.8564512729644775, 0.8498842716217041, 0.8452289700508118]",True,True
tomatoes,Fresh Tomatoes,Fruits & Vegetables,en,clean,intfloat/multilingual-e5-small,DESCRIPTION_ONLY,Fruits & Vegetables,0.8575750589370728,Restaurants,0.8113366365432739,0.04623842239379883,"[""Fruits & Vegetables"", ""Restaurants"", ""Groceries""]","[0.8575750589370728, 0.8113366365432739, 0.806842565536499]",True,True
tomatoes,Fresh Tomatoes,Fruits & Vegetables,en,clean,intfloat/multilingual-e5-small,EXAMPLE_CENTROID,Fruits & Vegetables,0.871483325958252,Restaurants,0.862036943435669,0.009446382522583008,"[""Fruits & Vegetables"", ""Restaurants"", ""Groceries""]","[0.871483325958252, 0.862036943435669, 0.8570228219032288]",True,True
tomatoes,Fresh Tomatoes,Fruits & Vegetables,en,clean,intfloat/multilingual-e5-small,HYBRID_PROTOTYPE,Fruits & Vegetables,0.8871586918830872,Restaurants,0.8603008985519409,0.02685779333114624,"[""Fruits & Vegetables"", ""Restaurants"", ""Groceries""]","[0.8871586918830872, 0.8603008985519409, 0.8567617535591125]",True,True
apples,Green Apples,Fruits & Vegetables,en,clean,intfloat/multilingual-e5-small,DESCRIPTION_ONLY,Fruits & Vegetables,0.8141758441925049,Restaurants,0.7883477807044983,0.025828063488006592,"[""Fruits & Vegetables"", ""Restaurants"", ""Entertainment""]","[0.8141758441925049, 0.7883477807044983, 0.7824581861495972]",True,True
apples,Green Apples,Fruits & Vegetables,en,clean,intfloat/multilingual-e5-small,EXAMPLE_CENTROID,Fruits & Vegetables,0.8577361106872559,Restaurants,0.843104898929596,0.014631211757659912,"[""Fruits & Vegetables"", ""Restaurants"", ""Shopping""]","[0.8577361106872559, 0.843104898929596, 0.8424880504608154]",True,True
apples,Green Apples,Fruits & Vegetables,en,clean,intfloat/multilingual-e5-small,HYBRID_PROTOTYPE,Fruits & Vegetables,0.8561930656433105,Restaurants,0.8387489318847656,0.017444133758544922,"[""Fruits & Vegetables"", ""Restaurants"", ""Groceries""]","[0.8561930656433105, 0.8387489318847656, 0.8319965600967407]",True,True
cucumber,Cucumber Pack,Fruits & Vegetables,en,clean,intfloat/multilingual-e5-small,DESCRIPTION_ONLY,Groceries,0.8150205016136169,Medicine,0.8035250902175903,0.011495411396026611,"[""Groceries"", ""Medicine"", ""Fruits & Vegetables""]","[0.8150205016136169, 0.8035250902175903, 0.8029465079307556]",False,True
cucumber,Cucumber Pack,Fruits & Vegetables,en,clean,intfloat/multilingual-e5-small,EXAMPLE_CENTROID,Restaurants,0.8728218674659729,Groceries,0.8684083223342896,0.00441354513168335,"[""Restaurants"", ""Groceries"", ""Fruits & Vegetables""]","[0.8728218674659729, 0.8684083223342896, 0.8637924790382385]",False,True
cucumber,Cucumber Pack,Fruits & Vegetables,en,clean,intfloat/multilingual-e5-small,HYBRID_PROTOTYPE,Groceries,0.8668354749679565,Restaurants,0.8601738810539246,0.006661593914031982,"[""Groceries"", ""Restaurants"", ""Household""]","[0.8668354749679565, 0.8601738810539246, 0.8516770601272583]",False,False
tomatoes,طماطم,Fruits & Vegetables,ar,clean,intfloat/multilingual-e5-small,DESCRIPTION_ONLY,Fruits & Vegetables,0.8598966002464294,Groceries,0.8038825988769531,0.05601400136947632,"[""Fruits & Vegetables"", ""Groceries"", ""Medicine""]","[0.8598966002464294, 0.8038825988769531, 0.8028525114059448]",True,True
tomatoes,طماطم,Fruits & Vegetables,ar,clean,intfloat/multilingual-e5-small,EXAMPLE_CENTROID,Fruits & Vegetables,0.866389274597168,Groceries,0.8523555397987366,0.014033734798431396,"[""Fruits & Vegetables"", ""Groceries"", ""Restaurants""]","[0.866389274597168, 0.8523555397987366, 0.8522111177444458]",True,True
tomatoes,طماطم,Fruits & Vegetables,ar,clean,intfloat/multilingual-e5-small,HYBRID_PROTOTYPE,Fruits & Vegetables,0.8857361078262329,Groceries,0.8528342247009277,0.032901883125305176,"[""Fruits & Vegetables"", ""Groceries"", ""Restaurants""]","[0.8857361078262329, 0.8528342247009277, 0.8506382703781128]",True,True
apples,تفاح,Fruits & Vegetables,ar,clean,intfloat/multilingual-e5-small,DESCRIPTION_ONLY,Fruits & Vegetables,0.8494285345077515,Restaurants,0.8172052502632141,0.032223284244537354,"[""Fruits & Vegetables"", ""Restaurants"", ""Groceries""]","[0.8494285345077515, 0.8172052502632141, 0.8067837953567505]",True,True
apples,تفاح,Fruits & Vegetables,ar,clean,intfloat/multilingual-e5-small,EXAMPLE_CENTROID,Fruits & Vegetables,0.8563582897186279,Groceries,0.839005708694458,0.017352581024169922,"[""Fruits & Vegetables"", ""Groceries"", ""Shopping""]","[0.8563582897186279, 0.839005708694458, 0.8348170518875122]",True,True
apples,تفاح,Fruits & Vegetables,ar,clean,intfloat/multilingual-e5-small,HYBRID_PROTOTYPE,Fruits & Vegetables,0.8735405206680298,Restaurants,0.8488715887069702,0.02466893196105957,"[""Fruits & Vegetables"", ""Restaurants"", ""Groceries""]","[0.8735405206680298, 0.8488715887069702, 0.8474540710449219]",True,True
banana,موز بلدي,Fruits & Vegetables,ar,clean,intfloat/multilingual-e5-small,DESCRIPTION_ONLY,Fruits & Vegetables,0.8270761966705322,Transport,0.8142001628875732,0.012876033782958984,"[""Fruits & Vegetables"", ""Transport"", ""Bills""]","[0.8270761966705322, 0.8142001628875732, 0.8068854808807373]",True,True
banana,موز بلدي,Fruits & Vegetables,ar,clean,intfloat/multilingual-e5-small,EXAMPLE_CENTROID,Books,0.8948814868927002,Restaurants,0.8889207243919373,0.0059607625007629395,"[""Books"", ""Restaurants"", ""Groceries""]","[0.8948814868927002, 0.8889207243919373, 0.8877679109573364]",False,False
banana,موز بلدي,Fruits & Vegetables,ar,clean,intfloat/multilingual-e5-small,HYBRID_PROTOTYPE,Fruits & Vegetables,0.8726146221160889,Groceries,0.8693315386772156,0.003283083438873291,"[""Fruits & Vegetables"", ""Groceries"", ""Transport""]","[0.8726146221160889, 0.8693315386772156, 0.8691568970680237]",True,True
cucumber,خيار طازج,Fruits & Vegetables,ar,clean,intfloat/multilingual-e5-small,DESCRIPTION_ONLY,Transport,0.8241641521453857,Fruits & Vegetables,0.8208226561546326,0.003341495990753174,"[""Transport"", ""Fruits & Vegetables"", ""Restaurants""]","[0.8241641521453857, 0.8208226561546326, 0.8204278945922852]",False,True
cucumber,خيار طازج,Fruits & Vegetables,ar,clean,intfloat/multilingual-e5-small,EXAMPLE_CENTROID,Groceries,0.8894444108009338,Restaurants,0.8889255523681641,0.0005188584327697754,"[""Groceries"", ""Restaurants"", ""Books""]","[0.8894444108009338, 0.8889255523681641, 0.8888959884643555]",False,False
cucumber,خيار طازج,Fruits & Vegetables,ar,clean,intfloat/multilingual-e5-small,HYBRID_PROTOTYPE,Groceries,0.8802348375320435,Restaurants,0.8787986636161804,0.0014361739158630371,"[""Groceries"", ""Restaurants"", ""Books""]","[0.8802348375320435, 0.8787986636161804, 0.8757848143577576]",False,False
banana,Banana موز,Fruits & Vegetables,mixed,mixed_language,intfloat/multilingual-e5-small,DESCRIPTION_ONLY,Fruits & Vegetables,0.8428237438201904,Groceries,0.8049882054328918,0.037835538387298584,"[""Fruits & Vegetables"", ""Groceries"", ""Entertainment""]","[0.8428237438201904, 0.8049882054328918, 0.7975906133651733]",True,True
banana,Banana موز,Fruits & Vegetables,mixed,mixed_language,intfloat/multilingual-e5-small,EXAMPLE_CENTROID,Groceries,0.8823034167289734,Fruits & Vegetables,0.88081294298172,0.001490473747253418,"[""Groceries"", ""Fruits & Vegetables"", ""Books""]","[0.8823034167289734, 0.88081294298172, 0.8758522868156433]",False,True
banana,Banana موز,Fruits & Vegetables,mixed,mixed_language,intfloat/multilingual-e5-small,HYBRID_PROTOTYPE,Fruits & Vegetables,0.8818327188491821,Groceries,0.8688244819641113,0.0130082368850708,"[""Fruits & Vegetables"", ""Groceries"", ""Restaurants""]","[0.8818327188491821, 0.8688244819641113, 0.8575631380081177]",True,True
tomatoes,Fresh طماطم,Fruits & Vegetables,mixed,mixed_language,intfloat/multilingual-e5-small,DESCRIPTION_ONLY,Fruits & Vegetables,0.8893201351165771,Groceries,0.8324506282806396,0.0568695068359375,"[""Fruits & Vegetables"", ""Groceries"", ""Restaurants""]","[0.8893201351165771, 0.8324506282806396, 0.8297562599182129]",True,True
tomatoes,Fresh طماطم,Fruits & Vegetables,mixed,mixed_language,intfloat/multilingual-e5-small,EXAMPLE_CENTROID,Fruits & Vegetables,0.9082643985748291,Restaurants,0.9041073322296143,0.004157066345214844,"[""Fruits & Vegetables"", ""Restaurants"", ""Groceries""]","[0.9082643985748291, 0.9041073322296143, 0.9029482007026672]",True,True
tomatoes,Fresh طماطم,Fruits & Vegetables,mixed,mixed_language,intfloat/multilingual-e5-small,HYBRID_PROTOTYPE,Fruits & Vegetables,0.9223186373710632,Groceries,0.8935959339141846,0.028722703456878662,"[""Fruits & Vegetables"", ""Groceries"", ""Restaurants""]","[0.9223186373710632, 0.8935959339141846, 0.8913995623588562]",True,True
tomatoes,T0MAT0ES,Fruits & Vegetables,en,ocr_noise,intfloat/multilingual-e5-small,DESCRIPTION_ONLY,Entertainment,0.8116589784622192,Fruits & Vegetables,0.8103724718093872,0.0012865066528320312,"[""Entertainment"", ""Fruits & Vegetables"", ""Restaurants""]","[0.8116589784622192, 0.8103724718093872, 0.8063522577285767]",False,True
tomatoes,T0MAT0ES,Fruits & Vegetables,en,ocr_noise,intfloat/multilingual-e5-small,EXAMPLE_CENTROID,Books,0.8698370456695557,Shopping,0.8650214672088623,0.004815578460693359,"[""Books"", ""Shopping"", ""Groceries""]","[0.8698370456695557, 0.8650214672088623, 0.8607578873634338]",False,False
tomatoes,T0MAT0ES,Fruits & Vegetables,en,ocr_noise,intfloat/multilingual-e5-small,HYBRID_PROTOTYPE,Books,0.8596171140670776,Shopping,0.8581276535987854,0.0014894604682922363,"[""Books"", ""Shopping"", ""Fruits & Vegetables""]","[0.8596171140670776, 0.8581276535987854, 0.8569973707199097]",False,True
apples,تفـاح,Fruits & Vegetables,ar,ocr_noise,intfloat/multilingual-e5-small,DESCRIPTION_ONLY,Entertainment,0.8248790502548218,Restaurants,0.8244798183441162,0.0003992319107055664,"[""Entertainment"", ""Restaurants"", ""Transport""]","[0.8248790502548218, 0.8244798183441162, 0.8234606981277466]",False,False
apples,تفـاح,Fruits & Vegetables,ar,ocr_noise,intfloat/multilingual-e5-small,EXAMPLE_CENTROID,Books,0.8686412572860718,Fruits & Vegetables,0.8605971336364746,0.008044123649597168,"[""Books"", ""Fruits & Vegetables"", ""Other""]","[0.8686412572860718, 0.8605971336364746, 0.8590713739395142]",False,True
apples,تفـاح,Fruits & Vegetables,ar,ocr_noise,intfloat/multilingual-e5-small,HYBRID_PROTOTYPE,Books,0.8718492984771729,Restaurants,0.862268328666687,0.00958096981048584,"[""Books"", ""Restaurants"", ""Shopping""]","[0.8718492984771729, 0.862268328666687, 0.8607622385025024]",False,False
mcchicken_meal,McChicken Meal,Restaurants,en,clean,intfloat/multilingual-e5-small,DESCRIPTION_ONLY,Restaurants,0.8177556395530701,Groceries,0.8098739385604858,0.007881700992584229,"[""Restaurants"", ""Groceries"", ""Entertainment""]","[0.8177556395530701, 0.8098739385604858, 0.7985064387321472]",True,True
mcchicken_meal,McChicken Meal,Restaurants,en,clean,intfloat/multilingual-e5-small,EXAMPLE_CENTROID,Restaurants,0.8765205144882202,Groceries,0.8687441349029541,0.007776379585266113,"[""Restaurants"", ""Groceries"", ""Fruits & Vegetables""]","[0.8765205144882202, 0.8687441349029541, 0.8603909015655518]",True,True
mcchicken_meal,McChicken Meal,Restaurants,en,clean,intfloat/multilingual-e5-small,HYBRID_PROTOTYPE,Restaurants,0.87112957239151,Groceries,0.8643583059310913,0.006771266460418701,"[""Restaurants"", ""Groceries"", ""Fruits & Vegetables""]","[0.87112957239151, 0.8643583059310913, 0.8451806902885437]",True,True
margherita_pizza,Margherita Pizza,Restaurants,en,clean,intfloat/multilingual-e5-small,DESCRIPTION_ONLY,Restaurants,0.7815450429916382,Groceries,0.7793449759483337,0.0022000670433044434,"[""Restaurants"", ""Groceries"", ""Entertainment""]","[0.7815450429916382, 0.7793449759483337, 0.7771908640861511]",True,True
margherita_pizza,Margherita Pizza,Restaurants,en,clean,intfloat/multilingual-e5-small,EXAMPLE_CENTROID,Restaurants,0.8671883940696716,Fruits & Vegetables,0.8528972268104553,0.014291167259216309,"[""Restaurants"", ""Fruits & Vegetables"", ""Groceries""]","[0.8671883940696716, 0.8528972268104553, 0.8519206047058105]",True,True
margherita_pizza,Margherita Pizza,Restaurants,en,clean,intfloat/multilingual-e5-small,HYBRID_PROTOTYPE,Restaurants,0.84726482629776,Groceries,0.8399754166603088,0.007289409637451172,"[""Restaurants"", ""Groceries"", ""Household""]","[0.84726482629776, 0.8399754166603088, 0.8320493102073669]",True,True
coffee,Cappuccino,Restaurants,en,clean,intfloat/multilingual-e5-small,DESCRIPTION_ONLY,Restaurants,0.8320850133895874,Groceries,0.8071644306182861,0.02492058277130127,"[""Restaurants"", ""Groceries"", ""Personal Care""]","[0.8320850133895874, 0.8071644306182861, 0.7982615828514099]",True,True
coffee,Cappuccino,Restaurants,en,clean,intfloat/multilingual-e5-small,EXAMPLE_CENTROID,Fruits & Vegetables,0.8547899127006531,Personal Care,0.8438248634338379,0.010965049266815186,"[""Fruits & Vegetables"", ""Personal Care"", ""Restaurants""]","[0.8547899127006531, 0.8438248634338379, 0.8406896591186523]",False,True
coffee,Cappuccino,Restaurants,en,clean,intfloat/multilingual-e5-small,HYBRID_PROTOTYPE,Restaurants,0.8613603115081787,Groceries,0.8482956886291504,0.01306462287902832,"[""Restaurants"", ""Groceries"", ""Personal Care""]","[0.8613603115081787, 0.8482956886291504, 0.8420339226722717]",True,True
restaurants_kfc_family_meal,KFC Family Meal,Restaurants,en,clean,intfloat/multilingual-e5-small,DESCRIPTION_ONLY,Groceries,0.8184405565261841,Restaurants,0.8168687224388123,0.0015718340873718262,"[""Groceries"", ""Restaurants"", ""Bills""]","[0.8184405565261841, 0.8168687224388123, 0.7965716123580933]",False,True
restaurants_kfc_family_meal,KFC Family Meal,Restaurants,en,clean,intfloat/multilingual-e5-small,EXAMPLE_CENTROID,Restaurants,0.8689014911651611,Groceries,0.8668501377105713,0.0020513534545898438,"[""Restaurants"", ""Groceries"", ""Household""]","[0.8689014911651611, 0.8668501377105713, 0.8510802984237671]",True,True
restaurants_kfc_family_meal,KFC Family Meal,Restaurants,en,clean,intfloat/multilingual-e5-small,HYBRID_PROTOTYPE,Groceries,0.8677940964698792,Restaurants,0.8669075965881348,0.0008864998817443848,"[""Groceries"", ""Restaurants"", ""Household""]","[0.8677940964698792, 0.8669075965881348, 0.848432183265686]",False,True
margherita_pizza,بيتزا مارجريتا,Restaurants,ar,clean,intfloat/multilingual-e5-small,DESCRIPTION_ONLY,Transport,0.7636438608169556,Restaurants,0.7609742283821106,0.0026696324348449707,"[""Transport"", ""Restaurants"", ""Personal Care""]","[0.7636438608169556, 0.7609742283821106, 0.7597246766090393]",False,True
margherita_pizza,بيتزا مارجريتا,Restaurants,ar,clean,intfloat/multilingual-e5-small,EXAMPLE_CENTROID,Restaurants,0.8367832899093628,Groceries,0.8273579478263855,0.009425342082977295,"[""Restaurants"", ""Groceries"", ""Transport""]","[0.8367832899093628, 0.8273579478263855, 0.8240523338317871]",True,True
margherita_pizza,بيتزا مارجريتا,Restaurants,ar,clean,intfloat/multilingual-e5-small,HYBRID_PROTOTYPE,Restaurants,0.8210690021514893,Groceries,0.8163250684738159,0.00474393367767334,"[""Restaurants"", ""Groceries"", ""Transport""]","[0.8210690021514893, 0.8163250684738159, 0.8143652081489563]",True,True
burger_meal,وجبة برجر,Restaurants,ar,clean,intfloat/multilingual-e5-small,DESCRIPTION_ONLY,Restaurants,0.8155721426010132,Fruits & Vegetables,0.8114446997642517,0.004127442836761475,"[""Restaurants"", ""Fruits & Vegetables"", ""Groceries""]","[0.8155721426010132, 0.8114446997642517, 0.8051695823669434]",True,True
burger_meal,وجبة برجر,Restaurants,ar,clean,intfloat/multilingual-e5-small,EXAMPLE_CENTROID,Restaurants,0.8677026033401489,Groceries,0.8589112758636475,0.008791327476501465,"[""Restaurants"", ""Groceries"", ""Household""]","[0.8677026033401489, 0.8589112758636475, 0.8533351421356201]",True,True
burger_meal,وجبة برجر,Restaurants,ar,clean,intfloat/multilingual-e5-small,HYBRID_PROTOTYPE,Restaurants,0.8659965991973877,Groceries,0.8568727374076843,0.00912386178970337,"[""Restaurants"", ""Groceries"", ""Fruits & Vegetables""]","[0.8659965991973877, 0.8568727374076843, 0.850677490234375]",True,True
coffee,قهوة لاتيه,Restaurants,ar,clean,intfloat/multilingual-e5-small,DESCRIPTION_ONLY,Restaurants,0.8361154794692993,Transport,0.8129217028617859,0.023193776607513428,"[""Restaurants"", ""Transport"", ""Personal Care""]","[0.8361154794692993, 0.8129217028617859, 0.8125699162483215]",True,True
coffee,قهوة لاتيه,Restaurants,ar,clean,intfloat/multilingual-e5-small,EXAMPLE_CENTROID,Groceries,0.8844062089920044,Restaurants,0.8843159675598145,9.02414321899414e-05,"[""Groceries"", ""Restaurants"", ""Fruits & Vegetables""]","[0.8844062089920044, 0.8843159675598145, 0.8820610046386719]",False,True
coffee,قهوة لاتيه,Restaurants,ar,clean,intfloat/multilingual-e5-small,HYBRID_PROTOTYPE,Restaurants,0.8859001994132996,Groceries,0.8724972009658813,0.013402998447418213,"[""Restaurants"", ""Groceries"", ""Personal Care""]","[0.8859001994132996, 0.8724972009658813, 0.8673408031463623]",True,True
restaurants_32,ساندوتش شاورما,Restaurants,ar,clean,intfloat/multilingual-e5-small,DESCRIPTION_ONLY,Entertainment,0.7575697898864746,Groceries,0.7541641592979431,0.003405630588531494,"[""Entertainment"", ""Groceries"", ""Fruits & Vegetables""]","[0.7575697898864746, 0.7541641592979431, 0.7478750944137573]",False,False
restaurants_32,ساندوتش شاورما,Restaurants,ar,clean,intfloat/multilingual-e5-small,EXAMPLE_CENTROID,Books,0.8335285782814026,Household,0.8162105083465576,0.01731806993484497,"[""Books"", ""Household"", ""Fruits & Vegetables""]","[0.8335285782814026, 0.8162105083465576, 0.813505232334137]",False,False
restaurants_32,ساندوتش شاورما,Restaurants,ar,clean,intfloat/multilingual-e5-small,HYBRID_PROTOTYPE,Books,0.8076384663581848,Groceries,0.8063766360282898,0.0012618303298950195,"[""Books"", ""Groceries"", ""Entertainment""]","[0.8076384663581848, 0.8063766360282898, 0.8002645969390869]",False,False
coffee,Coffee قهوة,Restaurants,mixed,mixed_language,intfloat/multilingual-e5-small,DESCRIPTION_ONLY,Restaurants,0.8824483156204224,Fruits & Vegetables,0.8446685075759888,0.037779808044433594,"[""Restaurants"", ""Fruits & Vegetables"", ""Groceries""]","[0.8824483156204224, 0.8446685075759888, 0.8418121337890625]",True,True
coffee,Coffee قهوة,Restaurants,mixed,mixed_language,intfloat/multilingual-e5-small,EXAMPLE_CENTROID,Fruits & Vegetables,0.903626561164856,Groceries,0.9021551609039307,0.001471400260925293,"[""Fruits & Vegetables"", ""Groceries"", ""Restaurants""]","[0.903626561164856, 0.9021551609039307, 0.900368332862854]",False,True
coffee,Coffee قهوة,Restaurants,mixed,mixed_language,intfloat/multilingual-e5-small,HYBRID_PROTOTYPE,Restaurants,0.9180242419242859,Groceries,0.8980079889297485,0.020016252994537354,"[""Restaurants"", ""Groceries"", ""Fruits & Vegetables""]","[0.9180242419242859, 0.8980079889297485, 0.8943195939064026]",True,True
burger_meal,Burger وجبة,Restaurants,mixed,mixed_language,intfloat/multilingual-e5-small,DESCRIPTION_ONLY,Restaurants,0.8475260734558105,Fruits & Vegetables,0.8323687314987183,0.015157341957092285,"[""Restaurants"", ""Fruits & Vegetables"", ""Groceries""]","[0.8475260734558105, 0.8323687314987183, 0.831203281879425]",True,True
burger_meal,Burger وجبة,Restaurants,mixed,mixed_language,intfloat/multilingual-e5-small,EXAMPLE_CENTROID,Restaurants,0.9125723838806152,Groceries,0.904131293296814,0.00844109058380127,"[""Restaurants"", ""Groceries"", ""Fruits & Vegetables""]","[0.9125723838806152, 0.904131293296814, 0.8930066823959351]",True,True
burger_meal,Burger وجبة,Restaurants,mixed,mixed_language,intfloat/multilingual-e5-small,HYBRID_PROTOTYPE,Restaurants,0.9055201411247253,Groceries,0.8935627937316895,0.011957347393035889,"[""Restaurants"", ""Groceries"", ""Fruits & Vegetables""]","[0.9055201411247253, 0.8935627937316895, 0.8825953006744385]",True,True
mcchicken_meal,McCh1cken MeaI,Restaurants,en,ocr_noise,intfloat/multilingual-e5-small,DESCRIPTION_ONLY,Entertainment,0.8136053085327148,Restaurants,0.8130701780319214,0.000535130500793457,"[""Entertainment"", ""Restaurants"", ""Medicine""]","[0.8136053085327148, 0.8130701780319214, 0.8083280324935913]",False,True
mcchicken_meal,McCh1cken MeaI,Restaurants,en,ocr_noise,intfloat/multilingual-e5-small,EXAMPLE_CENTROID,Groceries,0.8876290321350098,Books,0.8857495784759521,0.0018794536590576172,"[""Groceries"", ""Books"", ""Restaurants""]","[0.8876290321350098, 0.8857495784759521, 0.8794565200805664]",False,True
mcchicken_meal,McCh1cken MeaI,Restaurants,en,ocr_noise,intfloat/multilingual-e5-small,HYBRID_PROTOTYPE,Restaurants,0.8702300786972046,Books,0.8692648410797119,0.0009652376174926758,"[""Restaurants"", ""Books"", ""Groceries""]","[0.8702300786972046, 0.8692648410797119, 0.8677279949188232]",True,True
margherita_pizza,P1ZZA MARGHER1TA,Restaurants,en,ocr_noise,intfloat/multilingual-e5-small,DESCRIPTION_ONLY,Personal Care,0.797275960445404,Groceries,0.7922462224960327,0.005029737949371338,"[""Personal Care"", ""Groceries"", ""Entertainment""]","[0.797275960445404, 0.7922462224960327, 0.7912725806236267]",False,False
margherita_pizza,P1ZZA MARGHER1TA,Restaurants,en,ocr_noise,intfloat/multilingual-e5-small,EXAMPLE_CENTROID,Groceries,0.8650370836257935,Restaurants,0.8583054542541504,0.006731629371643066,"[""Groceries"", ""Restaurants"", ""Personal Care""]","[0.8650370836257935, 0.8583054542541504, 0.8561785817146301]",False,True
margherita_pizza,P1ZZA MARGHER1TA,Restaurants,en,ocr_noise,intfloat/multilingual-e5-small,HYBRID_PROTOTYPE,Groceries,0.8533725738525391,Personal Care,0.8478632569313049,0.005509316921234131,"[""Groceries"", ""Personal Care"", ""Restaurants""]","[0.8533725738525391, 0.8478632569313049, 0.8466987609863281]",False,True
uber_trip,Uber Trip,Transport,en,clean,intfloat/multilingual-e5-small,DESCRIPTION_ONLY,Transport,0.8257885575294495,Entertainment,0.8059477806091309,0.019840776920318604,"[""Transport"", ""Entertainment"", ""Bills""]","[0.8257885575294495, 0.8059477806091309, 0.8034635782241821]",True,True
uber_trip,Uber Trip,Transport,en,clean,intfloat/multilingual-e5-small,EXAMPLE_CENTROID,Transport,0.8600245714187622,Entertainment,0.8550339341163635,0.004990637302398682,"[""Transport"", ""Entertainment"", ""Shopping""]","[0.8600245714187622, 0.8550339341163635, 0.8519554734230042]",True,True
uber_trip,Uber Trip,Transport,en,clean,intfloat/multilingual-e5-small,HYBRID_PROTOTYPE,Transport,0.8653531670570374,Restaurants,0.8491567373275757,0.01619642972946167,"[""Transport"", ""Restaurants"", ""Entertainment""]","[0.8653531670570374, 0.8491567373275757, 0.8488555550575256]",True,True
careem_ride,Careem Ride,Transport,en,clean,intfloat/multilingual-e5-small,DESCRIPTION_ONLY,Transport,0.8116111755371094,Entertainment,0.8055060505867004,0.0061051249504089355,"[""Transport"", ""Entertainment"", ""Shopping""]","[0.8116111755371094, 0.8055060505867004, 0.7891228795051575]",True,True
careem_ride,Careem Ride,Transport,en,clean,intfloat/multilingual-e5-small,EXAMPLE_CENTROID,Transport,0.8647677302360535,Personal Care,0.861688494682312,0.003079235553741455,"[""Transport"", ""Personal Care"", ""Shopping""]","[0.8647677302360535, 0.861688494682312, 0.8611537218093872]",True,True
careem_ride,Careem Ride,Transport,en,clean,intfloat/multilingual-e5-small,HYBRID_PROTOTYPE,Transport,0.8601553440093994,Shopping,0.8495076894760132,0.01064765453338623,"[""Transport"", ""Shopping"", ""Entertainment""]","[0.8601553440093994, 0.8495076894760132, 0.8479441404342651]",True,True
metro_ticket,Cairo Metro Ticket,Transport,en,clean,intfloat/multilingual-e5-small,DESCRIPTION_ONLY,Transport,0.8269925117492676,Bills,0.7912571430206299,0.035735368728637695,"[""Transport"", ""Bills"", ""Entertainment""]","[0.8269925117492676, 0.7912571430206299, 0.7897584438323975]",True,True
metro_ticket,Cairo Metro Ticket,Transport,en,clean,intfloat/multilingual-e5-small,EXAMPLE_CENTROID,Entertainment,0.8497762680053711,Transport,0.844685435295105,0.005090832710266113,"[""Entertainment"", ""Transport"", ""Bills""]","[0.8497762680053711, 0.844685435295105, 0.8334318399429321]",False,True
metro_ticket,Cairo Metro Ticket,Transport,en,clean,intfloat/multilingual-e5-small,HYBRID_PROTOTYPE,Transport,0.8597946763038635,Entertainment,0.8378947973251343,0.021899878978729248,"[""Transport"", ""Entertainment"", ""Shopping""]","[0.8597946763038635, 0.8378947973251343, 0.8322455883026123]",True,True
gasoline_92,Gasoline 92,Transport,en,clean,intfloat/multilingual-e5-small,DESCRIPTION_ONLY,Transport,0.7899781465530396,Bills,0.7881307601928711,0.001847386360168457,"[""Transport"", ""Bills"", ""Entertainment""]","[0.7899781465530396, 0.7881307601928711, 0.7848906517028809]",True,True
gasoline_92,Gasoline 92,Transport,en,clean,intfloat/multilingual-e5-small,EXAMPLE_CENTROID,Groceries,0.8460805416107178,Fruits & Vegetables,0.8456009030342102,0.00047963857650756836,"[""Groceries"", ""Fruits & Vegetables"", ""Household""]","[0.8460805416107178, 0.8456009030342102, 0.8435859084129333]",False,False
gasoline_92,Gasoline 92,Transport,en,clean,intfloat/multilingual-e5-small,HYBRID_PROTOTYPE,Shopping,0.8346884250640869,Household,0.8344062566757202,0.0002821683883666992,"[""Shopping"", ""Household"", ""Bills""]","[0.8346884250640869, 0.8344062566757202, 0.8333075046539307]",False,False
uber_trip,رحلة أوبر,Transport,ar,clean,intfloat/multilingual-e5-small,DESCRIPTION_ONLY,Transport,0.8133484125137329,Entertainment,0.7972104549407959,0.01613795757293701,"[""Transport"", ""Entertainment"", ""Books""]","[0.8133484125137329, 0.7972104549407959, 0.7924814224243164]",True,True
uber_trip,رحلة أوبر,Transport,ar,clean,intfloat/multilingual-e5-small,EXAMPLE_CENTROID,Transport,0.8609786629676819,Restaurants,0.8563745021820068,0.004604160785675049,"[""Transport"", ""Restaurants"", ""Books""]","[0.8609786629676819, 0.8563745021820068, 0.8558143377304077]",True,True
uber_trip,رحلة أوبر,Transport,ar,clean,intfloat/multilingual-e5-small,HYBRID_PROTOTYPE,Transport,0.8594571352005005,Books,0.8492794036865234,0.01017773151397705,"[""Transport"", ""Books"", ""Restaurants""]","[0.8594571352005005, 0.8492794036865234, 0.842751145362854]",True,True
careem_ride,مشوار كريم,Transport,ar,clean,intfloat/multilingual-e5-small,DESCRIPTION_ONLY,Personal Care,0.8282487392425537,Transport,0.8282393217086792,9.417533874511719e-06,"[""Personal Care"", ""Transport"", ""Entertainment""]","[0.8282487392425537, 0.8282393217086792, 0.8087562918663025]",False,True
careem_ride,مشوار كريم,Transport,ar,clean,intfloat/multilingual-e5-small,EXAMPLE_CENTROID,Books,0.8881710767745972,Restaurants,0.8809530735015869,0.007218003273010254,"[""Books"", ""Restaurants"", ""Personal Care""]","[0.8881710767745972, 0.8809530735015869, 0.8809068202972412]",False,False
careem_ride,مشوار كريم,Transport,ar,clean,intfloat/multilingual-e5-small,HYBRID_PROTOTYPE,Personal Care,0.8764258623123169,Transport,0.8721027970314026,0.004323065280914307,"[""Personal Care"", ""Transport"", ""Books""]","[0.8764258623123169, 0.8721027970314026, 0.8678644895553589]",False,True
metro_ticket,تذكرة مترو,Transport,ar,clean,intfloat/multilingual-e5-small,DESCRIPTION_ONLY,Transport,0.8626983165740967,Entertainment,0.8213722705841064,0.041326045989990234,"[""Transport"", ""Entertainment"", ""Restaurants""]","[0.8626983165740967, 0.8213722705841064, 0.8120764493942261]",True,True
metro_ticket,تذكرة مترو,Transport,ar,clean,intfloat/multilingual-e5-small,EXAMPLE_CENTROID,Entertainment,0.8912330865859985,Transport,0.8879131078720093,0.003319978713989258,"[""Entertainment"", ""Transport"", ""Shopping""]","[0.8912330865859985, 0.8879131078720093, 0.8784999251365662]",False,True
metro_ticket,تذكرة مترو,Transport,ar,clean,intfloat/multilingual-e5-small,HYBRID_PROTOTYPE,Transport,0.9003925323486328,Entertainment,0.8752380609512329,0.025154471397399902,"[""Transport"", ""Entertainment"", ""Shopping""]","[0.9003925323486328, 0.8752380609512329, 0.867820680141449]",True,True
gasoline_92,بنزين 92,Transport,ar,clean,intfloat/multilingual-e5-small,DESCRIPTION_ONLY,Transport,0.816392183303833,Fruits & Vegetables,0.803932785987854,0.012459397315979004,"[""Transport"", ""Fruits & Vegetables"", ""Entertainment""]","[0.816392183303833, 0.803932785987854, 0.7990816831588745]",True,True
gasoline_92,بنزين 92,Transport,ar,clean,intfloat/multilingual-e5-small,EXAMPLE_CENTROID,Books,0.8814367055892944,Groceries,0.8770098686218262,0.004426836967468262,"[""Books"", ""Groceries"", ""Medicine""]","[0.8814367055892944, 0.8770098686218262, 0.8702109456062317]",False,False
gasoline_92,بنزين 92,Transport,ar,clean,intfloat/multilingual-e5-small,HYBRID_PROTOTYPE,Groceries,0.8582272529602051,Transport,0.8581569790840149,7.027387619018555e-05,"[""Groceries"", ""Transport"", ""Fruits & Vegetables""]","[0.8582272529602051, 0.8581569790840149, 0.8555834293365479]",False,True
uber_trip,Uber مشوار,Transport,mixed,mixed_language,intfloat/multilingual-e5-small,DESCRIPTION_ONLY,Transport,0.8180469274520874,Restaurants,0.7984347343444824,0.01961219310760498,"[""Transport"", ""Restaurants"", ""Bills""]","[0.8180469274520874, 0.7984347343444824, 0.79823237657547]",True,True
uber_trip,Uber مشوار,Transport,mixed,mixed_language,intfloat/multilingual-e5-small,EXAMPLE_CENTROID,Transport,0.875354528427124,Books,0.8745729327201843,0.0007815957069396973,"[""Transport"", ""Books"", ""Shopping""]","[0.875354528427124, 0.8745729327201843, 0.8651322722434998]",True,True
uber_trip,Uber مشوار,Transport,mixed,mixed_language,intfloat/multilingual-e5-small,HYBRID_PROTOTYPE,Transport,0.8692482709884644,Restaurants,0.8537548780441284,0.015493392944335938,"[""Transport"", ""Restaurants"", ""Shopping""]","[0.8692482709884644, 0.8537548780441284, 0.8531931638717651]",True,True
careem_ride,Careem رحلة,Transport,mixed,mixed_language,intfloat/multilingual-e5-small,DESCRIPTION_ONLY,Transport,0.8363692760467529,Personal Care,0.8223388195037842,0.01403045654296875,"[""Transport"", ""Personal Care"", ""Entertainment""]","[0.8363692760467529, 0.8223388195037842, 0.8217677474021912]",True,True
careem_ride,Careem رحلة,Transport,mixed,mixed_language,intfloat/multilingual-e5-small,EXAMPLE_CENTROID,Transport,0.9033588171005249,Restaurants,0.8935035467147827,0.009855270385742188,"[""Transport"", ""Restaurants"", ""Books""]","[0.9033588171005249, 0.8935035467147827, 0.8915449380874634]",True,True
careem_ride,Careem رحلة,Transport,mixed,mixed_language,intfloat/multilingual-e5-small,HYBRID_PROTOTYPE,Transport,0.8926600217819214,Personal Care,0.8775473237037659,0.015112698078155518,"[""Transport"", ""Personal Care"", ""Restaurants""]","[0.8926600217819214, 0.8775473237037659, 0.8763226866722107]",True,True
uber_trip,UBER TR1P,Transport,en,ocr_noise,intfloat/multilingual-e5-small,DESCRIPTION_ONLY,Transport,0.8057016134262085,Entertainment,0.8021886944770813,0.0035129189491271973,"[""Transport"", ""Entertainment"", ""Medicine""]","[0.8057016134262085, 0.8021886944770813, 0.8008327484130859]",True,True
uber_trip,UBER TR1P,Transport,en,ocr_noise,intfloat/multilingual-e5-small,EXAMPLE_CENTROID,Groceries,0.859259307384491,Books,0.8547636866569519,0.0044956207275390625,"[""Groceries"", ""Books"", ""Medicine""]","[0.859259307384491, 0.8547636866569519, 0.8543749451637268]",False,False
uber_trip,UBER TR1P,Transport,en,ocr_noise,intfloat/multilingual-e5-small,HYBRID_PROTOTYPE,Medicine,0.8514758348464966,Transport,0.8485597968101501,0.0029160380363464355,"[""Medicine"", ""Transport"", ""Restaurants""]","[0.8514758348464966, 0.8485597968101501, 0.8474135994911194]",False,True
careem_ride,CAR EEM R1DE,Transport,en,ocr_noise,intfloat/multilingual-e5-small,DESCRIPTION_ONLY,Transport,0.8224838972091675,Shopping,0.8161979913711548,0.006285905838012695,"[""Transport"", ""Shopping"", ""Bills""]","[0.8224838972091675, 0.8161979913711548, 0.808711051940918]",True,True
careem_ride,CAR EEM R1DE,Transport,en,ocr_noise,intfloat/multilingual-e5-small,EXAMPLE_CENTROID,Groceries,0.8755069971084595,Shopping,0.8710309863090515,0.004476010799407959,"[""Groceries"", ""Shopping"", ""Transport""]","[0.8755069971084595, 0.8710309863090515, 0.8708634376525879]",False,True
careem_ride,CAR EEM R1DE,Transport,en,ocr_noise,intfloat/multilingual-e5-small,HYBRID_PROTOTYPE,Transport,0.8688619136810303,Shopping,0.8685296773910522,0.00033223628997802734,"[""Transport"", ""Shopping"", ""Groceries""]","[0.8688619136810303, 0.8685296773910522, 0.8615790605545044]",True,True
dettol_floor_cleaner,Dettol Floor Cleaner,Household,en,clean,intfloat/multilingual-e5-small,DESCRIPTION_ONLY,Household,0.8342117667198181,Personal Care,0.813687801361084,0.02052396535873413,"[""Household"", ""Personal Care"", ""Medicine""]","[0.8342117667198181, 0.813687801361084, 0.7981197237968445]",True,True
dettol_floor_cleaner,Dettol Floor Cleaner,Household,en,clean,intfloat/multilingual-e5-small,EXAMPLE_CENTROID,Household,0.8857596516609192,Personal Care,0.8713315725326538,0.01442807912826538,"[""Household"", ""Personal Care"", ""Books""]","[0.8857596516609192, 0.8713315725326538, 0.8685052990913391]",True,True
dettol_floor_cleaner,Dettol Floor Cleaner,Household,en,clean,intfloat/multilingual-e5-small,HYBRID_PROTOTYPE,Household,0.8877801299095154,Personal Care,0.8640491962432861,0.023730933666229248,"[""Household"", ""Personal Care"", ""Medicine""]","[0.8877801299095154, 0.8640491962432861, 0.8529999852180481]",True,True
fairy_dish_liquid,Fairy Dishwashing Liquid,Household,en,clean,intfloat/multilingual-e5-small,DESCRIPTION_ONLY,Household,0.8315004110336304,Groceries,0.8110592365264893,0.020441174507141113,"[""Household"", ""Groceries"", ""Personal Care""]","[0.8315004110336304, 0.8110592365264893, 0.8088709115982056]",True,True
fairy_dish_liquid,Fairy Dishwashing Liquid,Household,en,clean,intfloat/multilingual-e5-small,EXAMPLE_CENTROID,Household,0.8783766627311707,Groceries,0.868809700012207,0.009566962718963623,"[""Household"", ""Groceries"", ""Personal Care""]","[0.8783766627311707, 0.868809700012207, 0.8686649203300476]",True,True
fairy_dish_liquid,Fairy Dishwashing Liquid,Household,en,clean,intfloat/multilingual-e5-small,HYBRID_PROTOTYPE,Household,0.8832165002822876,Groceries,0.8650022745132446,0.01821422576904297,"[""Household"", ""Groceries"", ""Personal Care""]","[0.8832165002822876, 0.8650022745132446, 0.8602117300033569]",True,True
persil_gel,Persil Gel,Household,en,clean,intfloat/multilingual-e5-small,DESCRIPTION_ONLY,Personal Care,0.8124900460243225,Medicine,0.8073576092720032,0.005132436752319336,"[""Personal Care"", ""Medicine"", ""Groceries""]","[0.8124900460243225, 0.8073576092720032, 0.7970594167709351]",False,False
persil_gel,Persil Gel,Household,en,clean,intfloat/multilingual-e5-small,EXAMPLE_CENTROID,Personal Care,0.871009111404419,Household,0.8664406538009644,0.00456845760345459,"[""Personal Care"", ""Household"", ""Fruits & Vegetables""]","[0.871009111404419, 0.8664406538009644, 0.8627241849899292]",False,True
persil_gel,Persil Gel,Household,en,clean,intfloat/multilingual-e5-small,HYBRID_PROTOTYPE,Personal Care,0.8632696866989136,Household,0.8569322228431702,0.006337463855743408,"[""Personal Care"", ""Household"", ""Medicine""]","[0.8632696866989136, 0.8569322228431702, 0.8542168140411377]",False,True
clorox_bleach,Clorox Bleach,Household,en,clean,intfloat/multilingual-e5-small,DESCRIPTION_ONLY,Household,0.8101659417152405,Medicine,0.8031463623046875,0.0070195794105529785,"[""Household"", ""Medicine"", ""Personal Care""]","[0.8101659417152405, 0.8031463623046875, 0.8008164763450623]",True,True
clorox_bleach,Clorox Bleach,Household,en,clean,intfloat/multilingual-e5-small,EXAMPLE_CENTROID,Household,0.8631797432899475,Personal Care,0.8545307517051697,0.008648991584777832,"[""Household"", ""Personal Care"", ""Restaurants""]","[0.8631797432899475, 0.8545307517051697, 0.8531813025474548]",True,True
clorox_bleach,Clorox Bleach,Household,en,clean,intfloat/multilingual-e5-small,HYBRID_PROTOTYPE,Household,0.862366795539856,Medicine,0.8520330786705017,0.010333716869354248,"[""Household"", ""Medicine"", ""Groceries""]","[0.862366795539856, 0.8520330786705017, 0.8499339818954468]",True,True
dettol_floor_cleaner,منظف أرضيات ديتول,Household,ar,clean,intfloat/multilingual-e5-small,DESCRIPTION_ONLY,Household,0.8260619640350342,Transport,0.8069494962692261,0.019112467765808105,"[""Household"", ""Transport"", ""Personal Care""]","[0.8260619640350342, 0.8069494962692261, 0.8060306310653687]",True,True
dettol_floor_cleaner,منظف أرضيات ديتول,Household,ar,clean,intfloat/multilingual-e5-small,EXAMPLE_CENTROID,Household,0.874311089515686,Personal Care,0.8592555522918701,0.015055537223815918,"[""Household"", ""Personal Care"", ""Books""]","[0.874311089515686, 0.8592555522918701, 0.8559896349906921]",True,True
dettol_floor_cleaner,منظف أرضيات ديتول,Household,ar,clean,intfloat/multilingual-e5-small,HYBRID_PROTOTYPE,Household,0.87766432762146,Personal Care,0.8539303541183472,0.023733973503112793,"[""Household"", ""Personal Care"", ""Medicine""]","[0.87766432762146, 0.8539303541183472, 0.8507713079452515]",True,True
fairy_dish_liquid,سائل غسيل أطباق,Household,ar,clean,intfloat/multilingual-e5-small,DESCRIPTION_ONLY,Household,0.865200400352478,Groceries,0.8480396866798401,0.01716071367263794,"[""Household"", ""Groceries"", ""Personal Care""]","[0.865200400352478, 0.8480396866798401, 0.8423262238502502]",True,True
fairy_dish_liquid,سائل غسيل أطباق,Household,ar,clean,intfloat/multilingual-e5-small,EXAMPLE_CENTROID,Household,0.9065892696380615,Groceries,0.8985621929168701,0.008027076721191406,"[""Household"", ""Groceries"", ""Restaurants""]","[0.9065892696380615, 0.8985621929168701, 0.8916758298873901]",True,True
fairy_dish_liquid,سائل غسيل أطباق,Household,ar,clean,intfloat/multilingual-e5-small,HYBRID_PROTOTYPE,Household,0.9151967763900757,Groceries,0.899364709854126,0.015832066535949707,"[""Household"", ""Groceries"", ""Restaurants""]","[0.9151967763900757, 0.899364709854126, 0.8892877101898193]",True,True
persil_gel,مسحوق غسيل برسيل,Household,ar,clean,intfloat/multilingual-e5-small,DESCRIPTION_ONLY,Household,0.8404517769813538,Personal Care,0.8280743360519409,0.012377440929412842,"[""Household"", ""Personal Care"", ""Transport""]","[0.8404517769813538, 0.8280743360519409, 0.8218705654144287]",True,True
persil_gel,مسحوق غسيل برسيل,Household,ar,clean,intfloat/multilingual-e5-small,EXAMPLE_CENTROID,Household,0.8920689225196838,Groceries,0.8666715025901794,0.025397419929504395,"[""Household"", ""Groceries"", ""Books""]","[0.8920689225196838, 0.8666715025901794, 0.8641419410705566]",True,True
persil_gel,مسحوق غسيل برسيل,Household,ar,clean,intfloat/multilingual-e5-small,HYBRID_PROTOTYPE,Household,0.8932175040245056,Groceries,0.8688250780105591,0.024392426013946533,"[""Household"", ""Groceries"", ""Personal Care""]","[0.8932175040245056, 0.8688250780105591, 0.8669375777244568]",True,True
clorox_bleach,كلور مبيض,Household,ar,clean,intfloat/multilingual-e5-small,DESCRIPTION_ONLY,Entertainment,0.7711167931556702,Personal Care,0.7642530798912048,0.006863713264465332,"[""Entertainment"", ""Personal Care"", ""Books""]","[0.7711167931556702, 0.7642530798912048, 0.7555897235870361]",False,False
clorox_bleach,كلور مبيض,Household,ar,clean,intfloat/multilingual-e5-small,EXAMPLE_CENTROID,Household,0.8300279378890991,Books,0.828101396560669,0.0019265413284301758,"[""Household"", ""Books"", ""Personal Care""]","[0.8300279378890991, 0.828101396560669, 0.8275983333587646]",True,True
clorox_bleach,كلور مبيض,Household,ar,clean,intfloat/multilingual-e5-small,HYBRID_PROTOTYPE,Personal Care,0.8162742853164673,Books,0.815991997718811,0.00028228759765625,"[""Personal Care"", ""Books"", ""Household""]","[0.8162742853164673, 0.815991997718811, 0.8138247132301331]",False,True
dettol_floor_cleaner,Dettol منظف أرضيات,Household,mixed,mixed_language,intfloat/multilingual-e5-small,DESCRIPTION_ONLY,Household,0.8440544605255127,Personal Care,0.8310256600379944,0.01302880048751831,"[""Household"", ""Personal Care"", ""Transport""]","[0.8440544605255127, 0.8310256600379944, 0.827941358089447]",True,True
dettol_floor_cleaner,Dettol منظف أرضيات,Household,mixed,mixed_language,intfloat/multilingual-e5-small,EXAMPLE_CENTROID,Household,0.8973528146743774,Books,0.8844494819641113,0.012903332710266113,"[""Household"", ""Books"", ""Personal Care""]","[0.8973528146743774, 0.8844494819641113, 0.8811372518539429]",True,True
dettol_floor_cleaner,Dettol منظف أرضيات,Household,mixed,mixed_language,intfloat/multilingual-e5-small,HYBRID_PROTOTYPE,Household,0.8988444805145264,Personal Care,0.877967894077301,0.020876586437225342,"[""Household"", ""Personal Care"", ""Restaurants""]","[0.8988444805145264, 0.877967894077301, 0.8713242411613464]",True,True
fairy_dish_liquid,Fairy صابون أطباق,Household,mixed,mixed_language,intfloat/multilingual-e5-small,DESCRIPTION_ONLY,Personal Care,0.8618640899658203,Restaurants,0.8510478734970093,0.010816216468811035,"[""Personal Care"", ""Restaurants"", ""Household""]","[0.8618640899658203, 0.8510478734970093, 0.8502920866012573]",False,True
fairy_dish_liquid,Fairy صابون أطباق,Household,mixed,mixed_language,intfloat/multilingual-e5-small,EXAMPLE_CENTROID,Restaurants,0.9193606376647949,Groceries,0.9154066443443298,0.003953993320465088,"[""Restaurants"", ""Groceries"", ""Household""]","[0.9193606376647949, 0.9154066443443298, 0.9141050577163696]",False,True
fairy_dish_liquid,Fairy صابون أطباق,Household,mixed,mixed_language,intfloat/multilingual-e5-small,HYBRID_PROTOTYPE,Household,0.9113782048225403,Restaurants,0.9101877212524414,0.001190483570098877,"[""Household"", ""Restaurants"", ""Personal Care""]","[0.9113782048225403, 0.9101877212524414, 0.9101235270500183]",True,True
dettol_floor_cleaner,DettoI Floor C1eaner,Household,en,ocr_noise,intfloat/multilingual-e5-small,DESCRIPTION_ONLY,Personal Care,0.8164727687835693,Entertainment,0.8136813640594482,0.0027914047241210938,"[""Personal Care"", ""Entertainment"", ""Transport""]","[0.8164727687835693, 0.8136813640594482, 0.809341549873352]",False,False
dettol_floor_cleaner,DettoI Floor C1eaner,Household,en,ocr_noise,intfloat/multilingual-e5-small,EXAMPLE_CENTROID,Books,0.8841380476951599,Groceries,0.8784891963005066,0.00564885139465332,"[""Books"", ""Groceries"", ""Shopping""]","[0.8841380476951599, 0.8784891963005066, 0.8755349516868591]",False,False
dettol_floor_cleaner,DettoI Floor C1eaner,Household,en,ocr_noise,intfloat/multilingual-e5-small,HYBRID_PROTOTYPE,Household,0.8685795068740845,Books,0.8668622970581055,0.001717209815979004,"[""Household"", ""Books"", ""Personal Care""]","[0.8685795068740845, 0.8668622970581055, 0.8665176033973694]",True,True
persil_gel,PersiI GeI,Household,en,ocr_noise,intfloat/multilingual-e5-small,DESCRIPTION_ONLY,Bills,0.8002505302429199,Entertainment,0.799826979637146,0.0004235506057739258,"[""Bills"", ""Entertainment"", ""Transport""]","[0.8002505302429199, 0.799826979637146, 0.7940370440483093]",False,False
persil_gel,PersiI GeI,Household,en,ocr_noise,intfloat/multilingual-e5-small,EXAMPLE_CENTROID,Books,0.8744563460350037,Groceries,0.8655244708061218,0.008931875228881836,"[""Books"", ""Groceries"", ""Restaurants""]","[0.8744563460350037, 0.8655244708061218, 0.8631166219711304]",False,False
persil_gel,PersiI GeI,Household,en,ocr_noise,intfloat/multilingual-e5-small,HYBRID_PROTOTYPE,Books,0.8548760414123535,Groceries,0.853346586227417,0.0015294551849365234,"[""Books"", ""Groceries"", ""Restaurants""]","[0.8548760414123535, 0.853346586227417, 0.8507746458053589]",False,False
panadol_extra,Panadol Extra,Medicine,en,clean,intfloat/multilingual-e5-small,DESCRIPTION_ONLY,Medicine,0.8061944246292114,Groceries,0.8061859607696533,8.463859558105469e-06,"[""Medicine"", ""Groceries"", ""Fruits & Vegetables""]","[0.8061944246292114, 0.8061859607696533, 0.8060823678970337]",True,True
panadol_extra,Panadol Extra,Medicine,en,clean,intfloat/multilingual-e5-small,EXAMPLE_CENTROID,Fruits & Vegetables,0.8757779002189636,Medicine,0.8717981576919556,0.003979742527008057,"[""Fruits & Vegetables"", ""Medicine"", ""Household""]","[0.8757779002189636, 0.8717981576919556, 0.8715454339981079]",False,True
panadol_extra,Panadol Extra,Medicine,en,clean,intfloat/multilingual-e5-small,HYBRID_PROTOTYPE,Medicine,0.8635955452919006,Groceries,0.8625417947769165,0.0010537505149841309,"[""Medicine"", ""Groceries"", ""Fruits & Vegetables""]","[0.8635955452919006, 0.8625417947769165, 0.860335648059845]",True,True
brufen_400,Brufen 400,Medicine,en,clean,intfloat/multilingual-e5-small,DESCRIPTION_ONLY,Personal Care,0.7930622100830078,Transport,0.7895489931106567,0.0035132169723510742,"[""Personal Care"", ""Transport"", ""Bills""]","[0.7930622100830078, 0.7895489931106567, 0.7877165675163269]",False,False
brufen_400,Brufen 400,Medicine,en,clean,intfloat/multilingual-e5-small,EXAMPLE_CENTROID,Shopping,0.8633000254631042,Groceries,0.8562082052230835,0.007091820240020752,"[""Shopping"", ""Groceries"", ""Books""]","[0.8633000254631042, 0.8562082052230835, 0.8545202612876892]",False,False
brufen_400,Brufen 400,Medicine,en,clean,intfloat/multilingual-e5-small,HYBRID_PROTOTYPE,Shopping,0.845470666885376,Books,0.8432619571685791,0.002208709716796875,"[""Shopping"", ""Books"", ""Personal Care""]","[0.845470666885376, 0.8432619571685791, 0.8432015776634216]",False,False
folic_acid_600_mcg,Folic Acid 600 MCG,Medicine,en,clean,intfloat/multilingual-e5-small,DESCRIPTION_ONLY,Medicine,0.8126023411750793,Entertainment,0.7985091805458069,0.014093160629272461,"[""Medicine"", ""Entertainment"", ""Personal Care""]","[0.8126023411750793, 0.7985091805458069, 0.7975002527236938]",True,True
folic_acid_600_mcg,Folic Acid 600 MCG,Medicine,en,clean,intfloat/multilingual-e5-small,EXAMPLE_CENTROID,Groceries,0.8775734901428223,Household,0.8771375417709351,0.00043594837188720703,"[""Groceries"", ""Household"", ""Medicine""]","[0.8775734901428223, 0.8771375417709351, 0.8763688802719116]",False,True
folic_acid_600_mcg,Folic Acid 600 MCG,Medicine,en,clean,intfloat/multilingual-e5-small,HYBRID_PROTOTYPE,Medicine,0.8695580363273621,Groceries,0.8618618249893188,0.007696211338043213,"[""Medicine"", ""Groceries"", ""Household""]","[0.8695580363273621, 0.8618618249893188, 0.8548988699913025]",True,True
immulant_plus_20_cap,Immulant Plus 20 Cap,Medicine,en,clean,intfloat/multilingual-e5-small,DESCRIPTION_ONLY,Medicine,0.8069946765899658,Entertainment,0.8063191771507263,0.000675499439239502,"[""Medicine"", ""Entertainment"", ""Bills""]","[0.8069946765899658, 0.8063191771507263, 0.8055153489112854]",True,True
immulant_plus_20_cap,Immulant Plus 20 Cap,Medicine,en,clean,intfloat/multilingual-e5-small,EXAMPLE_CENTROID,Medicine,0.8678807020187378,Household,0.8635541796684265,0.004326522350311279,"[""Medicine"", ""Household"", ""Personal Care""]","[0.8678807020187378, 0.8635541796684265, 0.8617356419563293]",True,True
immulant_plus_20_cap,Immulant Plus 20 Cap,Medicine,en,clean,intfloat/multilingual-e5-small,HYBRID_PROTOTYPE,Medicine,0.8615266680717468,Household,0.855548083782196,0.005978584289550781,"[""Medicine"", ""Household"", ""Groceries""]","[0.8615266680717468, 0.855548083782196, 0.8551100492477417]",True,True
panadol_extra,بنادول إكسترا,Medicine,ar,clean,intfloat/multilingual-e5-small,DESCRIPTION_ONLY,Entertainment,0.786501944065094,Fruits & Vegetables,0.7843047976493835,0.0021971464157104492,"[""Entertainment"", ""Fruits & Vegetables"", ""Bills""]","[0.786501944065094, 0.7843047976493835, 0.7836017608642578]",False,False
panadol_extra,بنادول إكسترا,Medicine,ar,clean,intfloat/multilingual-e5-small,EXAMPLE_CENTROID,Household,0.8465728759765625,Groceries,0.8417217135429382,0.004851162433624268,"[""Household"", ""Groceries"", ""Books""]","[0.8465728759765625, 0.8417217135429382, 0.8416833877563477]",False,False
panadol_extra,بنادول إكسترا,Medicine,ar,clean,intfloat/multilingual-e5-small,HYBRID_PROTOTYPE,Medicine,0.8346567749977112,Groceries,0.8334282636642456,0.0012285113334655762,"[""Medicine"", ""Groceries"", ""Household""]","[0.8346567749977112, 0.8334282636642456, 0.8303732872009277]",True,True
brufen_400,بروفين 400,Medicine,ar,clean,intfloat/multilingual-e5-small,DESCRIPTION_ONLY,Personal Care,0.8046639561653137,Transport,0.8029488325119019,0.0017151236534118652,"[""Personal Care"", ""Transport"", ""Medicine""]","[0.8046639561653137, 0.8029488325119019, 0.8025394082069397]",False,True
brufen_400,بروفين 400,Medicine,ar,clean,intfloat/multilingual-e5-small,EXAMPLE_CENTROID,Medicine,0.8643945455551147,Groceries,0.861576497554779,0.0028180480003356934,"[""Medicine"", ""Groceries"", ""Restaurants""]","[0.8643945455551147, 0.861576497554779, 0.8608362674713135]",True,True
brufen_400,بروفين 400,Medicine,ar,clean,intfloat/multilingual-e5-small,HYBRID_PROTOTYPE,Medicine,0.8575475811958313,Transport,0.8523352146148682,0.005212366580963135,"[""Medicine"", ""Transport"", ""Personal Care""]","[0.8575475811958313, 0.8523352146148682, 0.8511728048324585]",True,True
folic_acid_600_mcg,حمض الفوليك,Medicine,ar,clean,intfloat/multilingual-e5-small,DESCRIPTION_ONLY,Medicine,0.8187910914421082,Fruits & Vegetables,0.811820387840271,0.006970703601837158,"[""Medicine"", ""Fruits & Vegetables"", ""Personal Care""]","[0.8187910914421082, 0.811820387840271, 0.8101457357406616]",True,True
folic_acid_600_mcg,حمض الفوليك,Medicine,ar,clean,intfloat/multilingual-e5-small,EXAMPLE_CENTROID,Household,0.8567492365837097,Medicine,0.8424623012542725,0.014286935329437256,"[""Household"", ""Medicine"", ""Groceries""]","[0.8567492365837097, 0.8424623012542725, 0.8423547148704529]",False,True
folic_acid_600_mcg,حمض الفوليك,Medicine,ar,clean,intfloat/multilingual-e5-small,HYBRID_PROTOTYPE,Medicine,0.8552876710891724,Household,0.8493867516517639,0.005900919437408447,"[""Medicine"", ""Household"", ""Personal Care""]","[0.8552876710891724, 0.8493867516517639, 0.8467556238174438]",True,True
medicine_68,فيتامين سي,Medicine,ar,clean,intfloat/multilingual-e5-small,DESCRIPTION_ONLY,Medicine,0.8305964469909668,Personal Care,0.8104530572891235,0.02014338970184326,"[""Medicine"", ""Personal Care"", ""Fruits & Vegetables""]","[0.8305964469909668, 0.8104530572891235, 0.8096587657928467]",True,True
medicine_68,فيتامين سي,Medicine,ar,clean,intfloat/multilingual-e5-small,EXAMPLE_CENTROID,Medicine,0.8547699451446533,Groceries,0.8503422737121582,0.004427671432495117,"[""Medicine"", ""Groceries"", ""Household""]","[0.8547699451446533, 0.8503422737121582, 0.8495931625366211]",True,True
medicine_68,فيتامين سي,Medicine,ar,clean,intfloat/multilingual-e5-small,HYBRID_PROTOTYPE,Medicine,0.8684804439544678,Groceries,0.8471670746803284,0.021313369274139404,"[""Medicine"", ""Groceries"", ""Personal Care""]","[0.8684804439544678, 0.8471670746803284, 0.8459963202476501]",True,True
panadol_extra,Panadol مسكن,Medicine,mixed,mixed_language,intfloat/multilingual-e5-small,DESCRIPTION_ONLY,Transport,0.8153490424156189,Fruits & Vegetables,0.811771810054779,0.0035772323608398438,"[""Transport"", ""Fruits & Vegetables"", ""Personal Care""]","[0.8153490424156189, 0.811771810054779, 0.8103737831115723]",False,False
panadol_extra,Panadol مسكن,Medicine,mixed,mixed_language,intfloat/multilingual-e5-small,EXAMPLE_CENTROID,Books,0.8858376145362854,Household,0.884859561920166,0.0009780526161193848,"[""Books"", ""Household"", ""Restaurants""]","[0.8858376145362854, 0.884859561920166, 0.8781449794769287]",False,False
panadol_extra,Panadol مسكن,Medicine,mixed,mixed_language,intfloat/multilingual-e5-small,HYBRID_PROTOTYPE,Household,0.8689641952514648,Groceries,0.867672324180603,0.0012918710708618164,"[""Household"", ""Groceries"", ""Medicine""]","[0.8689641952514648, 0.867672324180603, 0.86680006980896]",False,True
vitamin_d,Vitamin D فيتامين,Medicine,mixed,mixed_language,intfloat/multilingual-e5-small,DESCRIPTION_ONLY,Medicine,0.849555253982544,Personal Care,0.8339201211929321,0.015635132789611816,"[""Medicine"", ""Personal Care"", ""Fruits & Vegetables""]","[0.849555253982544, 0.8339201211929321, 0.8247519731521606]",True,True
vitamin_d,Vitamin D فيتامين,Medicine,mixed,mixed_language,intfloat/multilingual-e5-small,EXAMPLE_CENTROID,Medicine,0.8764276504516602,Household,0.8627811670303345,0.013646483421325684,"[""Medicine"", ""Household"", ""Groceries""]","[0.8764276504516602, 0.8627811670303345, 0.8568350076675415]",True,True
vitamin_d,Vitamin D فيتامين,Medicine,mixed,mixed_language,intfloat/multilingual-e5-small,HYBRID_PROTOTYPE,Medicine,0.8878841400146484,Personal Care,0.864750862121582,0.023133277893066406,"[""Medicine"", ""Personal Care"", ""Groceries""]","[0.8878841400146484, 0.864750862121582, 0.8618289232254028]",True,True
panadol_extra,PANAD0L EXTRA,Medicine,en,ocr_noise,intfloat/multilingual-e5-small,DESCRIPTION_ONLY,Groceries,0.8045629858970642,Fruits & Vegetables,0.7985233068466187,0.006039679050445557,"[""Groceries"", ""Fruits & Vegetables"", ""Bills""]","[0.8045629858970642, 0.7985233068466187, 0.7951756715774536]",False,False
panadol_extra,PANAD0L EXTRA,Medicine,en,ocr_noise,intfloat/multilingual-e5-small,EXAMPLE_CENTROID,Fruits & Vegetables,0.861349880695343,Household,0.8578938245773315,0.0034560561180114746,"[""Fruits & Vegetables"", ""Household"", ""Groceries""]","[0.861349880695343, 0.8578938245773315, 0.8571850061416626]",False,False
panadol_extra,PANAD0L EXTRA,Medicine,en,ocr_noise,intfloat/multilingual-e5-small,HYBRID_PROTOTYPE,Groceries,0.8556714653968811,Fruits & Vegetables,0.8490884304046631,0.006583034992218018,"[""Groceries"", ""Fruits & Vegetables"", ""Shopping""]","[0.8556714653968811, 0.8490884304046631, 0.8453019261360168]",False,False
folic_acid_600_mcg,F0LIC ACID 600 MCG,Medicine,en,ocr_noise,intfloat/multilingual-e5-small,DESCRIPTION_ONLY,Medicine,0.8156055808067322,Groceries,0.8037469387054443,0.011858642101287842,"[""Medicine"", ""Groceries"", ""Entertainment""]","[0.8156055808067322, 0.8037469387054443, 0.8007059693336487]",True,True
folic_acid_600_mcg,F0LIC ACID 600 MCG,Medicine,en,ocr_noise,intfloat/multilingual-e5-small,EXAMPLE_CENTROID,Household,0.864919900894165,Groceries,0.8613555431365967,0.0035643577575683594,"[""Household"", ""Groceries"", ""Medicine""]","[0.864919900894165, 0.8613555431365967, 0.8602207899093628]",False,True
folic_acid_600_mcg,F0LIC ACID 600 MCG,Medicine,en,ocr_noise,intfloat/multilingual-e5-small,HYBRID_PROTOTYPE,Medicine,0.862790584564209,Groceries,0.8573987483978271,0.005391836166381836,"[""Medicine"", ""Groceries"", ""Household""]","[0.862790584564209, 0.8573987483978271, 0.8527092337608337]",True,True
immulant_plus_20_cap,MLANT PLUS 20 CAP,Medicine,en,ocr_noise,intfloat/multilingual-e5-small,DESCRIPTION_ONLY,Groceries,0.7967490553855896,Medicine,0.7958478927612305,0.0009011626243591309,"[""Groceries"", ""Medicine"", ""Restaurants""]","[0.7967490553855896, 0.7958478927612305, 0.7890802621841431]",False,True
immulant_plus_20_cap,MLANT PLUS 20 CAP,Medicine,en,ocr_noise,intfloat/multilingual-e5-small,EXAMPLE_CENTROID,Medicine,0.847000002861023,Household,0.8430295586585999,0.003970444202423096,"[""Medicine"", ""Household"", ""Groceries""]","[0.847000002861023, 0.8430295586585999, 0.8392304182052612]",True,True
immulant_plus_20_cap,MLANT PLUS 20 CAP,Medicine,en,ocr_noise,intfloat/multilingual-e5-small,HYBRID_PROTOTYPE,Medicine,0.8450522422790527,Groceries,0.8424026966094971,0.002649545669555664,"[""Medicine"", ""Groceries"", ""Household""]","[0.8450522422790527, 0.8424026966094971, 0.841163158416748]",True,True
folic_acid_600_mcg,FoLic AciD 600 McG,Medicine,en,ocr_noise,intfloat/multilingual-e5-small,DESCRIPTION_ONLY,Medicine,0.804894208908081,Entertainment,0.7973732352256775,0.0075209736824035645,"[""Medicine"", ""Entertainment"", ""Groceries""]","[0.804894208908081, 0.7973732352256775, 0.7944127321243286]",True,True
folic_acid_600_mcg,FoLic AciD 600 McG,Medicine,en,ocr_noise,intfloat/multilingual-e5-small,EXAMPLE_CENTROID,Household,0.8726823329925537,Groceries,0.869065523147583,0.003616809844970703,"[""Household"", ""Groceries"", ""Medicine""]","[0.8726823329925537, 0.869065523147583, 0.8683593273162842]",False,True
folic_acid_600_mcg,FoLic AciD 600 McG,Medicine,en,ocr_noise,intfloat/multilingual-e5-small,HYBRID_PROTOTYPE,Medicine,0.8614659309387207,Groceries,0.8565623760223389,0.004903554916381836,"[""Medicine"", ""Groceries"", ""Household""]","[0.8614659309387207, 0.8565623760223389, 0.8527868986129761]",True,True
cotton_tshirt,Cotton T Shirt,Shopping,en,clean,intfloat/multilingual-e5-small,DESCRIPTION_ONLY,Shopping,0.7958133816719055,Medicine,0.7822443246841431,0.013569056987762451,"[""Shopping"", ""Medicine"", ""Entertainment""]","[0.7958133816719055, 0.7822443246841431, 0.7805140614509583]",True,True
cotton_tshirt,Cotton T Shirt,Shopping,en,clean,intfloat/multilingual-e5-small,EXAMPLE_CENTROID,Groceries,0.8580895662307739,Fruits & Vegetables,0.8546546697616577,0.003434896469116211,"[""Groceries"", ""Fruits & Vegetables"", ""Personal Care""]","[0.8580895662307739, 0.8546546697616577, 0.8532131910324097]",False,False
cotton_tshirt,Cotton T Shirt,Shopping,en,clean,intfloat/multilingual-e5-small,HYBRID_PROTOTYPE,Shopping,0.8477616906166077,Groceries,0.8404260873794556,0.0073356032371521,"[""Shopping"", ""Groceries"", ""Household""]","[0.8477616906166077, 0.8404260873794556, 0.8372154831886292]",True,True
running_shoes,Running Shoes,Shopping,en,clean,intfloat/multilingual-e5-small,DESCRIPTION_ONLY,Shopping,0.8018151521682739,Entertainment,0.7793430685997009,0.022472083568572998,"[""Shopping"", ""Entertainment"", ""Restaurants""]","[0.8018151521682739, 0.7793430685997009, 0.7735435962677002]",True,True
running_shoes,Running Shoes,Shopping,en,clean,intfloat/multilingual-e5-small,EXAMPLE_CENTROID,Personal Care,0.8385129570960999,Shopping,0.8376723527908325,0.000840604305267334,"[""Personal Care"", ""Shopping"", ""Books""]","[0.8385129570960999, 0.8376723527908325, 0.8348795771598816]",False,True
running_shoes,Running Shoes,Shopping,en,clean,intfloat/multilingual-e5-small,HYBRID_PROTOTYPE,Shopping,0.8454665541648865,Books,0.8235334753990173,0.02193307876586914,"[""Shopping"", ""Books"", ""Personal Care""]","[0.8454665541648865, 0.8235334753990173, 0.8224372863769531]",True,True
wireless_headphones,Wireless Headphones,Shopping,en,clean,intfloat/multilingual-e5-small,DESCRIPTION_ONLY,Entertainment,0.8016121983528137,Bills,0.7981812953948975,0.0034309029579162598,"[""Entertainment"", ""Bills"", ""Medicine""]","[0.8016121983528137, 0.7981812953948975, 0.7976252436637878]",False,False
wireless_headphones,Wireless Headphones,Shopping,en,clean,intfloat/multilingual-e5-small,EXAMPLE_CENTROID,Shopping,0.8705856800079346,Personal Care,0.8547546863555908,0.01583099365234375,"[""Shopping"", ""Personal Care"", ""Fruits & Vegetables""]","[0.8705856800079346, 0.8547546863555908, 0.84539794921875]",True,True
wireless_headphones,Wireless Headphones,Shopping,en,clean,intfloat/multilingual-e5-small,HYBRID_PROTOTYPE,Shopping,0.8566199541091919,Medicine,0.8414203524589539,0.015199601650238037,"[""Shopping"", ""Medicine"", ""Personal Care""]","[0.8566199541091919, 0.8414203524589539, 0.840654730796814]",True,True
phone_charger,Phone Charger,Shopping,en,clean,intfloat/multilingual-e5-small,DESCRIPTION_ONLY,Bills,0.8240969181060791,Shopping,0.8140103220939636,0.010086596012115479,"[""Bills"", ""Shopping"", ""Entertainment""]","[0.8240969181060791, 0.8140103220939636, 0.8086087107658386]",False,True
phone_charger,Phone Charger,Shopping,en,clean,intfloat/multilingual-e5-small,EXAMPLE_CENTROID,Shopping,0.8722650408744812,Bills,0.8702490925788879,0.0020159482955932617,"[""Shopping"", ""Bills"", ""Personal Care""]","[0.8722650408744812, 0.8702490925788879, 0.8644500970840454]",True,True
phone_charger,Phone Charger,Shopping,en,clean,intfloat/multilingual-e5-small,HYBRID_PROTOTYPE,Shopping,0.8680825233459473,Bills,0.8665785193443298,0.0015040040016174316,"[""Shopping"", ""Bills"", ""Personal Care""]","[0.8680825233459473, 0.8665785193443298, 0.8527948260307312]",True,True
cotton_tshirt,تيشيرت قطن,Shopping,ar,clean,intfloat/multilingual-e5-small,DESCRIPTION_ONLY,Transport,0.837655782699585,Restaurants,0.8129897713661194,0.024666011333465576,"[""Transport"", ""Restaurants"", ""Groceries""]","[0.837655782699585, 0.8129897713661194, 0.8119486570358276]",False,False
cotton_tshirt,تيشيرت قطن,Shopping,ar,clean,intfloat/multilingual-e5-small,EXAMPLE_CENTROID,Transport,0.8850685358047485,Groceries,0.8841203451156616,0.0009481906890869141,"[""Transport"", ""Groceries"", ""Books""]","[0.8850685358047485, 0.8841203451156616, 0.8839812278747559]",False,False
cotton_tshirt,تيشيرت قطن,Shopping,ar,clean,intfloat/multilingual-e5-small,HYBRID_PROTOTYPE,Transport,0.8836241960525513,Groceries,0.8733441829681396,0.010280013084411621,"[""Transport"", ""Groceries"", ""Restaurants""]","[0.8836241960525513, 0.8733441829681396, 0.8713020086288452]",False,False
running_shoes,حذاء رياضي,Shopping,ar,clean,intfloat/multilingual-e5-small,DESCRIPTION_ONLY,Shopping,0.8267596364021301,Entertainment,0.8149986863136292,0.011760950088500977,"[""Shopping"", ""Entertainment"", ""Bills""]","[0.8267596364021301, 0.8149986863136292, 0.8051129579544067]",True,True
running_shoes,حذاء رياضي,Shopping,ar,clean,intfloat/multilingual-e5-small,EXAMPLE_CENTROID,Books,0.8939926624298096,Shopping,0.8796762824058533,0.014316380023956299,"[""Books"", ""Shopping"", ""Groceries""]","[0.8939926624298096, 0.8796762824058533, 0.8768642544746399]",False,True
running_shoes,حذاء رياضي,Shopping,ar,clean,intfloat/multilingual-e5-small,HYBRID_PROTOTYPE,Shopping,0.8799911141395569,Books,0.8722206354141235,0.00777047872543335,"[""Shopping"", ""Books"", ""Entertainment""]","[0.8799911141395569, 0.8722206354141235, 0.8616703748703003]",True,True
wireless_headphones,سماعات بلوتوث,Shopping,ar,clean,intfloat/multilingual-e5-small,DESCRIPTION_ONLY,Entertainment,0.8101077079772949,Bills,0.804003119468689,0.006104588508605957,"[""Entertainment"", ""Bills"", ""Personal Care""]","[0.8101077079772949, 0.804003119468689, 0.7963567972183228]",False,False
wireless_headphones,سماعات بلوتوث,Shopping,ar,clean,intfloat/multilingual-e5-small,EXAMPLE_CENTROID,Books,0.8668268918991089,Household,0.8581452369689941,0.008681654930114746,"[""Books"", ""Household"", ""Entertainment""]","[0.8668268918991089, 0.8581452369689941, 0.8560410141944885]",False,False
wireless_headphones,سماعات بلوتوث,Shopping,ar,clean,intfloat/multilingual-e5-small,HYBRID_PROTOTYPE,Entertainment,0.8514960408210754,Books,0.8497761487960815,0.0017198920249938965,"[""Entertainment"", ""Books"", ""Personal Care""]","[0.8514960408210754, 0.8497761487960815, 0.8465504050254822]",False,False
phone_charger,شاحن موبايل,Shopping,ar,clean,intfloat/multilingual-e5-small,DESCRIPTION_ONLY,Bills,0.7992933988571167,Transport,0.7935882806777954,0.005705118179321289,"[""Bills"", ""Transport"", ""Fruits & Vegetables""]","[0.7992933988571167, 0.7935882806777954, 0.7898831367492676]",False,False
phone_charger,شاحن موبايل,Shopping,ar,clean,intfloat/multilingual-e5-small,EXAMPLE_CENTROID,Shopping,0.877652645111084,Books,0.8766984939575195,0.0009541511535644531,"[""Shopping"", ""Books"", ""Entertainment""]","[0.877652645111084, 0.8766984939575195, 0.8663867712020874]",True,True
phone_charger,شاحن موبايل,Shopping,ar,clean,intfloat/multilingual-e5-small,HYBRID_PROTOTYPE,Shopping,0.8543248176574707,Books,0.8503205180168152,0.004004299640655518,"[""Shopping"", ""Books"", ""Bills""]","[0.8543248176574707, 0.8503205180168152, 0.8500087261199951]",True,True
running_shoes,Nike حذاء,Shopping,mixed,mixed_language,intfloat/multilingual-e5-small,DESCRIPTION_ONLY,Shopping,0.8329833745956421,Fruits & Vegetables,0.8148279190063477,0.018155455589294434,"[""Shopping"", ""Fruits & Vegetables"", ""Personal Care""]","[0.8329833745956421, 0.8148279190063477, 0.8138453960418701]",True,True
running_shoes,Nike حذاء,Shopping,mixed,mixed_language,intfloat/multilingual-e5-small,EXAMPLE_CENTROID,Personal Care,0.9011228084564209,Books,0.9006474614143372,0.00047534704208374023,"[""Personal Care"", ""Books"", ""Groceries""]","[0.9011228084564209, 0.9006474614143372, 0.899307131767273]",False,False
running_shoes,Nike حذاء,Shopping,mixed,mixed_language,intfloat/multilingual-e5-small,HYBRID_PROTOTYPE,Shopping,0.8927011489868164,Books,0.8831983804702759,0.009502768516540527,"[""Shopping"", ""Books"", ""Personal Care""]","[0.8927011489868164, 0.8831983804702759, 0.8794064521789551]",True,True
wireless_headphones,Headphones سماعات,Shopping,mixed,mixed_language,intfloat/multilingual-e5-small,DESCRIPTION_ONLY,Entertainment,0.8390629887580872,Personal Care,0.8380300402641296,0.0010329484939575195,"[""Entertainment"", ""Personal Care"", ""Fruits & Vegetables""]","[0.8390629887580872, 0.8380300402641296, 0.8323855996131897]",False,False
wireless_headphones,Headphones سماعات,Shopping,mixed,mixed_language,intfloat/multilingual-e5-small,EXAMPLE_CENTROID,Shopping,0.9056384563446045,Books,0.9055551290512085,8.33272933959961e-05,"[""Shopping"", ""Books"", ""Personal Care""]","[0.9056384563446045, 0.9055551290512085, 0.9010603427886963]",True,True
wireless_headphones,Headphones سماعات,Shopping,mixed,mixed_language,intfloat/multilingual-e5-small,HYBRID_PROTOTYPE,Shopping,0.8925422430038452,Personal Care,0.891775906085968,0.0007663369178771973,"[""Shopping"", ""Personal Care"", ""Entertainment""]","[0.8925422430038452, 0.891775906085968, 0.8864104151725769]",True,True
wireless_headphones,W1RELESS HEADPH0NES,Shopping,en,ocr_noise,intfloat/multilingual-e5-small,DESCRIPTION_ONLY,Shopping,0.798114538192749,Entertainment,0.797476053237915,0.0006384849548339844,"[""Shopping"", ""Entertainment"", ""Bills""]","[0.798114538192749, 0.797476053237915, 0.7924827337265015]",True,True
wireless_headphones,W1RELESS HEADPH0NES,Shopping,en,ocr_noise,intfloat/multilingual-e5-small,EXAMPLE_CENTROID,Shopping,0.8448695540428162,Personal Care,0.8392459750175476,0.005623579025268555,"[""Shopping"", ""Personal Care"", ""Groceries""]","[0.8448695540428162, 0.8392459750175476, 0.8363826870918274]",True,True
wireless_headphones,W1RELESS HEADPH0NES,Shopping,en,ocr_noise,intfloat/multilingual-e5-small,HYBRID_PROTOTYPE,Shopping,0.845576286315918,Medicine,0.8347857594490051,0.010790526866912842,"[""Shopping"", ""Medicine"", ""Personal Care""]","[0.845576286315918, 0.8347857594490051, 0.8312065601348877]",True,True
phone_charger,PH0NE CHARGER,Shopping,en,ocr_noise,intfloat/multilingual-e5-small,DESCRIPTION_ONLY,Bills,0.7836016416549683,Entertainment,0.781705379486084,0.0018962621688842773,"[""Bills"", ""Entertainment"", ""Shopping""]","[0.7836016416549683, 0.781705379486084, 0.7774561643600464]",False,True
phone_charger,PH0NE CHARGER,Shopping,en,ocr_noise,intfloat/multilingual-e5-small,EXAMPLE_CENTROID,Personal Care,0.8335403203964233,Books,0.8314777612686157,0.002062559127807617,"[""Personal Care"", ""Books"", ""Transport""]","[0.8335403203964233, 0.8314777612686157, 0.8266334533691406]",False,False
phone_charger,PH0NE CHARGER,Shopping,en,ocr_noise,intfloat/multilingual-e5-small,HYBRID_PROTOTYPE,Shopping,0.8247889876365662,Personal Care,0.821220874786377,0.003568112850189209,"[""Shopping"", ""Personal Care"", ""Medicine""]","[0.8247889876365662, 0.821220874786377, 0.8192013502120972]",True,True
electricity_bill,Electricity Bill,Bills,en,clean,intfloat/multilingual-e5-small,DESCRIPTION_ONLY,Bills,0.8625020980834961,Entertainment,0.8063139915466309,0.056188106536865234,"[""Bills"", ""Entertainment"", ""Shopping""]","[0.8625020980834961, 0.8063139915466309, 0.7984660863876343]",True,True
electricity_bill,Electricity Bill,Bills,en,clean,intfloat/multilingual-e5-small,EXAMPLE_CENTROID,Bills,0.8840330243110657,Other,0.8474535942077637,0.036579430103302,"[""Bills"", ""Other"", ""Shopping""]","[0.8840330243110657, 0.8474535942077637, 0.8440770506858826]",True,True
electricity_bill,Electricity Bill,Bills,en,clean,intfloat/multilingual-e5-small,HYBRID_PROTOTYPE,Bills,0.8939740657806396,Shopping,0.8455268144607544,0.048447251319885254,"[""Bills"", ""Shopping"", ""Other""]","[0.8939740657806396, 0.8455268144607544, 0.8434178829193115]",True,True
internet_bill,WE Internet Bill,Bills,en,clean,intfloat/multilingual-e5-small,DESCRIPTION_ONLY,Bills,0.8453471660614014,Entertainment,0.8033694624900818,0.04197770357131958,"[""Bills"", ""Entertainment"", ""Shopping""]","[0.8453471660614014, 0.8033694624900818, 0.7878357768058777]",True,True
internet_bill,WE Internet Bill,Bills,en,clean,intfloat/multilingual-e5-small,EXAMPLE_CENTROID,Bills,0.8763161897659302,Other,0.8535953760147095,0.022720813751220703,"[""Bills"", ""Other"", ""Books""]","[0.8763161897659302, 0.8535953760147095, 0.853542149066925]",True,True
internet_bill,WE Internet Bill,Bills,en,clean,intfloat/multilingual-e5-small,HYBRID_PROTOTYPE,Bills,0.8804822564125061,Shopping,0.8418993353843689,0.03858292102813721,"[""Bills"", ""Shopping"", ""Books""]","[0.8804822564125061, 0.8418993353843689, 0.841223418712616]",True,True
water_bill,Water Utility Bill,Bills,en,clean,intfloat/multilingual-e5-small,DESCRIPTION_ONLY,Bills,0.8675646781921387,Other,0.8063290119171143,0.061235666275024414,"[""Bills"", ""Other"", ""Household""]","[0.8675646781921387, 0.8063290119171143, 0.80354905128479]",True,True
water_bill,Water Utility Bill,Bills,en,clean,intfloat/multilingual-e5-small,EXAMPLE_CENTROID,Bills,0.8937531113624573,Other,0.8591154217720032,0.0346376895904541,"[""Bills"", ""Other"", ""Household""]","[0.8937531113624573, 0.8591154217720032, 0.859094500541687]",True,True
water_bill,Water Utility Bill,Bills,en,clean,intfloat/multilingual-e5-small,HYBRID_PROTOTYPE,Bills,0.9016140699386597,Household,0.8572217226028442,0.04439234733581543,"[""Bills"", ""Household"", ""Other""]","[0.9016140699386597, 0.8572217226028442, 0.8540606498718262]",True,True
mobile_bill,Mobile Phone Bill,Bills,en,clean,intfloat/multilingual-e5-small,DESCRIPTION_ONLY,Bills,0.8584812879562378,Entertainment,0.8113611936569214,0.047120094299316406,"[""Bills"", ""Entertainment"", ""Other""]","[0.8584812879562378, 0.8113611936569214, 0.8042543530464172]",True,True
mobile_bill,Mobile Phone Bill,Bills,en,clean,intfloat/multilingual-e5-small,EXAMPLE_CENTROID,Bills,0.9023483991622925,Shopping,0.8843345642089844,0.018013834953308105,"[""Bills"", ""Shopping"", ""Other""]","[0.9023483991622925, 0.8843345642089844, 0.8740311861038208]",True,True
mobile_bill,Mobile Phone Bill,Bills,en,clean,intfloat/multilingual-e5-small,HYBRID_PROTOTYPE,Bills,0.9005274772644043,Shopping,0.8660705089569092,0.03445696830749512,"[""Bills"", ""Shopping"", ""Other""]","[0.9005274772644043, 0.8660705089569092, 0.8606456518173218]",True,True
electricity_bill,فاتورة كهرباء,Bills,ar,clean,intfloat/multilingual-e5-small,DESCRIPTION_ONLY,Bills,0.8679322004318237,Transport,0.8282966613769531,0.039635539054870605,"[""Bills"", ""Transport"", ""Restaurants""]","[0.8679322004318237, 0.8282966613769531, 0.825791597366333]",True,True
electricity_bill,فاتورة كهرباء,Bills,ar,clean,intfloat/multilingual-e5-small,EXAMPLE_CENTROID,Bills,0.9164061546325684,Other,0.8988891839981079,0.01751697063446045,"[""Bills"", ""Other"", ""Books""]","[0.9164061546325684, 0.8988891839981079, 0.8930230140686035]",True,True
electricity_bill,فاتورة كهرباء,Bills,ar,clean,intfloat/multilingual-e5-small,HYBRID_PROTOTYPE,Bills,0.9133238196372986,Other,0.8842013478279114,0.029122471809387207,"[""Bills"", ""Other"", ""Shopping""]","[0.9133238196372986, 0.8842013478279114, 0.8817082047462463]",True,True
internet_bill,فاتورة انترنت WE,Bills,mixed,mixed_language,intfloat/multilingual-e5-small,DESCRIPTION_ONLY,Bills,0.8696063756942749,Entertainment,0.8350735902786255,0.034532785415649414,"[""Bills"", ""Entertainment"", ""Transport""]","[0.8696063756942749, 0.8350735902786255, 0.8294919729232788]",True,True
internet_bill,فاتورة انترنت WE,Bills,mixed,mixed_language,intfloat/multilingual-e5-small,EXAMPLE_CENTROID,Bills,0.9210220575332642,Books,0.9109096527099609,0.010112404823303223,"[""Bills"", ""Books"", ""Other""]","[0.9210220575332642, 0.9109096527099609, 0.9093213677406311]",True,True
internet_bill,فاتورة انترنت WE,Bills,mixed,mixed_language,intfloat/multilingual-e5-small,HYBRID_PROTOTYPE,Bills,0.9157518148422241,Books,0.8962808847427368,0.019470930099487305,"[""Bills"", ""Books"", ""Other""]","[0.9157518148422241, 0.8962808847427368, 0.8893115520477295]",True,True
water_bill,فاتورة مياه,Bills,ar,clean,intfloat/multilingual-e5-small,DESCRIPTION_ONLY,Bills,0.8673477172851562,Other,0.830777108669281,0.036570608615875244,"[""Bills"", ""Other"", ""Transport""]","[0.8673477172851562, 0.830777108669281, 0.8276766538619995]",True,True
water_bill,فاتورة مياه,Bills,ar,clean,intfloat/multilingual-e5-small,EXAMPLE_CENTROID,Bills,0.9111884236335754,Other,0.9014074802398682,0.009780943393707275,"[""Bills"", ""Other"", ""Household""]","[0.9111884236335754, 0.9014074802398682, 0.8926006555557251]",True,True
water_bill,فاتورة مياه,Bills,ar,clean,intfloat/multilingual-e5-small,HYBRID_PROTOTYPE,Bills,0.9104281663894653,Other,0.8882858753204346,0.02214229106903076,"[""Bills"", ""Other"", ""Household""]","[0.9104281663894653, 0.8882858753204346, 0.8802536725997925]",True,True
gas_bill,فاتورة غاز,Bills,ar,clean,intfloat/multilingual-e5-small,DESCRIPTION_ONLY,Bills,0.8627997040748596,Transport,0.8426029682159424,0.020196735858917236,"[""Bills"", ""Transport"", ""Restaurants""]","[0.8627997040748596, 0.8426029682159424, 0.82855224609375]",True,True
gas_bill,فاتورة غاز,Bills,ar,clean,intfloat/multilingual-e5-small,EXAMPLE_CENTROID,Bills,0.9105538725852966,Other,0.9053121209144592,0.005241751670837402,"[""Bills"", ""Other"", ""Books""]","[0.9105538725852966, 0.9053121209144592, 0.9018986821174622]",True,True
gas_bill,فاتورة غاز,Bills,ar,clean,intfloat/multilingual-e5-small,HYBRID_PROTOTYPE,Bills,0.9076936841011047,Transport,0.8909155130386353,0.016778171062469482,"[""Bills"", ""Transport"", ""Other""]","[0.9076936841011047, 0.8909155130386353, 0.8886586427688599]",True,True
mobile_bill,Orange فاتورة موبايل,Bills,mixed,mixed_language,intfloat/multilingual-e5-small,DESCRIPTION_ONLY,Bills,0.853212833404541,Transport,0.8410847783088684,0.012128055095672607,"[""Bills"", ""Transport"", ""Fruits & Vegetables""]","[0.853212833404541, 0.8410847783088684, 0.830327570438385]",True,True
mobile_bill,Orange فاتورة موبايل,Bills,mixed,mixed_language,intfloat/multilingual-e5-small,EXAMPLE_CENTROID,Bills,0.9096665382385254,Shopping,0.9070955514907837,0.0025709867477416992,"[""Bills"", ""Shopping"", ""Books""]","[0.9096665382385254, 0.9070955514907837, 0.9018113613128662]",True,True
mobile_bill,Orange فاتورة موبايل,Bills,mixed,mixed_language,intfloat/multilingual-e5-small,HYBRID_PROTOTYPE,Bills,0.9015757441520691,Shopping,0.8915748596191406,0.010000884532928467,"[""Bills"", ""Shopping"", ""Transport""]","[0.9015757441520691, 0.8915748596191406, 0.8911272287368774]",True,True
internet_bill,Internet فاتورة شهرية,Bills,mixed,mixed_language,intfloat/multilingual-e5-small,DESCRIPTION_ONLY,Bills,0.8675321340560913,Entertainment,0.8314285278320312,0.03610360622406006,"[""Bills"", ""Entertainment"", ""Transport""]","[0.8675321340560913, 0.8314285278320312, 0.8292990922927856]",True,True
internet_bill,Internet فاتورة شهرية,Bills,mixed,mixed_language,intfloat/multilingual-e5-small,EXAMPLE_CENTROID,Bills,0.9108768701553345,Other,0.8933140635490417,0.017562806606292725,"[""Bills"", ""Other"", ""Books""]","[0.9108768701553345, 0.8933140635490417, 0.8918943405151367]",True,True
internet_bill,Internet فاتورة شهرية,Bills,mixed,mixed_language,intfloat/multilingual-e5-small,HYBRID_PROTOTYPE,Bills,0.9095027446746826,Other,0.8814020156860352,0.02810072898864746,"[""Bills"", ""Other"", ""Shopping""]","[0.9095027446746826, 0.8814020156860352, 0.8790595531463623]",True,True
electricity_bill,ELECTR1C1TY B1LL,Bills,en,ocr_noise,intfloat/multilingual-e5-small,DESCRIPTION_ONLY,Bills,0.8263223171234131,Entertainment,0.8149585723876953,0.011363744735717773,"[""Bills"", ""Entertainment"", ""Shopping""]","[0.8263223171234131, 0.8149585723876953, 0.8142942190170288]",True,True
electricity_bill,ELECTR1C1TY B1LL,Bills,en,ocr_noise,intfloat/multilingual-e5-small,EXAMPLE_CENTROID,Groceries,0.8705431818962097,Books,0.8674213886260986,0.003121793270111084,"[""Groceries"", ""Books"", ""Shopping""]","[0.8705431818962097, 0.8674213886260986, 0.8673303723335266]",False,False
electricity_bill,ELECTR1C1TY B1LL,Bills,en,ocr_noise,intfloat/multilingual-e5-small,HYBRID_PROTOTYPE,Shopping,0.865644633769989,Books,0.8624886274337769,0.003156006336212158,"[""Shopping"", ""Books"", ""Bills""]","[0.865644633769989, 0.8624886274337769, 0.8620744943618774]",False,True
internet_bill,WE 1NTERNET B1LL,Bills,en,ocr_noise,intfloat/multilingual-e5-small,DESCRIPTION_ONLY,Bills,0.8039110898971558,Entertainment,0.7987854480743408,0.005125641822814941,"[""Bills"", ""Entertainment"", ""Groceries""]","[0.8039110898971558, 0.7987854480743408, 0.793708086013794]",True,True
internet_bill,WE 1NTERNET B1LL,Bills,en,ocr_noise,intfloat/multilingual-e5-small,EXAMPLE_CENTROID,Groceries,0.862140417098999,Books,0.8583486676216125,0.0037917494773864746,"[""Groceries"", ""Books"", ""Restaurants""]","[0.862140417098999, 0.8583486676216125, 0.8500551581382751]",False,False
internet_bill,WE 1NTERNET B1LL,Bills,en,ocr_noise,intfloat/multilingual-e5-small,HYBRID_PROTOTYPE,Groceries,0.8526337146759033,Books,0.8450766205787659,0.007557094097137451,"[""Groceries"", ""Books"", ""Household""]","[0.8526337146759033, 0.8450766205787659, 0.8429937362670898]",False,False
netflix,Netflix,Entertainment,en,clean,intfloat/multilingual-e5-small,DESCRIPTION_ONLY,Entertainment,0.8376054763793945,Books,0.8145902156829834,0.023015260696411133,"[""Entertainment"", ""Books"", ""Bills""]","[0.8376054763793945, 0.8145902156829834, 0.8121376037597656]",True,True
netflix,Netflix,Entertainment,en,clean,intfloat/multilingual-e5-small,EXAMPLE_CENTROID,Books,0.8463732004165649,Restaurants,0.844674289226532,0.001698911190032959,"[""Books"", ""Restaurants"", ""Shopping""]","[0.8463732004165649, 0.844674289226532, 0.8446643352508545]",False,False
netflix,Netflix,Entertainment,en,clean,intfloat/multilingual-e5-small,HYBRID_PROTOTYPE,Entertainment,0.8602747321128845,Books,0.8558064103126526,0.004468321800231934,"[""Entertainment"", ""Books"", ""Restaurants""]","[0.8602747321128845, 0.8558064103126526, 0.8505396842956543]",True,True
cinema_ticket,Cinema Ticket,Entertainment,en,clean,intfloat/multilingual-e5-small,DESCRIPTION_ONLY,Entertainment,0.8460521697998047,Transport,0.7949841022491455,0.05106806755065918,"[""Entertainment"", ""Transport"", ""Bills""]","[0.8460521697998047, 0.7949841022491455, 0.7885684967041016]",True,True
cinema_ticket,Cinema Ticket,Entertainment,en,clean,intfloat/multilingual-e5-small,EXAMPLE_CENTROID,Entertainment,0.8852230906486511,Transport,0.8681012392044067,0.017121851444244385,"[""Entertainment"", ""Transport"", ""Bills""]","[0.8852230906486511, 0.8681012392044067, 0.8539963364601135]",True,True
cinema_ticket,Cinema Ticket,Entertainment,en,clean,intfloat/multilingual-e5-small,HYBRID_PROTOTYPE,Entertainment,0.8851228952407837,Transport,0.8530340790748596,0.03208881616592407,"[""Entertainment"", ""Transport"", ""Restaurants""]","[0.8851228952407837, 0.8530340790748596, 0.8427739143371582]",True,True
playstation_game,PlayStation Game,Entertainment,en,clean,intfloat/multilingual-e5-small,DESCRIPTION_ONLY,Entertainment,0.8139966726303101,Shopping,0.7912271022796631,0.022769570350646973,"[""Entertainment"", ""Shopping"", ""Bills""]","[0.8139966726303101, 0.7912271022796631, 0.7891553640365601]",True,True
playstation_game,PlayStation Game,Entertainment,en,clean,intfloat/multilingual-e5-small,EXAMPLE_CENTROID,Shopping,0.8514093160629272,Books,0.8468852043151855,0.004524111747741699,"[""Shopping"", ""Books"", ""Fruits & Vegetables""]","[0.8514093160629272, 0.8468852043151855, 0.845224916934967]",False,False
playstation_game,PlayStation Game,Entertainment,en,clean,intfloat/multilingual-e5-small,HYBRID_PROTOTYPE,Entertainment,0.8474306464195251,Shopping,0.8455748558044434,0.0018557906150817871,"[""Entertainment"", ""Shopping"", ""Fruits & Vegetables""]","[0.8474306464195251, 0.8455748558044434, 0.8327537178993225]",True,True
concert_ticket,Concert Ticket,Entertainment,en,clean,intfloat/multilingual-e5-small,DESCRIPTION_ONLY,Entertainment,0.8154022693634033,Other,0.7895109057426453,0.025891363620758057,"[""Entertainment"", ""Other"", ""Bills""]","[0.8154022693634033, 0.7895109057426453, 0.7790936231613159]",True,True
concert_ticket,Concert Ticket,Entertainment,en,clean,intfloat/multilingual-e5-small,EXAMPLE_CENTROID,Transport,0.8387138843536377,Entertainment,0.8381866216659546,0.0005272626876831055,"[""Transport"", ""Entertainment"", ""Shopping""]","[0.8387138843536377, 0.8381866216659546, 0.8371051549911499]",False,True
concert_ticket,Concert Ticket,Entertainment,en,clean,intfloat/multilingual-e5-small,HYBRID_PROTOTYPE,Entertainment,0.8456025123596191,Other,0.830632209777832,0.01497030258178711,"[""Entertainment"", ""Other"", ""Shopping""]","[0.8456025123596191, 0.830632209777832, 0.8276364207267761]",True,True
cinema_ticket,تذكرة سينما,Entertainment,ar,clean,intfloat/multilingual-e5-small,DESCRIPTION_ONLY,Entertainment,0.8554632663726807,Transport,0.8208168745040894,0.03464639186859131,"[""Entertainment"", ""Transport"", ""Restaurants""]","[0.8554632663726807, 0.8208168745040894, 0.8105179071426392]",True,True
cinema_ticket,تذكرة سينما,Entertainment,ar,clean,intfloat/multilingual-e5-small,EXAMPLE_CENTROID,Entertainment,0.8988389372825623,Transport,0.8970043659210205,0.001834571361541748,"[""Entertainment"", ""Transport"", ""Shopping""]","[0.8988389372825623, 0.8970043659210205, 0.8771584033966064]",True,True
cinema_ticket,تذكرة سينما,Entertainment,ar,clean,intfloat/multilingual-e5-small,HYBRID_PROTOTYPE,Entertainment,0.8968955278396606,Transport,0.881109356880188,0.015786170959472656,"[""Entertainment"", ""Transport"", ""Restaurants""]","[0.8968955278396606, 0.881109356880188, 0.8671674728393555]",True,True
netflix,اشتراك مشاهدة أفلام,Entertainment,ar,clean,intfloat/multilingual-e5-small,DESCRIPTION_ONLY,Entertainment,0.8792065382003784,Shopping,0.8228952884674072,0.05631124973297119,"[""Entertainment"", ""Shopping"", ""Restaurants""]","[0.8792065382003784, 0.8228952884674072, 0.8179322481155396]",True,True
netflix,اشتراك مشاهدة أفلام,Entertainment,ar,clean,intfloat/multilingual-e5-small,EXAMPLE_CENTROID,Entertainment,0.886420488357544,Books,0.8825209140777588,0.0038995742797851562,"[""Entertainment"", ""Books"", ""Transport""]","[0.886420488357544, 0.8825209140777588, 0.8756929636001587]",True,True
netflix,اشتراك مشاهدة أفلام,Entertainment,ar,clean,intfloat/multilingual-e5-small,HYBRID_PROTOTYPE,Entertainment,0.9048329591751099,Books,0.875636875629425,0.029196083545684814,"[""Entertainment"", ""Books"", ""Shopping""]","[0.9048329591751099, 0.875636875629425, 0.8714768290519714]",True,True
playstation_game,لعبة بلايستيشن,Entertainment,ar,clean,intfloat/multilingual-e5-small,DESCRIPTION_ONLY,Entertainment,0.8220694065093994,Transport,0.799384593963623,0.022684812545776367,"[""Entertainment"", ""Transport"", ""Shopping""]","[0.8220694065093994, 0.799384593963623, 0.7993602156639099]",True,True
playstation_game,لعبة بلايستيشن,Entertainment,ar,clean,intfloat/multilingual-e5-small,EXAMPLE_CENTROID,Shopping,0.8793810606002808,Books,0.8788398504257202,0.0005412101745605469,"[""Shopping"", ""Books"", ""Household""]","[0.8793810606002808, 0.8788398504257202, 0.8785662651062012]",False,False
playstation_game,لعبة بلايستيشن,Entertainment,ar,clean,intfloat/multilingual-e5-small,HYBRID_PROTOTYPE,Shopping,0.8641603589057922,Entertainment,0.8612158298492432,0.0029445290565490723,"[""Shopping"", ""Entertainment"", ""Books""]","[0.8641603589057922, 0.8612158298492432, 0.8579816222190857]",False,True
concert_ticket,تذكرة حفلة,Entertainment,ar,clean,intfloat/multilingual-e5-small,DESCRIPTION_ONLY,Entertainment,0.8476086854934692,Transport,0.8195732235908508,0.028035461902618408,"[""Entertainment"", ""Transport"", ""Restaurants""]","[0.8476086854934692, 0.8195732235908508, 0.8188490867614746]",True,True
concert_ticket,تذكرة حفلة,Entertainment,ar,clean,intfloat/multilingual-e5-small,EXAMPLE_CENTROID,Transport,0.9014878273010254,Shopping,0.8898406028747559,0.011647224426269531,"[""Transport"", ""Shopping"", ""Restaurants""]","[0.9014878273010254, 0.8898406028747559, 0.8840913772583008]",False,False
concert_ticket,تذكرة حفلة,Entertainment,ar,clean,intfloat/multilingual-e5-small,HYBRID_PROTOTYPE,Entertainment,0.8855271935462952,Transport,0.8827711343765259,0.002756059169769287,"[""Entertainment"", ""Transport"", ""Restaurants""]","[0.8855271935462952, 0.8827711343765259, 0.8755016326904297]",True,True
netflix,Netflix اشتراك,Entertainment,mixed,mixed_language,intfloat/multilingual-e5-small,DESCRIPTION_ONLY,Entertainment,0.8635785579681396,Shopping,0.8316892385482788,0.03188931941986084,"[""Entertainment"", ""Shopping"", ""Bills""]","[0.8635785579681396, 0.8316892385482788, 0.8286030292510986]",True,True
netflix,Netflix اشتراك,Entertainment,mixed,mixed_language,intfloat/multilingual-e5-small,EXAMPLE_CENTROID,Restaurants,0.8805880546569824,Books,0.8783003091812134,0.002287745475769043,"[""Restaurants"", ""Books"", ""Household""]","[0.8805880546569824, 0.8783003091812134, 0.8767603635787964]",False,False
netflix,Netflix اشتراك,Entertainment,mixed,mixed_language,intfloat/multilingual-e5-small,HYBRID_PROTOTYPE,Entertainment,0.8904691934585571,Shopping,0.8775126934051514,0.012956500053405762,"[""Entertainment"", ""Shopping"", ""Groceries""]","[0.8904691934585571, 0.8775126934051514, 0.8749452829360962]",True,True
cinema_ticket,Cinema تذكرة,Entertainment,mixed,mixed_language,intfloat/multilingual-e5-small,DESCRIPTION_ONLY,Entertainment,0.8736321926116943,Transport,0.8359692096710205,0.03766298294067383,"[""Entertainment"", ""Transport"", ""Restaurants""]","[0.8736321926116943, 0.8359692096710205, 0.8317581415176392]",True,True
cinema_ticket,Cinema تذكرة,Entertainment,mixed,mixed_language,intfloat/multilingual-e5-small,EXAMPLE_CENTROID,Entertainment,0.9209909439086914,Transport,0.9157311320304871,0.005259811878204346,"[""Entertainment"", ""Transport"", ""Books""]","[0.9209909439086914, 0.9157311320304871, 0.8988939523696899]",True,True
cinema_ticket,Cinema تذكرة,Entertainment,mixed,mixed_language,intfloat/multilingual-e5-small,HYBRID_PROTOTYPE,Entertainment,0.9175097942352295,Transport,0.8984867334365845,0.01902306079864502,"[""Entertainment"", ""Transport"", ""Restaurants""]","[0.9175097942352295, 0.8984867334365845, 0.8894420862197876]",True,True
netflix,NETFL1X,Entertainment,en,ocr_noise,intfloat/multilingual-e5-small,DESCRIPTION_ONLY,Entertainment,0.79518723487854,Bills,0.7855257987976074,0.009661436080932617,"[""Entertainment"", ""Bills"", ""Shopping""]","[0.79518723487854, 0.7855257987976074, 0.7792725563049316]",True,True
netflix,NETFL1X,Entertainment,en,ocr_noise,intfloat/multilingual-e5-small,EXAMPLE_CENTROID,Groceries,0.8400867581367493,Household,0.8378527760505676,0.0022339820861816406,"[""Groceries"", ""Household"", ""Shopping""]","[0.8400867581367493, 0.8378527760505676, 0.834966242313385]",False,False
netflix,NETFL1X,Entertainment,en,ocr_noise,intfloat/multilingual-e5-small,HYBRID_PROTOTYPE,Shopping,0.8309566974639893,Groceries,0.82948899269104,0.0014677047729492188,"[""Shopping"", ""Groceries"", ""Entertainment""]","[0.8309566974639893, 0.82948899269104, 0.8276686072349548]",False,True
cinema_ticket,C1NEMA T1CKET,Entertainment,en,ocr_noise,intfloat/multilingual-e5-small,DESCRIPTION_ONLY,Entertainment,0.8077346086502075,Shopping,0.7947709560394287,0.012963652610778809,"[""Entertainment"", ""Shopping"", ""Restaurants""]","[0.8077346086502075, 0.7947709560394287, 0.793972373008728]",True,True
cinema_ticket,C1NEMA T1CKET,Entertainment,en,ocr_noise,intfloat/multilingual-e5-small,EXAMPLE_CENTROID,Groceries,0.8604270815849304,Shopping,0.8564050197601318,0.004022061824798584,"[""Groceries"", ""Shopping"", ""Restaurants""]","[0.8604270815849304, 0.8564050197601318, 0.8539561033248901]",False,False
cinema_ticket,C1NEMA T1CKET,Entertainment,en,ocr_noise,intfloat/multilingual-e5-small,HYBRID_PROTOTYPE,Shopping,0.8499706983566284,Groceries,0.8478641510009766,0.0021065473556518555,"[""Shopping"", ""Groceries"", ""Restaurants""]","[0.8499706983566284, 0.8478641510009766, 0.8472193479537964]",False,False
dove_shampoo,Dove Shampoo,Personal Care,en,clean,intfloat/multilingual-e5-small,DESCRIPTION_ONLY,Personal Care,0.8300645351409912,Household,0.8004960417747498,0.029568493366241455,"[""Personal Care"", ""Household"", ""Medicine""]","[0.8300645351409912, 0.8004960417747498, 0.790055513381958]",True,True
dove_shampoo,Dove Shampoo,Personal Care,en,clean,intfloat/multilingual-e5-small,EXAMPLE_CENTROID,Personal Care,0.8599222898483276,Household,0.8516769409179688,0.008245348930358887,"[""Personal Care"", ""Household"", ""Shopping""]","[0.8599222898483276, 0.8516769409179688, 0.8458950519561768]",True,True
dove_shampoo,Dove Shampoo,Personal Care,en,clean,intfloat/multilingual-e5-small,HYBRID_PROTOTYPE,Personal Care,0.8679333925247192,Household,0.8518232107162476,0.01611018180847168,"[""Personal Care"", ""Household"", ""Shopping""]","[0.8679333925247192, 0.8518232107162476, 0.8405637741088867]",True,True
nivea_face_cream,Nivea Face Cream,Personal Care,en,clean,intfloat/multilingual-e5-small,DESCRIPTION_ONLY,Personal Care,0.8253754377365112,Medicine,0.8110839128494263,0.014291524887084961,"[""Personal Care"", ""Medicine"", ""Entertainment""]","[0.8253754377365112, 0.8110839128494263, 0.8066949844360352]",True,True
nivea_face_cream,Nivea Face Cream,Personal Care,en,clean,intfloat/multilingual-e5-small,EXAMPLE_CENTROID,Personal Care,0.8838318586349487,Household,0.8824931383132935,0.0013387203216552734,"[""Personal Care"", ""Household"", ""Restaurants""]","[0.8838318586349487, 0.8824931383132935, 0.8759957551956177]",True,True
nivea_face_cream,Nivea Face Cream,Personal Care,en,clean,intfloat/multilingual-e5-small,HYBRID_PROTOTYPE,Personal Care,0.8774072527885437,Medicine,0.8657783269882202,0.011628925800323486,"[""Personal Care"", ""Medicine"", ""Household""]","[0.8774072527885437, 0.8657783269882202, 0.8638405799865723]",True,True
gillette_razor,Gillette Razor,Personal Care,en,clean,intfloat/multilingual-e5-small,DESCRIPTION_ONLY,Personal Care,0.8001360297203064,Shopping,0.7936158180236816,0.006520211696624756,"[""Personal Care"", ""Shopping"", ""Groceries""]","[0.8001360297203064, 0.7936158180236816, 0.7918835878372192]",True,True
gillette_razor,Gillette Razor,Personal Care,en,clean,intfloat/multilingual-e5-small,EXAMPLE_CENTROID,Household,0.8611554503440857,Personal Care,0.8572900295257568,0.0038654208183288574,"[""Household"", ""Personal Care"", ""Groceries""]","[0.8611554503440857, 0.8572900295257568, 0.8530224561691284]",False,True
gillette_razor,Gillette Razor,Personal Care,en,clean,intfloat/multilingual-e5-small,HYBRID_PROTOTYPE,Personal Care,0.8503314852714539,Household,0.8480159640312195,0.002315521240234375,"[""Personal Care"", ""Household"", ""Groceries""]","[0.8503314852714539, 0.8480159640312195, 0.8469991683959961]",True,True
haircut,Haircut,Personal Care,en,clean,intfloat/multilingual-e5-small,DESCRIPTION_ONLY,Personal Care,0.8123753666877747,Restaurants,0.8052283525466919,0.007147014141082764,"[""Personal Care"", ""Restaurants"", ""Entertainment""]","[0.8123753666877747, 0.8052283525466919, 0.8026040196418762]",True,True
haircut,Haircut,Personal Care,en,clean,intfloat/multilingual-e5-small,EXAMPLE_CENTROID,Personal Care,0.8460525274276733,Shopping,0.8452706336975098,0.0007818937301635742,"[""Personal Care"", ""Shopping"", ""Books""]","[0.8460525274276733, 0.8452706336975098, 0.8370782136917114]",True,True
haircut,Haircut,Personal Care,en,clean,intfloat/multilingual-e5-small,HYBRID_PROTOTYPE,Personal Care,0.8504897356033325,Shopping,0.8471016883850098,0.003388047218322754,"[""Personal Care"", ""Shopping"", ""Restaurants""]","[0.8504897356033325, 0.8471016883850098, 0.8437714576721191]",True,True
dove_shampoo,شامبو دوف,Personal Care,ar,clean,intfloat/multilingual-e5-small,DESCRIPTION_ONLY,Personal Care,0.8382133841514587,Household,0.8113136291503906,0.026899755001068115,"[""Personal Care"", ""Household"", ""Bills""]","[0.8382133841514587, 0.8113136291503906, 0.8044047355651855]",True,True
dove_shampoo,شامبو دوف,Personal Care,ar,clean,intfloat/multilingual-e5-small,EXAMPLE_CENTROID,Household,0.8842681646347046,Books,0.8810406923294067,0.0032274723052978516,"[""Household"", ""Books"", ""Personal Care""]","[0.8842681646347046, 0.8810406923294067, 0.88063645362854]",False,True
dove_shampoo,شامبو دوف,Personal Care,ar,clean,intfloat/multilingual-e5-small,HYBRID_PROTOTYPE,Personal Care,0.882756769657135,Household,0.8742039203643799,0.008552849292755127,"[""Personal Care"", ""Household"", ""Groceries""]","[0.882756769657135, 0.8742039203643799, 0.8634463548660278]",True,True
nivea_face_cream,كريم نيفيا للوجه,Personal Care,ar,clean,intfloat/multilingual-e5-small,DESCRIPTION_ONLY,Personal Care,0.8363860249519348,Medicine,0.8111300468444824,0.025255978107452393,"[""Personal Care"", ""Medicine"", ""Transport""]","[0.8363860249519348, 0.8111300468444824, 0.8108662962913513]",True,True
nivea_face_cream,كريم نيفيا للوجه,Personal Care,ar,clean,intfloat/multilingual-e5-small,EXAMPLE_CENTROID,Household,0.874377965927124,Medicine,0.866605818271637,0.0077721476554870605,"[""Household"", ""Medicine"", ""Personal Care""]","[0.874377965927124, 0.866605818271637, 0.8652399182319641]",False,True
nivea_face_cream,كريم نيفيا للوجه,Personal Care,ar,clean,intfloat/multilingual-e5-small,HYBRID_PROTOTYPE,Personal Care,0.8735153675079346,Medicine,0.8630647659301758,0.010450601577758789,"[""Personal Care"", ""Medicine"", ""Household""]","[0.8735153675079346, 0.8630647659301758, 0.8623757362365723]",True,True
gillette_razor,شفرة حلاقة,Personal Care,ar,clean,intfloat/multilingual-e5-small,DESCRIPTION_ONLY,Personal Care,0.8425254821777344,Entertainment,0.8080241680145264,0.03450131416320801,"[""Personal Care"", ""Entertainment"", ""Shopping""]","[0.8425254821777344, 0.8080241680145264, 0.8013524413108826]",True,True
gillette_razor,شفرة حلاقة,Personal Care,ar,clean,intfloat/multilingual-e5-small,EXAMPLE_CENTROID,Personal Care,0.8921202421188354,Household,0.8800904750823975,0.012029767036437988,"[""Personal Care"", ""Household"", ""Books""]","[0.8921202421188354, 0.8800904750823975, 0.8772038817405701]",True,True
gillette_razor,شفرة حلاقة,Personal Care,ar,clean,intfloat/multilingual-e5-small,HYBRID_PROTOTYPE,Personal Care,0.8899486064910889,Books,0.8622156977653503,0.027732908725738525,"[""Personal Care"", ""Books"", ""Shopping""]","[0.8899486064910889, 0.8622156977653503, 0.8614565134048462]",True,True
haircut,قص شعر,Personal Care,ar,clean,intfloat/multilingual-e5-small,DESCRIPTION_ONLY,Personal Care,0.8269902467727661,Restaurants,0.8230150938034058,0.0039751529693603516,"[""Personal Care"", ""Restaurants"", ""Shopping""]","[0.8269902467727661, 0.8230150938034058, 0.8140649199485779]",True,True
haircut,قص شعر,Personal Care,ar,clean,intfloat/multilingual-e5-small,EXAMPLE_CENTROID,Books,0.8841431140899658,Shopping,0.8812505006790161,0.002892613410949707,"[""Books"", ""Shopping"", ""Personal Care""]","[0.8841431140899658, 0.8812505006790161, 0.8788520693778992]",False,True
haircut,قص شعر,Personal Care,ar,clean,intfloat/multilingual-e5-small,HYBRID_PROTOTYPE,Personal Care,0.8748052716255188,Books,0.8741483688354492,0.0006569027900695801,"[""Personal Care"", ""Books"", ""Shopping""]","[0.8748052716255188, 0.8741483688354492, 0.8726922869682312]",True,True
dove_shampoo,Shampoo شامبو,Personal Care,mixed,mixed_language,intfloat/multilingual-e5-small,DESCRIPTION_ONLY,Personal Care,0.8600559830665588,Household,0.8272859454154968,0.03277003765106201,"[""Personal Care"", ""Household"", ""Medicine""]","[0.8600559830665588, 0.8272859454154968, 0.811456561088562]",True,True
dove_shampoo,Shampoo شامبو,Personal Care,mixed,mixed_language,intfloat/multilingual-e5-small,EXAMPLE_CENTROID,Personal Care,0.8964710235595703,Household,0.8943256735801697,0.0021453499794006348,"[""Personal Care"", ""Household"", ""Books""]","[0.8964710235595703, 0.8943256735801697, 0.893971860408783]",True,True
dove_shampoo,Shampoo شامبو,Personal Care,mixed,mixed_language,intfloat/multilingual-e5-small,HYBRID_PROTOTYPE,Personal Care,0.9021068811416626,Household,0.8876243829727173,0.014482498168945312,"[""Personal Care"", ""Household"", ""Shopping""]","[0.9021068811416626, 0.8876243829727173, 0.8737798929214478]",True,True
nivea_face_cream,Nivea كريم بشرة,Personal Care,mixed,mixed_language,intfloat/multilingual-e5-small,DESCRIPTION_ONLY,Personal Care,0.8519675731658936,Medicine,0.8352843523025513,0.016683220863342285,"[""Personal Care"", ""Medicine"", ""Transport""]","[0.8519675731658936, 0.8352843523025513, 0.828729510307312]",True,True
nivea_face_cream,Nivea كريم بشرة,Personal Care,mixed,mixed_language,intfloat/multilingual-e5-small,EXAMPLE_CENTROID,Household,0.9098551273345947,Medicine,0.9031270742416382,0.006728053092956543,"[""Household"", ""Medicine"", ""Restaurants""]","[0.9098551273345947, 0.9031270742416382, 0.901403546333313]",False,False
nivea_face_cream,Nivea كريم بشرة,Personal Care,mixed,mixed_language,intfloat/multilingual-e5-small,HYBRID_PROTOTYPE,Personal Care,0.8986395001411438,Medicine,0.8942776918411255,0.0043618083000183105,"[""Personal Care"", ""Medicine"", ""Household""]","[0.8986395001411438, 0.8942776918411255, 0.8891700506210327]",True,True
dove_shampoo,شامبو D0VE,Personal Care,mixed,ocr_noise,intfloat/multilingual-e5-small,DESCRIPTION_ONLY,Personal Care,0.8388273119926453,Household,0.8141146302223206,0.024712681770324707,"[""Personal Care"", ""Household"", ""Bills""]","[0.8388273119926453, 0.8141146302223206, 0.8137770891189575]",True,True
dove_shampoo,شامبو D0VE,Personal Care,mixed,ocr_noise,intfloat/multilingual-e5-small,EXAMPLE_CENTROID,Household,0.9012331962585449,Personal Care,0.8980770111083984,0.0031561851501464844,"[""Household"", ""Personal Care"", ""Books""]","[0.9012331962585449, 0.8980770111083984, 0.897972047328949]",False,True
dove_shampoo,شامبو D0VE,Personal Care,mixed,ocr_noise,intfloat/multilingual-e5-small,HYBRID_PROTOTYPE,Personal Care,0.8920290470123291,Household,0.8843947649002075,0.007634282112121582,"[""Personal Care"", ""Household"", ""Shopping""]","[0.8920290470123291, 0.8843947649002075, 0.8755253553390503]",True,True
gillette_razor,G1LLETTE RAZ0R,Personal Care,en,ocr_noise,intfloat/multilingual-e5-small,DESCRIPTION_ONLY,Entertainment,0.8023245334625244,Shopping,0.7963844537734985,0.005940079689025879,"[""Entertainment"", ""Shopping"", ""Personal Care""]","[0.8023245334625244, 0.7963844537734985, 0.7938814163208008]",False,True
gillette_razor,G1LLETTE RAZ0R,Personal Care,en,ocr_noise,intfloat/multilingual-e5-small,EXAMPLE_CENTROID,Groceries,0.8558713793754578,Books,0.8506988286972046,0.005172550678253174,"[""Groceries"", ""Books"", ""Household""]","[0.8558713793754578, 0.8506988286972046, 0.8503357172012329]",False,False
gillette_razor,G1LLETTE RAZ0R,Personal Care,en,ocr_noise,intfloat/multilingual-e5-small,HYBRID_PROTOTYPE,Groceries,0.8485603928565979,Shopping,0.8459445238113403,0.0026158690452575684,"[""Groceries"", ""Shopping"", ""Books""]","[0.8485603928565979, 0.8459445238113403, 0.8439813256263733]",False,False
service_fee,Service Fee,Other,en,clean,intfloat/multilingual-e5-small,DESCRIPTION_ONLY,Other,0.84749835729599,Bills,0.8406195640563965,0.006878793239593506,"[""Other"", ""Bills"", ""Restaurants""]","[0.84749835729599, 0.8406195640563965, 0.8226994276046753]",True,True
service_fee,Service Fee,Other,en,clean,intfloat/multilingual-e5-small,EXAMPLE_CENTROID,Other,0.8911045789718628,Bills,0.8901112079620361,0.0009933710098266602,"[""Other"", ""Bills"", ""Transport""]","[0.8911045789718628, 0.8901112079620361, 0.8703517913818359]",True,True
service_fee,Service Fee,Other,en,clean,intfloat/multilingual-e5-small,HYBRID_PROTOTYPE,Other,0.8915354013442993,Bills,0.8851876258850098,0.006347775459289551,"[""Other"", ""Bills"", ""Shopping""]","[0.8915354013442993, 0.8851876258850098, 0.8696269989013672]",True,True
charity_donation,Charity Donation,Other,en,clean,intfloat/multilingual-e5-small,DESCRIPTION_ONLY,Other,0.80120450258255,Bills,0.7939797639846802,0.007224738597869873,"[""Other"", ""Bills"", ""Medicine""]","[0.80120450258255, 0.7939797639846802, 0.7939523458480835]",True,True
charity_donation,Charity Donation,Other,en,clean,intfloat/multilingual-e5-small,EXAMPLE_CENTROID,Shopping,0.831411600112915,Restaurants,0.8281721472740173,0.003239452838897705,"[""Shopping"", ""Restaurants"", ""Groceries""]","[0.831411600112915, 0.8281721472740173, 0.8269782066345215]",False,False
charity_donation,Charity Donation,Other,en,clean,intfloat/multilingual-e5-small,HYBRID_PROTOTYPE,Other,0.8337085247039795,Groceries,0.8293830752372742,0.004325449466705322,"[""Other"", ""Groceries"", ""Household""]","[0.8337085247039795, 0.8293830752372742, 0.8293391466140747]",True,True
document_printing,Document Printing,Other,en,clean,intfloat/multilingual-e5-small,DESCRIPTION_ONLY,Bills,0.792273759841919,Medicine,0.7914949059486389,0.0007788538932800293,"[""Bills"", ""Medicine"", ""Other""]","[0.792273759841919, 0.7914949059486389, 0.7862756252288818]",False,True
document_printing,Document Printing,Other,en,clean,intfloat/multilingual-e5-small,EXAMPLE_CENTROID,Books,0.8444887399673462,Shopping,0.8401763439178467,0.004312396049499512,"[""Books"", ""Shopping"", ""Bills""]","[0.8444887399673462, 0.8401763439178467, 0.8361260890960693]",False,False
document_printing,Document Printing,Other,en,clean,intfloat/multilingual-e5-small,HYBRID_PROTOTYPE,Books,0.8394515514373779,Shopping,0.8340086936950684,0.00544285774230957,"[""Books"", ""Shopping"", ""Groceries""]","[0.8394515514373779, 0.8340086936950684, 0.8337774276733398]",False,False
delivery_fee,Delivery Fee,Other,en,clean,intfloat/multilingual-e5-small,DESCRIPTION_ONLY,Other,0.8386474847793579,Bills,0.8216462731361389,0.017001211643218994,"[""Other"", ""Bills"", ""Restaurants""]","[0.8386474847793579, 0.8216462731361389, 0.8168789148330688]",True,True
delivery_fee,Delivery Fee,Other,en,clean,intfloat/multilingual-e5-small,EXAMPLE_CENTROID,Other,0.8715517520904541,Bills,0.8570128679275513,0.014538884162902832,"[""Other"", ""Bills"", ""Restaurants""]","[0.8715517520904541, 0.8570128679275513, 0.8473969101905823]",True,True
delivery_fee,Delivery Fee,Other,en,clean,intfloat/multilingual-e5-small,HYBRID_PROTOTYPE,Other,0.877001166343689,Bills,0.8585554361343384,0.018445730209350586,"[""Other"", ""Bills"", ""Restaurants""]","[0.877001166343689, 0.8585554361343384, 0.855623722076416]",True,True
service_fee,رسوم خدمة,Other,ar,clean,intfloat/multilingual-e5-small,DESCRIPTION_ONLY,Bills,0.8383516073226929,Other,0.8372224569320679,0.001129150390625,"[""Bills"", ""Other"", ""Transport""]","[0.8383516073226929, 0.8372224569320679, 0.8242195844650269]",False,True
service_fee,رسوم خدمة,Other,ar,clean,intfloat/multilingual-e5-small,EXAMPLE_CENTROID,Bills,0.8892394304275513,Other,0.882483720779419,0.006755709648132324,"[""Bills"", ""Other"", ""Transport""]","[0.8892394304275513, 0.882483720779419, 0.8675473928451538]",False,True
service_fee,رسوم خدمة,Other,ar,clean,intfloat/multilingual-e5-small,HYBRID_PROTOTYPE,Bills,0.883581817150116,Other,0.8818454742431641,0.0017363429069519043,"[""Bills"", ""Other"", ""Transport""]","[0.883581817150116, 0.8818454742431641, 0.8677455186843872]",False,True
charity_donation,تبرع خيري,Other,ar,clean,intfloat/multilingual-e5-small,DESCRIPTION_ONLY,Other,0.825645387172699,Transport,0.811963677406311,0.01368170976638794,"[""Other"", ""Transport"", ""Personal Care""]","[0.825645387172699, 0.811963677406311, 0.8090455532073975]",True,True
charity_donation,تبرع خيري,Other,ar,clean,intfloat/multilingual-e5-small,EXAMPLE_CENTROID,Books,0.8939510583877563,Household,0.8834688067436218,0.010482251644134521,"[""Books"", ""Household"", ""Groceries""]","[0.8939510583877563, 0.8834688067436218, 0.8834672570228577]",False,False
charity_donation,تبرع خيري,Other,ar,clean,intfloat/multilingual-e5-small,HYBRID_PROTOTYPE,Other,0.8745572566986084,Groceries,0.870840311050415,0.0037169456481933594,"[""Other"", ""Groceries"", ""Books""]","[0.8745572566986084, 0.870840311050415, 0.8697585463523865]",True,True
document_printing,طباعة مستندات,Other,ar,clean,intfloat/multilingual-e5-small,DESCRIPTION_ONLY,Other,0.8244680166244507,Books,0.8219113349914551,0.0025566816329956055,"[""Other"", ""Books"", ""Medicine""]","[0.8244680166244507, 0.8219113349914551, 0.8181822896003723]",True,True
document_printing,طباعة مستندات,Other,ar,clean,intfloat/multilingual-e5-small,EXAMPLE_CENTROID,Books,0.8766131401062012,Shopping,0.8671875,0.009425640106201172,"[""Books"", ""Shopping"", ""Other""]","[0.8766131401062012, 0.8671875, 0.8661507368087769]",False,True
document_printing,طباعة مستندات,Other,ar,clean,intfloat/multilingual-e5-small,HYBRID_PROTOTYPE,Books,0.8751596212387085,Other,0.8673021793365479,0.007857441902160645,"[""Books"", ""Other"", ""Medicine""]","[0.8751596212387085, 0.8673021793365479, 0.8636065125465393]",False,True
misc_expense,مصاريف متنوعة,Other,ar,clean,intfloat/multilingual-e5-small,DESCRIPTION_ONLY,Other,0.8677290678024292,Bills,0.8486649990081787,0.01906406879425049,"[""Other"", ""Bills"", ""Shopping""]","[0.8677290678024292, 0.8486649990081787, 0.8383721113204956]",True,True
misc_expense,مصاريف متنوعة,Other,ar,clean,intfloat/multilingual-e5-small,EXAMPLE_CENTROID,Books,0.8849957585334778,Bills,0.884446382522583,0.0005493760108947754,"[""Books"", ""Bills"", ""Other""]","[0.8849957585334778, 0.884446382522583, 0.8796535730361938]",False,True
misc_expense,مصاريف متنوعة,Other,ar,clean,intfloat/multilingual-e5-small,HYBRID_PROTOTYPE,Other,0.8978803753852844,Bills,0.8864051103591919,0.01147526502609253,"[""Other"", ""Bills"", ""Shopping""]","[0.8978803753852844, 0.8864051103591919, 0.8833674788475037]",True,True
delivery_fee,Delivery رسوم,Other,mixed,mixed_language,intfloat/multilingual-e5-small,DESCRIPTION_ONLY,Other,0.8464420437812805,Restaurants,0.8405910730361938,0.00585097074508667,"[""Other"", ""Restaurants"", ""Transport""]","[0.8464420437812805, 0.8405910730361938, 0.8374561667442322]",True,True
delivery_fee,Delivery رسوم,Other,mixed,mixed_language,intfloat/multilingual-e5-small,EXAMPLE_CENTROID,Other,0.9015407562255859,Restaurants,0.8829029202461243,0.01863783597946167,"[""Other"", ""Restaurants"", ""Bills""]","[0.9015407562255859, 0.8829029202461243, 0.8824094533920288]",True,True
delivery_fee,Delivery رسوم,Other,mixed,mixed_language,intfloat/multilingual-e5-small,HYBRID_PROTOTYPE,Other,0.8963768482208252,Restaurants,0.8860684633255005,0.010308384895324707,"[""Other"", ""Restaurants"", ""Groceries""]","[0.8963768482208252, 0.8860684633255005, 0.8835563063621521]",True,True
service_fee,Service مصاريف,Other,mixed,mixed_language,intfloat/multilingual-e5-small,DESCRIPTION_ONLY,Other,0.8529936075210571,Bills,0.8469334840774536,0.006060123443603516,"[""Other"", ""Bills"", ""Transport""]","[0.8529936075210571, 0.8469334840774536, 0.8378060460090637]",True,True
service_fee,Service مصاريف,Other,mixed,mixed_language,intfloat/multilingual-e5-small,EXAMPLE_CENTROID,Other,0.9074448347091675,Bills,0.9035546779632568,0.0038901567459106445,"[""Other"", ""Bills"", ""Books""]","[0.9074448347091675, 0.9035546779632568, 0.8995271921157837]",True,True
service_fee,Service مصاريف,Other,mixed,mixed_language,intfloat/multilingual-e5-small,HYBRID_PROTOTYPE,Other,0.9027323722839355,Bills,0.8952925205230713,0.007439851760864258,"[""Other"", ""Bills"", ""Transport""]","[0.9027323722839355, 0.8952925205230713, 0.888940155506134]",True,True
service_fee,SERV1CE FEE,Other,en,ocr_noise,intfloat/multilingual-e5-small,DESCRIPTION_ONLY,Other,0.8123250007629395,Bills,0.8103054761886597,0.002019524574279785,"[""Other"", ""Bills"", ""Restaurants""]","[0.8123250007629395, 0.8103054761886597, 0.8025717735290527]",True,True
service_fee,SERV1CE FEE,Other,en,ocr_noise,intfloat/multilingual-e5-small,EXAMPLE_CENTROID,Other,0.8560687899589539,Groceries,0.8490544557571411,0.007014334201812744,"[""Other"", ""Groceries"", ""Books""]","[0.8560687899589539, 0.8490544557571411, 0.8466777801513672]",True,True
service_fee,SERV1CE FEE,Other,en,ocr_noise,intfloat/multilingual-e5-small,HYBRID_PROTOTYPE,Other,0.8555330634117126,Bills,0.8472100496292114,0.00832301378250122,"[""Other"", ""Bills"", ""Restaurants""]","[0.8555330634117126, 0.8472100496292114, 0.8446909785270691]",True,True
misc_expense,M1SC EXPENSE,Other,en,ocr_noise,intfloat/multilingual-e5-small,DESCRIPTION_ONLY,Entertainment,0.7995996475219727,Other,0.7982778549194336,0.0013217926025390625,"[""Entertainment"", ""Other"", ""Bills""]","[0.7995996475219727, 0.7982778549194336, 0.7939326763153076]",False,True
misc_expense,M1SC EXPENSE,Other,en,ocr_noise,intfloat/multilingual-e5-small,EXAMPLE_CENTROID,Medicine,0.8572361469268799,Restaurants,0.8473892211914062,0.009846925735473633,"[""Medicine"", ""Restaurants"", ""Groceries""]","[0.8572361469268799, 0.8473892211914062, 0.8472264409065247]",False,False
misc_expense,M1SC EXPENSE,Other,en,ocr_noise,intfloat/multilingual-e5-small,HYBRID_PROTOTYPE,Medicine,0.84745192527771,Other,0.8427917957305908,0.004660129547119141,"[""Medicine"", ""Other"", ""Shopping""]","[0.84745192527771, 0.8427917957305908, 0.8417340517044067]",False,True
atomic_habits,Atomic Habits,Books,en,clean,intfloat/multilingual-e5-small,DESCRIPTION_ONLY,Entertainment,0.8176128268241882,Restaurants,0.8147156238555908,0.002897202968597412,"[""Entertainment"", ""Restaurants"", ""Bills""]","[0.8176128268241882, 0.8147156238555908, 0.8107943534851074]",False,False
atomic_habits,Atomic Habits,Books,en,clean,intfloat/multilingual-e5-small,EXAMPLE_CENTROID,Shopping,0.8623331785202026,Books,0.8608641624450684,0.0014690160751342773,"[""Shopping"", ""Books"", ""Personal Care""]","[0.8623331785202026, 0.8608641624450684, 0.8506929874420166]",False,True
atomic_habits,Atomic Habits,Books,en,clean,intfloat/multilingual-e5-small,HYBRID_PROTOTYPE,Shopping,0.8594377040863037,Books,0.8578315377235413,0.0016061663627624512,"[""Shopping"", ""Books"", ""Restaurants""]","[0.8594377040863037, 0.8578315377235413, 0.852657675743103]",False,True
clean_code,Clean Code,Books,en,clean,intfloat/multilingual-e5-small,DESCRIPTION_ONLY,Personal Care,0.8036495447158813,Household,0.8020480275154114,0.0016015172004699707,"[""Personal Care"", ""Household"", ""Bills""]","[0.8036495447158813, 0.8020480275154114, 0.800857424736023]",False,False
clean_code,Clean Code,Books,en,clean,intfloat/multilingual-e5-small,EXAMPLE_CENTROID,Household,0.8642022609710693,Personal Care,0.8510605096817017,0.013141751289367676,"[""Household"", ""Personal Care"", ""Shopping""]","[0.8642022609710693, 0.8510605096817017, 0.850684404373169]",False,False
clean_code,Clean Code,Books,en,clean,intfloat/multilingual-e5-small,HYBRID_PROTOTYPE,Household,0.8590812683105469,Personal Care,0.8485071063041687,0.010574162006378174,"[""Household"", ""Personal Care"", ""Shopping""]","[0.8590812683105469, 0.8485071063041687, 0.8464536070823669]",False,False
psychology_of_money,The Psychology of Money,Books,en,clean,intfloat/multilingual-e5-small,DESCRIPTION_ONLY,Bills,0.8184994459152222,Other,0.8033473491668701,0.01515209674835205,"[""Bills"", ""Other"", ""Entertainment""]","[0.8184994459152222, 0.8033473491668701, 0.8027399778366089]",False,False
psychology_of_money,The Psychology of Money,Books,en,clean,intfloat/multilingual-e5-small,EXAMPLE_CENTROID,Other,0.8710284233093262,Books,0.8707626461982727,0.0002657771110534668,"[""Other"", ""Books"", ""Bills""]","[0.8710284233093262, 0.8707626461982727, 0.8700231909751892]",False,True
psychology_of_money,The Psychology of Money,Books,en,clean,intfloat/multilingual-e5-small,HYBRID_PROTOTYPE,Bills,0.8636000156402588,Other,0.8586407899856567,0.004959225654602051,"[""Bills"", ""Other"", ""Books""]","[0.8636000156402588, 0.8586407899856567, 0.857588529586792]",False,True
pragmatic_programmer,The Pragmatic Programmer,Books,en,clean,intfloat/multilingual-e5-small,DESCRIPTION_ONLY,Bills,0.7938602566719055,Entertainment,0.7905563116073608,0.0033039450645446777,"[""Bills"", ""Entertainment"", ""Restaurants""]","[0.7938602566719055, 0.7905563116073608, 0.7882912158966064]",False,False
pragmatic_programmer,The Pragmatic Programmer,Books,en,clean,intfloat/multilingual-e5-small,EXAMPLE_CENTROID,Books,0.8611919283866882,Restaurants,0.856775164604187,0.004416763782501221,"[""Books"", ""Restaurants"", ""Shopping""]","[0.8611919283866882, 0.856775164604187, 0.8557630181312561]",True,True
pragmatic_programmer,The Pragmatic Programmer,Books,en,clean,intfloat/multilingual-e5-small,HYBRID_PROTOTYPE,Restaurants,0.8457479476928711,Shopping,0.8421125411987305,0.003635406494140625,"[""Restaurants"", ""Shopping"", ""Books""]","[0.8457479476928711, 0.8421125411987305, 0.8416376709938049]",False,True
atomic_habits,العادات الذرية,Books,ar,clean,intfloat/multilingual-e5-small,DESCRIPTION_ONLY,Personal Care,0.8182516098022461,Restaurants,0.8176242113113403,0.0006273984909057617,"[""Personal Care"", ""Restaurants"", ""Entertainment""]","[0.8182516098022461, 0.8176242113113403, 0.811858057975769]",False,False
atomic_habits,العادات الذرية,Books,ar,clean,intfloat/multilingual-e5-small,EXAMPLE_CENTROID,Books,0.8661054372787476,Household,0.8562064170837402,0.009899020195007324,"[""Books"", ""Household"", ""Restaurants""]","[0.8661054372787476, 0.8562064170837402, 0.8498303890228271]",True,True
atomic_habits,العادات الذرية,Books,ar,clean,intfloat/multilingual-e5-small,HYBRID_PROTOTYPE,Books,0.8575121164321899,Restaurants,0.8572579026222229,0.000254213809967041,"[""Books"", ""Restaurants"", ""Personal Care""]","[0.8575121164321899, 0.8572579026222229, 0.8535405397415161]",True,True
art_of_not_caring,كتاب فن اللامبالاة,Books,ar,clean,intfloat/multilingual-e5-small,DESCRIPTION_ONLY,Personal Care,0.8086768984794617,Books,0.8077800273895264,0.0008968710899353027,"[""Personal Care"", ""Books"", ""Entertainment""]","[0.8086768984794617, 0.8077800273895264, 0.7966923713684082]",False,True
art_of_not_caring,كتاب فن اللامبالاة,Books,ar,clean,intfloat/multilingual-e5-small,EXAMPLE_CENTROID,Books,0.8791143894195557,Household,0.8598669767379761,0.01924741268157959,"[""Books"", ""Household"", ""Restaurants""]","[0.8791143894195557, 0.8598669767379761, 0.8546743392944336]",True,True
art_of_not_caring,كتاب فن اللامبالاة,Books,ar,clean,intfloat/multilingual-e5-small,HYBRID_PROTOTYPE,Books,0.8696630597114563,Personal Care,0.851874589920044,0.017788469791412354,"[""Books"", ""Personal Care"", ""Restaurants""]","[0.8696630597114563, 0.851874589920044, 0.8481110334396362]",True,True
awlad_haretna,رواية أولاد حارتنا,Books,ar,clean,intfloat/multilingual-e5-small,DESCRIPTION_ONLY,Books,0.7979639172554016,Entertainment,0.7762958407402039,0.021668076515197754,"[""Books"", ""Entertainment"", ""Fruits & Vegetables""]","[0.7979639172554016, 0.7762958407402039, 0.7706360816955566]",True,True
awlad_haretna,رواية أولاد حارتنا,Books,ar,clean,intfloat/multilingual-e5-small,EXAMPLE_CENTROID,Restaurants,0.8514612913131714,Books,0.8476799130439758,0.0037813782691955566,"[""Restaurants"", ""Books"", ""Shopping""]","[0.8514612913131714, 0.8476799130439758, 0.8467273712158203]",False,True
awlad_haretna,رواية أولاد حارتنا,Books,ar,clean,intfloat/multilingual-e5-small,HYBRID_PROTOTYPE,Books,0.848944902420044,Restaurants,0.830890417098999,0.018054485321044922,"[""Books"", ""Restaurants"", ""Transport""]","[0.848944902420044, 0.830890417098999, 0.8278447389602661]",True,True
learn_python_book,كتاب تعلم بايثون,Books,ar,clean,intfloat/multilingual-e5-small,DESCRIPTION_ONLY,Books,0.8361406326293945,Personal Care,0.8103784918785095,0.02576214075088501,"[""Books"", ""Personal Care"", ""Restaurants""]","[0.8361406326293945, 0.8103784918785095, 0.8100695013999939]",True,True
learn_python_book,كتاب تعلم بايثون,Books,ar,clean,intfloat/multilingual-e5-small,EXAMPLE_CENTROID,Books,0.8937010765075684,Household,0.8723552227020264,0.021345853805541992,"[""Books"", ""Household"", ""Shopping""]","[0.8937010765075684, 0.8723552227020264, 0.8708120584487915]",True,True
learn_python_book,كتاب تعلم بايثون,Books,ar,clean,intfloat/multilingual-e5-small,HYBRID_PROTOTYPE,Books,0.8926435708999634,Restaurants,0.8632482886314392,0.02939528226852417,"[""Books"", ""Restaurants"", ""Shopping""]","[0.8926435708999634, 0.8632482886314392, 0.8624354600906372]",True,True
clean_code,Clean Code كتاب,Books,mixed,mixed_language,intfloat/multilingual-e5-small,DESCRIPTION_ONLY,Books,0.8479308485984802,Personal Care,0.842761218547821,0.00516963005065918,"[""Books"", ""Personal Care"", ""Restaurants""]","[0.8479308485984802, 0.842761218547821, 0.8357685804367065]",True,True
clean_code,Clean Code كتاب,Books,mixed,mixed_language,intfloat/multilingual-e5-small,EXAMPLE_CENTROID,Books,0.9307608604431152,Household,0.9124693870544434,0.018291473388671875,"[""Books"", ""Household"", ""Groceries""]","[0.9307608604431152, 0.9124693870544434, 0.9008685350418091]",True,True
clean_code,Clean Code كتاب,Books,mixed,mixed_language,intfloat/multilingual-e5-small,HYBRID_PROTOTYPE,Books,0.9165706634521484,Household,0.8941280841827393,0.02244257926940918,"[""Books"", ""Household"", ""Restaurants""]","[0.9165706634521484, 0.8941280841827393, 0.8913237452507019]",True,True
atomic_habits,Atomic Habits نسخة عربية,Books,mixed,mixed_language,intfloat/multilingual-e5-small,DESCRIPTION_ONLY,Transport,0.8335304856300354,Shopping,0.819608211517334,0.013922274112701416,"[""Transport"", ""Shopping"", ""Restaurants""]","[0.8335304856300354, 0.819608211517334, 0.8172285556793213]",False,False
atomic_habits,Atomic Habits نسخة عربية,Books,mixed,mixed_language,intfloat/multilingual-e5-small,EXAMPLE_CENTROID,Books,0.8812546730041504,Medicine,0.8691365718841553,0.012118101119995117,"[""Books"", ""Medicine"", ""Shopping""]","[0.8812546730041504, 0.8691365718841553, 0.8688134551048279]",True,True
atomic_habits,Atomic Habits نسخة عربية,Books,mixed,mixed_language,intfloat/multilingual-e5-small,HYBRID_PROTOTYPE,Books,0.8731675148010254,Transport,0.8720693588256836,0.0010981559753417969,"[""Books"", ""Transport"", ""Shopping""]","[0.8731675148010254, 0.8720693588256836, 0.869143545627594]",True,True
atomic_habits,AT0MIC HAB1TS,Books,en,ocr_noise,intfloat/multilingual-e5-small,DESCRIPTION_ONLY,Medicine,0.8001348972320557,Entertainment,0.7999725341796875,0.00016236305236816406,"[""Medicine"", ""Entertainment"", ""Transport""]","[0.8001348972320557, 0.7999725341796875, 0.7964149117469788]",False,False
atomic_habits,AT0MIC HAB1TS,Books,en,ocr_noise,intfloat/multilingual-e5-small,EXAMPLE_CENTROID,Shopping,0.8519921898841858,Groceries,0.8498961925506592,0.0020959973335266113,"[""Shopping"", ""Groceries"", ""Medicine""]","[0.8519921898841858, 0.8498961925506592, 0.8491930961608887]",False,False
atomic_habits,AT0MIC HAB1TS,Books,en,ocr_noise,intfloat/multilingual-e5-small,HYBRID_PROTOTYPE,Medicine,0.8484511375427246,Shopping,0.8452104330062866,0.0032407045364379883,"[""Medicine"", ""Shopping"", ""Groceries""]","[0.8484511375427246, 0.8452104330062866, 0.8425688147544861]",False,False
clean_code,CLEAN C0DE,Books,en,ocr_noise,intfloat/multilingual-e5-small,DESCRIPTION_ONLY,Personal Care,0.8024299144744873,Household,0.80039381980896,0.0020360946655273438,"[""Personal Care"", ""Household"", ""Entertainment""]","[0.8024299144744873, 0.80039381980896, 0.7983280420303345]",False,False
clean_code,CLEAN C0DE,Books,en,ocr_noise,intfloat/multilingual-e5-small,EXAMPLE_CENTROID,Household,0.8714385032653809,Personal Care,0.8568898439407349,0.014548659324645996,"[""Household"", ""Personal Care"", ""Groceries""]","[0.8714385032653809, 0.8568898439407349, 0.853297233581543]",False,False
clean_code,CLEAN C0DE,Books,en,ocr_noise,intfloat/multilingual-e5-small,HYBRID_PROTOTYPE,Household,0.8619592785835266,Personal Care,0.8508708477020264,0.011088430881500244,"[""Household"", ""Personal Care"", ""Shopping""]","[0.8619592785835266, 0.8508708477020264, 0.8495481610298157]",False,False
