canonical_id,text,category,language,variant_type,model,strategy,predicted_category,top1_score,top2_category,top2_score,score_gap,top3_categories,top3_scores,top1_correct,top3_correct
chicken_breast,Chicken Breast,Groceries,en,clean,E5_ONNX_FP32,HYBRID_PROTOTYPE,Groceries,0.8424720764160156,Restaurants,0.8384320735931396,0.0040400028228759766,"[""Groceries"", ""Restaurants"", ""Fruits & Vegetables""]","[0.8424720764160156, 0.8384320735931396, 0.8343465328216553]",True,True
milk_1l,Milk 1L,Groceries,en,clean,E5_ONNX_FP32,HYBRID_PROTOTYPE,Groceries,0.8909553289413452,Medicine,0.8692010641098022,0.02175426483154297,"[""Groceries"", ""Medicine"", ""Restaurants""]","[0.8909553289413452, 0.8692010641098022, 0.8671056032180786]",True,True
rice_1kg,Rice 1KG,Groceries,en,clean,E5_ONNX_FP32,HYBRID_PROTOTYPE,Groceries,0.8881735801696777,Medicine,0.8741476535797119,0.01402592658996582,"[""Groceries"", ""Medicine"", ""Restaurants""]","[0.8881735801696777, 0.8741476535797119, 0.8718634247779846]",True,True
groceries_egyptian_white_cheese,Egyptian White Cheese,Groceries,en,clean,E5_ONNX_FP32,HYBRID_PROTOTYPE,Restaurants,0.8688349723815918,Fruits & Vegetables,0.8623045682907104,0.006530404090881348,"[""Restaurants"", ""Fruits & Vegetables"", ""Groceries""]","[0.8688349723815918, 0.8623045682907104, 0.8585537075996399]",False,True
chicken_breast,صدور فراخ,Groceries,ar,clean,E5_ONNX_FP32,HYBRID_PROTOTYPE,Restaurants,0.8559867143630981,Groceries,0.8505603075027466,0.0054264068603515625,"[""Restaurants"", ""Groceries"", ""Fruits & Vegetables""]","[0.8559867143630981, 0.8505603075027466, 0.8502209186553955]",False,True
milk_1l,لبن كامل الدسم,Groceries,ar,clean,E5_ONNX_FP32,HYBRID_PROTOTYPE,Groceries,0.8620599508285522,Household,0.8581876754760742,0.0038722753524780273,"[""Groceries"", ""Household"", ""Restaurants""]","[0.8620599508285522, 0.8581876754760742, 0.8557190895080566]",True,True
rice_1kg,كيس أرز 1 كيلو,Groceries,ar,clean,E5_ONNX_FP32,HYBRID_PROTOTYPE,Groceries,0.8948283195495605,Restaurants,0.8845609426498413,0.010267376899719238,"[""Groceries"", ""Restaurants"", ""Medicine""]","[0.8948283195495605, 0.8845609426498413, 0.8766446113586426]",True,True
groceries_8,علبة تونة,Groceries,ar,clean,E5_ONNX_FP32,HYBRID_PROTOTYPE,Household,0.8643912076950073,Shopping,0.8636021018028259,0.0007891058921813965,"[""Household"", ""Shopping"", ""Medicine""]","[0.8643912076950073, 0.8636021018028259, 0.8621009588241577]",False,False
milk_1l,Fresh Milk لبن,Groceries,mixed,mixed_language,E5_ONNX_FP32,HYBRID_PROTOTYPE,Groceries,0.9077332019805908,Fruits & Vegetables,0.8989924192428589,0.008740782737731934,"[""Groceries"", ""Fruits & Vegetables"", ""Restaurants""]","[0.9077332019805908, 0.8989924192428589, 0.88987135887146]",True,True
chicken_breast,Chicken فراخ مجمدة,Groceries,mixed,mixed_language,E5_ONNX_FP32,HYBRID_PROTOTYPE,Restaurants,0.9037394523620605,Groceries,0.9027210474014282,0.0010184049606323242,"[""Restaurants"", ""Groceries"", ""Household""]","[0.9037394523620605, 0.9027210474014282, 0.8870624303817749]",False,True
milk_1l,M1LK 1L,Groceries,en,ocr_noise,E5_ONNX_FP32,HYBRID_PROTOTYPE,Groceries,0.8600467443466187,Medicine,0.8559374213218689,0.004109323024749756,"[""Groceries"", ""Medicine"", ""Shopping""]","[0.8600467443466187, 0.8559374213218689, 0.8481152057647705]",True,True
rice_1kg,R1CE 1KG,Groceries,en,ocr_noise,E5_ONNX_FP32,HYBRID_PROTOTYPE,Groceries,0.8735744953155518,Medicine,0.8700713515281677,0.003503143787384033,"[""Groceries"", ""Medicine"", ""Restaurants""]","[0.8735744953155518, 0.8700713515281677, 0.8648653626441956]",True,True
banana,Banana,Fruits & Vegetables,en,clean,E5_ONNX_FP32,HYBRID_PROTOTYPE,Fruits & Vegetables,0.8564512729644775,Groceries,0.8498842716217041,0.0065670013427734375,"[""Fruits & Vegetables"", ""Groceries"", ""Shopping""]","[0.8564512729644775, 0.8498842716217041, 0.845228910446167]",True,True
tomatoes,Fresh Tomatoes,Fruits & Vegetables,en,clean,E5_ONNX_FP32,HYBRID_PROTOTYPE,Fruits & Vegetables,0.8871586322784424,Restaurants,0.8603008389472961,0.02685779333114624,"[""Fruits & Vegetables"", ""Restaurants"", ""Groceries""]","[0.8871586322784424, 0.8603008389472961, 0.8567616939544678]",True,True
apples,Green Apples,Fruits & Vegetables,en,clean,E5_ONNX_FP32,HYBRID_PROTOTYPE,Fruits & Vegetables,0.8561930060386658,Restaurants,0.8387488722801208,0.017444133758544922,"[""Fruits & Vegetables"", ""Restaurants"", ""Groceries""]","[0.8561930060386658, 0.8387488722801208, 0.8319965600967407]",True,True
cucumber,Cucumber Pack,Fruits & Vegetables,en,clean,E5_ONNX_FP32,HYBRID_PROTOTYPE,Groceries,0.8668354749679565,Restaurants,0.8601739406585693,0.006661534309387207,"[""Groceries"", ""Restaurants"", ""Household""]","[0.8668354749679565, 0.8601739406585693, 0.8516771197319031]",False,False
tomatoes,طماطم,Fruits & Vegetables,ar,clean,E5_ONNX_FP32,HYBRID_PROTOTYPE,Fruits & Vegetables,0.8857361078262329,Groceries,0.8528342843055725,0.0329018235206604,"[""Fruits & Vegetables"", ""Groceries"", ""Restaurants""]","[0.8857361078262329, 0.8528342843055725, 0.8506382703781128]",True,True
apples,تفاح,Fruits & Vegetables,ar,clean,E5_ONNX_FP32,HYBRID_PROTOTYPE,Fruits & Vegetables,0.8735405802726746,Restaurants,0.8488717079162598,0.024668872356414795,"[""Fruits & Vegetables"", ""Restaurants"", ""Groceries""]","[0.8735405802726746, 0.8488717079162598, 0.8474541306495667]",True,True
banana,موز بلدي,Fruits & Vegetables,ar,clean,E5_ONNX_FP32,HYBRID_PROTOTYPE,Fruits & Vegetables,0.8726146221160889,Groceries,0.8693315982818604,0.0032830238342285156,"[""Fruits & Vegetables"", ""Groceries"", ""Transport""]","[0.8726146221160889, 0.8693315982818604, 0.8691568374633789]",True,True
cucumber,خيار طازج,Fruits & Vegetables,ar,clean,E5_ONNX_FP32,HYBRID_PROTOTYPE,Groceries,0.8802347779273987,Restaurants,0.8787986040115356,0.0014361739158630371,"[""Groceries"", ""Restaurants"", ""Books""]","[0.8802347779273987, 0.8787986040115356, 0.8757847547531128]",False,False
banana,Banana موز,Fruits & Vegetables,mixed,mixed_language,E5_ONNX_FP32,HYBRID_PROTOTYPE,Fruits & Vegetables,0.8818327188491821,Groceries,0.8688244819641113,0.0130082368850708,"[""Fruits & Vegetables"", ""Groceries"", ""Restaurants""]","[0.8818327188491821, 0.8688244819641113, 0.8575630784034729]",True,True
tomatoes,Fresh طماطم,Fruits & Vegetables,mixed,mixed_language,E5_ONNX_FP32,HYBRID_PROTOTYPE,Fruits & Vegetables,0.9223185777664185,Groceries,0.8935959339141846,0.028722643852233887,"[""Fruits & Vegetables"", ""Groceries"", ""Restaurants""]","[0.9223185777664185, 0.8935959339141846, 0.8913995623588562]",True,True
tomatoes,T0MAT0ES,Fruits & Vegetables,en,ocr_noise,E5_ONNX_FP32,HYBRID_PROTOTYPE,Books,0.8596171140670776,Shopping,0.8581275939941406,0.0014895200729370117,"[""Books"", ""Shopping"", ""Fruits & Vegetables""]","[0.8596171140670776, 0.8581275939941406, 0.8569974303245544]",False,True
apples,تفـاح,Fruits & Vegetables,ar,ocr_noise,E5_ONNX_FP32,HYBRID_PROTOTYPE,Books,0.8718492984771729,Restaurants,0.8622682094573975,0.00958108901977539,"[""Books"", ""Restaurants"", ""Shopping""]","[0.8718492984771729, 0.8622682094573975, 0.8607620596885681]",False,False
mcchicken_meal,McChicken Meal,Restaurants,en,clean,E5_ONNX_FP32,HYBRID_PROTOTYPE,Restaurants,0.87112957239151,Groceries,0.8643583059310913,0.006771266460418701,"[""Restaurants"", ""Groceries"", ""Fruits & Vegetables""]","[0.87112957239151, 0.8643583059310913, 0.8451807498931885]",True,True
margherita_pizza,Margherita Pizza,Restaurants,en,clean,E5_ONNX_FP32,HYBRID_PROTOTYPE,Restaurants,0.8472650051116943,Groceries,0.8399755358695984,0.007289469242095947,"[""Restaurants"", ""Groceries"", ""Household""]","[0.8472650051116943, 0.8399755358695984, 0.8320494890213013]",True,True
coffee,Cappuccino,Restaurants,en,clean,E5_ONNX_FP32,HYBRID_PROTOTYPE,Restaurants,0.8613602519035339,Groceries,0.8482956290245056,0.01306462287902832,"[""Restaurants"", ""Groceries"", ""Personal Care""]","[0.8613602519035339, 0.8482956290245056, 0.8420338034629822]",True,True
restaurants_kfc_family_meal,KFC Family Meal,Restaurants,en,clean,E5_ONNX_FP32,HYBRID_PROTOTYPE,Groceries,0.8677941560745239,Restaurants,0.8669075965881348,0.0008865594863891602,"[""Groceries"", ""Restaurants"", ""Household""]","[0.8677941560745239, 0.8669075965881348, 0.848432183265686]",False,True
margherita_pizza,بيتزا مارجريتا,Restaurants,ar,clean,E5_ONNX_FP32,HYBRID_PROTOTYPE,Restaurants,0.8210690021514893,Groceries,0.8163251280784607,0.0047438740730285645,"[""Restaurants"", ""Groceries"", ""Transport""]","[0.8210690021514893, 0.8163251280784607, 0.8143652677536011]",True,True
burger_meal,وجبة برجر,Restaurants,ar,clean,E5_ONNX_FP32,HYBRID_PROTOTYPE,Restaurants,0.8659964799880981,Groceries,0.8568726778030396,0.009123802185058594,"[""Restaurants"", ""Groceries"", ""Fruits & Vegetables""]","[0.8659964799880981, 0.8568726778030396, 0.850677490234375]",True,True
coffee,قهوة لاتيه,Restaurants,ar,clean,E5_ONNX_FP32,HYBRID_PROTOTYPE,Restaurants,0.8859001398086548,Groceries,0.8724972009658813,0.013402938842773438,"[""Restaurants"", ""Groceries"", ""Personal Care""]","[0.8859001398086548, 0.8724972009658813, 0.8673406839370728]",True,True
restaurants_32,ساندوتش شاورما,Restaurants,ar,clean,E5_ONNX_FP32,HYBRID_PROTOTYPE,Books,0.8076384663581848,Groceries,0.8063766360282898,0.0012618303298950195,"[""Books"", ""Groceries"", ""Entertainment""]","[0.8076384663581848, 0.8063766360282898, 0.8002645969390869]",False,False
coffee,Coffee قهوة,Restaurants,mixed,mixed_language,E5_ONNX_FP32,HYBRID_PROTOTYPE,Restaurants,0.9180241823196411,Groceries,0.8980079889297485,0.020016193389892578,"[""Restaurants"", ""Groceries"", ""Fruits & Vegetables""]","[0.9180241823196411, 0.8980079889297485, 0.8943195939064026]",True,True
burger_meal,Burger وجبة,Restaurants,mixed,mixed_language,E5_ONNX_FP32,HYBRID_PROTOTYPE,Restaurants,0.9055200815200806,Groceries,0.8935627341270447,0.011957347393035889,"[""Restaurants"", ""Groceries"", ""Fruits & Vegetables""]","[0.9055200815200806, 0.8935627341270447, 0.8825952410697937]",True,True
mcchicken_meal,McCh1cken MeaI,Restaurants,en,ocr_noise,E5_ONNX_FP32,HYBRID_PROTOTYPE,Restaurants,0.8702300786972046,Books,0.8692647814750671,0.0009652972221374512,"[""Restaurants"", ""Books"", ""Groceries""]","[0.8702300786972046, 0.8692647814750671, 0.8677281141281128]",True,True
margherita_pizza,P1ZZA MARGHER1TA,Restaurants,en,ocr_noise,E5_ONNX_FP32,HYBRID_PROTOTYPE,Groceries,0.8533724546432495,Personal Care,0.8478631973266602,0.0055092573165893555,"[""Groceries"", ""Personal Care"", ""Restaurants""]","[0.8533724546432495, 0.8478631973266602, 0.8466987609863281]",False,True
uber_trip,Uber Trip,Transport,en,clean,E5_ONNX_FP32,HYBRID_PROTOTYPE,Transport,0.8653531074523926,Restaurants,0.8491566777229309,0.01619642972946167,"[""Transport"", ""Restaurants"", ""Entertainment""]","[0.8653531074523926, 0.8491566777229309, 0.8488554954528809]",True,True
careem_ride,Careem Ride,Transport,en,clean,E5_ONNX_FP32,HYBRID_PROTOTYPE,Transport,0.8601553440093994,Shopping,0.8495076298713684,0.010647714138031006,"[""Transport"", ""Shopping"", ""Entertainment""]","[0.8601553440093994, 0.8495076298713684, 0.8479441404342651]",True,True
metro_ticket,Cairo Metro Ticket,Transport,en,clean,E5_ONNX_FP32,HYBRID_PROTOTYPE,Transport,0.8597947359085083,Entertainment,0.8378949165344238,0.021899819374084473,"[""Transport"", ""Entertainment"", ""Shopping""]","[0.8597947359085083, 0.8378949165344238, 0.8322455286979675]",True,True
gasoline_92,Gasoline 92,Transport,en,clean,E5_ONNX_FP32,HYBRID_PROTOTYPE,Shopping,0.8346883058547974,Household,0.834406316280365,0.00028198957443237305,"[""Shopping"", ""Household"", ""Bills""]","[0.8346883058547974, 0.834406316280365, 0.8333076238632202]",False,False
uber_trip,رحلة أوبر,Transport,ar,clean,E5_ONNX_FP32,HYBRID_PROTOTYPE,Transport,0.8594571352005005,Books,0.8492794036865234,0.01017773151397705,"[""Transport"", ""Books"", ""Restaurants""]","[0.8594571352005005, 0.8492794036865234, 0.842751145362854]",True,True
careem_ride,مشوار كريم,Transport,ar,clean,E5_ONNX_FP32,HYBRID_PROTOTYPE,Personal Care,0.8764258623123169,Transport,0.8721028566360474,0.004323005676269531,"[""Personal Care"", ""Transport"", ""Books""]","[0.8764258623123169, 0.8721028566360474, 0.8678645491600037]",False,True
metro_ticket,تذكرة مترو,Transport,ar,clean,E5_ONNX_FP32,HYBRID_PROTOTYPE,Transport,0.9003925323486328,Entertainment,0.8752380609512329,0.025154471397399902,"[""Transport"", ""Entertainment"", ""Shopping""]","[0.9003925323486328, 0.8752380609512329, 0.8678205609321594]",True,True
gasoline_92,بنزين 92,Transport,ar,clean,E5_ONNX_FP32,HYBRID_PROTOTYPE,Groceries,0.8582271337509155,Transport,0.8581570386886597,7.009506225585938e-05,"[""Groceries"", ""Transport"", ""Fruits & Vegetables""]","[0.8582271337509155, 0.8581570386886597, 0.8555833101272583]",False,True
uber_trip,Uber مشوار,Transport,mixed,mixed_language,E5_ONNX_FP32,HYBRID_PROTOTYPE,Transport,0.8692483305931091,Restaurants,0.8537548780441284,0.015493452548980713,"[""Transport"", ""Restaurants"", ""Shopping""]","[0.8692483305931091, 0.8537548780441284, 0.8531930446624756]",True,True
careem_ride,Careem رحلة,Transport,mixed,mixed_language,E5_ONNX_FP32,HYBRID_PROTOTYPE,Transport,0.8926601409912109,Personal Care,0.8775472044944763,0.01511293649673462,"[""Transport"", ""Personal Care"", ""Restaurants""]","[0.8926601409912109, 0.8775472044944763, 0.8763226270675659]",True,True
uber_trip,UBER TR1P,Transport,en,ocr_noise,E5_ONNX_FP32,HYBRID_PROTOTYPE,Medicine,0.851475715637207,Transport,0.8485597372055054,0.00291597843170166,"[""Medicine"", ""Transport"", ""Restaurants""]","[0.851475715637207, 0.8485597372055054, 0.8474134802818298]",False,True
careem_ride,CAR EEM R1DE,Transport,en,ocr_noise,E5_ONNX_FP32,HYBRID_PROTOTYPE,Transport,0.868861973285675,Shopping,0.8685295581817627,0.0003324151039123535,"[""Transport"", ""Shopping"", ""Groceries""]","[0.868861973285675, 0.8685295581817627, 0.8615790009498596]",True,True
dettol_floor_cleaner,Dettol Floor Cleaner,Household,en,clean,E5_ONNX_FP32,HYBRID_PROTOTYPE,Household,0.8877800107002258,Personal Care,0.8640490770339966,0.023730933666229248,"[""Household"", ""Personal Care"", ""Medicine""]","[0.8877800107002258, 0.8640490770339966, 0.8529999256134033]",True,True
fairy_dish_liquid,Fairy Dishwashing Liquid,Household,en,clean,E5_ONNX_FP32,HYBRID_PROTOTYPE,Household,0.8832165002822876,Groceries,0.8650022745132446,0.01821422576904297,"[""Household"", ""Groceries"", ""Personal Care""]","[0.8832165002822876, 0.8650022745132446, 0.8602117300033569]",True,True
persil_gel,Persil Gel,Household,en,clean,E5_ONNX_FP32,HYBRID_PROTOTYPE,Personal Care,0.8632696866989136,Household,0.8569321632385254,0.006337523460388184,"[""Personal Care"", ""Household"", ""Medicine""]","[0.8632696866989136, 0.8569321632385254, 0.8542168140411377]",False,True
clorox_bleach,Clorox Bleach,Household,en,clean,E5_ONNX_FP32,HYBRID_PROTOTYPE,Household,0.8623666763305664,Medicine,0.8520331382751465,0.010333538055419922,"[""Household"", ""Medicine"", ""Groceries""]","[0.8623666763305664, 0.8520331382751465, 0.849933922290802]",True,True
dettol_floor_cleaner,منظف أرضيات ديتول,Household,ar,clean,E5_ONNX_FP32,HYBRID_PROTOTYPE,Household,0.8776642084121704,Personal Care,0.8539302349090576,0.023733973503112793,"[""Household"", ""Personal Care"", ""Medicine""]","[0.8776642084121704, 0.8539302349090576, 0.8507711887359619]",True,True
fairy_dish_liquid,سائل غسيل أطباق,Household,ar,clean,E5_ONNX_FP32,HYBRID_PROTOTYPE,Household,0.9151967167854309,Groceries,0.8993645906448364,0.015832126140594482,"[""Household"", ""Groceries"", ""Restaurants""]","[0.9151967167854309, 0.8993645906448364, 0.8892875909805298]",True,True
persil_gel,مسحوق غسيل برسيل,Household,ar,clean,E5_ONNX_FP32,HYBRID_PROTOTYPE,Household,0.8932175040245056,Groceries,0.8688249588012695,0.024392545223236084,"[""Household"", ""Groceries"", ""Personal Care""]","[0.8932175040245056, 0.8688249588012695, 0.8669374585151672]",True,True
clorox_bleach,كلور مبيض,Household,ar,clean,E5_ONNX_FP32,HYBRID_PROTOTYPE,Personal Care,0.8162742853164673,Books,0.815991997718811,0.00028228759765625,"[""Personal Care"", ""Books"", ""Household""]","[0.8162742853164673, 0.815991997718811, 0.8138247132301331]",False,True
dettol_floor_cleaner,Dettol منظف أرضيات,Household,mixed,mixed_language,E5_ONNX_FP32,HYBRID_PROTOTYPE,Household,0.8988443613052368,Personal Care,0.8779677748680115,0.020876586437225342,"[""Household"", ""Personal Care"", ""Restaurants""]","[0.8988443613052368, 0.8779677748680115, 0.8713241815567017]",True,True
fairy_dish_liquid,Fairy صابون أطباق,Household,mixed,mixed_language,E5_ONNX_FP32,HYBRID_PROTOTYPE,Household,0.9113780856132507,Restaurants,0.9101876616477966,0.0011904239654541016,"[""Household"", ""Restaurants"", ""Personal Care""]","[0.9113780856132507, 0.9101876616477966, 0.910123348236084]",True,True
dettol_floor_cleaner,DettoI Floor C1eaner,Household,en,ocr_noise,E5_ONNX_FP32,HYBRID_PROTOTYPE,Household,0.8685793876647949,Books,0.8668623566627502,0.0017170310020446777,"[""Household"", ""Books"", ""Personal Care""]","[0.8685793876647949, 0.8668623566627502, 0.8665176630020142]",True,True
persil_gel,PersiI GeI,Household,en,ocr_noise,E5_ONNX_FP32,HYBRID_PROTOTYPE,Books,0.8548760414123535,Groceries,0.853346586227417,0.0015294551849365234,"[""Books"", ""Groceries"", ""Restaurants""]","[0.8548760414123535, 0.853346586227417, 0.8507745862007141]",False,False
panadol_extra,Panadol Extra,Medicine,en,clean,E5_ONNX_FP32,HYBRID_PROTOTYPE,Medicine,0.8635956048965454,Groceries,0.8625417947769165,0.0010538101196289062,"[""Medicine"", ""Groceries"", ""Fruits & Vegetables""]","[0.8635956048965454, 0.8625417947769165, 0.8603357076644897]",True,True
brufen_400,Brufen 400,Medicine,en,clean,E5_ONNX_FP32,HYBRID_PROTOTYPE,Shopping,0.8454704880714417,Books,0.8432620167732239,0.0022084712982177734,"[""Shopping"", ""Books"", ""Personal Care""]","[0.8454704880714417, 0.8432620167732239, 0.8432015180587769]",False,False
folic_acid_600_mcg,Folic Acid 600 MCG,Medicine,en,clean,E5_ONNX_FP32,HYBRID_PROTOTYPE,Medicine,0.8695579171180725,Groceries,0.8618616461753845,0.007696270942687988,"[""Medicine"", ""Groceries"", ""Household""]","[0.8695579171180725, 0.8618616461753845, 0.8548988699913025]",True,True
immulant_plus_20_cap,Immulant Plus 20 Cap,Medicine,en,clean,E5_ONNX_FP32,HYBRID_PROTOTYPE,Medicine,0.8615266680717468,Household,0.855548083782196,0.005978584289550781,"[""Medicine"", ""Household"", ""Groceries""]","[0.8615266680717468, 0.855548083782196, 0.8551100492477417]",True,True
panadol_extra,بنادول إكسترا,Medicine,ar,clean,E5_ONNX_FP32,HYBRID_PROTOTYPE,Medicine,0.8346567153930664,Groceries,0.8334282636642456,0.0012284517288208008,"[""Medicine"", ""Groceries"", ""Household""]","[0.8346567153930664, 0.8334282636642456, 0.8303732872009277]",True,True
brufen_400,بروفين 400,Medicine,ar,clean,E5_ONNX_FP32,HYBRID_PROTOTYPE,Medicine,0.8575475215911865,Transport,0.8523350954055786,0.00521242618560791,"[""Medicine"", ""Transport"", ""Personal Care""]","[0.8575475215911865, 0.8523350954055786, 0.8511727452278137]",True,True
folic_acid_600_mcg,حمض الفوليك,Medicine,ar,clean,E5_ONNX_FP32,HYBRID_PROTOTYPE,Medicine,0.8552876114845276,Household,0.8493866920471191,0.005900919437408447,"[""Medicine"", ""Household"", ""Personal Care""]","[0.8552876114845276, 0.8493866920471191, 0.8467556238174438]",True,True
medicine_68,فيتامين سي,Medicine,ar,clean,E5_ONNX_FP32,HYBRID_PROTOTYPE,Medicine,0.8684804439544678,Groceries,0.8471670150756836,0.02131342887878418,"[""Medicine"", ""Groceries"", ""Personal Care""]","[0.8684804439544678, 0.8471670150756836, 0.8459962606430054]",True,True
panadol_extra,Panadol مسكن,Medicine,mixed,mixed_language,E5_ONNX_FP32,HYBRID_PROTOTYPE,Household,0.8689641952514648,Groceries,0.867672324180603,0.0012918710708618164,"[""Household"", ""Groceries"", ""Medicine""]","[0.8689641952514648, 0.867672324180603, 0.86680006980896]",False,True
vitamin_d,Vitamin D فيتامين,Medicine,mixed,mixed_language,E5_ONNX_FP32,HYBRID_PROTOTYPE,Medicine,0.8878840208053589,Personal Care,0.8647506833076477,0.02313333749771118,"[""Medicine"", ""Personal Care"", ""Groceries""]","[0.8878840208053589, 0.8647506833076477, 0.8618288040161133]",True,True
panadol_extra,PANAD0L EXTRA,Medicine,en,ocr_noise,E5_ONNX_FP32,HYBRID_PROTOTYPE,Groceries,0.8556714057922363,Fruits & Vegetables,0.8490884304046631,0.006582975387573242,"[""Groceries"", ""Fruits & Vegetables"", ""Shopping""]","[0.8556714057922363, 0.8490884304046631, 0.8453016877174377]",False,False
folic_acid_600_mcg,F0LIC ACID 600 MCG,Medicine,en,ocr_noise,E5_ONNX_FP32,HYBRID_PROTOTYPE,Medicine,0.862790584564209,Groceries,0.8573987483978271,0.005391836166381836,"[""Medicine"", ""Groceries"", ""Household""]","[0.862790584564209, 0.8573987483978271, 0.8527092933654785]",True,True
immulant_plus_20_cap,MLANT PLUS 20 CAP,Medicine,en,ocr_noise,E5_ONNX_FP32,HYBRID_PROTOTYPE,Medicine,0.8450522422790527,Groceries,0.8424026966094971,0.002649545669555664,"[""Medicine"", ""Groceries"", ""Household""]","[0.8450522422790527, 0.8424026966094971, 0.8411632180213928]",True,True
folic_acid_600_mcg,FoLic AciD 600 McG,Medicine,en,ocr_noise,E5_ONNX_FP32,HYBRID_PROTOTYPE,Medicine,0.8614659905433655,Groceries,0.8565624952316284,0.0049034953117370605,"[""Medicine"", ""Groceries"", ""Household""]","[0.8614659905433655, 0.8565624952316284, 0.8527870178222656]",True,True
cotton_tshirt,Cotton T Shirt,Shopping,en,clean,E5_ONNX_FP32,HYBRID_PROTOTYPE,Shopping,0.8477615714073181,Groceries,0.840425968170166,0.0073356032371521,"[""Shopping"", ""Groceries"", ""Household""]","[0.8477615714073181, 0.840425968170166, 0.8372154831886292]",True,True
running_shoes,Running Shoes,Shopping,en,clean,E5_ONNX_FP32,HYBRID_PROTOTYPE,Shopping,0.8454663753509521,Books,0.8235334157943726,0.02193295955657959,"[""Shopping"", ""Books"", ""Personal Care""]","[0.8454663753509521, 0.8235334157943726, 0.8224371671676636]",True,True
wireless_headphones,Wireless Headphones,Shopping,en,clean,E5_ONNX_FP32,HYBRID_PROTOTYPE,Shopping,0.8566199541091919,Medicine,0.8414202928543091,0.015199661254882812,"[""Shopping"", ""Medicine"", ""Personal Care""]","[0.8566199541091919, 0.8414202928543091, 0.8406546711921692]",True,True
phone_charger,Phone Charger,Shopping,en,clean,E5_ONNX_FP32,HYBRID_PROTOTYPE,Shopping,0.8680825233459473,Bills,0.8665784597396851,0.001504063606262207,"[""Shopping"", ""Bills"", ""Personal Care""]","[0.8680825233459473, 0.8665784597396851, 0.8527946472167969]",True,True
cotton_tshirt,تيشيرت قطن,Shopping,ar,clean,E5_ONNX_FP32,HYBRID_PROTOTYPE,Transport,0.8836241960525513,Groceries,0.8733441829681396,0.010280013084411621,"[""Transport"", ""Groceries"", ""Restaurants""]","[0.8836241960525513, 0.8733441829681396, 0.8713020086288452]",False,False
running_shoes,حذاء رياضي,Shopping,ar,clean,E5_ONNX_FP32,HYBRID_PROTOTYPE,Shopping,0.8799910545349121,Books,0.8722207546234131,0.0077702999114990234,"[""Shopping"", ""Books"", ""Entertainment""]","[0.8799910545349121, 0.8722207546234131, 0.8616704344749451]",True,True
wireless_headphones,سماعات بلوتوث,Shopping,ar,clean,E5_ONNX_FP32,HYBRID_PROTOTYPE,Entertainment,0.8514961004257202,Books,0.8497760891914368,0.0017200112342834473,"[""Entertainment"", ""Books"", ""Personal Care""]","[0.8514961004257202, 0.8497760891914368, 0.8465503454208374]",False,False
phone_charger,شاحن موبايل,Shopping,ar,clean,E5_ONNX_FP32,HYBRID_PROTOTYPE,Shopping,0.8543247580528259,Books,0.8503204584121704,0.004004299640655518,"[""Shopping"", ""Books"", ""Bills""]","[0.8543247580528259, 0.8503204584121704, 0.8500086665153503]",True,True
running_shoes,Nike حذاء,Shopping,mixed,mixed_language,E5_ONNX_FP32,HYBRID_PROTOTYPE,Shopping,0.8927011489868164,Books,0.8831984996795654,0.009502649307250977,"[""Shopping"", ""Books"", ""Personal Care""]","[0.8927011489868164, 0.8831984996795654, 0.8794063925743103]",True,True
wireless_headphones,Headphones سماعات,Shopping,mixed,mixed_language,E5_ONNX_FP32,HYBRID_PROTOTYPE,Shopping,0.8925422430038452,Personal Care,0.8917758464813232,0.0007663965225219727,"[""Shopping"", ""Personal Care"", ""Entertainment""]","[0.8925422430038452, 0.8917758464813232, 0.8864103555679321]",True,True
wireless_headphones,W1RELESS HEADPH0NES,Shopping,en,ocr_noise,E5_ONNX_FP32,HYBRID_PROTOTYPE,Shopping,0.8455761671066284,Medicine,0.8347856998443604,0.010790467262268066,"[""Shopping"", ""Medicine"", ""Personal Care""]","[0.8455761671066284, 0.8347856998443604, 0.8312064409255981]",True,True
phone_charger,PH0NE CHARGER,Shopping,en,ocr_noise,E5_ONNX_FP32,HYBRID_PROTOTYPE,Shopping,0.8247889280319214,Personal Care,0.8212207555770874,0.0035681724548339844,"[""Shopping"", ""Personal Care"", ""Medicine""]","[0.8247889280319214, 0.8212207555770874, 0.8192012310028076]",True,True
electricity_bill,Electricity Bill,Bills,en,clean,E5_ONNX_FP32,HYBRID_PROTOTYPE,Bills,0.8939740061759949,Shopping,0.8455266952514648,0.04844731092453003,"[""Bills"", ""Shopping"", ""Other""]","[0.8939740061759949, 0.8455266952514648, 0.8434178829193115]",True,True
internet_bill,WE Internet Bill,Bills,en,clean,E5_ONNX_FP32,HYBRID_PROTOTYPE,Bills,0.8804821968078613,Shopping,0.8418992757797241,0.03858292102813721,"[""Bills"", ""Shopping"", ""Books""]","[0.8804821968078613, 0.8418992757797241, 0.841223418712616]",True,True
water_bill,Water Utility Bill,Bills,en,clean,E5_ONNX_FP32,HYBRID_PROTOTYPE,Bills,0.9016140699386597,Household,0.8572218418121338,0.04439222812652588,"[""Bills"", ""Household"", ""Other""]","[0.9016140699386597, 0.8572218418121338, 0.854060709476471]",True,True
mobile_bill,Mobile Phone Bill,Bills,en,clean,E5_ONNX_FP32,HYBRID_PROTOTYPE,Bills,0.9005274176597595,Shopping,0.8660704493522644,0.03445696830749512,"[""Bills"", ""Shopping"", ""Other""]","[0.9005274176597595, 0.8660704493522644, 0.8606457710266113]",True,True
electricity_bill,فاتورة كهرباء,Bills,ar,clean,E5_ONNX_FP32,HYBRID_PROTOTYPE,Bills,0.9133238792419434,Other,0.8842012882232666,0.029122591018676758,"[""Bills"", ""Other"", ""Shopping""]","[0.9133238792419434, 0.8842012882232666, 0.8817080855369568]",True,True
internet_bill,فاتورة انترنت WE,Bills,mixed,mixed_language,E5_ONNX_FP32,HYBRID_PROTOTYPE,Bills,0.9157519340515137,Books,0.8962809443473816,0.01947098970413208,"[""Bills"", ""Books"", ""Other""]","[0.9157519340515137, 0.8962809443473816, 0.8893115520477295]",True,True
water_bill,فاتورة مياه,Bills,ar,clean,E5_ONNX_FP32,HYBRID_PROTOTYPE,Bills,0.9104281663894653,Other,0.8882858753204346,0.02214229106903076,"[""Bills"", ""Other"", ""Household""]","[0.9104281663894653, 0.8882858753204346, 0.8802536725997925]",True,True
gas_bill,فاتورة غاز,Bills,ar,clean,E5_ONNX_FP32,HYBRID_PROTOTYPE,Bills,0.90769362449646,Transport,0.8909153938293457,0.016778230667114258,"[""Bills"", ""Transport"", ""Other""]","[0.90769362449646, 0.8909153938293457, 0.8886586427688599]",True,True
mobile_bill,Orange فاتورة موبايل,Bills,mixed,mixed_language,E5_ONNX_FP32,HYBRID_PROTOTYPE,Bills,0.9015757441520691,Shopping,0.8915746808052063,0.010001063346862793,"[""Bills"", ""Shopping"", ""Transport""]","[0.9015757441520691, 0.8915746808052063, 0.891127347946167]",True,True
internet_bill,Internet فاتورة شهرية,Bills,mixed,mixed_language,E5_ONNX_FP32,HYBRID_PROTOTYPE,Bills,0.9095026254653931,Other,0.8814018964767456,0.02810072898864746,"[""Bills"", ""Other"", ""Shopping""]","[0.9095026254653931, 0.8814018964767456, 0.8790594339370728]",True,True
electricity_bill,ELECTR1C1TY B1LL,Bills,en,ocr_noise,E5_ONNX_FP32,HYBRID_PROTOTYPE,Shopping,0.8656445741653442,Books,0.8624886274337769,0.003155946731567383,"[""Shopping"", ""Books"", ""Bills""]","[0.8656445741653442, 0.8624886274337769, 0.8620744943618774]",False,True
internet_bill,WE 1NTERNET B1LL,Bills,en,ocr_noise,E5_ONNX_FP32,HYBRID_PROTOTYPE,Groceries,0.8526336550712585,Books,0.8450765609741211,0.007557094097137451,"[""Groceries"", ""Books"", ""Household""]","[0.8526336550712585, 0.8450765609741211, 0.8429937362670898]",False,False
netflix,Netflix,Entertainment,en,clean,E5_ONNX_FP32,HYBRID_PROTOTYPE,Entertainment,0.8602747321128845,Books,0.8558063507080078,0.004468381404876709,"[""Entertainment"", ""Books"", ""Restaurants""]","[0.8602747321128845, 0.8558063507080078, 0.8505396246910095]",True,True
cinema_ticket,Cinema Ticket,Entertainment,en,clean,E5_ONNX_FP32,HYBRID_PROTOTYPE,Entertainment,0.8851227760314941,Transport,0.8530341386795044,0.032088637351989746,"[""Entertainment"", ""Transport"", ""Restaurants""]","[0.8851227760314941, 0.8530341386795044, 0.8427738547325134]",True,True
playstation_game,PlayStation Game,Entertainment,en,clean,E5_ONNX_FP32,HYBRID_PROTOTYPE,Entertainment,0.8474307060241699,Shopping,0.8455747365951538,0.0018559694290161133,"[""Entertainment"", ""Shopping"", ""Fruits & Vegetables""]","[0.8474307060241699, 0.8455747365951538, 0.8327538371086121]",True,True
concert_ticket,Concert Ticket,Entertainment,en,clean,E5_ONNX_FP32,HYBRID_PROTOTYPE,Entertainment,0.8456025123596191,Other,0.8306321501731873,0.014970362186431885,"[""Entertainment"", ""Other"", ""Shopping""]","[0.8456025123596191, 0.8306321501731873, 0.8276364207267761]",True,True
cinema_ticket,تذكرة سينما,Entertainment,ar,clean,E5_ONNX_FP32,HYBRID_PROTOTYPE,Entertainment,0.8968954086303711,Transport,0.881109356880188,0.015786051750183105,"[""Entertainment"", ""Transport"", ""Restaurants""]","[0.8968954086303711, 0.881109356880188, 0.8671674728393555]",True,True
netflix,اشتراك مشاهدة أفلام,Entertainment,ar,clean,E5_ONNX_FP32,HYBRID_PROTOTYPE,Entertainment,0.9048329591751099,Books,0.875636875629425,0.029196083545684814,"[""Entertainment"", ""Books"", ""Shopping""]","[0.9048329591751099, 0.875636875629425, 0.8714767098426819]",True,True
playstation_game,لعبة بلايستيشن,Entertainment,ar,clean,E5_ONNX_FP32,HYBRID_PROTOTYPE,Shopping,0.8641602396965027,Entertainment,0.8612157106399536,0.0029445290565490723,"[""Shopping"", ""Entertainment"", ""Books""]","[0.8641602396965027, 0.8612157106399536, 0.8579815626144409]",False,True
concert_ticket,تذكرة حفلة,Entertainment,ar,clean,E5_ONNX_FP32,HYBRID_PROTOTYPE,Entertainment,0.8855270147323608,Transport,0.8827710151672363,0.0027559995651245117,"[""Entertainment"", ""Transport"", ""Restaurants""]","[0.8855270147323608, 0.8827710151672363, 0.8755015730857849]",True,True
netflix,Netflix اشتراك,Entertainment,mixed,mixed_language,E5_ONNX_FP32,HYBRID_PROTOTYPE,Entertainment,0.8904691934585571,Shopping,0.8775125741958618,0.012956619262695312,"[""Entertainment"", ""Shopping"", ""Groceries""]","[0.8904691934585571, 0.8775125741958618, 0.8749454021453857]",True,True
cinema_ticket,Cinema تذكرة,Entertainment,mixed,mixed_language,E5_ONNX_FP32,HYBRID_PROTOTYPE,Entertainment,0.9175096750259399,Transport,0.8984867334365845,0.01902294158935547,"[""Entertainment"", ""Transport"", ""Restaurants""]","[0.9175096750259399, 0.8984867334365845, 0.8894422054290771]",True,True
netflix,NETFL1X,Entertainment,en,ocr_noise,E5_ONNX_FP32,HYBRID_PROTOTYPE,Shopping,0.8309565782546997,Groceries,0.8294889330863953,0.0014676451683044434,"[""Shopping"", ""Groceries"", ""Entertainment""]","[0.8309565782546997, 0.8294889330863953, 0.8276684284210205]",False,True
cinema_ticket,C1NEMA T1CKET,Entertainment,en,ocr_noise,E5_ONNX_FP32,HYBRID_PROTOTYPE,Shopping,0.8499706983566284,Groceries,0.8478641510009766,0.0021065473556518555,"[""Shopping"", ""Groceries"", ""Restaurants""]","[0.8499706983566284, 0.8478641510009766, 0.8472193479537964]",False,False
dove_shampoo,Dove Shampoo,Personal Care,en,clean,E5_ONNX_FP32,HYBRID_PROTOTYPE,Personal Care,0.8679333925247192,Household,0.8518234491348267,0.016109943389892578,"[""Personal Care"", ""Household"", ""Shopping""]","[0.8679333925247192, 0.8518234491348267, 0.8405637741088867]",True,True
nivea_face_cream,Nivea Face Cream,Personal Care,en,clean,E5_ONNX_FP32,HYBRID_PROTOTYPE,Personal Care,0.8774073123931885,Medicine,0.8657783269882202,0.011628985404968262,"[""Personal Care"", ""Medicine"", ""Household""]","[0.8774073123931885, 0.8657783269882202, 0.8638405799865723]",True,True
gillette_razor,Gillette Razor,Personal Care,en,clean,E5_ONNX_FP32,HYBRID_PROTOTYPE,Personal Care,0.8503315448760986,Household,0.8480161428451538,0.0023154020309448242,"[""Personal Care"", ""Household"", ""Groceries""]","[0.8503315448760986, 0.8480161428451538, 0.8469992280006409]",True,True
haircut,Haircut,Personal Care,en,clean,E5_ONNX_FP32,HYBRID_PROTOTYPE,Personal Care,0.8504896759986877,Shopping,0.8471015095710754,0.0033881664276123047,"[""Personal Care"", ""Shopping"", ""Restaurants""]","[0.8504896759986877, 0.8471015095710754, 0.8437713384628296]",True,True
dove_shampoo,شامبو دوف,Personal Care,ar,clean,E5_ONNX_FP32,HYBRID_PROTOTYPE,Personal Care,0.882756769657135,Household,0.8742040395736694,0.008552730083465576,"[""Personal Care"", ""Household"", ""Groceries""]","[0.882756769657135, 0.8742040395736694, 0.8634463548660278]",True,True
nivea_face_cream,كريم نيفيا للوجه,Personal Care,ar,clean,E5_ONNX_FP32,HYBRID_PROTOTYPE,Personal Care,0.8735153079032898,Medicine,0.8630646467208862,0.010450661182403564,"[""Personal Care"", ""Medicine"", ""Household""]","[0.8735153079032898, 0.8630646467208862, 0.8623756170272827]",True,True
gillette_razor,شفرة حلاقة,Personal Care,ar,clean,E5_ONNX_FP32,HYBRID_PROTOTYPE,Personal Care,0.8899485468864441,Books,0.8622157573699951,0.027732789516448975,"[""Personal Care"", ""Books"", ""Shopping""]","[0.8899485468864441, 0.8622157573699951, 0.8614563345909119]",True,True
haircut,قص شعر,Personal Care,ar,clean,E5_ONNX_FP32,HYBRID_PROTOTYPE,Personal Care,0.8748052716255188,Books,0.8741483688354492,0.0006569027900695801,"[""Personal Care"", ""Books"", ""Shopping""]","[0.8748052716255188, 0.8741483688354492, 0.8726922273635864]",True,True
dove_shampoo,Shampoo شامبو,Personal Care,mixed,mixed_language,E5_ONNX_FP32,HYBRID_PROTOTYPE,Personal Care,0.902106761932373,Household,0.8876244425773621,0.014482319355010986,"[""Personal Care"", ""Household"", ""Shopping""]","[0.902106761932373, 0.8876244425773621, 0.8737797737121582]",True,True
nivea_face_cream,Nivea كريم بشرة,Personal Care,mixed,mixed_language,E5_ONNX_FP32,HYBRID_PROTOTYPE,Personal Care,0.8986395597457886,Medicine,0.8942775726318359,0.004361987113952637,"[""Personal Care"", ""Medicine"", ""Household""]","[0.8986395597457886, 0.8942775726318359, 0.8891700506210327]",True,True
dove_shampoo,شامبو D0VE,Personal Care,mixed,ocr_noise,E5_ONNX_FP32,HYBRID_PROTOTYPE,Personal Care,0.8920289278030396,Household,0.8843947649002075,0.007634162902832031,"[""Personal Care"", ""Household"", ""Shopping""]","[0.8920289278030396, 0.8843947649002075, 0.8755252361297607]",True,True
gillette_razor,G1LLETTE RAZ0R,Personal Care,en,ocr_noise,E5_ONNX_FP32,HYBRID_PROTOTYPE,Groceries,0.8485603332519531,Shopping,0.8459444046020508,0.0026159286499023438,"[""Groceries"", ""Shopping"", ""Books""]","[0.8485603332519531, 0.8459444046020508, 0.8439812660217285]",False,False
service_fee,Service Fee,Other,en,clean,E5_ONNX_FP32,HYBRID_PROTOTYPE,Other,0.8915354013442993,Bills,0.8851877450942993,0.00634765625,"[""Other"", ""Bills"", ""Shopping""]","[0.8915354013442993, 0.8851877450942993, 0.8696268796920776]",True,True
charity_donation,Charity Donation,Other,en,clean,E5_ONNX_FP32,HYBRID_PROTOTYPE,Other,0.8337084054946899,Groceries,0.8293829560279846,0.004325449466705322,"[""Other"", ""Groceries"", ""Household""]","[0.8337084054946899, 0.8293829560279846, 0.8293391466140747]",True,True
document_printing,Document Printing,Other,en,clean,E5_ONNX_FP32,HYBRID_PROTOTYPE,Books,0.8394515514373779,Shopping,0.8340085744857788,0.005442976951599121,"[""Books"", ""Shopping"", ""Groceries""]","[0.8394515514373779, 0.8340085744857788, 0.8337773680686951]",False,False
delivery_fee,Delivery Fee,Other,en,clean,E5_ONNX_FP32,HYBRID_PROTOTYPE,Other,0.877001166343689,Bills,0.8585555553436279,0.018445611000061035,"[""Other"", ""Bills"", ""Restaurants""]","[0.877001166343689, 0.8585555553436279, 0.8556236028671265]",True,True
service_fee,رسوم خدمة,Other,ar,clean,E5_ONNX_FP32,HYBRID_PROTOTYPE,Bills,0.8835818767547607,Other,0.8818455934524536,0.001736283302307129,"[""Bills"", ""Other"", ""Transport""]","[0.8835818767547607, 0.8818455934524536, 0.8677456378936768]",False,True
charity_donation,تبرع خيري,Other,ar,clean,E5_ONNX_FP32,HYBRID_PROTOTYPE,Other,0.8745572566986084,Groceries,0.8708401322364807,0.0037171244621276855,"[""Other"", ""Groceries"", ""Books""]","[0.8745572566986084, 0.8708401322364807, 0.8697584867477417]",True,True
document_printing,طباعة مستندات,Other,ar,clean,E5_ONNX_FP32,HYBRID_PROTOTYPE,Books,0.875159502029419,Other,0.8673020601272583,0.007857441902160645,"[""Books"", ""Other"", ""Medicine""]","[0.875159502029419, 0.8673020601272583, 0.8636063933372498]",False,True
misc_expense,مصاريف متنوعة,Other,ar,clean,E5_ONNX_FP32,HYBRID_PROTOTYPE,Other,0.8978803157806396,Bills,0.8864051103591919,0.011475205421447754,"[""Other"", ""Bills"", ""Shopping""]","[0.8978803157806396, 0.8864051103591919, 0.8833673000335693]",True,True
delivery_fee,Delivery رسوم,Other,mixed,mixed_language,E5_ONNX_FP32,HYBRID_PROTOTYPE,Other,0.8963767290115356,Restaurants,0.8860684633255005,0.010308265686035156,"[""Other"", ""Restaurants"", ""Groceries""]","[0.8963767290115356, 0.8860684633255005, 0.8835561871528625]",True,True
service_fee,Service مصاريف,Other,mixed,mixed_language,E5_ONNX_FP32,HYBRID_PROTOTYPE,Other,0.9027323722839355,Bills,0.8952924609184265,0.007439911365509033,"[""Other"", ""Bills"", ""Transport""]","[0.9027323722839355, 0.8952924609184265, 0.8889402151107788]",True,True
service_fee,SERV1CE FEE,Other,en,ocr_noise,E5_ONNX_FP32,HYBRID_PROTOTYPE,Other,0.8555329442024231,Bills,0.8472100496292114,0.00832289457321167,"[""Other"", ""Bills"", ""Restaurants""]","[0.8555329442024231, 0.8472100496292114, 0.8446909785270691]",True,True
misc_expense,M1SC EXPENSE,Other,en,ocr_noise,E5_ONNX_FP32,HYBRID_PROTOTYPE,Medicine,0.8474518656730652,Other,0.8427916765213013,0.004660189151763916,"[""Medicine"", ""Other"", ""Shopping""]","[0.8474518656730652, 0.8427916765213013, 0.8417339324951172]",False,True
atomic_habits,Atomic Habits,Books,en,clean,E5_ONNX_FP32,HYBRID_PROTOTYPE,Shopping,0.8594375848770142,Books,0.8578314781188965,0.0016061067581176758,"[""Shopping"", ""Books"", ""Restaurants""]","[0.8594375848770142, 0.8578314781188965, 0.852657675743103]",False,True
clean_code,Clean Code,Books,en,clean,E5_ONNX_FP32,HYBRID_PROTOTYPE,Household,0.8590813279151917,Personal Care,0.8485070466995239,0.010574281215667725,"[""Household"", ""Personal Care"", ""Shopping""]","[0.8590813279151917, 0.8485070466995239, 0.8464534282684326]",False,False
psychology_of_money,The Psychology of Money,Books,en,clean,E5_ONNX_FP32,HYBRID_PROTOTYPE,Bills,0.8636000752449036,Other,0.8586408495903015,0.004959225654602051,"[""Bills"", ""Other"", ""Books""]","[0.8636000752449036, 0.8586408495903015, 0.8575884699821472]",False,True
pragmatic_programmer,The Pragmatic Programmer,Books,en,clean,E5_ONNX_FP32,HYBRID_PROTOTYPE,Restaurants,0.8457480072975159,Shopping,0.8421126008033752,0.003635406494140625,"[""Restaurants"", ""Shopping"", ""Books""]","[0.8457480072975159, 0.8421126008033752, 0.8416377305984497]",False,True
atomic_habits,العادات الذرية,Books,ar,clean,E5_ONNX_FP32,HYBRID_PROTOTYPE,Books,0.8575121164321899,Restaurants,0.8572579026222229,0.000254213809967041,"[""Books"", ""Restaurants"", ""Personal Care""]","[0.8575121164321899, 0.8572579026222229, 0.8535405397415161]",True,True
art_of_not_caring,كتاب فن اللامبالاة,Books,ar,clean,E5_ONNX_FP32,HYBRID_PROTOTYPE,Books,0.8696631193161011,Personal Care,0.851874589920044,0.01778852939605713,"[""Books"", ""Personal Care"", ""Restaurants""]","[0.8696631193161011, 0.851874589920044, 0.8481110334396362]",True,True
awlad_haretna,رواية أولاد حارتنا,Books,ar,clean,E5_ONNX_FP32,HYBRID_PROTOTYPE,Books,0.848944902420044,Restaurants,0.830890417098999,0.018054485321044922,"[""Books"", ""Restaurants"", ""Transport""]","[0.848944902420044, 0.830890417098999, 0.8278447389602661]",True,True
learn_python_book,كتاب تعلم بايثون,Books,ar,clean,E5_ONNX_FP32,HYBRID_PROTOTYPE,Books,0.8926434516906738,Restaurants,0.8632482886314392,0.02939516305923462,"[""Books"", ""Restaurants"", ""Shopping""]","[0.8926434516906738, 0.8632482886314392, 0.8624354004859924]",True,True
clean_code,Clean Code كتاب,Books,mixed,mixed_language,E5_ONNX_FP32,HYBRID_PROTOTYPE,Books,0.9165706634521484,Household,0.8941280841827393,0.02244257926940918,"[""Books"", ""Household"", ""Restaurants""]","[0.9165706634521484, 0.8941280841827393, 0.8913238048553467]",True,True
atomic_habits,Atomic Habits نسخة عربية,Books,mixed,mixed_language,E5_ONNX_FP32,HYBRID_PROTOTYPE,Books,0.8731674551963806,Transport,0.8720693588256836,0.0010980963706970215,"[""Books"", ""Transport"", ""Shopping""]","[0.8731674551963806, 0.8720693588256836, 0.8691433668136597]",True,True
atomic_habits,AT0MIC HAB1TS,Books,en,ocr_noise,E5_ONNX_FP32,HYBRID_PROTOTYPE,Medicine,0.8484510183334351,Shopping,0.8452102541923523,0.0032407641410827637,"[""Medicine"", ""Shopping"", ""Groceries""]","[0.8484510183334351, 0.8452102541923523, 0.8425687551498413]",False,False
clean_code,CLEAN C0DE,Books,en,ocr_noise,E5_ONNX_FP32,HYBRID_PROTOTYPE,Household,0.8619593381881714,Personal Care,0.8508708477020264,0.01108849048614502,"[""Household"", ""Personal Care"", ""Shopping""]","[0.8619593381881714, 0.8508708477020264, 0.8495480418205261]",False,False
chicken_breast,Chicken Breast,Groceries,en,clean,E5_DYNAMIC_INT8_PER_TENSOR,HYBRID_PROTOTYPE,Groceries,0.8490426540374756,Household,0.83695387840271,0.012088775634765625,"[""Groceries"", ""Household"", ""Restaurants""]","[0.8490426540374756, 0.83695387840271, 0.8365107774734497]",True,True
milk_1l,Milk 1L,Groceries,en,clean,E5_DYNAMIC_INT8_PER_TENSOR,HYBRID_PROTOTYPE,Groceries,0.889660656452179,Medicine,0.8714138269424438,0.018246829509735107,"[""Groceries"", ""Medicine"", ""Household""]","[0.889660656452179, 0.8714138269424438, 0.8648889064788818]",True,True
rice_1kg,Rice 1KG,Groceries,en,clean,E5_DYNAMIC_INT8_PER_TENSOR,HYBRID_PROTOTYPE,Groceries,0.8903453350067139,Medicine,0.8730764389038086,0.017268896102905273,"[""Groceries"", ""Medicine"", ""Restaurants""]","[0.8903453350067139, 0.8730764389038086, 0.8697475790977478]",True,True
groceries_egyptian_white_cheese,Egyptian White Cheese,Groceries,en,clean,E5_DYNAMIC_INT8_PER_TENSOR,HYBRID_PROTOTYPE,Restaurants,0.8725179433822632,Groceries,0.8706175088882446,0.0019004344940185547,"[""Restaurants"", ""Groceries"", ""Fruits & Vegetables""]","[0.8725179433822632, 0.8706175088882446, 0.8696960210800171]",False,True
chicken_breast,صدور فراخ,Groceries,ar,clean,E5_DYNAMIC_INT8_PER_TENSOR,HYBRID_PROTOTYPE,Restaurants,0.8627932071685791,Other,0.8596476912498474,0.0031455159187316895,"[""Restaurants"", ""Other"", ""Household""]","[0.8627932071685791, 0.8596476912498474, 0.8594106435775757]",False,False
milk_1l,لبن كامل الدسم,Groceries,ar,clean,E5_DYNAMIC_INT8_PER_TENSOR,HYBRID_PROTOTYPE,Groceries,0.8838765621185303,Household,0.8830980062484741,0.0007785558700561523,"[""Groceries"", ""Household"", ""Medicine""]","[0.8838765621185303, 0.8830980062484741, 0.8781794309616089]",True,True
rice_1kg,كيس أرز 1 كيلو,Groceries,ar,clean,E5_DYNAMIC_INT8_PER_TENSOR,HYBRID_PROTOTYPE,Groceries,0.903552770614624,Restaurants,0.8875881433486938,0.015964627265930176,"[""Groceries"", ""Restaurants"", ""Medicine""]","[0.903552770614624, 0.8875881433486938, 0.8856154680252075]",True,True
groceries_8,علبة تونة,Groceries,ar,clean,E5_DYNAMIC_INT8_PER_TENSOR,HYBRID_PROTOTYPE,Household,0.8868894577026367,Shopping,0.8865070343017578,0.00038242340087890625,"[""Household"", ""Shopping"", ""Groceries""]","[0.8868894577026367, 0.8865070343017578, 0.8837732076644897]",False,True
milk_1l,Fresh Milk لبن,Groceries,mixed,mixed_language,E5_DYNAMIC_INT8_PER_TENSOR,HYBRID_PROTOTYPE,Groceries,0.9152107238769531,Fruits & Vegetables,0.9029092788696289,0.012301445007324219,"[""Groceries"", ""Fruits & Vegetables"", ""Restaurants""]","[0.9152107238769531, 0.9029092788696289, 0.8976272940635681]",True,True
chicken_breast,Chicken فراخ مجمدة,Groceries,mixed,mixed_language,E5_DYNAMIC_INT8_PER_TENSOR,HYBRID_PROTOTYPE,Groceries,0.909936785697937,Restaurants,0.9028702974319458,0.007066488265991211,"[""Groceries"", ""Restaurants"", ""Household""]","[0.909936785697937, 0.9028702974319458, 0.8960974216461182]",True,True
milk_1l,M1LK 1L,Groceries,en,ocr_noise,E5_DYNAMIC_INT8_PER_TENSOR,HYBRID_PROTOTYPE,Groceries,0.8658850789070129,Medicine,0.8620463609695435,0.0038387179374694824,"[""Groceries"", ""Medicine"", ""Bills""]","[0.8658850789070129, 0.8620463609695435, 0.856752872467041]",True,True
rice_1kg,R1CE 1KG,Groceries,en,ocr_noise,E5_DYNAMIC_INT8_PER_TENSOR,HYBRID_PROTOTYPE,Groceries,0.8770403861999512,Medicine,0.8682950735092163,0.008745312690734863,"[""Groceries"", ""Medicine"", ""Shopping""]","[0.8770403861999512, 0.8682950735092163, 0.865939736366272]",True,True
banana,Banana,Fruits & Vegetables,en,clean,E5_DYNAMIC_INT8_PER_TENSOR,HYBRID_PROTOTYPE,Groceries,0.8590576648712158,Fruits & Vegetables,0.8580747842788696,0.0009828805923461914,"[""Groceries"", ""Fruits & Vegetables"", ""Shopping""]","[0.8590576648712158, 0.8580747842788696, 0.8518729209899902]",False,True
tomatoes,Fresh Tomatoes,Fruits & Vegetables,en,clean,E5_DYNAMIC_INT8_PER_TENSOR,HYBRID_PROTOTYPE,Fruits & Vegetables,0.9039968848228455,Groceries,0.8739466071128845,0.030050277709960938,"[""Fruits & Vegetables"", ""Groceries"", ""Restaurants""]","[0.9039968848228455, 0.8739466071128845, 0.8727023601531982]",True,True
apples,Green Apples,Fruits & Vegetables,en,clean,E5_DYNAMIC_INT8_PER_TENSOR,HYBRID_PROTOTYPE,Fruits & Vegetables,0.8675912618637085,Shopping,0.84427410364151,0.023317158222198486,"[""Fruits & Vegetables"", ""Shopping"", ""Groceries""]","[0.8675912618637085, 0.84427410364151, 0.8414773941040039]",True,True
cucumber,Cucumber Pack,Fruits & Vegetables,en,clean,E5_DYNAMIC_INT8_PER_TENSOR,HYBRID_PROTOTYPE,Groceries,0.8751111030578613,Restaurants,0.8629448413848877,0.012166261672973633,"[""Groceries"", ""Restaurants"", ""Household""]","[0.8751111030578613, 0.8629448413848877, 0.8629432916641235]",False,False
tomatoes,طماطم,Fruits & Vegetables,ar,clean,E5_DYNAMIC_INT8_PER_TENSOR,HYBRID_PROTOTYPE,Fruits & Vegetables,0.8951356410980225,Groceries,0.8656537532806396,0.029481887817382812,"[""Fruits & Vegetables"", ""Groceries"", ""Transport""]","[0.8951356410980225, 0.8656537532806396, 0.8587797284126282]",True,True
apples,تفاح,Fruits & Vegetables,ar,clean,E5_DYNAMIC_INT8_PER_TENSOR,HYBRID_PROTOTYPE,Fruits & Vegetables,0.8973650932312012,Restaurants,0.8710858821868896,0.026279211044311523,"[""Fruits & Vegetables"", ""Restaurants"", ""Groceries""]","[0.8973650932312012, 0.8710858821868896, 0.8704659938812256]",True,True
banana,موز بلدي,Fruits & Vegetables,ar,clean,E5_DYNAMIC_INT8_PER_TENSOR,HYBRID_PROTOTYPE,Fruits & Vegetables,0.8830069303512573,Groceries,0.8816448450088501,0.0013620853424072266,"[""Fruits & Vegetables"", ""Groceries"", ""Transport""]","[0.8830069303512573, 0.8816448450088501, 0.8783167004585266]",True,True
cucumber,خيار طازج,Fruits & Vegetables,ar,clean,E5_DYNAMIC_INT8_PER_TENSOR,HYBRID_PROTOTYPE,Groceries,0.8969682455062866,Restaurants,0.8960463404655457,0.0009219050407409668,"[""Groceries"", ""Restaurants"", ""Books""]","[0.8969682455062866, 0.8960463404655457, 0.894483208656311]",False,False
banana,Banana موز,Fruits & Vegetables,mixed,mixed_language,E5_DYNAMIC_INT8_PER_TENSOR,HYBRID_PROTOTYPE,Fruits & Vegetables,0.8880784511566162,Groceries,0.8766234517097473,0.011454999446868896,"[""Fruits & Vegetables"", ""Groceries"", ""Books""]","[0.8880784511566162, 0.8766234517097473, 0.863802433013916]",True,True
tomatoes,Fresh طماطم,Fruits & Vegetables,mixed,mixed_language,E5_DYNAMIC_INT8_PER_TENSOR,HYBRID_PROTOTYPE,Fruits & Vegetables,0.9279911518096924,Groceries,0.9035968780517578,0.02439427375793457,"[""Fruits & Vegetables"", ""Groceries"", ""Restaurants""]","[0.9279911518096924, 0.9035968780517578, 0.9004135131835938]",True,True
tomatoes,T0MAT0ES,Fruits & Vegetables,en,ocr_noise,E5_DYNAMIC_INT8_PER_TENSOR,HYBRID_PROTOTYPE,Fruits & Vegetables,0.8765406012535095,Shopping,0.8747130632400513,0.001827538013458252,"[""Fruits & Vegetables"", ""Shopping"", ""Books""]","[0.8765406012535095, 0.8747130632400513, 0.8723278045654297]",True,True
apples,تفـاح,Fruits & Vegetables,ar,ocr_noise,E5_DYNAMIC_INT8_PER_TENSOR,HYBRID_PROTOTYPE,Books,0.8922958970069885,Restaurants,0.8858233094215393,0.006472587585449219,"[""Books"", ""Restaurants"", ""Groceries""]","[0.8922958970069885, 0.8858233094215393, 0.8857372999191284]",False,False
mcchicken_meal,McChicken Meal,Restaurants,en,clean,E5_DYNAMIC_INT8_PER_TENSOR,HYBRID_PROTOTYPE,Groceries,0.8605332970619202,Restaurants,0.8585214614868164,0.0020118355751037598,"[""Groceries"", ""Restaurants"", ""Household""]","[0.8605332970619202, 0.8585214614868164, 0.838996171951294]",False,True
margherita_pizza,Margherita Pizza,Restaurants,en,clean,E5_DYNAMIC_INT8_PER_TENSOR,HYBRID_PROTOTYPE,Restaurants,0.8499557971954346,Groceries,0.8491319417953491,0.0008238554000854492,"[""Restaurants"", ""Groceries"", ""Entertainment""]","[0.8499557971954346, 0.8491319417953491, 0.838429868221283]",True,True
coffee,Cappuccino,Restaurants,en,clean,E5_DYNAMIC_INT8_PER_TENSOR,HYBRID_PROTOTYPE,Restaurants,0.8634374141693115,Groceries,0.8533483147621155,0.010089099407196045,"[""Restaurants"", ""Groceries"", ""Medicine""]","[0.8634374141693115, 0.8533483147621155, 0.8471361398696899]",True,True
restaurants_kfc_family_meal,KFC Family Meal,Restaurants,en,clean,E5_DYNAMIC_INT8_PER_TENSOR,HYBRID_PROTOTYPE,Groceries,0.8799524903297424,Restaurants,0.8766809105873108,0.0032715797424316406,"[""Groceries"", ""Restaurants"", ""Household""]","[0.8799524903297424, 0.8766809105873108, 0.8618587255477905]",False,True
margherita_pizza,بيتزا مارجريتا,Restaurants,ar,clean,E5_DYNAMIC_INT8_PER_TENSOR,HYBRID_PROTOTYPE,Restaurants,0.8481289148330688,Groceries,0.8455309867858887,0.0025979280471801758,"[""Restaurants"", ""Groceries"", ""Transport""]","[0.8481289148330688, 0.8455309867858887, 0.843032717704773]",True,True
burger_meal,وجبة برجر,Restaurants,ar,clean,E5_DYNAMIC_INT8_PER_TENSOR,HYBRID_PROTOTYPE,Groceries,0.8834512829780579,Restaurants,0.8828331828117371,0.0006181001663208008,"[""Groceries"", ""Restaurants"", ""Fruits & Vegetables""]","[0.8834512829780579, 0.8828331828117371, 0.8730036020278931]",False,True
coffee,قهوة لاتيه,Restaurants,ar,clean,E5_DYNAMIC_INT8_PER_TENSOR,HYBRID_PROTOTYPE,Restaurants,0.9039877653121948,Groceries,0.8901573419570923,0.013830423355102539,"[""Restaurants"", ""Groceries"", ""Personal Care""]","[0.9039877653121948, 0.8901573419570923, 0.8846958875656128]",True,True
restaurants_32,ساندوتش شاورما,Restaurants,ar,clean,E5_DYNAMIC_INT8_PER_TENSOR,HYBRID_PROTOTYPE,Groceries,0.8588025569915771,Books,0.8581241369247437,0.0006784200668334961,"[""Groceries"", ""Books"", ""Entertainment""]","[0.8588025569915771, 0.8581241369247437, 0.8538362979888916]",False,False
coffee,Coffee قهوة,Restaurants,mixed,mixed_language,E5_DYNAMIC_INT8_PER_TENSOR,HYBRID_PROTOTYPE,Restaurants,0.9354870915412903,Groceries,0.914871335029602,0.020615756511688232,"[""Restaurants"", ""Groceries"", ""Fruits & Vegetables""]","[0.9354870915412903, 0.914871335029602, 0.9082936644554138]",True,True
burger_meal,Burger وجبة,Restaurants,mixed,mixed_language,E5_DYNAMIC_INT8_PER_TENSOR,HYBRID_PROTOTYPE,Restaurants,0.9075925350189209,Groceries,0.904220461845398,0.0033720731735229492,"[""Restaurants"", ""Groceries"", ""Fruits & Vegetables""]","[0.9075925350189209, 0.904220461845398, 0.8860624432563782]",True,True
mcchicken_meal,McCh1cken MeaI,Restaurants,en,ocr_noise,E5_DYNAMIC_INT8_PER_TENSOR,HYBRID_PROTOTYPE,Groceries,0.8745245933532715,Books,0.8704857230186462,0.004038870334625244,"[""Groceries"", ""Books"", ""Restaurants""]","[0.8745245933532715, 0.8704857230186462, 0.8702289462089539]",False,True
margherita_pizza,P1ZZA MARGHER1TA,Restaurants,en,ocr_noise,E5_DYNAMIC_INT8_PER_TENSOR,HYBRID_PROTOTYPE,Groceries,0.8645399212837219,Personal Care,0.85666424036026,0.007875680923461914,"[""Groceries"", ""Personal Care"", ""Restaurants""]","[0.8645399212837219, 0.85666424036026, 0.8561952710151672]",False,True
uber_trip,Uber Trip,Transport,en,clean,E5_DYNAMIC_INT8_PER_TENSOR,HYBRID_PROTOTYPE,Transport,0.8655726909637451,Entertainment,0.8504037857055664,0.015168905258178711,"[""Transport"", ""Entertainment"", ""Restaurants""]","[0.8655726909637451, 0.8504037857055664, 0.8502470850944519]",True,True
careem_ride,Careem Ride,Transport,en,clean,E5_DYNAMIC_INT8_PER_TENSOR,HYBRID_PROTOTYPE,Transport,0.8631107807159424,Entertainment,0.862811267375946,0.0002995133399963379,"[""Transport"", ""Entertainment"", ""Shopping""]","[0.8631107807159424, 0.862811267375946, 0.8580522537231445]",True,True
metro_ticket,Cairo Metro Ticket,Transport,en,clean,E5_DYNAMIC_INT8_PER_TENSOR,HYBRID_PROTOTYPE,Transport,0.8682105541229248,Entertainment,0.8488427400588989,0.01936781406402588,"[""Transport"", ""Entertainment"", ""Groceries""]","[0.8682105541229248, 0.8488427400588989, 0.8477554321289062]",True,True
gasoline_92,Gasoline 92,Transport,en,clean,E5_DYNAMIC_INT8_PER_TENSOR,HYBRID_PROTOTYPE,Bills,0.8480963706970215,Shopping,0.8454968929290771,0.002599477767944336,"[""Bills"", ""Shopping"", ""Household""]","[0.8480963706970215, 0.8454968929290771, 0.8450917601585388]",False,False
uber_trip,رحلة أوبر,Transport,ar,clean,E5_DYNAMIC_INT8_PER_TENSOR,HYBRID_PROTOTYPE,Transport,0.8865566849708557,Books,0.879069447517395,0.007487237453460693,"[""Transport"", ""Books"", ""Restaurants""]","[0.8865566849708557, 0.879069447517395, 0.87111496925354]",True,True
careem_ride,مشوار كريم,Transport,ar,clean,E5_DYNAMIC_INT8_PER_TENSOR,HYBRID_PROTOTYPE,Personal Care,0.8986167907714844,Groceries,0.8880480527877808,0.010568737983703613,"[""Personal Care"", ""Groceries"", ""Shopping""]","[0.8986167907714844, 0.8880480527877808, 0.887802004814148]",False,False
metro_ticket,تذكرة مترو,Transport,ar,clean,E5_DYNAMIC_INT8_PER_TENSOR,HYBRID_PROTOTYPE,Transport,0.9101805686950684,Entertainment,0.8858280777931213,0.02435249090194702,"[""Transport"", ""Entertainment"", ""Shopping""]","[0.9101805686950684, 0.8858280777931213, 0.8835187554359436]",True,True
gasoline_92,بنزين 92,Transport,ar,clean,E5_DYNAMIC_INT8_PER_TENSOR,HYBRID_PROTOTYPE,Groceries,0.8706595301628113,Transport,0.8688209652900696,0.0018385648727416992,"[""Groceries"", ""Transport"", ""Shopping""]","[0.8706595301628113, 0.8688209652900696, 0.8684520721435547]",False,True
uber_trip,Uber مشوار,Transport,mixed,mixed_language,E5_DYNAMIC_INT8_PER_TENSOR,HYBRID_PROTOTYPE,Transport,0.8868024945259094,Shopping,0.8746487498283386,0.0121537446975708,"[""Transport"", ""Shopping"", ""Books""]","[0.8868024945259094, 0.8746487498283386, 0.869295597076416]",True,True
careem_ride,Careem رحلة,Transport,mixed,mixed_language,E5_DYNAMIC_INT8_PER_TENSOR,HYBRID_PROTOTYPE,Transport,0.9035921096801758,Restaurants,0.8926389217376709,0.010953187942504883,"[""Transport"", ""Restaurants"", ""Shopping""]","[0.9035921096801758, 0.8926389217376709, 0.891845703125]",True,True
uber_trip,UBER TR1P,Transport,en,ocr_noise,E5_DYNAMIC_INT8_PER_TENSOR,HYBRID_PROTOTYPE,Transport,0.858608067035675,Bills,0.8577778339385986,0.000830233097076416,"[""Transport"", ""Bills"", ""Groceries""]","[0.858608067035675, 0.8577778339385986, 0.856609582901001]",True,True
careem_ride,CAR EEM R1DE,Transport,en,ocr_noise,E5_DYNAMIC_INT8_PER_TENSOR,HYBRID_PROTOTYPE,Transport,0.8714920282363892,Shopping,0.8708102703094482,0.000681757926940918,"[""Transport"", ""Shopping"", ""Groceries""]","[0.8714920282363892, 0.8708102703094482, 0.8678157329559326]",True,True
dettol_floor_cleaner,Dettol Floor Cleaner,Household,en,clean,E5_DYNAMIC_INT8_PER_TENSOR,HYBRID_PROTOTYPE,Household,0.8913977146148682,Personal Care,0.8732439279556274,0.018153786659240723,"[""Household"", ""Personal Care"", ""Groceries""]","[0.8913977146148682, 0.8732439279556274, 0.8602436780929565]",True,True
fairy_dish_liquid,Fairy Dishwashing Liquid,Household,en,clean,E5_DYNAMIC_INT8_PER_TENSOR,HYBRID_PROTOTYPE,Household,0.8922297954559326,Groceries,0.8800152540206909,0.0122145414352417,"[""Household"", ""Groceries"", ""Personal Care""]","[0.8922297954559326, 0.8800152540206909, 0.8706564903259277]",True,True
persil_gel,Persil Gel,Household,en,clean,E5_DYNAMIC_INT8_PER_TENSOR,HYBRID_PROTOTYPE,Personal Care,0.8637810945510864,Household,0.8627229332923889,0.0010581612586975098,"[""Personal Care"", ""Household"", ""Groceries""]","[0.8637810945510864, 0.8627229332923889, 0.8581133484840393]",False,True
clorox_bleach,Clorox Bleach,Household,en,clean,E5_DYNAMIC_INT8_PER_TENSOR,HYBRID_PROTOTYPE,Household,0.8583723306655884,Groceries,0.8541210889816284,0.004251241683959961,"[""Household"", ""Groceries"", ""Medicine""]","[0.8583723306655884, 0.8541210889816284, 0.8496838808059692]",True,True
dettol_floor_cleaner,منظف أرضيات ديتول,Household,ar,clean,E5_DYNAMIC_INT8_PER_TENSOR,HYBRID_PROTOTYPE,Household,0.8960204124450684,Personal Care,0.8720962405204773,0.023924171924591064,"[""Household"", ""Personal Care"", ""Medicine""]","[0.8960204124450684, 0.8720962405204773, 0.8676011562347412]",True,True
fairy_dish_liquid,سائل غسيل أطباق,Household,ar,clean,E5_DYNAMIC_INT8_PER_TENSOR,HYBRID_PROTOTYPE,Household,0.9207219481468201,Groceries,0.9034335017204285,0.0172884464263916,"[""Household"", ""Groceries"", ""Restaurants""]","[0.9207219481468201, 0.9034335017204285, 0.8940422534942627]",True,True
persil_gel,مسحوق غسيل برسيل,Household,ar,clean,E5_DYNAMIC_INT8_PER_TENSOR,HYBRID_PROTOTYPE,Household,0.9082299470901489,Groceries,0.8846087455749512,0.023621201515197754,"[""Household"", ""Groceries"", ""Personal Care""]","[0.9082299470901489, 0.8846087455749512, 0.8845536708831787]",True,True
clorox_bleach,كلور مبيض,Household,ar,clean,E5_DYNAMIC_INT8_PER_TENSOR,HYBRID_PROTOTYPE,Books,0.8697247505187988,Personal Care,0.8694124221801758,0.0003123283386230469,"[""Books"", ""Personal Care"", ""Household""]","[0.8697247505187988, 0.8694124221801758, 0.868169903755188]",False,True
dettol_floor_cleaner,Dettol منظف أرضيات,Household,mixed,mixed_language,E5_DYNAMIC_INT8_PER_TENSOR,HYBRID_PROTOTYPE,Household,0.909206748008728,Personal Care,0.8884942531585693,0.02071249485015869,"[""Household"", ""Personal Care"", ""Restaurants""]","[0.909206748008728, 0.8884942531585693, 0.8852508068084717]",True,True
fairy_dish_liquid,Fairy صابون أطباق,Household,mixed,mixed_language,E5_DYNAMIC_INT8_PER_TENSOR,HYBRID_PROTOTYPE,Household,0.9155593514442444,Personal Care,0.9139242172241211,0.001635134220123291,"[""Household"", ""Personal Care"", ""Restaurants""]","[0.9155593514442444, 0.9139242172241211, 0.9117637872695923]",True,True
dettol_floor_cleaner,DettoI Floor C1eaner,Household,en,ocr_noise,E5_DYNAMIC_INT8_PER_TENSOR,HYBRID_PROTOTYPE,Household,0.8783873319625854,Groceries,0.8762978315353394,0.0020895004272460938,"[""Household"", ""Groceries"", ""Books""]","[0.8783873319625854, 0.8762978315353394, 0.8742150068283081]",True,True
persil_gel,PersiI GeI,Household,en,ocr_noise,E5_DYNAMIC_INT8_PER_TENSOR,HYBRID_PROTOTYPE,Groceries,0.8643783330917358,Restaurants,0.8620045781135559,0.0023737549781799316,"[""Groceries"", ""Restaurants"", ""Books""]","[0.8643783330917358, 0.8620045781135559, 0.8613494634628296]",False,False
panadol_extra,Panadol Extra,Medicine,en,clean,E5_DYNAMIC_INT8_PER_TENSOR,HYBRID_PROTOTYPE,Groceries,0.8691648840904236,Medicine,0.8633131980895996,0.005851686000823975,"[""Groceries"", ""Medicine"", ""Fruits & Vegetables""]","[0.8691648840904236, 0.8633131980895996, 0.861067533493042]",False,True
brufen_400,Brufen 400,Medicine,en,clean,E5_DYNAMIC_INT8_PER_TENSOR,HYBRID_PROTOTYPE,Shopping,0.8541473746299744,Books,0.8524696826934814,0.00167769193649292,"[""Shopping"", ""Books"", ""Personal Care""]","[0.8541473746299744, 0.8524696826934814, 0.8508809208869934]",False,False
folic_acid_600_mcg,Folic Acid 600 MCG,Medicine,en,clean,E5_DYNAMIC_INT8_PER_TENSOR,HYBRID_PROTOTYPE,Medicine,0.8750214576721191,Groceries,0.8699849843978882,0.005036473274230957,"[""Medicine"", ""Groceries"", ""Household""]","[0.8750214576721191, 0.8699849843978882, 0.8641407489776611]",True,True
immulant_plus_20_cap,Immulant Plus 20 Cap,Medicine,en,clean,E5_DYNAMIC_INT8_PER_TENSOR,HYBRID_PROTOTYPE,Medicine,0.8675256371498108,Groceries,0.861571729183197,0.0059539079666137695,"[""Medicine"", ""Groceries"", ""Household""]","[0.8675256371498108, 0.861571729183197, 0.8607970476150513]",True,True
panadol_extra,بنادول إكسترا,Medicine,ar,clean,E5_DYNAMIC_INT8_PER_TENSOR,HYBRID_PROTOTYPE,Shopping,0.8700647354125977,Groceries,0.8700295686721802,3.516674041748047e-05,"[""Shopping"", ""Groceries"", ""Medicine""]","[0.8700647354125977, 0.8700295686721802, 0.8683018684387207]",False,True
brufen_400,بروفين 400,Medicine,ar,clean,E5_DYNAMIC_INT8_PER_TENSOR,HYBRID_PROTOTYPE,Medicine,0.8843702077865601,Personal Care,0.8775652647018433,0.006804943084716797,"[""Medicine"", ""Personal Care"", ""Transport""]","[0.8843702077865601, 0.8775652647018433, 0.8760808706283569]",True,True
folic_acid_600_mcg,حمض الفوليك,Medicine,ar,clean,E5_DYNAMIC_INT8_PER_TENSOR,HYBRID_PROTOTYPE,Medicine,0.8761366605758667,Household,0.8741989135742188,0.0019377470016479492,"[""Medicine"", ""Household"", ""Groceries""]","[0.8761366605758667, 0.8741989135742188, 0.8724806308746338]",True,True
medicine_68,فيتامين سي,Medicine,ar,clean,E5_DYNAMIC_INT8_PER_TENSOR,HYBRID_PROTOTYPE,Medicine,0.8898897171020508,Household,0.869306206703186,0.020583510398864746,"[""Medicine"", ""Household"", ""Groceries""]","[0.8898897171020508, 0.869306206703186, 0.8678958415985107]",True,True
panadol_extra,Panadol مسكن,Medicine,mixed,mixed_language,E5_DYNAMIC_INT8_PER_TENSOR,HYBRID_PROTOTYPE,Household,0.883033275604248,Groceries,0.8822250366210938,0.0008082389831542969,"[""Household"", ""Groceries"", ""Restaurants""]","[0.883033275604248, 0.8822250366210938, 0.8771170973777771]",False,False
vitamin_d,Vitamin D فيتامين,Medicine,mixed,mixed_language,E5_DYNAMIC_INT8_PER_TENSOR,HYBRID_PROTOTYPE,Medicine,0.9010014533996582,Personal Care,0.874765157699585,0.026236295700073242,"[""Medicine"", ""Personal Care"", ""Household""]","[0.9010014533996582, 0.874765157699585, 0.8727903366088867]",True,True
panadol_extra,PANAD0L EXTRA,Medicine,en,ocr_noise,E5_DYNAMIC_INT8_PER_TENSOR,HYBRID_PROTOTYPE,Groceries,0.8707289695739746,Shopping,0.8632467985153198,0.007482171058654785,"[""Groceries"", ""Shopping"", ""Bills""]","[0.8707289695739746, 0.8632467985153198, 0.8615723252296448]",False,False
folic_acid_600_mcg,F0LIC ACID 600 MCG,Medicine,en,ocr_noise,E5_DYNAMIC_INT8_PER_TENSOR,HYBRID_PROTOTYPE,Medicine,0.8612532615661621,Groceries,0.8605608940124512,0.0006923675537109375,"[""Medicine"", ""Groceries"", ""Household""]","[0.8612532615661621, 0.8605608940124512, 0.8551087379455566]",True,True
immulant_plus_20_cap,MLANT PLUS 20 CAP,Medicine,en,ocr_noise,E5_DYNAMIC_INT8_PER_TENSOR,HYBRID_PROTOTYPE,Medicine,0.852754533290863,Groceries,0.8501142263412476,0.0026403069496154785,"[""Medicine"", ""Groceries"", ""Household""]","[0.852754533290863, 0.8501142263412476, 0.8492380380630493]",True,True
folic_acid_600_mcg,FoLic AciD 600 McG,Medicine,en,ocr_noise,E5_DYNAMIC_INT8_PER_TENSOR,HYBRID_PROTOTYPE,Medicine,0.8668392896652222,Groceries,0.8641225099563599,0.0027167797088623047,"[""Medicine"", ""Groceries"", ""Household""]","[0.8668392896652222, 0.8641225099563599, 0.8594562411308289]",True,True
cotton_tshirt,Cotton T Shirt,Shopping,en,clean,E5_DYNAMIC_INT8_PER_TENSOR,HYBRID_PROTOTYPE,Shopping,0.8580790162086487,Groceries,0.8519084453582764,0.0061705708503723145,"[""Shopping"", ""Groceries"", ""Household""]","[0.8580790162086487, 0.8519084453582764, 0.8496990203857422]",True,True
running_shoes,Running Shoes,Shopping,en,clean,E5_DYNAMIC_INT8_PER_TENSOR,HYBRID_PROTOTYPE,Shopping,0.8648004531860352,Other,0.8439580202102661,0.020842432975769043,"[""Shopping"", ""Other"", ""Books""]","[0.8648004531860352, 0.8439580202102661, 0.8434938192367554]",True,True
wireless_headphones,Wireless Headphones,Shopping,en,clean,E5_DYNAMIC_INT8_PER_TENSOR,HYBRID_PROTOTYPE,Shopping,0.8694455623626709,Bills,0.8589314222335815,0.010514140129089355,"[""Shopping"", ""Bills"", ""Personal Care""]","[0.8694455623626709, 0.8589314222335815, 0.8571573495864868]",True,True
phone_charger,Phone Charger,Shopping,en,clean,E5_DYNAMIC_INT8_PER_TENSOR,HYBRID_PROTOTYPE,Bills,0.8701985478401184,Shopping,0.8696543574333191,0.0005441904067993164,"[""Bills"", ""Shopping"", ""Personal Care""]","[0.8701985478401184, 0.8696543574333191, 0.8584623336791992]",False,True
cotton_tshirt,تيشيرت قطن,Shopping,ar,clean,E5_DYNAMIC_INT8_PER_TENSOR,HYBRID_PROTOTYPE,Transport,0.9014557600021362,Groceries,0.8984894156455994,0.0029663443565368652,"[""Transport"", ""Groceries"", ""Restaurants""]","[0.9014557600021362, 0.8984894156455994, 0.8965331315994263]",False,False
running_shoes,حذاء رياضي,Shopping,ar,clean,E5_DYNAMIC_INT8_PER_TENSOR,HYBRID_PROTOTYPE,Shopping,0.8900137543678284,Books,0.8826125860214233,0.007401168346405029,"[""Shopping"", ""Books"", ""Transport""]","[0.8900137543678284, 0.8826125860214233, 0.8721010684967041]",True,True
wireless_headphones,سماعات بلوتوث,Shopping,ar,clean,E5_DYNAMIC_INT8_PER_TENSOR,HYBRID_PROTOTYPE,Personal Care,0.8850768804550171,Entertainment,0.8848510980606079,0.0002257823944091797,"[""Personal Care"", ""Entertainment"", ""Household""]","[0.8850768804550171, 0.8848510980606079, 0.8835798501968384]",False,False
phone_charger,شاحن موبايل,Shopping,ar,clean,E5_DYNAMIC_INT8_PER_TENSOR,HYBRID_PROTOTYPE,Shopping,0.873206615447998,Transport,0.8729915618896484,0.00021505355834960938,"[""Shopping"", ""Transport"", ""Books""]","[0.873206615447998, 0.8729915618896484, 0.8713356852531433]",True,True
running_shoes,Nike حذاء,Shopping,mixed,mixed_language,E5_DYNAMIC_INT8_PER_TENSOR,HYBRID_PROTOTYPE,Shopping,0.9041708111763,Books,0.8929727077484131,0.011198103427886963,"[""Shopping"", ""Books"", ""Personal Care""]","[0.9041708111763, 0.8929727077484131, 0.8926870226860046]",True,True
wireless_headphones,Headphones سماعات,Shopping,mixed,mixed_language,E5_DYNAMIC_INT8_PER_TENSOR,HYBRID_PROTOTYPE,Personal Care,0.9040474891662598,Shopping,0.9029358625411987,0.0011116266250610352,"[""Personal Care"", ""Shopping"", ""Medicine""]","[0.9040474891662598, 0.9029358625411987, 0.8960812091827393]",False,True
wireless_headphones,W1RELESS HEADPH0NES,Shopping,en,ocr_noise,E5_DYNAMIC_INT8_PER_TENSOR,HYBRID_PROTOTYPE,Shopping,0.8546134233474731,Personal Care,0.8435672521591187,0.011046171188354492,"[""Shopping"", ""Personal Care"", ""Entertainment""]","[0.8546134233474731, 0.8435672521591187, 0.8433449268341064]",True,True
phone_charger,PH0NE CHARGER,Shopping,en,ocr_noise,E5_DYNAMIC_INT8_PER_TENSOR,HYBRID_PROTOTYPE,Shopping,0.8387249708175659,Personal Care,0.8386664986610413,5.84721565246582e-05,"[""Shopping"", ""Personal Care"", ""Medicine""]","[0.8387249708175659, 0.8386664986610413, 0.8365740776062012]",True,True
electricity_bill,Electricity Bill,Bills,en,clean,E5_DYNAMIC_INT8_PER_TENSOR,HYBRID_PROTOTYPE,Bills,0.9087159633636475,Other,0.864288866519928,0.04442709684371948,"[""Bills"", ""Other"", ""Shopping""]","[0.9087159633636475, 0.864288866519928, 0.8631207346916199]",True,True
internet_bill,WE Internet Bill,Bills,en,clean,E5_DYNAMIC_INT8_PER_TENSOR,HYBRID_PROTOTYPE,Bills,0.8941279649734497,Shopping,0.8572303056716919,0.03689765930175781,"[""Bills"", ""Shopping"", ""Books""]","[0.8941279649734497, 0.8572303056716919, 0.8549096584320068]",True,True
water_bill,Water Utility Bill,Bills,en,clean,E5_DYNAMIC_INT8_PER_TENSOR,HYBRID_PROTOTYPE,Bills,0.9132484197616577,Other,0.8701246380805969,0.04312378168106079,"[""Bills"", ""Other"", ""Household""]","[0.9132484197616577, 0.8701246380805969, 0.863684356212616]",True,True
mobile_bill,Mobile Phone Bill,Bills,en,clean,E5_DYNAMIC_INT8_PER_TENSOR,HYBRID_PROTOTYPE,Bills,0.9049245119094849,Shopping,0.872839093208313,0.032085418701171875,"[""Bills"", ""Shopping"", ""Other""]","[0.9049245119094849, 0.872839093208313, 0.8659473657608032]",True,True
electricity_bill,فاتورة كهرباء,Bills,ar,clean,E5_DYNAMIC_INT8_PER_TENSOR,HYBRID_PROTOTYPE,Bills,0.9189496040344238,Shopping,0.9016216993331909,0.01732790470123291,"[""Bills"", ""Shopping"", ""Other""]","[0.9189496040344238, 0.9016216993331909, 0.9008497595787048]",True,True
internet_bill,فاتورة انترنت WE,Bills,mixed,mixed_language,E5_DYNAMIC_INT8_PER_TENSOR,HYBRID_PROTOTYPE,Bills,0.917765736579895,Books,0.9021310806274414,0.015634655952453613,"[""Bills"", ""Books"", ""Shopping""]","[0.917765736579895, 0.9021310806274414, 0.8954905271530151]",True,True
water_bill,فاتورة مياه,Bills,ar,clean,E5_DYNAMIC_INT8_PER_TENSOR,HYBRID_PROTOTYPE,Bills,0.9201136231422424,Other,0.904890775680542,0.01522284746170044,"[""Bills"", ""Other"", ""Medicine""]","[0.9201136231422424, 0.904890775680542, 0.8996727466583252]",True,True
gas_bill,فاتورة غاز,Bills,ar,clean,E5_DYNAMIC_INT8_PER_TENSOR,HYBRID_PROTOTYPE,Bills,0.9126361012458801,Transport,0.9009548425674438,0.01168125867843628,"[""Bills"", ""Transport"", ""Other""]","[0.9126361012458801, 0.9009548425674438, 0.8932638168334961]",True,True
mobile_bill,Orange فاتورة موبايل,Bills,mixed,mixed_language,E5_DYNAMIC_INT8_PER_TENSOR,HYBRID_PROTOTYPE,Transport,0.9014459848403931,Bills,0.9009992480278015,0.00044673681259155273,"[""Transport"", ""Bills"", ""Shopping""]","[0.9014459848403931, 0.9009992480278015, 0.897620677947998]",False,True
internet_bill,Internet فاتورة شهرية,Bills,mixed,mixed_language,E5_DYNAMIC_INT8_PER_TENSOR,HYBRID_PROTOTYPE,Bills,0.9168287515640259,Shopping,0.894516110420227,0.022312641143798828,"[""Bills"", ""Shopping"", ""Other""]","[0.9168287515640259, 0.894516110420227, 0.8942133784294128]",True,True
electricity_bill,ELECTR1C1TY B1LL,Bills,en,ocr_noise,E5_DYNAMIC_INT8_PER_TENSOR,HYBRID_PROTOTYPE,Shopping,0.8830208778381348,Bills,0.880690336227417,0.0023305416107177734,"[""Shopping"", ""Bills"", ""Books""]","[0.8830208778381348, 0.880690336227417, 0.8795740604400635]",False,True
internet_bill,WE 1NTERNET B1LL,Bills,en,ocr_noise,E5_DYNAMIC_INT8_PER_TENSOR,HYBRID_PROTOTYPE,Groceries,0.865472674369812,Household,0.8563985228538513,0.009074151515960693,"[""Groceries"", ""Household"", ""Bills""]","[0.865472674369812, 0.8563985228538513, 0.8540043830871582]",False,True
netflix,Netflix,Entertainment,en,clean,E5_DYNAMIC_INT8_PER_TENSOR,HYBRID_PROTOTYPE,Entertainment,0.8724462985992432,Books,0.8644883632659912,0.007957935333251953,"[""Entertainment"", ""Books"", ""Shopping""]","[0.8724462985992432, 0.8644883632659912, 0.8635508418083191]",True,True
cinema_ticket,Cinema Ticket,Entertainment,en,clean,E5_DYNAMIC_INT8_PER_TENSOR,HYBRID_PROTOTYPE,Entertainment,0.8971515893936157,Transport,0.8659729957580566,0.031178593635559082,"[""Entertainment"", ""Transport"", ""Shopping""]","[0.8971515893936157, 0.8659729957580566, 0.8561209440231323]",True,True
playstation_game,PlayStation Game,Entertainment,en,clean,E5_DYNAMIC_INT8_PER_TENSOR,HYBRID_PROTOTYPE,Entertainment,0.854426383972168,Shopping,0.8469204306602478,0.007505953311920166,"[""Entertainment"", ""Shopping"", ""Other""]","[0.854426383972168, 0.8469204306602478, 0.8373655080795288]",True,True
concert_ticket,Concert Ticket,Entertainment,en,clean,E5_DYNAMIC_INT8_PER_TENSOR,HYBRID_PROTOTYPE,Entertainment,0.8683993220329285,Other,0.853242039680481,0.01515728235244751,"[""Entertainment"", ""Other"", ""Transport""]","[0.8683993220329285, 0.853242039680481, 0.8511447906494141]",True,True
cinema_ticket,تذكرة سينما,Entertainment,ar,clean,E5_DYNAMIC_INT8_PER_TENSOR,HYBRID_PROTOTYPE,Entertainment,0.911246657371521,Transport,0.900474488735199,0.010772168636322021,"[""Entertainment"", ""Transport"", ""Restaurants""]","[0.911246657371521, 0.900474488735199, 0.8879515528678894]",True,True
netflix,اشتراك مشاهدة أفلام,Entertainment,ar,clean,E5_DYNAMIC_INT8_PER_TENSOR,HYBRID_PROTOTYPE,Entertainment,0.912455677986145,Books,0.8880300521850586,0.024425625801086426,"[""Entertainment"", ""Books"", ""Shopping""]","[0.912455677986145, 0.8880300521850586, 0.8859670758247375]",True,True
playstation_game,لعبة بلايستيشن,Entertainment,ar,clean,E5_DYNAMIC_INT8_PER_TENSOR,HYBRID_PROTOTYPE,Shopping,0.8883554339408875,Entertainment,0.8853731155395508,0.00298231840133667,"[""Shopping"", ""Entertainment"", ""Books""]","[0.8883554339408875, 0.8853731155395508, 0.8804857730865479]",False,True
concert_ticket,تذكرة حفلة,Entertainment,ar,clean,E5_DYNAMIC_INT8_PER_TENSOR,HYBRID_PROTOTYPE,Transport,0.9026567339897156,Entertainment,0.9003138542175293,0.0023428797721862793,"[""Transport"", ""Entertainment"", ""Restaurants""]","[0.9026567339897156, 0.9003138542175293, 0.895637035369873]",False,True
netflix,Netflix اشتراك,Entertainment,mixed,mixed_language,E5_DYNAMIC_INT8_PER_TENSOR,HYBRID_PROTOTYPE,Entertainment,0.9011505246162415,Shopping,0.8910977840423584,0.010052740573883057,"[""Entertainment"", ""Shopping"", ""Restaurants""]","[0.9011505246162415, 0.8910977840423584, 0.8880631923675537]",True,True
cinema_ticket,Cinema تذكرة,Entertainment,mixed,mixed_language,E5_DYNAMIC_INT8_PER_TENSOR,HYBRID_PROTOTYPE,Entertainment,0.9242120981216431,Transport,0.9109886884689331,0.013223409652709961,"[""Entertainment"", ""Transport"", ""Restaurants""]","[0.9242120981216431, 0.9109886884689331, 0.9012839794158936]",True,True
netflix,NETFL1X,Entertainment,en,ocr_noise,E5_DYNAMIC_INT8_PER_TENSOR,HYBRID_PROTOTYPE,Groceries,0.8494490385055542,Shopping,0.8489797711372375,0.0004692673683166504,"[""Groceries"", ""Shopping"", ""Entertainment""]","[0.8494490385055542, 0.8489797711372375, 0.8482173681259155]",False,True
cinema_ticket,C1NEMA T1CKET,Entertainment,en,ocr_noise,E5_DYNAMIC_INT8_PER_TENSOR,HYBRID_PROTOTYPE,Shopping,0.8547820448875427,Entertainment,0.8512102365493774,0.003571808338165283,"[""Shopping"", ""Entertainment"", ""Groceries""]","[0.8547820448875427, 0.8512102365493774, 0.8502683639526367]",False,True
dove_shampoo,Dove Shampoo,Personal Care,en,clean,E5_DYNAMIC_INT8_PER_TENSOR,HYBRID_PROTOTYPE,Personal Care,0.866107702255249,Household,0.8527737259864807,0.01333397626876831,"[""Personal Care"", ""Household"", ""Shopping""]","[0.866107702255249, 0.8527737259864807, 0.8471174240112305]",True,True
nivea_face_cream,Nivea Face Cream,Personal Care,en,clean,E5_DYNAMIC_INT8_PER_TENSOR,HYBRID_PROTOTYPE,Personal Care,0.8729730844497681,Medicine,0.8661962151527405,0.006776869297027588,"[""Personal Care"", ""Medicine"", ""Household""]","[0.8729730844497681, 0.8661962151527405, 0.8633068203926086]",True,True
gillette_razor,Gillette Razor,Personal Care,en,clean,E5_DYNAMIC_INT8_PER_TENSOR,HYBRID_PROTOTYPE,Groceries,0.8486270308494568,Personal Care,0.8462280631065369,0.002398967742919922,"[""Groceries"", ""Personal Care"", ""Household""]","[0.8486270308494568, 0.8462280631065369, 0.8450371623039246]",False,True
haircut,Haircut,Personal Care,en,clean,E5_DYNAMIC_INT8_PER_TENSOR,HYBRID_PROTOTYPE,Personal Care,0.8486413955688477,Shopping,0.8457640409469604,0.002877354621887207,"[""Personal Care"", ""Shopping"", ""Restaurants""]","[0.8486413955688477, 0.8457640409469604, 0.8405744433403015]",True,True
dove_shampoo,شامبو دوف,Personal Care,ar,clean,E5_DYNAMIC_INT8_PER_TENSOR,HYBRID_PROTOTYPE,Personal Care,0.8951830863952637,Household,0.889354944229126,0.005828142166137695,"[""Personal Care"", ""Household"", ""Restaurants""]","[0.8951830863952637, 0.889354944229126, 0.8861416578292847]",True,True
nivea_face_cream,كريم نيفيا للوجه,Personal Care,ar,clean,E5_DYNAMIC_INT8_PER_TENSOR,HYBRID_PROTOTYPE,Personal Care,0.8884587287902832,Household,0.8822838068008423,0.006174921989440918,"[""Personal Care"", ""Household"", ""Medicine""]","[0.8884587287902832, 0.8822838068008423, 0.8801541328430176]",True,True
gillette_razor,شفرة حلاقة,Personal Care,ar,clean,E5_DYNAMIC_INT8_PER_TENSOR,HYBRID_PROTOTYPE,Personal Care,0.9116203784942627,Household,0.8923405408859253,0.019279837608337402,"[""Personal Care"", ""Household"", ""Shopping""]","[0.9116203784942627, 0.8923405408859253, 0.8874896168708801]",True,True
haircut,قص شعر,Personal Care,ar,clean,E5_DYNAMIC_INT8_PER_TENSOR,HYBRID_PROTOTYPE,Shopping,0.886504054069519,Personal Care,0.8853167295455933,0.0011873245239257812,"[""Shopping"", ""Personal Care"", ""Books""]","[0.886504054069519, 0.8853167295455933, 0.8840948939323425]",False,True
dove_shampoo,Shampoo شامبو,Personal Care,mixed,mixed_language,E5_DYNAMIC_INT8_PER_TENSOR,HYBRID_PROTOTYPE,Personal Care,0.9058456420898438,Household,0.8923531174659729,0.01349252462387085,"[""Personal Care"", ""Household"", ""Shopping""]","[0.9058456420898438, 0.8923531174659729, 0.8771424293518066]",True,True
nivea_face_cream,Nivea كريم بشرة,Personal Care,mixed,mixed_language,E5_DYNAMIC_INT8_PER_TENSOR,HYBRID_PROTOTYPE,Personal Care,0.9033223390579224,Medicine,0.9002075791358948,0.003114759922027588,"[""Personal Care"", ""Medicine"", ""Household""]","[0.9033223390579224, 0.9002075791358948, 0.8953886032104492]",True,True
dove_shampoo,شامبو D0VE,Personal Care,mixed,ocr_noise,E5_DYNAMIC_INT8_PER_TENSOR,HYBRID_PROTOTYPE,Personal Care,0.9027697443962097,Household,0.8962662220001221,0.0065035223960876465,"[""Personal Care"", ""Household"", ""Shopping""]","[0.9027697443962097, 0.8962662220001221, 0.8876672983169556]",True,True
gillette_razor,G1LLETTE RAZ0R,Personal Care,en,ocr_noise,E5_DYNAMIC_INT8_PER_TENSOR,HYBRID_PROTOTYPE,Groceries,0.8631303906440735,Books,0.8582767248153687,0.004853665828704834,"[""Groceries"", ""Books"", ""Shopping""]","[0.8631303906440735, 0.8582767248153687, 0.856542706489563]",False,False
service_fee,Service Fee,Other,en,clean,E5_DYNAMIC_INT8_PER_TENSOR,HYBRID_PROTOTYPE,Other,0.8997211456298828,Bills,0.8878575563430786,0.0118635892868042,"[""Other"", ""Bills"", ""Shopping""]","[0.8997211456298828, 0.8878575563430786, 0.8757472038269043]",True,True
charity_donation,Charity Donation,Other,en,clean,E5_DYNAMIC_INT8_PER_TENSOR,HYBRID_PROTOTYPE,Other,0.8604987859725952,Shopping,0.8466175198554993,0.013881266117095947,"[""Other"", ""Shopping"", ""Medicine""]","[0.8604987859725952, 0.8466175198554993, 0.8459254503250122]",True,True
document_printing,Document Printing,Other,en,clean,E5_DYNAMIC_INT8_PER_TENSOR,HYBRID_PROTOTYPE,Books,0.8549864292144775,Bills,0.8470059633255005,0.00798046588897705,"[""Books"", ""Bills"", ""Shopping""]","[0.8549864292144775, 0.8470059633255005, 0.8467645049095154]",False,False
delivery_fee,Delivery Fee,Other,en,clean,E5_DYNAMIC_INT8_PER_TENSOR,HYBRID_PROTOTYPE,Other,0.8902826309204102,Bills,0.8716062903404236,0.018676340579986572,"[""Other"", ""Bills"", ""Shopping""]","[0.8902826309204102, 0.8716062903404236, 0.8665769100189209]",True,True
service_fee,رسوم خدمة,Other,ar,clean,E5_DYNAMIC_INT8_PER_TENSOR,HYBRID_PROTOTYPE,Other,0.8981342315673828,Bills,0.8918807506561279,0.006253480911254883,"[""Other"", ""Bills"", ""Shopping""]","[0.8981342315673828, 0.8918807506561279, 0.8798154592514038]",True,True
charity_donation,تبرع خيري,Other,ar,clean,E5_DYNAMIC_INT8_PER_TENSOR,HYBRID_PROTOTYPE,Other,0.8895039558410645,Groceries,0.8859216570854187,0.003582298755645752,"[""Other"", ""Groceries"", ""Books""]","[0.8895039558410645, 0.8859216570854187, 0.8837616443634033]",True,True
document_printing,طباعة مستندات,Other,ar,clean,E5_DYNAMIC_INT8_PER_TENSOR,HYBRID_PROTOTYPE,Books,0.8905531167984009,Other,0.885689377784729,0.004863739013671875,"[""Books"", ""Other"", ""Medicine""]","[0.8905531167984009, 0.885689377784729, 0.8835578560829163]",False,True
misc_expense,مصاريف متنوعة,Other,ar,clean,E5_DYNAMIC_INT8_PER_TENSOR,HYBRID_PROTOTYPE,Other,0.9015849828720093,Medicine,0.9003777503967285,0.0012072324752807617,"[""Other"", ""Medicine"", ""Groceries""]","[0.9015849828720093, 0.9003777503967285, 0.8971976041793823]",True,True
delivery_fee,Delivery رسوم,Other,mixed,mixed_language,E5_DYNAMIC_INT8_PER_TENSOR,HYBRID_PROTOTYPE,Other,0.9067163467407227,Restaurants,0.8946126699447632,0.012103676795959473,"[""Other"", ""Restaurants"", ""Groceries""]","[0.9067163467407227, 0.8946126699447632, 0.8931353092193604]",True,True
service_fee,Service مصاريف,Other,mixed,mixed_language,E5_DYNAMIC_INT8_PER_TENSOR,HYBRID_PROTOTYPE,Other,0.9147394895553589,Bills,0.9014957547187805,0.01324373483657837,"[""Other"", ""Bills"", ""Restaurants""]","[0.9147394895553589, 0.9014957547187805, 0.8999049067497253]",True,True
service_fee,SERV1CE FEE,Other,en,ocr_noise,E5_DYNAMIC_INT8_PER_TENSOR,HYBRID_PROTOTYPE,Other,0.8738709688186646,Bills,0.8612327575683594,0.012638211250305176,"[""Other"", ""Bills"", ""Groceries""]","[0.8738709688186646, 0.8612327575683594, 0.8599685430526733]",True,True
misc_expense,M1SC EXPENSE,Other,en,ocr_noise,E5_DYNAMIC_INT8_PER_TENSOR,HYBRID_PROTOTYPE,Other,0.8517587184906006,Medicine,0.8477826118469238,0.003976106643676758,"[""Other"", ""Medicine"", ""Shopping""]","[0.8517587184906006, 0.8477826118469238, 0.8469239473342896]",True,True
atomic_habits,Atomic Habits,Books,en,clean,E5_DYNAMIC_INT8_PER_TENSOR,HYBRID_PROTOTYPE,Shopping,0.8759076595306396,Books,0.872314989566803,0.00359266996383667,"[""Shopping"", ""Books"", ""Restaurants""]","[0.8759076595306396, 0.872314989566803, 0.8656229376792908]",False,True
clean_code,Clean Code,Books,en,clean,E5_DYNAMIC_INT8_PER_TENSOR,HYBRID_PROTOTYPE,Household,0.8774099946022034,Shopping,0.8700720071792603,0.007337987422943115,"[""Household"", ""Shopping"", ""Personal Care""]","[0.8774099946022034, 0.8700720071792603, 0.8691017627716064]",False,False
psychology_of_money,The Psychology of Money,Books,en,clean,E5_DYNAMIC_INT8_PER_TENSOR,HYBRID_PROTOTYPE,Other,0.8721979260444641,Bills,0.8701212406158447,0.0020766854286193848,"[""Other"", ""Bills"", ""Books""]","[0.8721979260444641, 0.8701212406158447, 0.8678076863288879]",False,True
pragmatic_programmer,The Pragmatic Programmer,Books,en,clean,E5_DYNAMIC_INT8_PER_TENSOR,HYBRID_PROTOTYPE,Shopping,0.8543605804443359,Books,0.8511950969696045,0.0031654834747314453,"[""Shopping"", ""Books"", ""Household""]","[0.8543605804443359, 0.8511950969696045, 0.8500691652297974]",False,True
atomic_habits,العادات الذرية,Books,ar,clean,E5_DYNAMIC_INT8_PER_TENSOR,HYBRID_PROTOTYPE,Personal Care,0.8772123456001282,Books,0.8771381378173828,7.420778274536133e-05,"[""Personal Care"", ""Books"", ""Restaurants""]","[0.8772123456001282, 0.8771381378173828, 0.8766279816627502]",False,True
art_of_not_caring,كتاب فن اللامبالاة,Books,ar,clean,E5_DYNAMIC_INT8_PER_TENSOR,HYBRID_PROTOTYPE,Books,0.8770239353179932,Personal Care,0.8620355129241943,0.014988422393798828,"[""Books"", ""Personal Care"", ""Restaurants""]","[0.8770239353179932, 0.8620355129241943, 0.858085572719574]",True,True
awlad_haretna,رواية أولاد حارتنا,Books,ar,clean,E5_DYNAMIC_INT8_PER_TENSOR,HYBRID_PROTOTYPE,Books,0.870270848274231,Groceries,0.8544692397117615,0.015801608562469482,"[""Books"", ""Groceries"", ""Restaurants""]","[0.870270848274231, 0.8544692397117615, 0.8544154763221741]",True,True
learn_python_book,كتاب تعلم بايثون,Books,ar,clean,E5_DYNAMIC_INT8_PER_TENSOR,HYBRID_PROTOTYPE,Books,0.9002227783203125,Shopping,0.8790081739425659,0.021214604377746582,"[""Books"", ""Shopping"", ""Medicine""]","[0.9002227783203125, 0.8790081739425659, 0.87493497133255]",True,True
clean_code,Clean Code كتاب,Books,mixed,mixed_language,E5_DYNAMIC_INT8_PER_TENSOR,HYBRID_PROTOTYPE,Books,0.9265997409820557,Household,0.9055147171020508,0.021085023880004883,"[""Books"", ""Household"", ""Personal Care""]","[0.9265997409820557, 0.9055147171020508, 0.9020664095878601]",True,True
atomic_habits,Atomic Habits نسخة عربية,Books,mixed,mixed_language,E5_DYNAMIC_INT8_PER_TENSOR,HYBRID_PROTOTYPE,Books,0.9024269580841064,Transport,0.8983879089355469,0.00403904914855957,"[""Books"", ""Transport"", ""Shopping""]","[0.9024269580841064, 0.8983879089355469, 0.8971203565597534]",True,True
atomic_habits,AT0MIC HAB1TS,Books,en,ocr_noise,E5_DYNAMIC_INT8_PER_TENSOR,HYBRID_PROTOTYPE,Shopping,0.8670673966407776,Medicine,0.8661994934082031,0.0008679032325744629,"[""Shopping"", ""Medicine"", ""Groceries""]","[0.8670673966407776, 0.8661994934082031, 0.8645671606063843]",False,False
clean_code,CLEAN C0DE,Books,en,ocr_noise,E5_DYNAMIC_INT8_PER_TENSOR,HYBRID_PROTOTYPE,Household,0.8656337261199951,Shopping,0.8581901788711548,0.007443547248840332,"[""Household"", ""Shopping"", ""Personal Care""]","[0.8656337261199951, 0.8581901788711548, 0.8550897240638733]",False,False
chicken_breast,Chicken Breast,Groceries,en,clean,E5_DYNAMIC_INT8_PER_CHANNEL,HYBRID_PROTOTYPE,Groceries,0.8408331871032715,Restaurants,0.8329627513885498,0.00787043571472168,"[""Groceries"", ""Restaurants"", ""Fruits & Vegetables""]","[0.8408331871032715, 0.8329627513885498, 0.8325703144073486]",True,True
milk_1l,Milk 1L,Groceries,en,clean,E5_DYNAMIC_INT8_PER_CHANNEL,HYBRID_PROTOTYPE,Groceries,0.8842938542366028,Medicine,0.8633949756622314,0.020898878574371338,"[""Groceries"", ""Medicine"", ""Restaurants""]","[0.8842938542366028, 0.8633949756622314, 0.8630352020263672]",True,True
rice_1kg,Rice 1KG,Groceries,en,clean,E5_DYNAMIC_INT8_PER_CHANNEL,HYBRID_PROTOTYPE,Groceries,0.8918534517288208,Restaurants,0.8725398182868958,0.01931363344192505,"[""Groceries"", ""Restaurants"", ""Medicine""]","[0.8918534517288208, 0.8725398182868958, 0.8719770908355713]",True,True
groceries_egyptian_white_cheese,Egyptian White Cheese,Groceries,en,clean,E5_DYNAMIC_INT8_PER_CHANNEL,HYBRID_PROTOTYPE,Restaurants,0.8739151358604431,Fruits & Vegetables,0.867970883846283,0.005944252014160156,"[""Restaurants"", ""Fruits & Vegetables"", ""Groceries""]","[0.8739151358604431, 0.867970883846283, 0.8663514852523804]",False,True
chicken_breast,صدور فراخ,Groceries,ar,clean,E5_DYNAMIC_INT8_PER_CHANNEL,HYBRID_PROTOTYPE,Restaurants,0.8566032648086548,Fruits & Vegetables,0.8539119958877563,0.0026912689208984375,"[""Restaurants"", ""Fruits & Vegetables"", ""Groceries""]","[0.8566032648086548, 0.8539119958877563, 0.8513704538345337]",False,True
milk_1l,لبن كامل الدسم,Groceries,ar,clean,E5_DYNAMIC_INT8_PER_CHANNEL,HYBRID_PROTOTYPE,Personal Care,0.8609398007392883,Groceries,0.8601421117782593,0.0007976889610290527,"[""Personal Care"", ""Groceries"", ""Restaurants""]","[0.8609398007392883, 0.8601421117782593, 0.8590888977050781]",False,True
rice_1kg,كيس أرز 1 كيلو,Groceries,ar,clean,E5_DYNAMIC_INT8_PER_CHANNEL,HYBRID_PROTOTYPE,Groceries,0.898280918598175,Restaurants,0.8863182663917542,0.011962652206420898,"[""Groceries"", ""Restaurants"", ""Medicine""]","[0.898280918598175, 0.8863182663917542, 0.8790717124938965]",True,True
groceries_8,علبة تونة,Groceries,ar,clean,E5_DYNAMIC_INT8_PER_CHANNEL,HYBRID_PROTOTYPE,Household,0.870908796787262,Shopping,0.8702420592308044,0.0006667375564575195,"[""Household"", ""Shopping"", ""Medicine""]","[0.870908796787262, 0.8702420592308044, 0.8684030771255493]",False,False
milk_1l,Fresh Milk لبن,Groceries,mixed,mixed_language,E5_DYNAMIC_INT8_PER_CHANNEL,HYBRID_PROTOTYPE,Groceries,0.903525173664093,Fruits & Vegetables,0.8958390951156616,0.0076860785484313965,"[""Groceries"", ""Fruits & Vegetables"", ""Restaurants""]","[0.903525173664093, 0.8958390951156616, 0.8889257311820984]",True,True
chicken_breast,Chicken فراخ مجمدة,Groceries,mixed,mixed_language,E5_DYNAMIC_INT8_PER_CHANNEL,HYBRID_PROTOTYPE,Groceries,0.9033803939819336,Restaurants,0.8996819853782654,0.003698408603668213,"[""Groceries"", ""Restaurants"", ""Household""]","[0.9033803939819336, 0.8996819853782654, 0.8917014598846436]",True,True
milk_1l,M1LK 1L,Groceries,en,ocr_noise,E5_DYNAMIC_INT8_PER_CHANNEL,HYBRID_PROTOTYPE,Groceries,0.8570236563682556,Medicine,0.8549981117248535,0.0020255446434020996,"[""Groceries"", ""Medicine"", ""Restaurants""]","[0.8570236563682556, 0.8549981117248535, 0.8505818247795105]",True,True
rice_1kg,R1CE 1KG,Groceries,en,ocr_noise,E5_DYNAMIC_INT8_PER_CHANNEL,HYBRID_PROTOTYPE,Groceries,0.8713945150375366,Medicine,0.867483377456665,0.003911137580871582,"[""Groceries"", ""Medicine"", ""Restaurants""]","[0.8713945150375366, 0.867483377456665, 0.8645541667938232]",True,True
banana,Banana,Fruits & Vegetables,en,clean,E5_DYNAMIC_INT8_PER_CHANNEL,HYBRID_PROTOTYPE,Fruits & Vegetables,0.8574959635734558,Groceries,0.8486425876617432,0.008853375911712646,"[""Fruits & Vegetables"", ""Groceries"", ""Shopping""]","[0.8574959635734558, 0.8486425876617432, 0.8472293615341187]",True,True
tomatoes,Fresh Tomatoes,Fruits & Vegetables,en,clean,E5_DYNAMIC_INT8_PER_CHANNEL,HYBRID_PROTOTYPE,Fruits & Vegetables,0.895946204662323,Restaurants,0.8664922118186951,0.02945399284362793,"[""Fruits & Vegetables"", ""Restaurants"", ""Groceries""]","[0.895946204662323, 0.8664922118186951, 0.8651553392410278]",True,True
apples,Green Apples,Fruits & Vegetables,en,clean,E5_DYNAMIC_INT8_PER_CHANNEL,HYBRID_PROTOTYPE,Fruits & Vegetables,0.856594979763031,Restaurants,0.842623233795166,0.01397174596786499,"[""Fruits & Vegetables"", ""Restaurants"", ""Shopping""]","[0.856594979763031, 0.842623233795166, 0.8358806371688843]",True,True
cucumber,Cucumber Pack,Fruits & Vegetables,en,clean,E5_DYNAMIC_INT8_PER_CHANNEL,HYBRID_PROTOTYPE,Groceries,0.8636486530303955,Restaurants,0.8574020862579346,0.0062465667724609375,"[""Groceries"", ""Restaurants"", ""Household""]","[0.8636486530303955, 0.8574020862579346, 0.8497790694236755]",False,False
tomatoes,طماطم,Fruits & Vegetables,ar,clean,E5_DYNAMIC_INT8_PER_CHANNEL,HYBRID_PROTOTYPE,Fruits & Vegetables,0.8815644979476929,Groceries,0.8503233790397644,0.031241118907928467,"[""Fruits & Vegetables"", ""Groceries"", ""Restaurants""]","[0.8815644979476929, 0.8503233790397644, 0.8493350744247437]",True,True
apples,تفاح,Fruits & Vegetables,ar,clean,E5_DYNAMIC_INT8_PER_CHANNEL,HYBRID_PROTOTYPE,Fruits & Vegetables,0.8703558444976807,Restaurants,0.850407600402832,0.019948244094848633,"[""Fruits & Vegetables"", ""Restaurants"", ""Groceries""]","[0.8703558444976807, 0.850407600402832, 0.8439202904701233]",True,True
banana,موز بلدي,Fruits & Vegetables,ar,clean,E5_DYNAMIC_INT8_PER_CHANNEL,HYBRID_PROTOTYPE,Fruits & Vegetables,0.8739652633666992,Restaurants,0.8706479072570801,0.0033173561096191406,"[""Fruits & Vegetables"", ""Restaurants"", ""Transport""]","[0.8739652633666992, 0.8706479072570801, 0.8699129223823547]",True,True
cucumber,خيار طازج,Fruits & Vegetables,ar,clean,E5_DYNAMIC_INT8_PER_CHANNEL,HYBRID_PROTOTYPE,Restaurants,0.8858431577682495,Books,0.8845168948173523,0.0013262629508972168,"[""Restaurants"", ""Books"", ""Groceries""]","[0.8858431577682495, 0.8845168948173523, 0.8822089433670044]",False,False
banana,Banana موز,Fruits & Vegetables,mixed,mixed_language,E5_DYNAMIC_INT8_PER_CHANNEL,HYBRID_PROTOTYPE,Fruits & Vegetables,0.8712015748023987,Groceries,0.8529077172279358,0.01829385757446289,"[""Fruits & Vegetables"", ""Groceries"", ""Restaurants""]","[0.8712015748023987, 0.8529077172279358, 0.8428104519844055]",True,True
tomatoes,Fresh طماطم,Fruits & Vegetables,mixed,mixed_language,E5_DYNAMIC_INT8_PER_CHANNEL,HYBRID_PROTOTYPE,Fruits & Vegetables,0.9239251613616943,Groceries,0.8961474299430847,0.02777773141860962,"[""Fruits & Vegetables"", ""Groceries"", ""Restaurants""]","[0.9239251613616943, 0.8961474299430847, 0.8955503702163696]",True,True
tomatoes,T0MAT0ES,Fruits & Vegetables,en,ocr_noise,E5_DYNAMIC_INT8_PER_CHANNEL,HYBRID_PROTOTYPE,Books,0.8596744537353516,Shopping,0.8579514622688293,0.0017229914665222168,"[""Books"", ""Shopping"", ""Fruits & Vegetables""]","[0.8596744537353516, 0.8579514622688293, 0.8569849729537964]",False,True
apples,تفـاح,Fruits & Vegetables,ar,ocr_noise,E5_DYNAMIC_INT8_PER_CHANNEL,HYBRID_PROTOTYPE,Books,0.8735069036483765,Restaurants,0.8679060935974121,0.0056008100509643555,"[""Books"", ""Restaurants"", ""Fruits & Vegetables""]","[0.8735069036483765, 0.8679060935974121, 0.8628251552581787]",False,True
mcchicken_meal,McChicken Meal,Restaurants,en,clean,E5_DYNAMIC_INT8_PER_CHANNEL,HYBRID_PROTOTYPE,Restaurants,0.8738919496536255,Groceries,0.8694784045219421,0.00441354513168335,"[""Restaurants"", ""Groceries"", ""Fruits & Vegetables""]","[0.8738919496536255, 0.8694784045219421, 0.8509442210197449]",True,True
margherita_pizza,Margherita Pizza,Restaurants,en,clean,E5_DYNAMIC_INT8_PER_CHANNEL,HYBRID_PROTOTYPE,Restaurants,0.8551691770553589,Groceries,0.8503623008728027,0.004806876182556152,"[""Restaurants"", ""Groceries"", ""Household""]","[0.8551691770553589, 0.8503623008728027, 0.8396947383880615]",True,True
coffee,Cappuccino,Restaurants,en,clean,E5_DYNAMIC_INT8_PER_CHANNEL,HYBRID_PROTOTYPE,Restaurants,0.8642895221710205,Groceries,0.8546788692474365,0.009610652923583984,"[""Restaurants"", ""Groceries"", ""Personal Care""]","[0.8642895221710205, 0.8546788692474365, 0.8485064506530762]",True,True
restaurants_kfc_family_meal,KFC Family Meal,Restaurants,en,clean,E5_DYNAMIC_INT8_PER_CHANNEL,HYBRID_PROTOTYPE,Groceries,0.8688066005706787,Restaurants,0.8662420511245728,0.002564549446105957,"[""Groceries"", ""Restaurants"", ""Household""]","[0.8688066005706787, 0.8662420511245728, 0.8497301340103149]",False,True
margherita_pizza,بيتزا مارجريتا,Restaurants,ar,clean,E5_DYNAMIC_INT8_PER_CHANNEL,HYBRID_PROTOTYPE,Restaurants,0.8303011059761047,Groceries,0.8263165950775146,0.003984510898590088,"[""Restaurants"", ""Groceries"", ""Transport""]","[0.8303011059761047, 0.8263165950775146, 0.8254207968711853]",True,True
burger_meal,وجبة برجر,Restaurants,ar,clean,E5_DYNAMIC_INT8_PER_CHANNEL,HYBRID_PROTOTYPE,Restaurants,0.8759564161300659,Groceries,0.8705413937568665,0.005415022373199463,"[""Restaurants"", ""Groceries"", ""Fruits & Vegetables""]","[0.8759564161300659, 0.8705413937568665, 0.8618485331535339]",True,True
coffee,قهوة لاتيه,Restaurants,ar,clean,E5_DYNAMIC_INT8_PER_CHANNEL,HYBRID_PROTOTYPE,Restaurants,0.8838365077972412,Groceries,0.8686124682426453,0.015224039554595947,"[""Restaurants"", ""Groceries"", ""Personal Care""]","[0.8838365077972412, 0.8686124682426453, 0.8672946095466614]",True,True
restaurants_32,ساندوتش شاورما,Restaurants,ar,clean,E5_DYNAMIC_INT8_PER_CHANNEL,HYBRID_PROTOTYPE,Books,0.8326696753501892,Groceries,0.8252695798873901,0.007400095462799072,"[""Books"", ""Groceries"", ""Personal Care""]","[0.8326696753501892, 0.8252695798873901, 0.8226402997970581]",False,False
coffee,Coffee قهوة,Restaurants,mixed,mixed_language,E5_DYNAMIC_INT8_PER_CHANNEL,HYBRID_PROTOTYPE,Restaurants,0.9139004945755005,Groceries,0.8891615867614746,0.02473890781402588,"[""Restaurants"", ""Groceries"", ""Fruits & Vegetables""]","[0.9139004945755005, 0.8891615867614746, 0.8871328234672546]",True,True
burger_meal,Burger وجبة,Restaurants,mixed,mixed_language,E5_DYNAMIC_INT8_PER_CHANNEL,HYBRID_PROTOTYPE,Restaurants,0.9080677032470703,Groceries,0.8980072736740112,0.010060429573059082,"[""Restaurants"", ""Groceries"", ""Fruits & Vegetables""]","[0.9080677032470703, 0.8980072736740112, 0.8894352912902832]",True,True
mcchicken_meal,McCh1cken MeaI,Restaurants,en,ocr_noise,E5_DYNAMIC_INT8_PER_CHANNEL,HYBRID_PROTOTYPE,Restaurants,0.8738955855369568,Groceries,0.8713347911834717,0.0025607943534851074,"[""Restaurants"", ""Groceries"", ""Books""]","[0.8738955855369568, 0.8713347911834717, 0.8688344955444336]",True,True
margherita_pizza,P1ZZA MARGHER1TA,Restaurants,en,ocr_noise,E5_DYNAMIC_INT8_PER_CHANNEL,HYBRID_PROTOTYPE,Groceries,0.8659471273422241,Personal Care,0.8593258261680603,0.006621301174163818,"[""Groceries"", ""Personal Care"", ""Restaurants""]","[0.8659471273422241, 0.8593258261680603, 0.8583383560180664]",False,True
uber_trip,Uber Trip,Transport,en,clean,E5_DYNAMIC_INT8_PER_CHANNEL,HYBRID_PROTOTYPE,Transport,0.8678411841392517,Entertainment,0.848519504070282,0.019321680068969727,"[""Transport"", ""Entertainment"", ""Restaurants""]","[0.8678411841392517, 0.848519504070282, 0.8462258577346802]",True,True
careem_ride,Careem Ride,Transport,en,clean,E5_DYNAMIC_INT8_PER_CHANNEL,HYBRID_PROTOTYPE,Transport,0.8633885383605957,Shopping,0.8518344163894653,0.011554121971130371,"[""Transport"", ""Shopping"", ""Entertainment""]","[0.8633885383605957, 0.8518344163894653, 0.8518083095550537]",True,True
metro_ticket,Cairo Metro Ticket,Transport,en,clean,E5_DYNAMIC_INT8_PER_CHANNEL,HYBRID_PROTOTYPE,Transport,0.8699276447296143,Entertainment,0.8452669978141785,0.02466064691543579,"[""Transport"", ""Entertainment"", ""Restaurants""]","[0.8699276447296143, 0.8452669978141785, 0.8424296975135803]",True,True
gasoline_92,Gasoline 92,Transport,en,clean,E5_DYNAMIC_INT8_PER_CHANNEL,HYBRID_PROTOTYPE,Transport,0.8312732577323914,Shopping,0.830429196357727,0.0008440613746643066,"[""Transport"", ""Shopping"", ""Bills""]","[0.8312732577323914, 0.830429196357727, 0.8300980925559998]",True,True
uber_trip,رحلة أوبر,Transport,ar,clean,E5_DYNAMIC_INT8_PER_CHANNEL,HYBRID_PROTOTYPE,Transport,0.8631067276000977,Books,0.8550786972045898,0.008028030395507812,"[""Transport"", ""Books"", ""Restaurants""]","[0.8631067276000977, 0.8550786972045898, 0.8494771718978882]",True,True
careem_ride,مشوار كريم,Transport,ar,clean,E5_DYNAMIC_INT8_PER_CHANNEL,HYBRID_PROTOTYPE,Personal Care,0.8863644599914551,Transport,0.8784868717193604,0.007877588272094727,"[""Personal Care"", ""Transport"", ""Books""]","[0.8863644599914551, 0.8784868717193604, 0.8778190612792969]",False,True
metro_ticket,تذكرة مترو,Transport,ar,clean,E5_DYNAMIC_INT8_PER_CHANNEL,HYBRID_PROTOTYPE,Transport,0.9022384881973267,Entertainment,0.874911904335022,0.027326583862304688,"[""Transport"", ""Entertainment"", ""Shopping""]","[0.9022384881973267, 0.874911904335022, 0.8716058135032654]",True,True
gasoline_92,بنزين 92,Transport,ar,clean,E5_DYNAMIC_INT8_PER_CHANNEL,HYBRID_PROTOTYPE,Transport,0.8483301401138306,Fruits & Vegetables,0.8470890522003174,0.0012410879135131836,"[""Transport"", ""Fruits & Vegetables"", ""Medicine""]","[0.8483301401138306, 0.8470890522003174, 0.8461636900901794]",True,True
uber_trip,Uber مشوار,Transport,mixed,mixed_language,E5_DYNAMIC_INT8_PER_CHANNEL,HYBRID_PROTOTYPE,Transport,0.8747338056564331,Books,0.8613573312759399,0.013376474380493164,"[""Transport"", ""Books"", ""Restaurants""]","[0.8747338056564331, 0.8613573312759399, 0.8612816333770752]",True,True
careem_ride,Careem رحلة,Transport,mixed,mixed_language,E5_DYNAMIC_INT8_PER_CHANNEL,HYBRID_PROTOTYPE,Transport,0.8973477482795715,Restaurants,0.8847898840904236,0.01255786418914795,"[""Transport"", ""Restaurants"", ""Personal Care""]","[0.8973477482795715, 0.8847898840904236, 0.8840079307556152]",True,True
uber_trip,UBER TR1P,Transport,en,ocr_noise,E5_DYNAMIC_INT8_PER_CHANNEL,HYBRID_PROTOTYPE,Medicine,0.8516949415206909,Transport,0.8500831723213196,0.0016117691993713379,"[""Medicine"", ""Transport"", ""Restaurants""]","[0.8516949415206909, 0.8500831723213196, 0.8497591018676758]",False,True
careem_ride,CAR EEM R1DE,Transport,en,ocr_noise,E5_DYNAMIC_INT8_PER_CHANNEL,HYBRID_PROTOTYPE,Transport,0.8752148151397705,Shopping,0.8723244071006775,0.0028904080390930176,"[""Transport"", ""Shopping"", ""Groceries""]","[0.8752148151397705, 0.8723244071006775, 0.8676415681838989]",True,True
dettol_floor_cleaner,Dettol Floor Cleaner,Household,en,clean,E5_DYNAMIC_INT8_PER_CHANNEL,HYBRID_PROTOTYPE,Household,0.8913497924804688,Personal Care,0.86839759349823,0.02295219898223877,"[""Household"", ""Personal Care"", ""Medicine""]","[0.8913497924804688, 0.86839759349823, 0.8597838878631592]",True,True
fairy_dish_liquid,Fairy Dishwashing Liquid,Household,en,clean,E5_DYNAMIC_INT8_PER_CHANNEL,HYBRID_PROTOTYPE,Household,0.8882442116737366,Groceries,0.8725725412368774,0.01567167043685913,"[""Household"", ""Groceries"", ""Personal Care""]","[0.8882442116737366, 0.8725725412368774, 0.8663817048072815]",True,True
persil_gel,Persil Gel,Household,en,clean,E5_DYNAMIC_INT8_PER_CHANNEL,HYBRID_PROTOTYPE,Personal Care,0.8607107400894165,Household,0.8553967475891113,0.005313992500305176,"[""Personal Care"", ""Household"", ""Medicine""]","[0.8607107400894165, 0.8553967475891113, 0.8533369302749634]",False,True
clorox_bleach,Clorox Bleach,Household,en,clean,E5_DYNAMIC_INT8_PER_CHANNEL,HYBRID_PROTOTYPE,Household,0.8607612252235413,Medicine,0.8500620126724243,0.010699212551116943,"[""Household"", ""Medicine"", ""Groceries""]","[0.8607612252235413, 0.8500620126724243, 0.8496707081794739]",True,True
dettol_floor_cleaner,منظف أرضيات ديتول,Household,ar,clean,E5_DYNAMIC_INT8_PER_CHANNEL,HYBRID_PROTOTYPE,Household,0.8864560723304749,Personal Care,0.8641619086265564,0.022294163703918457,"[""Household"", ""Personal Care"", ""Medicine""]","[0.8864560723304749, 0.8641619086265564, 0.8606534004211426]",True,True
fairy_dish_liquid,سائل غسيل أطباق,Household,ar,clean,E5_DYNAMIC_INT8_PER_CHANNEL,HYBRID_PROTOTYPE,Household,0.92009437084198,Groceries,0.9029414057731628,0.01715296506881714,"[""Household"", ""Groceries"", ""Restaurants""]","[0.92009437084198, 0.9029414057731628, 0.8992738723754883]",True,True
persil_gel,مسحوق غسيل برسيل,Household,ar,clean,E5_DYNAMIC_INT8_PER_CHANNEL,HYBRID_PROTOTYPE,Household,0.8935317993164062,Personal Care,0.8740133047103882,0.019518494606018066,"[""Household"", ""Personal Care"", ""Groceries""]","[0.8935317993164062, 0.8740133047103882, 0.870478630065918]",True,True
clorox_bleach,كلور مبيض,Household,ar,clean,E5_DYNAMIC_INT8_PER_CHANNEL,HYBRID_PROTOTYPE,Personal Care,0.8300192356109619,Household,0.8292052745819092,0.0008139610290527344,"[""Personal Care"", ""Household"", ""Books""]","[0.8300192356109619, 0.8292052745819092, 0.8248772025108337]",False,True
dettol_floor_cleaner,Dettol منظف أرضيات,Household,mixed,mixed_language,E5_DYNAMIC_INT8_PER_CHANNEL,HYBRID_PROTOTYPE,Household,0.9000977873802185,Personal Care,0.8802295327186584,0.01986825466156006,"[""Household"", ""Personal Care"", ""Restaurants""]","[0.9000977873802185, 0.8802295327186584, 0.8749891519546509]",True,True
fairy_dish_liquid,Fairy صابون أطباق,Household,mixed,mixed_language,E5_DYNAMIC_INT8_PER_CHANNEL,HYBRID_PROTOTYPE,Household,0.9155728816986084,Restaurants,0.912773847579956,0.0027990341186523438,"[""Household"", ""Restaurants"", ""Personal Care""]","[0.9155728816986084, 0.912773847579956, 0.9099794626235962]",True,True
dettol_floor_cleaner,DettoI Floor C1eaner,Household,en,ocr_noise,E5_DYNAMIC_INT8_PER_CHANNEL,HYBRID_PROTOTYPE,Household,0.8710634708404541,Personal Care,0.8674636483192444,0.003599822521209717,"[""Household"", ""Personal Care"", ""Groceries""]","[0.8710634708404541, 0.8674636483192444, 0.8667916655540466]",True,True
persil_gel,PersiI GeI,Household,en,ocr_noise,E5_DYNAMIC_INT8_PER_CHANNEL,HYBRID_PROTOTYPE,Groceries,0.8577097654342651,Books,0.85707688331604,0.0006328821182250977,"[""Groceries"", ""Books"", ""Restaurants""]","[0.8577097654342651, 0.85707688331604, 0.8554128408432007]",False,False
panadol_extra,Panadol Extra,Medicine,en,clean,E5_DYNAMIC_INT8_PER_CHANNEL,HYBRID_PROTOTYPE,Groceries,0.8653194904327393,Medicine,0.863427996635437,0.001891493797302246,"[""Groceries"", ""Medicine"", ""Fruits & Vegetables""]","[0.8653194904327393, 0.863427996635437, 0.8634277582168579]",False,True
brufen_400,Brufen 400,Medicine,en,clean,E5_DYNAMIC_INT8_PER_CHANNEL,HYBRID_PROTOTYPE,Shopping,0.8386740684509277,Personal Care,0.8344836235046387,0.0041904449462890625,"[""Shopping"", ""Personal Care"", ""Restaurants""]","[0.8386740684509277, 0.8344836235046387, 0.8333966732025146]",False,False
folic_acid_600_mcg,Folic Acid 600 MCG,Medicine,en,clean,E5_DYNAMIC_INT8_PER_CHANNEL,HYBRID_PROTOTYPE,Medicine,0.8667590618133545,Groceries,0.8590801358222961,0.00767892599105835,"[""Medicine"", ""Groceries"", ""Personal Care""]","[0.8667590618133545, 0.8590801358222961, 0.8528193235397339]",True,True
immulant_plus_20_cap,Immulant Plus 20 Cap,Medicine,en,clean,E5_DYNAMIC_INT8_PER_CHANNEL,HYBRID_PROTOTYPE,Medicine,0.8614814877510071,Household,0.8562060594558716,0.005275428295135498,"[""Medicine"", ""Household"", ""Personal Care""]","[0.8614814877510071, 0.8562060594558716, 0.8551886081695557]",True,True
panadol_extra,بنادول إكسترا,Medicine,ar,clean,E5_DYNAMIC_INT8_PER_CHANNEL,HYBRID_PROTOTYPE,Medicine,0.8449413776397705,Groceries,0.8420113325119019,0.0029300451278686523,"[""Medicine"", ""Groceries"", ""Household""]","[0.8449413776397705, 0.8420113325119019, 0.8416250348091125]",True,True
brufen_400,بروفين 400,Medicine,ar,clean,E5_DYNAMIC_INT8_PER_CHANNEL,HYBRID_PROTOTYPE,Medicine,0.8637380599975586,Personal Care,0.85819411277771,0.005543947219848633,"[""Medicine"", ""Personal Care"", ""Transport""]","[0.8637380599975586, 0.85819411277771, 0.8562508821487427]",True,True
folic_acid_600_mcg,حمض الفوليك,Medicine,ar,clean,E5_DYNAMIC_INT8_PER_CHANNEL,HYBRID_PROTOTYPE,Medicine,0.8659197688102722,Personal Care,0.8600142002105713,0.005905568599700928,"[""Medicine"", ""Personal Care"", ""Household""]","[0.8659197688102722, 0.8600142002105713, 0.8594405651092529]",True,True
medicine_68,فيتامين سي,Medicine,ar,clean,E5_DYNAMIC_INT8_PER_CHANNEL,HYBRID_PROTOTYPE,Medicine,0.8728309273719788,Personal Care,0.8508080244064331,0.022022902965545654,"[""Medicine"", ""Personal Care"", ""Groceries""]","[0.8728309273719788, 0.8508080244064331, 0.8481681942939758]",True,True
panadol_extra,Panadol مسكن,Medicine,mixed,mixed_language,E5_DYNAMIC_INT8_PER_CHANNEL,HYBRID_PROTOTYPE,Household,0.8707504272460938,Groceries,0.8691704273223877,0.0015799999237060547,"[""Household"", ""Groceries"", ""Medicine""]","[0.8707504272460938, 0.8691704273223877, 0.8683997988700867]",False,True
vitamin_d,Vitamin D فيتامين,Medicine,mixed,mixed_language,E5_DYNAMIC_INT8_PER_CHANNEL,HYBRID_PROTOTYPE,Medicine,0.8915829658508301,Personal Care,0.8706474304199219,0.020935535430908203,"[""Medicine"", ""Personal Care"", ""Groceries""]","[0.8915829658508301, 0.8706474304199219, 0.8645142316818237]",True,True
panadol_extra,PANAD0L EXTRA,Medicine,en,ocr_noise,E5_DYNAMIC_INT8_PER_CHANNEL,HYBRID_PROTOTYPE,Groceries,0.8611088395118713,Fruits & Vegetables,0.8540832996368408,0.007025539875030518,"[""Groceries"", ""Fruits & Vegetables"", ""Shopping""]","[0.8611088395118713, 0.8540832996368408, 0.8501005172729492]",False,False
folic_acid_600_mcg,F0LIC ACID 600 MCG,Medicine,en,ocr_noise,E5_DYNAMIC_INT8_PER_CHANNEL,HYBRID_PROTOTYPE,Medicine,0.8637362122535706,Groceries,0.8596187829971313,0.004117429256439209,"[""Medicine"", ""Groceries"", ""Household""]","[0.8637362122535706, 0.8596187829971313, 0.8530400395393372]",True,True
immulant_plus_20_cap,MLANT PLUS 20 CAP,Medicine,en,ocr_noise,E5_DYNAMIC_INT8_PER_CHANNEL,HYBRID_PROTOTYPE,Medicine,0.8460818529129028,Groceries,0.8428438901901245,0.0032379627227783203,"[""Medicine"", ""Groceries"", ""Household""]","[0.8460818529129028, 0.8428438901901245, 0.8416974544525146]",True,True
folic_acid_600_mcg,FoLic AciD 600 McG,Medicine,en,ocr_noise,E5_DYNAMIC_INT8_PER_CHANNEL,HYBRID_PROTOTYPE,Medicine,0.8579589128494263,Groceries,0.8554266691207886,0.0025322437286376953,"[""Medicine"", ""Groceries"", ""Household""]","[0.8579589128494263, 0.8554266691207886, 0.8511592149734497]",True,True
cotton_tshirt,Cotton T Shirt,Shopping,en,clean,E5_DYNAMIC_INT8_PER_CHANNEL,HYBRID_PROTOTYPE,Shopping,0.8512911200523376,Groceries,0.8438272476196289,0.00746387243270874,"[""Shopping"", ""Groceries"", ""Household""]","[0.8512911200523376, 0.8438272476196289, 0.8400086760520935]",True,True
running_shoes,Running Shoes,Shopping,en,clean,E5_DYNAMIC_INT8_PER_CHANNEL,HYBRID_PROTOTYPE,Shopping,0.8487527966499329,Restaurants,0.8276392221450806,0.021113574504852295,"[""Shopping"", ""Restaurants"", ""Entertainment""]","[0.8487527966499329, 0.8276392221450806, 0.8270606398582458]",True,True
wireless_headphones,Wireless Headphones,Shopping,en,clean,E5_DYNAMIC_INT8_PER_CHANNEL,HYBRID_PROTOTYPE,Shopping,0.858413815498352,Bills,0.8483273983001709,0.010086417198181152,"[""Shopping"", ""Bills"", ""Entertainment""]","[0.858413815498352, 0.8483273983001709, 0.8473845720291138]",True,True
phone_charger,Phone Charger,Shopping,en,clean,E5_DYNAMIC_INT8_PER_CHANNEL,HYBRID_PROTOTYPE,Shopping,0.8655081987380981,Bills,0.8652397394180298,0.0002684593200683594,"[""Shopping"", ""Bills"", ""Personal Care""]","[0.8655081987380981, 0.8652397394180298, 0.8529986143112183]",True,True
cotton_tshirt,تيشيرت قطن,Shopping,ar,clean,E5_DYNAMIC_INT8_PER_CHANNEL,HYBRID_PROTOTYPE,Transport,0.8867676854133606,Restaurants,0.8829479217529297,0.003819763660430908,"[""Transport"", ""Restaurants"", ""Groceries""]","[0.8867676854133606, 0.8829479217529297, 0.8809428215026855]",False,False
running_shoes,حذاء رياضي,Shopping,ar,clean,E5_DYNAMIC_INT8_PER_CHANNEL,HYBRID_PROTOTYPE,Shopping,0.8842101097106934,Books,0.8789137601852417,0.00529634952545166,"[""Shopping"", ""Books"", ""Entertainment""]","[0.8842101097106934, 0.8789137601852417, 0.8682750463485718]",True,True
wireless_headphones,سماعات بلوتوث,Shopping,ar,clean,E5_DYNAMIC_INT8_PER_CHANNEL,HYBRID_PROTOTYPE,Personal Care,0.8599929809570312,Entertainment,0.8586744070053101,0.0013185739517211914,"[""Personal Care"", ""Entertainment"", ""Books""]","[0.8599929809570312, 0.8586744070053101, 0.8578739166259766]",False,False
phone_charger,شاحن موبايل,Shopping,ar,clean,E5_DYNAMIC_INT8_PER_CHANNEL,HYBRID_PROTOTYPE,Books,0.8586404323577881,Shopping,0.8558375239372253,0.002802908420562744,"[""Books"", ""Shopping"", ""Restaurants""]","[0.8586404323577881, 0.8558375239372253, 0.8551545143127441]",False,True
running_shoes,Nike حذاء,Shopping,mixed,mixed_language,E5_DYNAMIC_INT8_PER_CHANNEL,HYBRID_PROTOTYPE,Shopping,0.8946977853775024,Books,0.8842296600341797,0.010468125343322754,"[""Shopping"", ""Books"", ""Personal Care""]","[0.8946977853775024, 0.8842296600341797, 0.8828308582305908]",True,True
wireless_headphones,Headphones سماعات,Shopping,mixed,mixed_language,E5_DYNAMIC_INT8_PER_CHANNEL,HYBRID_PROTOTYPE,Personal Care,0.899415135383606,Shopping,0.8993081450462341,0.00010699033737182617,"[""Personal Care"", ""Shopping"", ""Books""]","[0.899415135383606, 0.8993081450462341, 0.893595814704895]",False,True
wireless_headphones,W1RELESS HEADPH0NES,Shopping,en,ocr_noise,E5_DYNAMIC_INT8_PER_CHANNEL,HYBRID_PROTOTYPE,Shopping,0.8488788604736328,Medicine,0.8424255847930908,0.006453275680541992,"[""Shopping"", ""Medicine"", ""Personal Care""]","[0.8488788604736328, 0.8424255847930908, 0.8401281833648682]",True,True
phone_charger,PH0NE CHARGER,Shopping,en,ocr_noise,E5_DYNAMIC_INT8_PER_CHANNEL,HYBRID_PROTOTYPE,Personal Care,0.8229978680610657,Medicine,0.8223203420639038,0.0006775259971618652,"[""Personal Care"", ""Medicine"", ""Shopping""]","[0.8229978680610657, 0.8223203420639038, 0.8189346790313721]",False,True
electricity_bill,Electricity Bill,Bills,en,clean,E5_DYNAMIC_INT8_PER_CHANNEL,HYBRID_PROTOTYPE,Bills,0.8981577157974243,Shopping,0.849124550819397,0.049033164978027344,"[""Bills"", ""Shopping"", ""Other""]","[0.8981577157974243, 0.849124550819397, 0.8490067720413208]",True,True
internet_bill,WE Internet Bill,Bills,en,clean,E5_DYNAMIC_INT8_PER_CHANNEL,HYBRID_PROTOTYPE,Bills,0.8887741565704346,Books,0.8479529023170471,0.04082125425338745,"[""Bills"", ""Books"", ""Shopping""]","[0.8887741565704346, 0.8479529023170471, 0.8473879098892212]",True,True
water_bill,Water Utility Bill,Bills,en,clean,E5_DYNAMIC_INT8_PER_CHANNEL,HYBRID_PROTOTYPE,Bills,0.9037641286849976,Household,0.8546586632728577,0.04910546541213989,"[""Bills"", ""Household"", ""Other""]","[0.9037641286849976, 0.8546586632728577, 0.8528625965118408]",True,True
mobile_bill,Mobile Phone Bill,Bills,en,clean,E5_DYNAMIC_INT8_PER_CHANNEL,HYBRID_PROTOTYPE,Bills,0.9031215310096741,Shopping,0.8654677867889404,0.03765374422073364,"[""Bills"", ""Shopping"", ""Other""]","[0.9031215310096741, 0.8654677867889404, 0.8631882071495056]",True,True
electricity_bill,فاتورة كهرباء,Bills,ar,clean,E5_DYNAMIC_INT8_PER_CHANNEL,HYBRID_PROTOTYPE,Bills,0.9158742427825928,Other,0.8879153728485107,0.02795886993408203,"[""Bills"", ""Other"", ""Restaurants""]","[0.9158742427825928, 0.8879153728485107, 0.8871715664863586]",True,True
internet_bill,فاتورة انترنت WE,Bills,mixed,mixed_language,E5_DYNAMIC_INT8_PER_CHANNEL,HYBRID_PROTOTYPE,Bills,0.91569983959198,Books,0.8983137011528015,0.017386138439178467,"[""Bills"", ""Books"", ""Shopping""]","[0.91569983959198, 0.8983137011528015, 0.8881404399871826]",True,True
water_bill,فاتورة مياه,Bills,ar,clean,E5_DYNAMIC_INT8_PER_CHANNEL,HYBRID_PROTOTYPE,Bills,0.9109153747558594,Other,0.8879207968711853,0.022994577884674072,"[""Bills"", ""Other"", ""Household""]","[0.9109153747558594, 0.8879207968711853, 0.8858774900436401]",True,True
gas_bill,فاتورة غاز,Bills,ar,clean,E5_DYNAMIC_INT8_PER_CHANNEL,HYBRID_PROTOTYPE,Bills,0.9072630405426025,Other,0.8894349336624146,0.01782810688018799,"[""Bills"", ""Other"", ""Transport""]","[0.9072630405426025, 0.8894349336624146, 0.8887461423873901]",True,True
mobile_bill,Orange فاتورة موبايل,Bills,mixed,mixed_language,E5_DYNAMIC_INT8_PER_CHANNEL,HYBRID_PROTOTYPE,Bills,0.9003634452819824,Transport,0.8886076807975769,0.011755764484405518,"[""Bills"", ""Transport"", ""Shopping""]","[0.9003634452819824, 0.8886076807975769, 0.8883033990859985]",True,True
internet_bill,Internet فاتورة شهرية,Bills,mixed,mixed_language,E5_DYNAMIC_INT8_PER_CHANNEL,HYBRID_PROTOTYPE,Bills,0.909017026424408,Other,0.8799902200698853,0.029026806354522705,"[""Bills"", ""Other"", ""Shopping""]","[0.909017026424408, 0.8799902200698853, 0.8785090446472168]",True,True
electricity_bill,ELECTR1C1TY B1LL,Bills,en,ocr_noise,E5_DYNAMIC_INT8_PER_CHANNEL,HYBRID_PROTOTYPE,Shopping,0.8651663064956665,Books,0.8646453619003296,0.0005209445953369141,"[""Shopping"", ""Books"", ""Groceries""]","[0.8651663064956665, 0.8646453619003296, 0.8620778322219849]",False,False
internet_bill,WE 1NTERNET B1LL,Bills,en,ocr_noise,E5_DYNAMIC_INT8_PER_CHANNEL,HYBRID_PROTOTYPE,Groceries,0.8621633052825928,Household,0.8548762798309326,0.007287025451660156,"[""Groceries"", ""Household"", ""Books""]","[0.8621633052825928, 0.8548762798309326, 0.8539276123046875]",False,False
netflix,Netflix,Entertainment,en,clean,E5_DYNAMIC_INT8_PER_CHANNEL,HYBRID_PROTOTYPE,Entertainment,0.867756724357605,Books,0.8593026399612427,0.008454084396362305,"[""Entertainment"", ""Books"", ""Restaurants""]","[0.867756724357605, 0.8593026399612427, 0.8569293022155762]",True,True
cinema_ticket,Cinema Ticket,Entertainment,en,clean,E5_DYNAMIC_INT8_PER_CHANNEL,HYBRID_PROTOTYPE,Entertainment,0.8857256174087524,Transport,0.8522127866744995,0.03351283073425293,"[""Entertainment"", ""Transport"", ""Restaurants""]","[0.8857256174087524, 0.8522127866744995, 0.8442142009735107]",True,True
playstation_game,PlayStation Game,Entertainment,en,clean,E5_DYNAMIC_INT8_PER_CHANNEL,HYBRID_PROTOTYPE,Entertainment,0.8541589975357056,Shopping,0.8486428260803223,0.005516171455383301,"[""Entertainment"", ""Shopping"", ""Fruits & Vegetables""]","[0.8541589975357056, 0.8486428260803223, 0.8390288352966309]",True,True
concert_ticket,Concert Ticket,Entertainment,en,clean,E5_DYNAMIC_INT8_PER_CHANNEL,HYBRID_PROTOTYPE,Entertainment,0.8495769500732422,Other,0.8356237411499023,0.013953208923339844,"[""Entertainment"", ""Other"", ""Shopping""]","[0.8495769500732422, 0.8356237411499023, 0.8342204093933105]",True,True
cinema_ticket,تذكرة سينما,Entertainment,ar,clean,E5_DYNAMIC_INT8_PER_CHANNEL,HYBRID_PROTOTYPE,Entertainment,0.8942031264305115,Transport,0.8828996419906616,0.011303484439849854,"[""Entertainment"", ""Transport"", ""Restaurants""]","[0.8942031264305115, 0.8828996419906616, 0.8704833984375]",True,True
netflix,اشتراك مشاهدة أفلام,Entertainment,ar,clean,E5_DYNAMIC_INT8_PER_CHANNEL,HYBRID_PROTOTYPE,Entertainment,0.9158172607421875,Books,0.8882787823677063,0.0275384783744812,"[""Entertainment"", ""Books"", ""Shopping""]","[0.9158172607421875, 0.8882787823677063, 0.8830326795578003]",True,True
playstation_game,لعبة بلايستيشن,Entertainment,ar,clean,E5_DYNAMIC_INT8_PER_CHANNEL,HYBRID_PROTOTYPE,Shopping,0.8702067136764526,Entertainment,0.8689513206481934,0.0012553930282592773,"[""Shopping"", ""Entertainment"", ""Books""]","[0.8702067136764526, 0.8689513206481934, 0.8641939163208008]",False,True
concert_ticket,تذكرة حفلة,Entertainment,ar,clean,E5_DYNAMIC_INT8_PER_CHANNEL,HYBRID_PROTOTYPE,Entertainment,0.8868163824081421,Transport,0.8818281888961792,0.004988193511962891,"[""Entertainment"", ""Transport"", ""Restaurants""]","[0.8868163824081421, 0.8818281888961792, 0.8778079152107239]",True,True
netflix,Netflix اشتراك,Entertainment,mixed,mixed_language,E5_DYNAMIC_INT8_PER_CHANNEL,HYBRID_PROTOTYPE,Entertainment,0.9015108346939087,Shopping,0.8881555795669556,0.013355255126953125,"[""Entertainment"", ""Shopping"", ""Restaurants""]","[0.9015108346939087, 0.8881555795669556, 0.8871848583221436]",True,True
cinema_ticket,Cinema تذكرة,Entertainment,mixed,mixed_language,E5_DYNAMIC_INT8_PER_CHANNEL,HYBRID_PROTOTYPE,Entertainment,0.9169556498527527,Transport,0.9009008407592773,0.016054809093475342,"[""Entertainment"", ""Transport"", ""Restaurants""]","[0.9169556498527527, 0.9009008407592773, 0.8915865421295166]",True,True
netflix,NETFL1X,Entertainment,en,ocr_noise,E5_DYNAMIC_INT8_PER_CHANNEL,HYBRID_PROTOTYPE,Shopping,0.8350870609283447,Groceries,0.8345376253128052,0.0005494356155395508,"[""Shopping"", ""Groceries"", ""Bills""]","[0.8350870609283447, 0.8345376253128052, 0.8307497501373291]",False,False
cinema_ticket,C1NEMA T1CKET,Entertainment,en,ocr_noise,E5_DYNAMIC_INT8_PER_CHANNEL,HYBRID_PROTOTYPE,Restaurants,0.853650689125061,Groceries,0.8513423204421997,0.002308368682861328,"[""Restaurants"", ""Groceries"", ""Shopping""]","[0.853650689125061, 0.8513423204421997, 0.8511388301849365]",False,False
dove_shampoo,Dove Shampoo,Personal Care,en,clean,E5_DYNAMIC_INT8_PER_CHANNEL,HYBRID_PROTOTYPE,Personal Care,0.8681591153144836,Household,0.850344181060791,0.017814934253692627,"[""Personal Care"", ""Household"", ""Shopping""]","[0.8681591153144836, 0.850344181060791, 0.8391844034194946]",True,True
nivea_face_cream,Nivea Face Cream,Personal Care,en,clean,E5_DYNAMIC_INT8_PER_CHANNEL,HYBRID_PROTOTYPE,Personal Care,0.8789355754852295,Medicine,0.8693728446960449,0.00956273078918457,"[""Personal Care"", ""Medicine"", ""Restaurants""]","[0.8789355754852295, 0.8693728446960449, 0.86910080909729]",True,True
gillette_razor,Gillette Razor,Personal Care,en,clean,E5_DYNAMIC_INT8_PER_CHANNEL,HYBRID_PROTOTYPE,Personal Care,0.8516919612884521,Groceries,0.8515158891677856,0.0001760721206665039,"[""Personal Care"", ""Groceries"", ""Household""]","[0.8516919612884521, 0.8515158891677856, 0.8501003980636597]",True,True
haircut,Haircut,Personal Care,en,clean,E5_DYNAMIC_INT8_PER_CHANNEL,HYBRID_PROTOTYPE,Personal Care,0.8502053022384644,Shopping,0.8436821699142456,0.00652313232421875,"[""Personal Care"", ""Shopping"", ""Restaurants""]","[0.8502053022384644, 0.8436821699142456, 0.8435332775115967]",True,True
dove_shampoo,شامبو دوف,Personal Care,ar,clean,E5_DYNAMIC_INT8_PER_CHANNEL,HYBRID_PROTOTYPE,Personal Care,0.881870448589325,Household,0.8723121881484985,0.009558260440826416,"[""Personal Care"", ""Household"", ""Restaurants""]","[0.881870448589325, 0.8723121881484985, 0.8671286106109619]",True,True
nivea_face_cream,كريم نيفيا للوجه,Personal Care,ar,clean,E5_DYNAMIC_INT8_PER_CHANNEL,HYBRID_PROTOTYPE,Personal Care,0.8826299905776978,Medicine,0.8707825541496277,0.011847436428070068,"[""Personal Care"", ""Medicine"", ""Household""]","[0.8826299905776978, 0.8707825541496277, 0.8707106113433838]",True,True
gillette_razor,شفرة حلاقة,Personal Care,ar,clean,E5_DYNAMIC_INT8_PER_CHANNEL,HYBRID_PROTOTYPE,Personal Care,0.8843144178390503,Books,0.8617383241653442,0.022576093673706055,"[""Personal Care"", ""Books"", ""Household""]","[0.8843144178390503, 0.8617383241653442, 0.860836386680603]",True,True
haircut,قص شعر,Personal Care,ar,clean,E5_DYNAMIC_INT8_PER_CHANNEL,HYBRID_PROTOTYPE,Personal Care,0.8777335286140442,Restaurants,0.8752924203872681,0.002441108226776123,"[""Personal Care"", ""Restaurants"", ""Books""]","[0.8777335286140442, 0.8752924203872681, 0.874832808971405]",True,True
dove_shampoo,Shampoo شامبو,Personal Care,mixed,mixed_language,E5_DYNAMIC_INT8_PER_CHANNEL,HYBRID_PROTOTYPE,Personal Care,0.9060683250427246,Household,0.8918266892433167,0.014241635799407959,"[""Personal Care"", ""Household"", ""Shopping""]","[0.9060683250427246, 0.8918266892433167, 0.8788262009620667]",True,True
nivea_face_cream,Nivea كريم بشرة,Personal Care,mixed,mixed_language,E5_DYNAMIC_INT8_PER_CHANNEL,HYBRID_PROTOTYPE,Personal Care,0.8999209403991699,Medicine,0.8957329988479614,0.004187941551208496,"[""Personal Care"", ""Medicine"", ""Household""]","[0.8999209403991699, 0.8957329988479614, 0.8919967412948608]",True,True
dove_shampoo,شامبو D0VE,Personal Care,mixed,ocr_noise,E5_DYNAMIC_INT8_PER_CHANNEL,HYBRID_PROTOTYPE,Personal Care,0.8917525410652161,Household,0.8853235244750977,0.006429016590118408,"[""Personal Care"", ""Household"", ""Books""]","[0.8917525410652161, 0.8853235244750977, 0.8755508661270142]",True,True
gillette_razor,G1LLETTE RAZ0R,Personal Care,en,ocr_noise,E5_DYNAMIC_INT8_PER_CHANNEL,HYBRID_PROTOTYPE,Groceries,0.8609110713005066,Shopping,0.8547786474227905,0.0061324238777160645,"[""Groceries"", ""Shopping"", ""Books""]","[0.8609110713005066, 0.8547786474227905, 0.8527327179908752]",False,False
service_fee,Service Fee,Other,en,clean,E5_DYNAMIC_INT8_PER_CHANNEL,HYBRID_PROTOTYPE,Other,0.89583420753479,Bills,0.8856136798858643,0.010220527648925781,"[""Other"", ""Bills"", ""Restaurants""]","[0.89583420753479, 0.8856136798858643, 0.8698086142539978]",True,True
charity_donation,Charity Donation,Other,en,clean,E5_DYNAMIC_INT8_PER_CHANNEL,HYBRID_PROTOTYPE,Other,0.8332785367965698,Household,0.8312867879867554,0.001991748809814453,"[""Other"", ""Household"", ""Groceries""]","[0.8332785367965698, 0.8312867879867554, 0.8310233354568481]",True,True
document_printing,Document Printing,Other,en,clean,E5_DYNAMIC_INT8_PER_CHANNEL,HYBRID_PROTOTYPE,Books,0.8421571850776672,Bills,0.8390188217163086,0.0031383633613586426,"[""Books"", ""Bills"", ""Groceries""]","[0.8421571850776672, 0.8390188217163086, 0.8383232355117798]",False,False
delivery_fee,Delivery Fee,Other,en,clean,E5_DYNAMIC_INT8_PER_CHANNEL,HYBRID_PROTOTYPE,Other,0.8735027313232422,Bills,0.8535913228988647,0.01991140842437744,"[""Other"", ""Bills"", ""Restaurants""]","[0.8735027313232422, 0.8535913228988647, 0.8521146774291992]",True,True
service_fee,رسوم خدمة,Other,ar,clean,E5_DYNAMIC_INT8_PER_CHANNEL,HYBRID_PROTOTYPE,Other,0.8812039494514465,Bills,0.8808643817901611,0.0003395676612854004,"[""Other"", ""Bills"", ""Transport""]","[0.8812039494514465, 0.8808643817901611, 0.8638951778411865]",True,True
charity_donation,تبرع خيري,Other,ar,clean,E5_DYNAMIC_INT8_PER_CHANNEL,HYBRID_PROTOTYPE,Other,0.8761614561080933,Groceries,0.8713043928146362,0.004857063293457031,"[""Other"", ""Groceries"", ""Books""]","[0.8761614561080933, 0.8713043928146362, 0.8705604076385498]",True,True
document_printing,طباعة مستندات,Other,ar,clean,E5_DYNAMIC_INT8_PER_CHANNEL,HYBRID_PROTOTYPE,Books,0.8753025531768799,Other,0.8721994161605835,0.0031031370162963867,"[""Books"", ""Other"", ""Medicine""]","[0.8753025531768799, 0.8721994161605835, 0.8658843040466309]",False,True
misc_expense,مصاريف متنوعة,Other,ar,clean,E5_DYNAMIC_INT8_PER_CHANNEL,HYBRID_PROTOTYPE,Other,0.8985779285430908,Bills,0.8896510601043701,0.008926868438720703,"[""Other"", ""Bills"", ""Shopping""]","[0.8985779285430908, 0.8896510601043701, 0.8867395520210266]",True,True
delivery_fee,Delivery رسوم,Other,mixed,mixed_language,E5_DYNAMIC_INT8_PER_CHANNEL,HYBRID_PROTOTYPE,Other,0.8949975967407227,Restaurants,0.8899920582771301,0.005005538463592529,"[""Other"", ""Restaurants"", ""Groceries""]","[0.8949975967407227, 0.8899920582771301, 0.8833582997322083]",True,True
service_fee,Service مصاريف,Other,mixed,mixed_language,E5_DYNAMIC_INT8_PER_CHANNEL,HYBRID_PROTOTYPE,Other,0.9045194387435913,Bills,0.8950241804122925,0.009495258331298828,"[""Other"", ""Bills"", ""Restaurants""]","[0.9045194387435913, 0.8950241804122925, 0.8906266689300537]",True,True
service_fee,SERV1CE FEE,Other,en,ocr_noise,E5_DYNAMIC_INT8_PER_CHANNEL,HYBRID_PROTOTYPE,Other,0.8633641004562378,Bills,0.8554986715316772,0.007865428924560547,"[""Other"", ""Bills"", ""Restaurants""]","[0.8633641004562378, 0.8554986715316772, 0.8535350561141968]",True,True
misc_expense,M1SC EXPENSE,Other,en,ocr_noise,E5_DYNAMIC_INT8_PER_CHANNEL,HYBRID_PROTOTYPE,Medicine,0.8517098426818848,Other,0.8511611819267273,0.0005486607551574707,"[""Medicine"", ""Other"", ""Shopping""]","[0.8517098426818848, 0.8511611819267273, 0.8445641398429871]",False,True
atomic_habits,Atomic Habits,Books,en,clean,E5_DYNAMIC_INT8_PER_CHANNEL,HYBRID_PROTOTYPE,Shopping,0.8671165108680725,Books,0.8644255995750427,0.002690911293029785,"[""Shopping"", ""Books"", ""Restaurants""]","[0.8671165108680725, 0.8644255995750427, 0.8608378171920776]",False,True
clean_code,Clean Code,Books,en,clean,E5_DYNAMIC_INT8_PER_CHANNEL,HYBRID_PROTOTYPE,Household,0.8687798976898193,Personal Care,0.8560911417007446,0.012688755989074707,"[""Household"", ""Personal Care"", ""Shopping""]","[0.8687798976898193, 0.8560911417007446, 0.851696789264679]",False,False
psychology_of_money,The Psychology of Money,Books,en,clean,E5_DYNAMIC_INT8_PER_CHANNEL,HYBRID_PROTOTYPE,Bills,0.8677747249603271,Other,0.864719033241272,0.0030556917190551758,"[""Bills"", ""Other"", ""Books""]","[0.8677747249603271, 0.864719033241272, 0.8602167367935181]",False,True
pragmatic_programmer,The Pragmatic Programmer,Books,en,clean,E5_DYNAMIC_INT8_PER_CHANNEL,HYBRID_PROTOTYPE,Restaurants,0.845646858215332,Household,0.841996967792511,0.003649890422821045,"[""Restaurants"", ""Household"", ""Books""]","[0.845646858215332, 0.841996967792511, 0.8410491943359375]",False,True
atomic_habits,العادات الذرية,Books,ar,clean,E5_DYNAMIC_INT8_PER_CHANNEL,HYBRID_PROTOTYPE,Books,0.8682267665863037,Restaurants,0.8661731481552124,0.0020536184310913086,"[""Books"", ""Restaurants"", ""Personal Care""]","[0.8682267665863037, 0.8661731481552124, 0.8648192882537842]",True,True
art_of_not_caring,كتاب فن اللامبالاة,Books,ar,clean,E5_DYNAMIC_INT8_PER_CHANNEL,HYBRID_PROTOTYPE,Books,0.8678922057151794,Personal Care,0.8495098352432251,0.018382370471954346,"[""Books"", ""Personal Care"", ""Restaurants""]","[0.8678922057151794, 0.8495098352432251, 0.8472275733947754]",True,True
awlad_haretna,رواية أولاد حارتنا,Books,ar,clean,E5_DYNAMIC_INT8_PER_CHANNEL,HYBRID_PROTOTYPE,Books,0.8556655645370483,Restaurants,0.8345941305160522,0.021071434020996094,"[""Books"", ""Restaurants"", ""Fruits & Vegetables""]","[0.8556655645370483, 0.8345941305160522, 0.8287942409515381]",True,True
learn_python_book,كتاب تعلم بايثون,Books,ar,clean,E5_DYNAMIC_INT8_PER_CHANNEL,HYBRID_PROTOTYPE,Books,0.890263557434082,Restaurants,0.8628619909286499,0.02740156650543213,"[""Books"", ""Restaurants"", ""Personal Care""]","[0.890263557434082, 0.8628619909286499, 0.8610281944274902]",True,True
clean_code,Clean Code كتاب,Books,mixed,mixed_language,E5_DYNAMIC_INT8_PER_CHANNEL,HYBRID_PROTOTYPE,Books,0.9151632189750671,Household,0.8930684328079224,0.022094786167144775,"[""Books"", ""Household"", ""Personal Care""]","[0.9151632189750671, 0.8930684328079224, 0.8884907960891724]",True,True
atomic_habits,Atomic Habits نسخة عربية,Books,mixed,mixed_language,E5_DYNAMIC_INT8_PER_CHANNEL,HYBRID_PROTOTYPE,Books,0.8911824822425842,Transport,0.8866081237792969,0.0045743584632873535,"[""Books"", ""Transport"", ""Shopping""]","[0.8911824822425842, 0.8866081237792969, 0.884105920791626]",True,True
atomic_habits,AT0MIC HAB1TS,Books,en,ocr_noise,E5_DYNAMIC_INT8_PER_CHANNEL,HYBRID_PROTOTYPE,Medicine,0.849123477935791,Restaurants,0.8458309173583984,0.003292560577392578,"[""Medicine"", ""Restaurants"", ""Groceries""]","[0.849123477935791, 0.8458309173583984, 0.8454949855804443]",False,False
clean_code,CLEAN C0DE,Books,en,ocr_noise,E5_DYNAMIC_INT8_PER_CHANNEL,HYBRID_PROTOTYPE,Household,0.8672845363616943,Shopping,0.8543387055397034,0.012945830821990967,"[""Household"", ""Shopping"", ""Personal Care""]","[0.8672845363616943, 0.8543387055397034, 0.853539764881134]",False,False
chicken_breast,Chicken Breast,Groceries,en,clean,E5_DYNAMIC_INT8_MATMUL_PER_CHANNEL,HYBRID_PROTOTYPE,Groceries,0.8435112237930298,Fruits & Vegetables,0.8370680212974548,0.006443202495574951,"[""Groceries"", ""Fruits & Vegetables"", ""Restaurants""]","[0.8435112237930298, 0.8370680212974548, 0.8343688249588013]",True,True
milk_1l,Milk 1L,Groceries,en,clean,E5_DYNAMIC_INT8_MATMUL_PER_CHANNEL,HYBRID_PROTOTYPE,Groceries,0.8862813711166382,Medicine,0.8638114929199219,0.02246987819671631,"[""Groceries"", ""Medicine"", ""Restaurants""]","[0.8862813711166382, 0.8638114929199219, 0.8611875772476196]",True,True
rice_1kg,Rice 1KG,Groceries,en,clean,E5_DYNAMIC_INT8_MATMUL_PER_CHANNEL,HYBRID_PROTOTYPE,Groceries,0.8915070295333862,Medicine,0.8787615299224854,0.012745499610900879,"[""Groceries"", ""Medicine"", ""Restaurants""]","[0.8915070295333862, 0.8787615299224854, 0.8753601908683777]",True,True
groceries_egyptian_white_cheese,Egyptian White Cheese,Groceries,en,clean,E5_DYNAMIC_INT8_MATMUL_PER_CHANNEL,HYBRID_PROTOTYPE,Restaurants,0.8720649480819702,Fruits & Vegetables,0.8687485456466675,0.0033164024353027344,"[""Restaurants"", ""Fruits & Vegetables"", ""Groceries""]","[0.8720649480819702, 0.8687485456466675, 0.8632308840751648]",False,True
chicken_breast,صدور فراخ,Groceries,ar,clean,E5_DYNAMIC_INT8_MATMUL_PER_CHANNEL,HYBRID_PROTOTYPE,Restaurants,0.859796404838562,Groceries,0.8568708896636963,0.0029255151748657227,"[""Restaurants"", ""Groceries"", ""Fruits & Vegetables""]","[0.859796404838562, 0.8568708896636963, 0.8556704521179199]",False,True
milk_1l,لبن كامل الدسم,Groceries,ar,clean,E5_DYNAMIC_INT8_MATMUL_PER_CHANNEL,HYBRID_PROTOTYPE,Groceries,0.862695038318634,Household,0.862412691116333,0.0002823472023010254,"[""Groceries"", ""Household"", ""Restaurants""]","[0.862695038318634, 0.862412691116333, 0.8622090816497803]",True,True
rice_1kg,كيس أرز 1 كيلو,Groceries,ar,clean,E5_DYNAMIC_INT8_MATMUL_PER_CHANNEL,HYBRID_PROTOTYPE,Groceries,0.8961087465286255,Restaurants,0.8859442472457886,0.010164499282836914,"[""Groceries"", ""Restaurants"", ""Medicine""]","[0.8961087465286255, 0.8859442472457886, 0.8800427913665771]",True,True
groceries_8,علبة تونة,Groceries,ar,clean,E5_DYNAMIC_INT8_MATMUL_PER_CHANNEL,HYBRID_PROTOTYPE,Shopping,0.8745032548904419,Household,0.8698028326034546,0.004700422286987305,"[""Shopping"", ""Household"", ""Medicine""]","[0.8745032548904419, 0.8698028326034546, 0.8697718381881714]",False,False
milk_1l,Fresh Milk لبن,Groceries,mixed,mixed_language,E5_DYNAMIC_INT8_MATMUL_PER_CHANNEL,HYBRID_PROTOTYPE,Groceries,0.905088484287262,Fruits & Vegetables,0.8988431692123413,0.006245315074920654,"[""Groceries"", ""Fruits & Vegetables"", ""Restaurants""]","[0.905088484287262, 0.8988431692123413, 0.8898938894271851]",True,True
chicken_breast,Chicken فراخ مجمدة,Groceries,mixed,mixed_language,E5_DYNAMIC_INT8_MATMUL_PER_CHANNEL,HYBRID_PROTOTYPE,Groceries,0.9010554552078247,Restaurants,0.897324800491333,0.0037306547164916992,"[""Groceries"", ""Restaurants"", ""Household""]","[0.9010554552078247, 0.897324800491333, 0.8873599171638489]",True,True
milk_1l,M1LK 1L,Groceries,en,ocr_noise,E5_DYNAMIC_INT8_MATMUL_PER_CHANNEL,HYBRID_PROTOTYPE,Groceries,0.8635696172714233,Medicine,0.8577110767364502,0.0058585405349731445,"[""Groceries"", ""Medicine"", ""Shopping""]","[0.8635696172714233, 0.8577110767364502, 0.8562951683998108]",True,True
rice_1kg,R1CE 1KG,Groceries,en,ocr_noise,E5_DYNAMIC_INT8_MATMUL_PER_CHANNEL,HYBRID_PROTOTYPE,Groceries,0.8750665187835693,Medicine,0.8709977269172668,0.00406879186630249,"[""Groceries"", ""Medicine"", ""Shopping""]","[0.8750665187835693, 0.8709977269172668, 0.8694525957107544]",True,True
banana,Banana,Fruits & Vegetables,en,clean,E5_DYNAMIC_INT8_MATMUL_PER_CHANNEL,HYBRID_PROTOTYPE,Fruits & Vegetables,0.8582732677459717,Groceries,0.8535828590393066,0.004690408706665039,"[""Fruits & Vegetables"", ""Groceries"", ""Shopping""]","[0.8582732677459717, 0.8535828590393066, 0.8529829978942871]",True,True
tomatoes,Fresh Tomatoes,Fruits & Vegetables,en,clean,E5_DYNAMIC_INT8_MATMUL_PER_CHANNEL,HYBRID_PROTOTYPE,Fruits & Vegetables,0.8983868360519409,Groceries,0.8667806386947632,0.031606197357177734,"[""Fruits & Vegetables"", ""Groceries"", ""Restaurants""]","[0.8983868360519409, 0.8667806386947632, 0.8663303852081299]",True,True
apples,Green Apples,Fruits & Vegetables,en,clean,E5_DYNAMIC_INT8_MATMUL_PER_CHANNEL,HYBRID_PROTOTYPE,Fruits & Vegetables,0.863386869430542,Restaurants,0.8414696455001831,0.021917223930358887,"[""Fruits & Vegetables"", ""Restaurants"", ""Shopping""]","[0.863386869430542, 0.8414696455001831, 0.8407469987869263]",True,True
cucumber,Cucumber Pack,Fruits & Vegetables,en,clean,E5_DYNAMIC_INT8_MATMUL_PER_CHANNEL,HYBRID_PROTOTYPE,Groceries,0.8653687238693237,Restaurants,0.8605467081069946,0.0048220157623291016,"[""Groceries"", ""Restaurants"", ""Fruits & Vegetables""]","[0.8653687238693237, 0.8605467081069946, 0.8534952402114868]",False,True
tomatoes,طماطم,Fruits & Vegetables,ar,clean,E5_DYNAMIC_INT8_MATMUL_PER_CHANNEL,HYBRID_PROTOTYPE,Fruits & Vegetables,0.885841429233551,Groceries,0.855948269367218,0.029893159866333008,"[""Fruits & Vegetables"", ""Groceries"", ""Restaurants""]","[0.885841429233551, 0.855948269367218, 0.8538494110107422]",True,True
apples,تفاح,Fruits & Vegetables,ar,clean,E5_DYNAMIC_INT8_MATMUL_PER_CHANNEL,HYBRID_PROTOTYPE,Fruits & Vegetables,0.8709962368011475,Restaurants,0.8484887480735779,0.02250748872756958,"[""Fruits & Vegetables"", ""Restaurants"", ""Groceries""]","[0.8709962368011475, 0.8484887480735779, 0.8472379446029663]",True,True
banana,موز بلدي,Fruits & Vegetables,ar,clean,E5_DYNAMIC_INT8_MATMUL_PER_CHANNEL,HYBRID_PROTOTYPE,Fruits & Vegetables,0.8750736117362976,Restaurants,0.8748975992202759,0.00017601251602172852,"[""Fruits & Vegetables"", ""Restaurants"", ""Groceries""]","[0.8750736117362976, 0.8748975992202759, 0.8740994334220886]",True,True
cucumber,خيار طازج,Fruits & Vegetables,ar,clean,E5_DYNAMIC_INT8_MATMUL_PER_CHANNEL,HYBRID_PROTOTYPE,Restaurants,0.8827824592590332,Groceries,0.8819521069526672,0.0008303523063659668,"[""Restaurants"", ""Groceries"", ""Books""]","[0.8827824592590332, 0.8819521069526672, 0.8795102834701538]",False,False
banana,Banana موز,Fruits & Vegetables,mixed,mixed_language,E5_DYNAMIC_INT8_MATMUL_PER_CHANNEL,HYBRID_PROTOTYPE,Fruits & Vegetables,0.8780606985092163,Groceries,0.8630197048187256,0.015040993690490723,"[""Fruits & Vegetables"", ""Groceries"", ""Restaurants""]","[0.8780606985092163, 0.8630197048187256, 0.85210120677948]",True,True
tomatoes,Fresh طماطم,Fruits & Vegetables,mixed,mixed_language,E5_DYNAMIC_INT8_MATMUL_PER_CHANNEL,HYBRID_PROTOTYPE,Fruits & Vegetables,0.9217560291290283,Groceries,0.8927111625671387,0.02904486656188965,"[""Fruits & Vegetables"", ""Groceries"", ""Restaurants""]","[0.9217560291290283, 0.8927111625671387, 0.8911518454551697]",True,True
tomatoes,T0MAT0ES,Fruits & Vegetables,en,ocr_noise,E5_DYNAMIC_INT8_MATMUL_PER_CHANNEL,HYBRID_PROTOTYPE,Fruits & Vegetables,0.862143874168396,Books,0.8606982231140137,0.0014456510543823242,"[""Fruits & Vegetables"", ""Books"", ""Shopping""]","[0.862143874168396, 0.8606982231140137, 0.8592183589935303]",True,True
apples,تفـاح,Fruits & Vegetables,ar,ocr_noise,E5_DYNAMIC_INT8_MATMUL_PER_CHANNEL,HYBRID_PROTOTYPE,Books,0.8710817098617554,Restaurants,0.8629958629608154,0.008085846900939941,"[""Books"", ""Restaurants"", ""Fruits & Vegetables""]","[0.8710817098617554, 0.8629958629608154, 0.8614784479141235]",False,True
mcchicken_meal,McChicken Meal,Restaurants,en,clean,E5_DYNAMIC_INT8_MATMUL_PER_CHANNEL,HYBRID_PROTOTYPE,Restaurants,0.8713572025299072,Groceries,0.8629283905029297,0.008428812026977539,"[""Restaurants"", ""Groceries"", ""Household""]","[0.8713572025299072, 0.8629283905029297, 0.8467115163803101]",True,True
margherita_pizza,Margherita Pizza,Restaurants,en,clean,E5_DYNAMIC_INT8_MATMUL_PER_CHANNEL,HYBRID_PROTOTYPE,Restaurants,0.8461979627609253,Groceries,0.8415418863296509,0.004656076431274414,"[""Restaurants"", ""Groceries"", ""Household""]","[0.8461979627609253, 0.8415418863296509, 0.8334406614303589]",True,True
coffee,Cappuccino,Restaurants,en,clean,E5_DYNAMIC_INT8_MATMUL_PER_CHANNEL,HYBRID_PROTOTYPE,Restaurants,0.8724286556243896,Groceries,0.8662041425704956,0.006224513053894043,"[""Restaurants"", ""Groceries"", ""Personal Care""]","[0.8724286556243896, 0.8662041425704956, 0.8580065965652466]",True,True
restaurants_kfc_family_meal,KFC Family Meal,Restaurants,en,clean,E5_DYNAMIC_INT8_MATMUL_PER_CHANNEL,HYBRID_PROTOTYPE,Restaurants,0.8690043091773987,Groceries,0.8674936294555664,0.0015106797218322754,"[""Restaurants"", ""Groceries"", ""Household""]","[0.8690043091773987, 0.8674936294555664, 0.850836992263794]",True,True
margherita_pizza,بيتزا مارجريتا,Restaurants,ar,clean,E5_DYNAMIC_INT8_MATMUL_PER_CHANNEL,HYBRID_PROTOTYPE,Restaurants,0.8341646194458008,Groceries,0.8317652940750122,0.0023993253707885742,"[""Restaurants"", ""Groceries"", ""Transport""]","[0.8341646194458008, 0.8317652940750122, 0.8314304351806641]",True,True
burger_meal,وجبة برجر,Restaurants,ar,clean,E5_DYNAMIC_INT8_MATMUL_PER_CHANNEL,HYBRID_PROTOTYPE,Restaurants,0.8779054284095764,Groceries,0.8684202432632446,0.009485185146331787,"[""Restaurants"", ""Groceries"", ""Fruits & Vegetables""]","[0.8779054284095764, 0.8684202432632446, 0.863274335861206]",True,True
coffee,قهوة لاتيه,Restaurants,ar,clean,E5_DYNAMIC_INT8_MATMUL_PER_CHANNEL,HYBRID_PROTOTYPE,Restaurants,0.8922569751739502,Groceries,0.8768278360366821,0.015429139137268066,"[""Restaurants"", ""Groceries"", ""Transport""]","[0.8922569751739502, 0.8768278360366821, 0.8705611228942871]",True,True
restaurants_32,ساندوتش شاورما,Restaurants,ar,clean,E5_DYNAMIC_INT8_MATMUL_PER_CHANNEL,HYBRID_PROTOTYPE,Books,0.8197147846221924,Groceries,0.8177478313446045,0.0019669532775878906,"[""Books"", ""Groceries"", ""Entertainment""]","[0.8197147846221924, 0.8177478313446045, 0.813875675201416]",False,False
coffee,Coffee قهوة,Restaurants,mixed,mixed_language,E5_DYNAMIC_INT8_MATMUL_PER_CHANNEL,HYBRID_PROTOTYPE,Restaurants,0.9154039025306702,Groceries,0.8911181688308716,0.024285733699798584,"[""Restaurants"", ""Groceries"", ""Fruits & Vegetables""]","[0.9154039025306702, 0.8911181688308716, 0.8870914578437805]",True,True
burger_meal,Burger وجبة,Restaurants,mixed,mixed_language,E5_DYNAMIC_INT8_MATMUL_PER_CHANNEL,HYBRID_PROTOTYPE,Restaurants,0.909136176109314,Groceries,0.8943736553192139,0.014762520790100098,"[""Restaurants"", ""Groceries"", ""Fruits & Vegetables""]","[0.909136176109314, 0.8943736553192139, 0.8880811929702759]",True,True
mcchicken_meal,McCh1cken MeaI,Restaurants,en,ocr_noise,E5_DYNAMIC_INT8_MATMUL_PER_CHANNEL,HYBRID_PROTOTYPE,Restaurants,0.87148517370224,Groceries,0.8702277541160583,0.0012574195861816406,"[""Restaurants"", ""Groceries"", ""Books""]","[0.87148517370224, 0.8702277541160583, 0.8670799732208252]",True,True
margherita_pizza,P1ZZA MARGHER1TA,Restaurants,en,ocr_noise,E5_DYNAMIC_INT8_MATMUL_PER_CHANNEL,HYBRID_PROTOTYPE,Groceries,0.8600590229034424,Personal Care,0.8531619310379028,0.006897091865539551,"[""Groceries"", ""Personal Care"", ""Restaurants""]","[0.8600590229034424, 0.8531619310379028, 0.848939061164856]",False,True
uber_trip,Uber Trip,Transport,en,clean,E5_DYNAMIC_INT8_MATMUL_PER_CHANNEL,HYBRID_PROTOTYPE,Transport,0.8726551532745361,Entertainment,0.852142333984375,0.020512819290161133,"[""Transport"", ""Entertainment"", ""Shopping""]","[0.8726551532745361, 0.852142333984375, 0.8511433601379395]",True,True
careem_ride,Careem Ride,Transport,en,clean,E5_DYNAMIC_INT8_MATMUL_PER_CHANNEL,HYBRID_PROTOTYPE,Transport,0.8598010540008545,Shopping,0.8502146005630493,0.009586453437805176,"[""Transport"", ""Shopping"", ""Entertainment""]","[0.8598010540008545, 0.8502146005630493, 0.8485662937164307]",True,True
metro_ticket,Cairo Metro Ticket,Transport,en,clean,E5_DYNAMIC_INT8_MATMUL_PER_CHANNEL,HYBRID_PROTOTYPE,Transport,0.8702447414398193,Entertainment,0.8459938764572144,0.02425086498260498,"[""Transport"", ""Entertainment"", ""Shopping""]","[0.8702447414398193, 0.8459938764572144, 0.8425569534301758]",True,True
gasoline_92,Gasoline 92,Transport,en,clean,E5_DYNAMIC_INT8_MATMUL_PER_CHANNEL,HYBRID_PROTOTYPE,Shopping,0.8290855884552002,Transport,0.8277699947357178,0.0013155937194824219,"[""Shopping"", ""Transport"", ""Bills""]","[0.8290855884552002, 0.8277699947357178, 0.8273961544036865]",False,True
uber_trip,رحلة أوبر,Transport,ar,clean,E5_DYNAMIC_INT8_MATMUL_PER_CHANNEL,HYBRID_PROTOTYPE,Transport,0.8608408570289612,Books,0.8504600524902344,0.010380804538726807,"[""Transport"", ""Books"", ""Restaurants""]","[0.8608408570289612, 0.8504600524902344, 0.8448705673217773]",True,True
careem_ride,مشوار كريم,Transport,ar,clean,E5_DYNAMIC_INT8_MATMUL_PER_CHANNEL,HYBRID_PROTOTYPE,Personal Care,0.8827043771743774,Transport,0.8780208230018616,0.004683554172515869,"[""Personal Care"", ""Transport"", ""Books""]","[0.8827043771743774, 0.8780208230018616, 0.8728522062301636]",False,True
metro_ticket,تذكرة مترو,Transport,ar,clean,E5_DYNAMIC_INT8_MATMUL_PER_CHANNEL,HYBRID_PROTOTYPE,Transport,0.9077251553535461,Shopping,0.8800318837165833,0.02769327163696289,"[""Transport"", ""Shopping"", ""Entertainment""]","[0.9077251553535461, 0.8800318837165833, 0.8796736001968384]",True,True
gasoline_92,بنزين 92,Transport,ar,clean,E5_DYNAMIC_INT8_MATMUL_PER_CHANNEL,HYBRID_PROTOTYPE,Transport,0.8585960865020752,Fruits & Vegetables,0.8549326062202454,0.003663480281829834,"[""Transport"", ""Fruits & Vegetables"", ""Shopping""]","[0.8585960865020752, 0.8549326062202454, 0.8539198637008667]",True,True
uber_trip,Uber مشوار,Transport,mixed,mixed_language,E5_DYNAMIC_INT8_MATMUL_PER_CHANNEL,HYBRID_PROTOTYPE,Transport,0.8772280812263489,Restaurants,0.8630088567733765,0.014219224452972412,"[""Transport"", ""Restaurants"", ""Shopping""]","[0.8772280812263489, 0.8630088567733765, 0.8624746799468994]",True,True
careem_ride,Careem رحلة,Transport,mixed,mixed_language,E5_DYNAMIC_INT8_MATMUL_PER_CHANNEL,HYBRID_PROTOTYPE,Transport,0.8961848020553589,Restaurants,0.8835111856460571,0.012673616409301758,"[""Transport"", ""Restaurants"", ""Personal Care""]","[0.8961848020553589, 0.8835111856460571, 0.8831336498260498]",True,True
uber_trip,UBER TR1P,Transport,en,ocr_noise,E5_DYNAMIC_INT8_MATMUL_PER_CHANNEL,HYBRID_PROTOTYPE,Medicine,0.8504570722579956,Transport,0.8489463329315186,0.0015107393264770508,"[""Medicine"", ""Transport"", ""Shopping""]","[0.8504570722579956, 0.8489463329315186, 0.8479964733123779]",False,True
careem_ride,CAR EEM R1DE,Transport,en,ocr_noise,E5_DYNAMIC_INT8_MATMUL_PER_CHANNEL,HYBRID_PROTOTYPE,Transport,0.8723772764205933,Shopping,0.8698254823684692,0.0025517940521240234,"[""Transport"", ""Shopping"", ""Groceries""]","[0.8723772764205933, 0.8698254823684692, 0.8642370700836182]",True,True
dettol_floor_cleaner,Dettol Floor Cleaner,Household,en,clean,E5_DYNAMIC_INT8_MATMUL_PER_CHANNEL,HYBRID_PROTOTYPE,Household,0.8916404247283936,Personal Care,0.8677992820739746,0.023841142654418945,"[""Household"", ""Personal Care"", ""Medicine""]","[0.8916404247283936, 0.8677992820739746, 0.860183835029602]",True,True
fairy_dish_liquid,Fairy Dishwashing Liquid,Household,en,clean,E5_DYNAMIC_INT8_MATMUL_PER_CHANNEL,HYBRID_PROTOTYPE,Household,0.8870258927345276,Groceries,0.8736563920974731,0.013369500637054443,"[""Household"", ""Groceries"", ""Personal Care""]","[0.8870258927345276, 0.8736563920974731, 0.8663902282714844]",True,True
persil_gel,Persil Gel,Household,en,clean,E5_DYNAMIC_INT8_MATMUL_PER_CHANNEL,HYBRID_PROTOTYPE,Personal Care,0.8580836653709412,Household,0.8510186076164246,0.0070650577545166016,"[""Personal Care"", ""Household"", ""Medicine""]","[0.8580836653709412, 0.8510186076164246, 0.8488625288009644]",False,True
clorox_bleach,Clorox Bleach,Household,en,clean,E5_DYNAMIC_INT8_MATMUL_PER_CHANNEL,HYBRID_PROTOTYPE,Household,0.8563063144683838,Groceries,0.8492215275764465,0.007084786891937256,"[""Household"", ""Groceries"", ""Medicine""]","[0.8563063144683838, 0.8492215275764465, 0.8484688997268677]",True,True
dettol_floor_cleaner,منظف أرضيات ديتول,Household,ar,clean,E5_DYNAMIC_INT8_MATMUL_PER_CHANNEL,HYBRID_PROTOTYPE,Household,0.8833233118057251,Personal Care,0.8604128360748291,0.022910475730895996,"[""Household"", ""Personal Care"", ""Medicine""]","[0.8833233118057251, 0.8604128360748291, 0.8557001948356628]",True,True
fairy_dish_liquid,سائل غسيل أطباق,Household,ar,clean,E5_DYNAMIC_INT8_MATMUL_PER_CHANNEL,HYBRID_PROTOTYPE,Household,0.9210087060928345,Groceries,0.9035168886184692,0.017491817474365234,"[""Household"", ""Groceries"", ""Restaurants""]","[0.9210087060928345, 0.9035168886184692, 0.8971807360649109]",True,True
persil_gel,مسحوق غسيل برسيل,Household,ar,clean,E5_DYNAMIC_INT8_MATMUL_PER_CHANNEL,HYBRID_PROTOTYPE,Household,0.9016034603118896,Groceries,0.8817963600158691,0.019807100296020508,"[""Household"", ""Groceries"", ""Personal Care""]","[0.9016034603118896, 0.8817963600158691, 0.8783589601516724]",True,True
clorox_bleach,كلور مبيض,Household,ar,clean,E5_DYNAMIC_INT8_MATMUL_PER_CHANNEL,HYBRID_PROTOTYPE,Personal Care,0.8388806581497192,Household,0.8378047347068787,0.0010759234428405762,"[""Personal Care"", ""Household"", ""Books""]","[0.8388806581497192, 0.8378047347068787, 0.8359460830688477]",False,True
dettol_floor_cleaner,Dettol منظف أرضيات,Household,mixed,mixed_language,E5_DYNAMIC_INT8_MATMUL_PER_CHANNEL,HYBRID_PROTOTYPE,Household,0.9005132913589478,Personal Care,0.8800448179244995,0.020468473434448242,"[""Household"", ""Personal Care"", ""Medicine""]","[0.9005132913589478, 0.8800448179244995, 0.875747561454773]",True,True
fairy_dish_liquid,Fairy صابون أطباق,Household,mixed,mixed_language,E5_DYNAMIC_INT8_MATMUL_PER_CHANNEL,HYBRID_PROTOTYPE,Household,0.9166934490203857,Restaurants,0.913258969783783,0.003434479236602783,"[""Household"", ""Restaurants"", ""Groceries""]","[0.9166934490203857, 0.913258969783783, 0.910394549369812]",True,True
dettol_floor_cleaner,DettoI Floor C1eaner,Household,en,ocr_noise,E5_DYNAMIC_INT8_MATMUL_PER_CHANNEL,HYBRID_PROTOTYPE,Household,0.8636448979377747,Personal Care,0.8618203401565552,0.0018245577812194824,"[""Household"", ""Personal Care"", ""Groceries""]","[0.8636448979377747, 0.8618203401565552, 0.8599873781204224]",True,True
persil_gel,PersiI GeI,Household,en,ocr_noise,E5_DYNAMIC_INT8_MATMUL_PER_CHANNEL,HYBRID_PROTOTYPE,Groceries,0.8579196929931641,Restaurants,0.854546844959259,0.0033728480339050293,"[""Groceries"", ""Restaurants"", ""Books""]","[0.8579196929931641, 0.854546844959259, 0.8537787199020386]",False,False
panadol_extra,Panadol Extra,Medicine,en,clean,E5_DYNAMIC_INT8_MATMUL_PER_CHANNEL,HYBRID_PROTOTYPE,Fruits & Vegetables,0.8670889735221863,Groceries,0.8662923574447632,0.0007966160774230957,"[""Fruits & Vegetables"", ""Groceries"", ""Medicine""]","[0.8670889735221863, 0.8662923574447632, 0.8640847206115723]",False,True
brufen_400,Brufen 400,Medicine,en,clean,E5_DYNAMIC_INT8_MATMUL_PER_CHANNEL,HYBRID_PROTOTYPE,Shopping,0.8391494750976562,Books,0.8355510234832764,0.003598451614379883,"[""Shopping"", ""Books"", ""Restaurants""]","[0.8391494750976562, 0.8355510234832764, 0.833648681640625]",False,False
folic_acid_600_mcg,Folic Acid 600 MCG,Medicine,en,clean,E5_DYNAMIC_INT8_MATMUL_PER_CHANNEL,HYBRID_PROTOTYPE,Medicine,0.8715783357620239,Groceries,0.8650153875350952,0.006562948226928711,"[""Medicine"", ""Groceries"", ""Household""]","[0.8715783357620239, 0.8650153875350952, 0.8571844696998596]",True,True
immulant_plus_20_cap,Immulant Plus 20 Cap,Medicine,en,clean,E5_DYNAMIC_INT8_MATMUL_PER_CHANNEL,HYBRID_PROTOTYPE,Medicine,0.8570719957351685,Household,0.852361798286438,0.004710197448730469,"[""Medicine"", ""Household"", ""Groceries""]","[0.8570719957351685, 0.852361798286438, 0.8501830697059631]",True,True
panadol_extra,بنادول إكسترا,Medicine,ar,clean,E5_DYNAMIC_INT8_MATMUL_PER_CHANNEL,HYBRID_PROTOTYPE,Medicine,0.8496257066726685,Groceries,0.848175048828125,0.001450657844543457,"[""Medicine"", ""Groceries"", ""Household""]","[0.8496257066726685, 0.848175048828125, 0.8464521169662476]",True,True
brufen_400,بروفين 400,Medicine,ar,clean,E5_DYNAMIC_INT8_MATMUL_PER_CHANNEL,HYBRID_PROTOTYPE,Medicine,0.8689259886741638,Personal Care,0.8634227514266968,0.005503237247467041,"[""Medicine"", ""Personal Care"", ""Transport""]","[0.8689259886741638, 0.8634227514266968, 0.8630371689796448]",True,True
folic_acid_600_mcg,حمض الفوليك,Medicine,ar,clean,E5_DYNAMIC_INT8_MATMUL_PER_CHANNEL,HYBRID_PROTOTYPE,Medicine,0.8695317506790161,Household,0.8604804873466492,0.009051263332366943,"[""Medicine"", ""Household"", ""Personal Care""]","[0.8695317506790161, 0.8604804873466492, 0.8603783845901489]",True,True
medicine_68,فيتامين سي,Medicine,ar,clean,E5_DYNAMIC_INT8_MATMUL_PER_CHANNEL,HYBRID_PROTOTYPE,Medicine,0.8746331930160522,Personal Care,0.8529621362686157,0.021671056747436523,"[""Medicine"", ""Personal Care"", ""Groceries""]","[0.8746331930160522, 0.8529621362686157, 0.85256028175354]",True,True
panadol_extra,Panadol مسكن,Medicine,mixed,mixed_language,E5_DYNAMIC_INT8_MATMUL_PER_CHANNEL,HYBRID_PROTOTYPE,Household,0.87144535779953,Groceries,0.8700295686721802,0.0014157891273498535,"[""Household"", ""Groceries"", ""Medicine""]","[0.87144535779953, 0.8700295686721802, 0.8679600954055786]",False,True
vitamin_d,Vitamin D فيتامين,Medicine,mixed,mixed_language,E5_DYNAMIC_INT8_MATMUL_PER_CHANNEL,HYBRID_PROTOTYPE,Medicine,0.8908898234367371,Personal Care,0.8672243356704712,0.02366548776626587,"[""Medicine"", ""Personal Care"", ""Groceries""]","[0.8908898234367371, 0.8672243356704712, 0.8653725385665894]",True,True
panadol_extra,PANAD0L EXTRA,Medicine,en,ocr_noise,E5_DYNAMIC_INT8_MATMUL_PER_CHANNEL,HYBRID_PROTOTYPE,Groceries,0.8604758977890015,Fruits & Vegetables,0.8537006974220276,0.006775200366973877,"[""Groceries"", ""Fruits & Vegetables"", ""Shopping""]","[0.8604758977890015, 0.8537006974220276, 0.852846622467041]",False,False
folic_acid_600_mcg,F0LIC ACID 600 MCG,Medicine,en,ocr_noise,E5_DYNAMIC_INT8_MATMUL_PER_CHANNEL,HYBRID_PROTOTYPE,Medicine,0.8626977205276489,Groceries,0.8599677681922913,0.002729952335357666,"[""Medicine"", ""Groceries"", ""Household""]","[0.8626977205276489, 0.8599677681922913, 0.8524812459945679]",True,True
immulant_plus_20_cap,MLANT PLUS 20 CAP,Medicine,en,ocr_noise,E5_DYNAMIC_INT8_MATMUL_PER_CHANNEL,HYBRID_PROTOTYPE,Medicine,0.845107913017273,Groceries,0.8438855409622192,0.001222372055053711,"[""Medicine"", ""Groceries"", ""Household""]","[0.845107913017273, 0.8438855409622192, 0.8426228761672974]",True,True
folic_acid_600_mcg,FoLic AciD 600 McG,Medicine,en,ocr_noise,E5_DYNAMIC_INT8_MATMUL_PER_CHANNEL,HYBRID_PROTOTYPE,Medicine,0.8627662062644958,Groceries,0.8581730127334595,0.004593193531036377,"[""Medicine"", ""Groceries"", ""Household""]","[0.8627662062644958, 0.8581730127334595, 0.851778507232666]",True,True
cotton_tshirt,Cotton T Shirt,Shopping,en,clean,E5_DYNAMIC_INT8_MATMUL_PER_CHANNEL,HYBRID_PROTOTYPE,Shopping,0.8440163135528564,Groceries,0.8388168811798096,0.005199432373046875,"[""Shopping"", ""Groceries"", ""Transport""]","[0.8440163135528564, 0.8388168811798096, 0.8342782855033875]",True,True
running_shoes,Running Shoes,Shopping,en,clean,E5_DYNAMIC_INT8_MATMUL_PER_CHANNEL,HYBRID_PROTOTYPE,Shopping,0.8544191122055054,Household,0.8302041292190552,0.024214982986450195,"[""Shopping"", ""Household"", ""Books""]","[0.8544191122055054, 0.8302041292190552, 0.829308032989502]",True,True
wireless_headphones,Wireless Headphones,Shopping,en,clean,E5_DYNAMIC_INT8_MATMUL_PER_CHANNEL,HYBRID_PROTOTYPE,Shopping,0.8602604866027832,Personal Care,0.847622811794281,0.012637674808502197,"[""Shopping"", ""Personal Care"", ""Bills""]","[0.8602604866027832, 0.847622811794281, 0.8471466898918152]",True,True
phone_charger,Phone Charger,Shopping,en,clean,E5_DYNAMIC_INT8_MATMUL_PER_CHANNEL,HYBRID_PROTOTYPE,Shopping,0.8645705580711365,Bills,0.860806941986084,0.0037636160850524902,"[""Shopping"", ""Bills"", ""Personal Care""]","[0.8645705580711365, 0.860806941986084, 0.8519471883773804]",True,True
cotton_tshirt,تيشيرت قطن,Shopping,ar,clean,E5_DYNAMIC_INT8_MATMUL_PER_CHANNEL,HYBRID_PROTOTYPE,Transport,0.885934591293335,Restaurants,0.8772517442703247,0.008682847023010254,"[""Transport"", ""Restaurants"", ""Groceries""]","[0.885934591293335, 0.8772517442703247, 0.8747087717056274]",False,False
running_shoes,حذاء رياضي,Shopping,ar,clean,E5_DYNAMIC_INT8_MATMUL_PER_CHANNEL,HYBRID_PROTOTYPE,Shopping,0.8836878538131714,Books,0.8769936561584473,0.006694197654724121,"[""Shopping"", ""Books"", ""Entertainment""]","[0.8836878538131714, 0.8769936561584473, 0.8663936853408813]",True,True
wireless_headphones,سماعات بلوتوث,Shopping,ar,clean,E5_DYNAMIC_INT8_MATMUL_PER_CHANNEL,HYBRID_PROTOTYPE,Personal Care,0.8658701777458191,Medicine,0.862441897392273,0.0034282803535461426,"[""Personal Care"", ""Medicine"", ""Entertainment""]","[0.8658701777458191, 0.862441897392273, 0.862298846244812]",False,False
phone_charger,شاحن موبايل,Shopping,ar,clean,E5_DYNAMIC_INT8_MATMUL_PER_CHANNEL,HYBRID_PROTOTYPE,Transport,0.8611952066421509,Shopping,0.8605576753616333,0.0006375312805175781,"[""Transport"", ""Shopping"", ""Books""]","[0.8611952066421509, 0.8605576753616333, 0.8579500913619995]",False,True
running_shoes,Nike حذاء,Shopping,mixed,mixed_language,E5_DYNAMIC_INT8_MATMUL_PER_CHANNEL,HYBRID_PROTOTYPE,Shopping,0.8976906538009644,Books,0.8863570690155029,0.011333584785461426,"[""Shopping"", ""Books"", ""Personal Care""]","[0.8976906538009644, 0.8863570690155029, 0.8837994337081909]",True,True
wireless_headphones,Headphones سماعات,Shopping,mixed,mixed_language,E5_DYNAMIC_INT8_MATMUL_PER_CHANNEL,HYBRID_PROTOTYPE,Shopping,0.9000952839851379,Personal Care,0.8994727730751038,0.0006225109100341797,"[""Shopping"", ""Personal Care"", ""Fruits & Vegetables""]","[0.9000952839851379, 0.8994727730751038, 0.8933702707290649]",True,True
wireless_headphones,W1RELESS HEADPH0NES,Shopping,en,ocr_noise,E5_DYNAMIC_INT8_MATMUL_PER_CHANNEL,HYBRID_PROTOTYPE,Shopping,0.8458320498466492,Medicine,0.83927321434021,0.006558835506439209,"[""Shopping"", ""Medicine"", ""Personal Care""]","[0.8458320498466492, 0.83927321434021, 0.8377528190612793]",True,True
phone_charger,PH0NE CHARGER,Shopping,en,ocr_noise,E5_DYNAMIC_INT8_MATMUL_PER_CHANNEL,HYBRID_PROTOTYPE,Personal Care,0.8289097547531128,Medicine,0.8264843225479126,0.0024254322052001953,"[""Personal Care"", ""Medicine"", ""Shopping""]","[0.8289097547531128, 0.8264843225479126, 0.8244645595550537]",False,True
electricity_bill,Electricity Bill,Bills,en,clean,E5_DYNAMIC_INT8_MATMUL_PER_CHANNEL,HYBRID_PROTOTYPE,Bills,0.8949929475784302,Shopping,0.8473743796348572,0.047618567943573,"[""Bills"", ""Shopping"", ""Other""]","[0.8949929475784302, 0.8473743796348572, 0.8455978035926819]",True,True
internet_bill,WE Internet Bill,Bills,en,clean,E5_DYNAMIC_INT8_MATMUL_PER_CHANNEL,HYBRID_PROTOTYPE,Bills,0.8866015672683716,Shopping,0.8461824655532837,0.04041910171508789,"[""Bills"", ""Shopping"", ""Books""]","[0.8866015672683716, 0.8461824655532837, 0.8455723524093628]",True,True
water_bill,Water Utility Bill,Bills,en,clean,E5_DYNAMIC_INT8_MATMUL_PER_CHANNEL,HYBRID_PROTOTYPE,Bills,0.9102485179901123,Household,0.8607136011123657,0.04953491687774658,"[""Bills"", ""Household"", ""Other""]","[0.9102485179901123, 0.8607136011123657, 0.8595341444015503]",True,True
mobile_bill,Mobile Phone Bill,Bills,en,clean,E5_DYNAMIC_INT8_MATMUL_PER_CHANNEL,HYBRID_PROTOTYPE,Bills,0.9045502543449402,Shopping,0.8676091432571411,0.03694111108779907,"[""Bills"", ""Shopping"", ""Other""]","[0.9045502543449402, 0.8676091432571411, 0.8628983497619629]",True,True
electricity_bill,فاتورة كهرباء,Bills,ar,clean,E5_DYNAMIC_INT8_MATMUL_PER_CHANNEL,HYBRID_PROTOTYPE,Bills,0.9146503210067749,Restaurants,0.8887461423873901,0.025904178619384766,"[""Bills"", ""Restaurants"", ""Shopping""]","[0.9146503210067749, 0.8887461423873901, 0.8868697881698608]",True,True
internet_bill,فاتورة انترنت WE,Bills,mixed,mixed_language,E5_DYNAMIC_INT8_MATMUL_PER_CHANNEL,HYBRID_PROTOTYPE,Bills,0.9172316193580627,Books,0.8994426727294922,0.017788946628570557,"[""Bills"", ""Books"", ""Shopping""]","[0.9172316193580627, 0.8994426727294922, 0.8913671970367432]",True,True
water_bill,فاتورة مياه,Bills,ar,clean,E5_DYNAMIC_INT8_MATMUL_PER_CHANNEL,HYBRID_PROTOTYPE,Bills,0.9144749045372009,Other,0.8912802934646606,0.023194611072540283,"[""Bills"", ""Other"", ""Household""]","[0.9144749045372009, 0.8912802934646606, 0.8870956897735596]",True,True
gas_bill,فاتورة غاز,Bills,ar,clean,E5_DYNAMIC_INT8_MATMUL_PER_CHANNEL,HYBRID_PROTOTYPE,Bills,0.9076508283615112,Transport,0.8886818289756775,0.01896899938583374,"[""Bills"", ""Transport"", ""Other""]","[0.9076508283615112, 0.8886818289756775, 0.8835726976394653]",True,True
mobile_bill,Orange فاتورة موبايل,Bills,mixed,mixed_language,E5_DYNAMIC_INT8_MATMUL_PER_CHANNEL,HYBRID_PROTOTYPE,Bills,0.9019162058830261,Transport,0.8953755497932434,0.006540656089782715,"[""Bills"", ""Transport"", ""Shopping""]","[0.9019162058830261, 0.8953755497932434, 0.8933184742927551]",True,True
internet_bill,Internet فاتورة شهرية,Bills,mixed,mixed_language,E5_DYNAMIC_INT8_MATMUL_PER_CHANNEL,HYBRID_PROTOTYPE,Bills,0.9136217832565308,Other,0.8855531811714172,0.028068602085113525,"[""Bills"", ""Other"", ""Shopping""]","[0.9136217832565308, 0.8855531811714172, 0.8830504417419434]",True,True
electricity_bill,ELECTR1C1TY B1LL,Bills,en,ocr_noise,E5_DYNAMIC_INT8_MATMUL_PER_CHANNEL,HYBRID_PROTOTYPE,Shopping,0.8673006296157837,Books,0.8662655353546143,0.0010350942611694336,"[""Shopping"", ""Books"", ""Groceries""]","[0.8673006296157837, 0.8662655353546143, 0.8654410243034363]",False,False
internet_bill,WE 1NTERNET B1LL,Bills,en,ocr_noise,E5_DYNAMIC_INT8_MATMUL_PER_CHANNEL,HYBRID_PROTOTYPE,Groceries,0.8612595796585083,Household,0.8533798456192017,0.00787973403930664,"[""Groceries"", ""Household"", ""Books""]","[0.8612595796585083, 0.8533798456192017, 0.8526452779769897]",False,False
netflix,Netflix,Entertainment,en,clean,E5_DYNAMIC_INT8_MATMUL_PER_CHANNEL,HYBRID_PROTOTYPE,Entertainment,0.8699076175689697,Books,0.8646516799926758,0.005255937576293945,"[""Entertainment"", ""Books"", ""Shopping""]","[0.8699076175689697, 0.8646516799926758, 0.8586682081222534]",True,True
cinema_ticket,Cinema Ticket,Entertainment,en,clean,E5_DYNAMIC_INT8_MATMUL_PER_CHANNEL,HYBRID_PROTOTYPE,Entertainment,0.8807007074356079,Transport,0.8477096557617188,0.03299105167388916,"[""Entertainment"", ""Transport"", ""Restaurants""]","[0.8807007074356079, 0.8477096557617188, 0.8374425172805786]",True,True
playstation_game,PlayStation Game,Entertainment,en,clean,E5_DYNAMIC_INT8_MATMUL_PER_CHANNEL,HYBRID_PROTOTYPE,Entertainment,0.8514491319656372,Shopping,0.8482743501663208,0.0031747817993164062,"[""Entertainment"", ""Shopping"", ""Fruits & Vegetables""]","[0.8514491319656372, 0.8482743501663208, 0.8417196273803711]",True,True
concert_ticket,Concert Ticket,Entertainment,en,clean,E5_DYNAMIC_INT8_MATMUL_PER_CHANNEL,HYBRID_PROTOTYPE,Entertainment,0.8489029407501221,Shopping,0.8315998315811157,0.017303109169006348,"[""Entertainment"", ""Shopping"", ""Other""]","[0.8489029407501221, 0.8315998315811157, 0.8290832042694092]",True,True
cinema_ticket,تذكرة سينما,Entertainment,ar,clean,E5_DYNAMIC_INT8_MATMUL_PER_CHANNEL,HYBRID_PROTOTYPE,Entertainment,0.8938988447189331,Transport,0.8802733421325684,0.013625502586364746,"[""Entertainment"", ""Transport"", ""Restaurants""]","[0.8938988447189331, 0.8802733421325684, 0.8671175241470337]",True,True
netflix,اشتراك مشاهدة أفلام,Entertainment,ar,clean,E5_DYNAMIC_INT8_MATMUL_PER_CHANNEL,HYBRID_PROTOTYPE,Entertainment,0.9144855737686157,Books,0.8872312903404236,0.02725428342819214,"[""Entertainment"", ""Books"", ""Shopping""]","[0.9144855737686157, 0.8872312903404236, 0.8859678506851196]",True,True
playstation_game,لعبة بلايستيشن,Entertainment,ar,clean,E5_DYNAMIC_INT8_MATMUL_PER_CHANNEL,HYBRID_PROTOTYPE,Shopping,0.8678451776504517,Entertainment,0.8660610318183899,0.0017841458320617676,"[""Shopping"", ""Entertainment"", ""Books""]","[0.8678451776504517, 0.8660610318183899, 0.8620837926864624]",False,True
concert_ticket,تذكرة حفلة,Entertainment,ar,clean,E5_DYNAMIC_INT8_MATMUL_PER_CHANNEL,HYBRID_PROTOTYPE,Entertainment,0.892694354057312,Transport,0.8844799995422363,0.008214354515075684,"[""Entertainment"", ""Transport"", ""Shopping""]","[0.892694354057312, 0.8844799995422363, 0.8821871280670166]",True,True
netflix,Netflix اشتراك,Entertainment,mixed,mixed_language,E5_DYNAMIC_INT8_MATMUL_PER_CHANNEL,HYBRID_PROTOTYPE,Entertainment,0.8994132876396179,Shopping,0.8871544599533081,0.012258827686309814,"[""Entertainment"", ""Shopping"", ""Groceries""]","[0.8994132876396179, 0.8871544599533081, 0.8845524787902832]",True,True
cinema_ticket,Cinema تذكرة,Entertainment,mixed,mixed_language,E5_DYNAMIC_INT8_MATMUL_PER_CHANNEL,HYBRID_PROTOTYPE,Entertainment,0.9170669913291931,Transport,0.9058080911636353,0.011258900165557861,"[""Entertainment"", ""Transport"", ""Restaurants""]","[0.9170669913291931, 0.9058080911636353, 0.8919316530227661]",True,True
netflix,NETFL1X,Entertainment,en,ocr_noise,E5_DYNAMIC_INT8_MATMUL_PER_CHANNEL,HYBRID_PROTOTYPE,Shopping,0.8392518758773804,Groceries,0.8383714556694031,0.0008804202079772949,"[""Shopping"", ""Groceries"", ""Entertainment""]","[0.8392518758773804, 0.8383714556694031, 0.8343803882598877]",False,True
cinema_ticket,C1NEMA T1CKET,Entertainment,en,ocr_noise,E5_DYNAMIC_INT8_MATMUL_PER_CHANNEL,HYBRID_PROTOTYPE,Shopping,0.8547872304916382,Groceries,0.8528941869735718,0.0018930435180664062,"[""Shopping"", ""Groceries"", ""Restaurants""]","[0.8547872304916382, 0.8528941869735718, 0.852583110332489]",False,False
dove_shampoo,Dove Shampoo,Personal Care,en,clean,E5_DYNAMIC_INT8_MATMUL_PER_CHANNEL,HYBRID_PROTOTYPE,Personal Care,0.8671457171440125,Household,0.8512272834777832,0.015918433666229248,"[""Personal Care"", ""Household"", ""Shopping""]","[0.8671457171440125, 0.8512272834777832, 0.8424587249755859]",True,True
nivea_face_cream,Nivea Face Cream,Personal Care,en,clean,E5_DYNAMIC_INT8_MATMUL_PER_CHANNEL,HYBRID_PROTOTYPE,Personal Care,0.8798316717147827,Medicine,0.8705155253410339,0.00931614637374878,"[""Personal Care"", ""Medicine"", ""Household""]","[0.8798316717147827, 0.8705155253410339, 0.867937445640564]",True,True
gillette_razor,Gillette Razor,Personal Care,en,clean,E5_DYNAMIC_INT8_MATMUL_PER_CHANNEL,HYBRID_PROTOTYPE,Groceries,0.8486553430557251,Personal Care,0.8484310507774353,0.00022429227828979492,"[""Groceries"", ""Personal Care"", ""Household""]","[0.8486553430557251, 0.8484310507774353, 0.8483365774154663]",False,True
haircut,Haircut,Personal Care,en,clean,E5_DYNAMIC_INT8_MATMUL_PER_CHANNEL,HYBRID_PROTOTYPE,Personal Care,0.8519266247749329,Shopping,0.8461775183677673,0.005749106407165527,"[""Personal Care"", ""Shopping"", ""Restaurants""]","[0.8519266247749329, 0.8461775183677673, 0.8442494869232178]",True,True
dove_shampoo,شامبو دوف,Personal Care,ar,clean,E5_DYNAMIC_INT8_MATMUL_PER_CHANNEL,HYBRID_PROTOTYPE,Personal Care,0.8797439336776733,Household,0.8710132837295532,0.008730649948120117,"[""Personal Care"", ""Household"", ""Restaurants""]","[0.8797439336776733, 0.8710132837295532, 0.8638902902603149]",True,True
nivea_face_cream,كريم نيفيا للوجه,Personal Care,ar,clean,E5_DYNAMIC_INT8_MATMUL_PER_CHANNEL,HYBRID_PROTOTYPE,Personal Care,0.8781329393386841,Medicine,0.8672332167625427,0.010899722576141357,"[""Personal Care"", ""Medicine"", ""Household""]","[0.8781329393386841, 0.8672332167625427, 0.8669549226760864]",True,True
gillette_razor,شفرة حلاقة,Personal Care,ar,clean,E5_DYNAMIC_INT8_MATMUL_PER_CHANNEL,HYBRID_PROTOTYPE,Personal Care,0.889049232006073,Household,0.8653678894042969,0.023681342601776123,"[""Personal Care"", ""Household"", ""Books""]","[0.889049232006073, 0.8653678894042969, 0.8627207279205322]",True,True
haircut,قص شعر,Personal Care,ar,clean,E5_DYNAMIC_INT8_MATMUL_PER_CHANNEL,HYBRID_PROTOTYPE,Personal Care,0.8724181652069092,Restaurants,0.8695728182792664,0.0028453469276428223,"[""Personal Care"", ""Restaurants"", ""Books""]","[0.8724181652069092, 0.8695728182792664, 0.8693655729293823]",True,True
dove_shampoo,Shampoo شامبو,Personal Care,mixed,mixed_language,E5_DYNAMIC_INT8_MATMUL_PER_CHANNEL,HYBRID_PROTOTYPE,Personal Care,0.9077587127685547,Household,0.8941252827644348,0.013633430004119873,"[""Personal Care"", ""Household"", ""Shopping""]","[0.9077587127685547, 0.8941252827644348, 0.8804984092712402]",True,True
nivea_face_cream,Nivea كريم بشرة,Personal Care,mixed,mixed_language,E5_DYNAMIC_INT8_MATMUL_PER_CHANNEL,HYBRID_PROTOTYPE,Personal Care,0.9028044939041138,Medicine,0.8995178937911987,0.003286600112915039,"[""Personal Care"", ""Medicine"", ""Household""]","[0.9028044939041138, 0.8995178937911987, 0.8948980569839478]",True,True
dove_shampoo,شامبو D0VE,Personal Care,mixed,ocr_noise,E5_DYNAMIC_INT8_MATMUL_PER_CHANNEL,HYBRID_PROTOTYPE,Personal Care,0.8935396075248718,Household,0.8850513100624084,0.008488297462463379,"[""Personal Care"", ""Household"", ""Shopping""]","[0.8935396075248718, 0.8850513100624084, 0.8746473789215088]",True,True
gillette_razor,G1LLETTE RAZ0R,Personal Care,en,ocr_noise,E5_DYNAMIC_INT8_MATMUL_PER_CHANNEL,HYBRID_PROTOTYPE,Groceries,0.8588124513626099,Shopping,0.8537557125091553,0.00505673885345459,"[""Groceries"", ""Shopping"", ""Books""]","[0.8588124513626099, 0.8537557125091553, 0.8527090549468994]",False,False
service_fee,Service Fee,Other,en,clean,E5_DYNAMIC_INT8_MATMUL_PER_CHANNEL,HYBRID_PROTOTYPE,Other,0.8926301002502441,Bills,0.8818017244338989,0.010828375816345215,"[""Other"", ""Bills"", ""Shopping""]","[0.8926301002502441, 0.8818017244338989, 0.8667936325073242]",True,True
charity_donation,Charity Donation,Other,en,clean,E5_DYNAMIC_INT8_MATMUL_PER_CHANNEL,HYBRID_PROTOTYPE,Other,0.8374438285827637,Household,0.8343757390975952,0.003068089485168457,"[""Other"", ""Household"", ""Groceries""]","[0.8374438285827637, 0.8343757390975952, 0.8343490958213806]",True,True
document_printing,Document Printing,Other,en,clean,E5_DYNAMIC_INT8_MATMUL_PER_CHANNEL,HYBRID_PROTOTYPE,Books,0.8418859839439392,Shopping,0.8409305214881897,0.0009554624557495117,"[""Books"", ""Shopping"", ""Groceries""]","[0.8418859839439392, 0.8409305214881897, 0.8408324122428894]",False,False
delivery_fee,Delivery Fee,Other,en,clean,E5_DYNAMIC_INT8_MATMUL_PER_CHANNEL,HYBRID_PROTOTYPE,Other,0.8758894205093384,Bills,0.8545429110527039,0.02134650945663452,"[""Other"", ""Bills"", ""Groceries""]","[0.8758894205093384, 0.8545429110527039, 0.8514679074287415]",True,True
service_fee,رسوم خدمة,Other,ar,clean,E5_DYNAMIC_INT8_MATMUL_PER_CHANNEL,HYBRID_PROTOTYPE,Bills,0.8824548721313477,Other,0.8802468776702881,0.0022079944610595703,"[""Bills"", ""Other"", ""Transport""]","[0.8824548721313477, 0.8802468776702881, 0.8625130653381348]",False,True
charity_donation,تبرع خيري,Other,ar,clean,E5_DYNAMIC_INT8_MATMUL_PER_CHANNEL,HYBRID_PROTOTYPE,Groceries,0.872578501701355,Other,0.8722376823425293,0.0003408193588256836,"[""Groceries"", ""Other"", ""Books""]","[0.872578501701355, 0.8722376823425293, 0.8693011999130249]",False,True
document_printing,طباعة مستندات,Other,ar,clean,E5_DYNAMIC_INT8_MATMUL_PER_CHANNEL,HYBRID_PROTOTYPE,Books,0.8747076392173767,Other,0.8715599775314331,0.0031476616859436035,"[""Books"", ""Other"", ""Medicine""]","[0.8747076392173767, 0.8715599775314331, 0.8659207820892334]",False,True
misc_expense,مصاريف متنوعة,Other,ar,clean,E5_DYNAMIC_INT8_MATMUL_PER_CHANNEL,HYBRID_PROTOTYPE,Other,0.9001513719558716,Bills,0.8898483514785767,0.010303020477294922,"[""Other"", ""Bills"", ""Shopping""]","[0.9001513719558716, 0.8898483514785767, 0.8893920183181763]",True,True
delivery_fee,Delivery رسوم,Other,mixed,mixed_language,E5_DYNAMIC_INT8_MATMUL_PER_CHANNEL,HYBRID_PROTOTYPE,Other,0.8950527906417847,Restaurants,0.8862631320953369,0.008789658546447754,"[""Other"", ""Restaurants"", ""Groceries""]","[0.8950527906417847, 0.8862631320953369, 0.8862316608428955]",True,True
service_fee,Service مصاريف,Other,mixed,mixed_language,E5_DYNAMIC_INT8_MATMUL_PER_CHANNEL,HYBRID_PROTOTYPE,Other,0.9066312313079834,Bills,0.8961987495422363,0.01043248176574707,"[""Other"", ""Bills"", ""Restaurants""]","[0.9066312313079834, 0.8961987495422363, 0.8901553153991699]",True,True
service_fee,SERV1CE FEE,Other,en,ocr_noise,E5_DYNAMIC_INT8_MATMUL_PER_CHANNEL,HYBRID_PROTOTYPE,Other,0.8610787391662598,Bills,0.8495969772338867,0.011481761932373047,"[""Other"", ""Bills"", ""Groceries""]","[0.8610787391662598, 0.8495969772338867, 0.8495305776596069]",True,True
misc_expense,M1SC EXPENSE,Other,en,ocr_noise,E5_DYNAMIC_INT8_MATMUL_PER_CHANNEL,HYBRID_PROTOTYPE,Medicine,0.8546439409255981,Other,0.8535277843475342,0.0011161565780639648,"[""Medicine"", ""Other"", ""Shopping""]","[0.8546439409255981, 0.8535277843475342, 0.8481001853942871]",False,True
atomic_habits,Atomic Habits,Books,en,clean,E5_DYNAMIC_INT8_MATMUL_PER_CHANNEL,HYBRID_PROTOTYPE,Shopping,0.864742636680603,Books,0.861391544342041,0.0033510923385620117,"[""Shopping"", ""Books"", ""Restaurants""]","[0.864742636680603, 0.861391544342041, 0.8556506037712097]",False,True
clean_code,Clean Code,Books,en,clean,E5_DYNAMIC_INT8_MATMUL_PER_CHANNEL,HYBRID_PROTOTYPE,Household,0.8604710102081299,Personal Care,0.8487256169319153,0.0117453932762146,"[""Household"", ""Personal Care"", ""Shopping""]","[0.8604710102081299, 0.8487256169319153, 0.8459827899932861]",False,False
psychology_of_money,The Psychology of Money,Books,en,clean,E5_DYNAMIC_INT8_MATMUL_PER_CHANNEL,HYBRID_PROTOTYPE,Other,0.8672962784767151,Bills,0.8667336106300354,0.0005626678466796875,"[""Other"", ""Bills"", ""Books""]","[0.8672962784767151, 0.8667336106300354, 0.8616361021995544]",False,True
pragmatic_programmer,The Pragmatic Programmer,Books,en,clean,E5_DYNAMIC_INT8_MATMUL_PER_CHANNEL,HYBRID_PROTOTYPE,Restaurants,0.8490097522735596,Books,0.8463510274887085,0.0026587247848510742,"[""Restaurants"", ""Books"", ""Shopping""]","[0.8490097522735596, 0.8463510274887085, 0.8452353477478027]",False,True
atomic_habits,العادات الذرية,Books,ar,clean,E5_DYNAMIC_INT8_MATMUL_PER_CHANNEL,HYBRID_PROTOTYPE,Restaurants,0.8671863079071045,Books,0.8666584491729736,0.0005278587341308594,"[""Restaurants"", ""Books"", ""Groceries""]","[0.8671863079071045, 0.8666584491729736, 0.8653318881988525]",False,True
art_of_not_caring,كتاب فن اللامبالاة,Books,ar,clean,E5_DYNAMIC_INT8_MATMUL_PER_CHANNEL,HYBRID_PROTOTYPE,Books,0.867444634437561,Personal Care,0.850780725479126,0.01666390895843506,"[""Books"", ""Personal Care"", ""Restaurants""]","[0.867444634437561, 0.850780725479126, 0.8489990234375]",True,True
awlad_haretna,رواية أولاد حارتنا,Books,ar,clean,E5_DYNAMIC_INT8_MATMUL_PER_CHANNEL,HYBRID_PROTOTYPE,Books,0.859115481376648,Restaurants,0.8390440940856934,0.02007138729095459,"[""Books"", ""Restaurants"", ""Transport""]","[0.859115481376648, 0.8390440940856934, 0.8344241976737976]",True,True
learn_python_book,كتاب تعلم بايثون,Books,ar,clean,E5_DYNAMIC_INT8_MATMUL_PER_CHANNEL,HYBRID_PROTOTYPE,Books,0.8929246664047241,Restaurants,0.8668028116226196,0.026121854782104492,"[""Books"", ""Restaurants"", ""Shopping""]","[0.8929246664047241, 0.8668028116226196, 0.8643125295639038]",True,True
clean_code,Clean Code كتاب,Books,mixed,mixed_language,E5_DYNAMIC_INT8_MATMUL_PER_CHANNEL,HYBRID_PROTOTYPE,Books,0.9180101156234741,Household,0.8958820104598999,0.02212810516357422,"[""Books"", ""Household"", ""Restaurants""]","[0.9180101156234741, 0.8958820104598999, 0.8902415633201599]",True,True
atomic_habits,Atomic Habits نسخة عربية,Books,mixed,mixed_language,E5_DYNAMIC_INT8_MATMUL_PER_CHANNEL,HYBRID_PROTOTYPE,Transport,0.8875575065612793,Books,0.8858678340911865,0.0016896724700927734,"[""Transport"", ""Books"", ""Shopping""]","[0.8875575065612793, 0.8858678340911865, 0.8820779323577881]",False,True
atomic_habits,AT0MIC HAB1TS,Books,en,ocr_noise,E5_DYNAMIC_INT8_MATMUL_PER_CHANNEL,HYBRID_PROTOTYPE,Medicine,0.855426549911499,Groceries,0.8527138233184814,0.002712726593017578,"[""Medicine"", ""Groceries"", ""Shopping""]","[0.855426549911499, 0.8527138233184814, 0.852401614189148]",False,False
clean_code,CLEAN C0DE,Books,en,ocr_noise,E5_DYNAMIC_INT8_MATMUL_PER_CHANNEL,HYBRID_PROTOTYPE,Household,0.871023416519165,Shopping,0.857390820980072,0.013632595539093018,"[""Household"", ""Shopping"", ""Personal Care""]","[0.871023416519165, 0.857390820980072, 0.8558312654495239]",False,False
chicken_breast,Chicken Breast,Groceries,en,clean,E5_STATIC_QDQ_U8S8_PER_TENSOR,HYBRID_PROTOTYPE,Medicine,0.9055691957473755,Entertainment,0.901797890663147,0.0037713050842285156,"[""Medicine"", ""Entertainment"", ""Fruits & Vegetables""]","[0.9055691957473755, 0.901797890663147, 0.8998686075210571]",False,False
milk_1l,Milk 1L,Groceries,en,clean,E5_STATIC_QDQ_U8S8_PER_TENSOR,HYBRID_PROTOTYPE,Medicine,0.9147491455078125,Fruits & Vegetables,0.9089832305908203,0.0057659149169921875,"[""Medicine"", ""Fruits & Vegetables"", ""Transport""]","[0.9147491455078125, 0.9089832305908203, 0.9044178128242493]",False,False
rice_1kg,Rice 1KG,Groceries,en,clean,E5_STATIC_QDQ_U8S8_PER_TENSOR,HYBRID_PROTOTYPE,Medicine,0.9052107334136963,Groceries,0.9046310782432556,0.0005796551704406738,"[""Medicine"", ""Groceries"", ""Shopping""]","[0.9052107334136963, 0.9046310782432556, 0.9044020175933838]",False,True
groceries_egyptian_white_cheese,Egyptian White Cheese,Groceries,en,clean,E5_STATIC_QDQ_U8S8_PER_TENSOR,HYBRID_PROTOTYPE,Shopping,0.9258687496185303,Restaurants,0.9186972975730896,0.007171452045440674,"[""Shopping"", ""Restaurants"", ""Personal Care""]","[0.9258687496185303, 0.9186972975730896, 0.9183861017227173]",False,False
chicken_breast,صدور فراخ,Groceries,ar,clean,E5_STATIC_QDQ_U8S8_PER_TENSOR,HYBRID_PROTOTYPE,Other,0.9177230596542358,Medicine,0.9170762300491333,0.0006468296051025391,"[""Other"", ""Medicine"", ""Shopping""]","[0.9177230596542358, 0.9170762300491333, 0.9163470268249512]",False,False
milk_1l,لبن كامل الدسم,Groceries,ar,clean,E5_STATIC_QDQ_U8S8_PER_TENSOR,HYBRID_PROTOTYPE,Household,0.9279928207397461,Medicine,0.9270762205123901,0.000916600227355957,"[""Household"", ""Medicine"", ""Transport""]","[0.9279928207397461, 0.9270762205123901, 0.9186389446258545]",False,False
rice_1kg,كيس أرز 1 كيلو,Groceries,ar,clean,E5_STATIC_QDQ_U8S8_PER_TENSOR,HYBRID_PROTOTYPE,Shopping,0.9367015957832336,Medicine,0.9353733062744141,0.00132828950881958,"[""Shopping"", ""Medicine"", ""Books""]","[0.9367015957832336, 0.9353733062744141, 0.9333705306053162]",False,False
groceries_8,علبة تونة,Groceries,ar,clean,E5_STATIC_QDQ_U8S8_PER_TENSOR,HYBRID_PROTOTYPE,Medicine,0.9374701976776123,Transport,0.9324568510055542,0.0050133466720581055,"[""Medicine"", ""Transport"", ""Household""]","[0.9374701976776123, 0.9324568510055542, 0.9320410490036011]",False,False
milk_1l,Fresh Milk لبن,Groceries,mixed,mixed_language,E5_STATIC_QDQ_U8S8_PER_TENSOR,HYBRID_PROTOTYPE,Household,0.9184408187866211,Fruits & Vegetables,0.9153454303741455,0.003095388412475586,"[""Household"", ""Fruits & Vegetables"", ""Medicine""]","[0.9184408187866211, 0.9153454303741455, 0.9149047136306763]",False,False
chicken_breast,Chicken فراخ مجمدة,Groceries,mixed,mixed_language,E5_STATIC_QDQ_U8S8_PER_TENSOR,HYBRID_PROTOTYPE,Medicine,0.9260660409927368,Household,0.9247760772705078,0.001289963722229004,"[""Medicine"", ""Household"", ""Other""]","[0.9260660409927368, 0.9247760772705078, 0.923697829246521]",False,False
milk_1l,M1LK 1L,Groceries,en,ocr_noise,E5_STATIC_QDQ_U8S8_PER_TENSOR,HYBRID_PROTOTYPE,Medicine,0.9124166369438171,Transport,0.9051568508148193,0.007259786128997803,"[""Medicine"", ""Transport"", ""Groceries""]","[0.9124166369438171, 0.9051568508148193, 0.9046822190284729]",False,True
rice_1kg,R1CE 1KG,Groceries,en,ocr_noise,E5_STATIC_QDQ_U8S8_PER_TENSOR,HYBRID_PROTOTYPE,Medicine,0.9251627922058105,Bills,0.9244670867919922,0.0006957054138183594,"[""Medicine"", ""Bills"", ""Other""]","[0.9251627922058105, 0.9244670867919922, 0.9209223985671997]",False,False
banana,Banana,Fruits & Vegetables,en,clean,E5_STATIC_QDQ_U8S8_PER_TENSOR,HYBRID_PROTOTYPE,Entertainment,0.9155392646789551,Medicine,0.9150259494781494,0.0005133152008056641,"[""Entertainment"", ""Medicine"", ""Other""]","[0.9155392646789551, 0.9150259494781494, 0.9097504615783691]",False,False
tomatoes,Fresh Tomatoes,Fruits & Vegetables,en,clean,E5_STATIC_QDQ_U8S8_PER_TENSOR,HYBRID_PROTOTYPE,Shopping,0.9324297308921814,Medicine,0.9317320585250854,0.0006976723670959473,"[""Shopping"", ""Medicine"", ""Other""]","[0.9324297308921814, 0.9317320585250854, 0.928825855255127]",False,False
apples,Green Apples,Fruits & Vegetables,en,clean,E5_STATIC_QDQ_U8S8_PER_TENSOR,HYBRID_PROTOTYPE,Shopping,0.9258726835250854,Medicine,0.9217625856399536,0.004110097885131836,"[""Shopping"", ""Medicine"", ""Fruits & Vegetables""]","[0.9258726835250854, 0.9217625856399536, 0.9203003644943237]",False,True
cucumber,Cucumber Pack,Fruits & Vegetables,en,clean,E5_STATIC_QDQ_U8S8_PER_TENSOR,HYBRID_PROTOTYPE,Household,0.9204545021057129,Other,0.9171924591064453,0.003262042999267578,"[""Household"", ""Other"", ""Restaurants""]","[0.9204545021057129, 0.9171924591064453, 0.9166715145111084]",False,False
tomatoes,طماطم,Fruits & Vegetables,ar,clean,E5_STATIC_QDQ_U8S8_PER_TENSOR,HYBRID_PROTOTYPE,Medicine,0.936974287033081,Shopping,0.9355826377868652,0.0013916492462158203,"[""Medicine"", ""Shopping"", ""Entertainment""]","[0.936974287033081, 0.9355826377868652, 0.9349933862686157]",False,False
apples,تفاح,Fruits & Vegetables,ar,clean,E5_STATIC_QDQ_U8S8_PER_TENSOR,HYBRID_PROTOTYPE,Medicine,0.923732340335846,Entertainment,0.9224776029586792,0.001254737377166748,"[""Medicine"", ""Entertainment"", ""Shopping""]","[0.923732340335846, 0.9224776029586792, 0.9204573631286621]",False,False
banana,موز بلدي,Fruits & Vegetables,ar,clean,E5_STATIC_QDQ_U8S8_PER_TENSOR,HYBRID_PROTOTYPE,Medicine,0.925007700920105,Shopping,0.9193016886711121,0.00570601224899292,"[""Medicine"", ""Shopping"", ""Groceries""]","[0.925007700920105, 0.9193016886711121, 0.9188101291656494]",False,False
cucumber,خيار طازج,Fruits & Vegetables,ar,clean,E5_STATIC_QDQ_U8S8_PER_TENSOR,HYBRID_PROTOTYPE,Shopping,0.9294455647468567,Medicine,0.9276862740516663,0.0017592906951904297,"[""Shopping"", ""Medicine"", ""Personal Care""]","[0.9294455647468567, 0.9276862740516663, 0.9257707595825195]",False,False
banana,Banana موز,Fruits & Vegetables,mixed,mixed_language,E5_STATIC_QDQ_U8S8_PER_TENSOR,HYBRID_PROTOTYPE,Medicine,0.9222983121871948,Entertainment,0.9199875593185425,0.0023107528686523438,"[""Medicine"", ""Entertainment"", ""Other""]","[0.9222983121871948, 0.9199875593185425, 0.9159824848175049]",False,False
tomatoes,Fresh طماطم,Fruits & Vegetables,mixed,mixed_language,E5_STATIC_QDQ_U8S8_PER_TENSOR,HYBRID_PROTOTYPE,Medicine,0.9242182970046997,Entertainment,0.9203137755393982,0.0039045214653015137,"[""Medicine"", ""Entertainment"", ""Fruits & Vegetables""]","[0.9242182970046997, 0.9203137755393982, 0.9199754595756531]",False,True
tomatoes,T0MAT0ES,Fruits & Vegetables,en,ocr_noise,E5_STATIC_QDQ_U8S8_PER_TENSOR,HYBRID_PROTOTYPE,Shopping,0.9292933940887451,Medicine,0.9279190897941589,0.0013743042945861816,"[""Shopping"", ""Medicine"", ""Household""]","[0.9292933940887451, 0.9279190897941589, 0.9277374744415283]",False,False
apples,تفـاح,Fruits & Vegetables,ar,ocr_noise,E5_STATIC_QDQ_U8S8_PER_TENSOR,HYBRID_PROTOTYPE,Medicine,0.9314323663711548,Other,0.9284931421279907,0.0029392242431640625,"[""Medicine"", ""Other"", ""Shopping""]","[0.9314323663711548, 0.9284931421279907, 0.9269664287567139]",False,False
mcchicken_meal,McChicken Meal,Restaurants,en,clean,E5_STATIC_QDQ_U8S8_PER_TENSOR,HYBRID_PROTOTYPE,Shopping,0.9123693704605103,Medicine,0.9116843938827515,0.0006849765777587891,"[""Shopping"", ""Medicine"", ""Other""]","[0.9123693704605103, 0.9116843938827515, 0.9092528820037842]",False,False
margherita_pizza,Margherita Pizza,Restaurants,en,clean,E5_STATIC_QDQ_U8S8_PER_TENSOR,HYBRID_PROTOTYPE,Shopping,0.9239871501922607,Medicine,0.9213494658470154,0.0026376843452453613,"[""Shopping"", ""Medicine"", ""Restaurants""]","[0.9239871501922607, 0.9213494658470154, 0.9189110994338989]",False,True
coffee,Cappuccino,Restaurants,en,clean,E5_STATIC_QDQ_U8S8_PER_TENSOR,HYBRID_PROTOTYPE,Medicine,0.9042819738388062,Other,0.896469235420227,0.007812738418579102,"[""Medicine"", ""Other"", ""Shopping""]","[0.9042819738388062, 0.896469235420227, 0.8928539752960205]",False,False
restaurants_kfc_family_meal,KFC Family Meal,Restaurants,en,clean,E5_STATIC_QDQ_U8S8_PER_TENSOR,HYBRID_PROTOTYPE,Restaurants,0.9302668571472168,Medicine,0.9264516830444336,0.003815174102783203,"[""Restaurants"", ""Medicine"", ""Groceries""]","[0.9302668571472168, 0.9264516830444336, 0.9260612726211548]",True,True
margherita_pizza,بيتزا مارجريتا,Restaurants,ar,clean,E5_STATIC_QDQ_U8S8_PER_TENSOR,HYBRID_PROTOTYPE,Fruits & Vegetables,0.936322033405304,Household,0.9345072507858276,0.0018147826194763184,"[""Fruits & Vegetables"", ""Household"", ""Restaurants""]","[0.936322033405304, 0.9345072507858276, 0.9341365694999695]",False,True
burger_meal,وجبة برجر,Restaurants,ar,clean,E5_STATIC_QDQ_U8S8_PER_TENSOR,HYBRID_PROTOTYPE,Transport,0.9163148403167725,Medicine,0.9159954190254211,0.00031942129135131836,"[""Transport"", ""Medicine"", ""Household""]","[0.9163148403167725, 0.9159954190254211, 0.9158272743225098]",False,False
coffee,قهوة لاتيه,Restaurants,ar,clean,E5_STATIC_QDQ_U8S8_PER_TENSOR,HYBRID_PROTOTYPE,Medicine,0.928740918636322,Restaurants,0.9269100427627563,0.0018308758735656738,"[""Medicine"", ""Restaurants"", ""Other""]","[0.928740918636322, 0.9269100427627563, 0.9260717630386353]",False,True
restaurants_32,ساندوتش شاورما,Restaurants,ar,clean,E5_STATIC_QDQ_U8S8_PER_TENSOR,HYBRID_PROTOTYPE,Shopping,0.942626416683197,Household,0.9400061368942261,0.0026202797889709473,"[""Shopping"", ""Household"", ""Fruits & Vegetables""]","[0.942626416683197, 0.9400061368942261, 0.939278244972229]",False,False
coffee,Coffee قهوة,Restaurants,mixed,mixed_language,E5_STATIC_QDQ_U8S8_PER_TENSOR,HYBRID_PROTOTYPE,Medicine,0.9195256233215332,Shopping,0.9161980152130127,0.003327608108520508,"[""Medicine"", ""Shopping"", ""Bills""]","[0.9195256233215332, 0.9161980152130127, 0.9145394563674927]",False,False
burger_meal,Burger وجبة,Restaurants,mixed,mixed_language,E5_STATIC_QDQ_U8S8_PER_TENSOR,HYBRID_PROTOTYPE,Other,0.9264079332351685,Medicine,0.9218566417694092,0.004551291465759277,"[""Other"", ""Medicine"", ""Household""]","[0.9264079332351685, 0.9218566417694092, 0.920132040977478]",False,False
mcchicken_meal,McCh1cken MeaI,Restaurants,en,ocr_noise,E5_STATIC_QDQ_U8S8_PER_TENSOR,HYBRID_PROTOTYPE,Medicine,0.9374169707298279,Shopping,0.9338046312332153,0.003612339496612549,"[""Medicine"", ""Shopping"", ""Household""]","[0.9374169707298279, 0.9338046312332153, 0.9331735372543335]",False,False
margherita_pizza,P1ZZA MARGHER1TA,Restaurants,en,ocr_noise,E5_STATIC_QDQ_U8S8_PER_TENSOR,HYBRID_PROTOTYPE,Household,0.9107481241226196,Fruits & Vegetables,0.9100033640861511,0.0007447600364685059,"[""Household"", ""Fruits & Vegetables"", ""Medicine""]","[0.9107481241226196, 0.9100033640861511, 0.9099428653717041]",False,False
uber_trip,Uber Trip,Transport,en,clean,E5_STATIC_QDQ_U8S8_PER_TENSOR,HYBRID_PROTOTYPE,Medicine,0.9093213081359863,Bills,0.9090134501457214,0.0003078579902648926,"[""Medicine"", ""Bills"", ""Transport""]","[0.9093213081359863, 0.9090134501457214, 0.9085109829902649]",False,True
careem_ride,Careem Ride,Transport,en,clean,E5_STATIC_QDQ_U8S8_PER_TENSOR,HYBRID_PROTOTYPE,Other,0.9268160462379456,Medicine,0.924849271774292,0.0019667744636535645,"[""Other"", ""Medicine"", ""Personal Care""]","[0.9268160462379456, 0.924849271774292, 0.9190006852149963]",False,False
metro_ticket,Cairo Metro Ticket,Transport,en,clean,E5_STATIC_QDQ_U8S8_PER_TENSOR,HYBRID_PROTOTYPE,Shopping,0.9295861124992371,Medicine,0.9280644655227661,0.0015216469764709473,"[""Shopping"", ""Medicine"", ""Bills""]","[0.9295861124992371, 0.9280644655227661, 0.9240797758102417]",False,False
gasoline_92,Gasoline 92,Transport,en,clean,E5_STATIC_QDQ_U8S8_PER_TENSOR,HYBRID_PROTOTYPE,Medicine,0.9225221276283264,Shopping,0.9176445007324219,0.004877626895904541,"[""Medicine"", ""Shopping"", ""Personal Care""]","[0.9225221276283264, 0.9176445007324219, 0.9169329404830933]",False,False
uber_trip,رحلة أوبر,Transport,ar,clean,E5_STATIC_QDQ_U8S8_PER_TENSOR,HYBRID_PROTOTYPE,Medicine,0.9255783557891846,Shopping,0.923352837562561,0.002225518226623535,"[""Medicine"", ""Shopping"", ""Books""]","[0.9255783557891846, 0.923352837562561, 0.9211287498474121]",False,False
careem_ride,مشوار كريم,Transport,ar,clean,E5_STATIC_QDQ_U8S8_PER_TENSOR,HYBRID_PROTOTYPE,Other,0.9198943376541138,Medicine,0.9188501238822937,0.0010442137718200684,"[""Other"", ""Medicine"", ""Shopping""]","[0.9198943376541138, 0.9188501238822937, 0.9180832505226135]",False,False
metro_ticket,تذكرة مترو,Transport,ar,clean,E5_STATIC_QDQ_U8S8_PER_TENSOR,HYBRID_PROTOTYPE,Entertainment,0.9252461791038513,Medicine,0.9225053191184998,0.0027408599853515625,"[""Entertainment"", ""Medicine"", ""Shopping""]","[0.9252461791038513, 0.9225053191184998, 0.9167063236236572]",False,False
gasoline_92,بنزين 92,Transport,ar,clean,E5_STATIC_QDQ_U8S8_PER_TENSOR,HYBRID_PROTOTYPE,Medicine,0.9189571142196655,Entertainment,0.914268970489502,0.004688143730163574,"[""Medicine"", ""Entertainment"", ""Transport""]","[0.9189571142196655, 0.914268970489502, 0.9108374118804932]",False,True
uber_trip,Uber مشوار,Transport,mixed,mixed_language,E5_STATIC_QDQ_U8S8_PER_TENSOR,HYBRID_PROTOTYPE,Transport,0.9314761757850647,Medicine,0.9307150840759277,0.0007610917091369629,"[""Transport"", ""Medicine"", ""Shopping""]","[0.9314761757850647, 0.9307150840759277, 0.9283379316329956]",True,True
careem_ride,Careem رحلة,Transport,mixed,mixed_language,E5_STATIC_QDQ_U8S8_PER_TENSOR,HYBRID_PROTOTYPE,Medicine,0.918408989906311,Other,0.9149839282035828,0.0034250617027282715,"[""Medicine"", ""Other"", ""Shopping""]","[0.918408989906311, 0.9149839282035828, 0.9122176766395569]",False,False
uber_trip,UBER TR1P,Transport,en,ocr_noise,E5_STATIC_QDQ_U8S8_PER_TENSOR,HYBRID_PROTOTYPE,Medicine,0.9282181262969971,Transport,0.9254022836685181,0.002815842628479004,"[""Medicine"", ""Transport"", ""Bills""]","[0.9282181262969971, 0.9254022836685181, 0.9208667278289795]",False,True
careem_ride,CAR EEM R1DE,Transport,en,ocr_noise,E5_STATIC_QDQ_U8S8_PER_TENSOR,HYBRID_PROTOTYPE,Medicine,0.9312581419944763,Other,0.930729866027832,0.0005282759666442871,"[""Medicine"", ""Other"", ""Household""]","[0.9312581419944763, 0.930729866027832, 0.9272775053977966]",False,False
dettol_floor_cleaner,Dettol Floor Cleaner,Household,en,clean,E5_STATIC_QDQ_U8S8_PER_TENSOR,HYBRID_PROTOTYPE,Household,0.9335923194885254,Personal Care,0.928307294845581,0.005285024642944336,"[""Household"", ""Personal Care"", ""Shopping""]","[0.9335923194885254, 0.928307294845581, 0.9277888536453247]",True,True
fairy_dish_liquid,Fairy Dishwashing Liquid,Household,en,clean,E5_STATIC_QDQ_U8S8_PER_TENSOR,HYBRID_PROTOTYPE,Household,0.9289537072181702,Shopping,0.9277416467666626,0.0012120604515075684,"[""Household"", ""Shopping"", ""Restaurants""]","[0.9289537072181702, 0.9277416467666626, 0.9225558042526245]",True,True
persil_gel,Persil Gel,Household,en,clean,E5_STATIC_QDQ_U8S8_PER_TENSOR,HYBRID_PROTOTYPE,Shopping,0.8966073989868164,Other,0.8960554003715515,0.0005519986152648926,"[""Shopping"", ""Other"", ""Entertainment""]","[0.8966073989868164, 0.8960554003715515, 0.8957306742668152]",False,False
clorox_bleach,Clorox Bleach,Household,en,clean,E5_STATIC_QDQ_U8S8_PER_TENSOR,HYBRID_PROTOTYPE,Household,0.9329121708869934,Shopping,0.9303708672523499,0.0025413036346435547,"[""Household"", ""Shopping"", ""Restaurants""]","[0.9329121708869934, 0.9303708672523499, 0.9281070232391357]",True,True
dettol_floor_cleaner,منظف أرضيات ديتول,Household,ar,clean,E5_STATIC_QDQ_U8S8_PER_TENSOR,HYBRID_PROTOTYPE,Medicine,0.9421560168266296,Household,0.9406238794326782,0.001532137393951416,"[""Medicine"", ""Household"", ""Shopping""]","[0.9421560168266296, 0.9406238794326782, 0.9391274452209473]",False,True
fairy_dish_liquid,سائل غسيل أطباق,Household,ar,clean,E5_STATIC_QDQ_U8S8_PER_TENSOR,HYBRID_PROTOTYPE,Household,0.9421459436416626,Shopping,0.9402258396148682,0.0019201040267944336,"[""Household"", ""Shopping"", ""Medicine""]","[0.9421459436416626, 0.9402258396148682, 0.9392490386962891]",True,True
persil_gel,مسحوق غسيل برسيل,Household,ar,clean,E5_STATIC_QDQ_U8S8_PER_TENSOR,HYBRID_PROTOTYPE,Household,0.9299706816673279,Medicine,0.9297193884849548,0.0002512931823730469,"[""Household"", ""Medicine"", ""Shopping""]","[0.9299706816673279, 0.9297193884849548, 0.9244136810302734]",True,True
clorox_bleach,كلور مبيض,Household,ar,clean,E5_STATIC_QDQ_U8S8_PER_TENSOR,HYBRID_PROTOTYPE,Household,0.927879810333252,Medicine,0.9274806380271912,0.000399172306060791,"[""Household"", ""Medicine"", ""Other""]","[0.927879810333252, 0.9274806380271912, 0.926527202129364]",True,True
dettol_floor_cleaner,Dettol منظف أرضيات,Household,mixed,mixed_language,E5_STATIC_QDQ_U8S8_PER_TENSOR,HYBRID_PROTOTYPE,Medicine,0.9443722367286682,Household,0.9436026811599731,0.0007695555686950684,"[""Medicine"", ""Household"", ""Shopping""]","[0.9443722367286682, 0.9436026811599731, 0.9401768445968628]",False,True
fairy_dish_liquid,Fairy صابون أطباق,Household,mixed,mixed_language,E5_STATIC_QDQ_U8S8_PER_TENSOR,HYBRID_PROTOTYPE,Shopping,0.9490426778793335,Personal Care,0.9462410807609558,0.0028015971183776855,"[""Shopping"", ""Personal Care"", ""Medicine""]","[0.9490426778793335, 0.9462410807609558, 0.9461953639984131]",False,False
dettol_floor_cleaner,DettoI Floor C1eaner,Household,en,ocr_noise,E5_STATIC_QDQ_U8S8_PER_TENSOR,HYBRID_PROTOTYPE,Medicine,0.9408884644508362,Household,0.940397322177887,0.0004911422729492188,"[""Medicine"", ""Household"", ""Shopping""]","[0.9408884644508362, 0.940397322177887, 0.9398475289344788]",False,True
persil_gel,PersiI GeI,Household,en,ocr_noise,E5_STATIC_QDQ_U8S8_PER_TENSOR,HYBRID_PROTOTYPE,Medicine,0.9296873807907104,Transport,0.9272158145904541,0.0024715662002563477,"[""Medicine"", ""Transport"", ""Shopping""]","[0.9296873807907104, 0.9272158145904541, 0.9271051287651062]",False,False
panadol_extra,Panadol Extra,Medicine,en,clean,E5_STATIC_QDQ_U8S8_PER_TENSOR,HYBRID_PROTOTYPE,Medicine,0.9128709435462952,Other,0.9086744785308838,0.004196465015411377,"[""Medicine"", ""Other"", ""Shopping""]","[0.9128709435462952, 0.9086744785308838, 0.9043766856193542]",True,True
brufen_400,Brufen 400,Medicine,en,clean,E5_STATIC_QDQ_U8S8_PER_TENSOR,HYBRID_PROTOTYPE,Medicine,0.9026548862457275,Other,0.8994427919387817,0.0032120943069458008,"[""Medicine"", ""Other"", ""Transport""]","[0.9026548862457275, 0.8994427919387817, 0.899092435836792]",True,True
folic_acid_600_mcg,Folic Acid 600 MCG,Medicine,en,clean,E5_STATIC_QDQ_U8S8_PER_TENSOR,HYBRID_PROTOTYPE,Medicine,0.9259759783744812,Restaurants,0.9252166152000427,0.0007593631744384766,"[""Medicine"", ""Restaurants"", ""Household""]","[0.9259759783744812, 0.9252166152000427, 0.9248141050338745]",True,True
immulant_plus_20_cap,Immulant Plus 20 Cap,Medicine,en,clean,E5_STATIC_QDQ_U8S8_PER_TENSOR,HYBRID_PROTOTYPE,Medicine,0.9357290267944336,Transport,0.926893949508667,0.008835077285766602,"[""Medicine"", ""Transport"", ""Household""]","[0.9357290267944336, 0.926893949508667, 0.9241974949836731]",True,True
panadol_extra,بنادول إكسترا,Medicine,ar,clean,E5_STATIC_QDQ_U8S8_PER_TENSOR,HYBRID_PROTOTYPE,Household,0.9440943002700806,Medicine,0.9412002563476562,0.0028940439224243164,"[""Household"", ""Medicine"", ""Shopping""]","[0.9440943002700806, 0.9412002563476562, 0.9387362599372864]",False,True
brufen_400,بروفين 400,Medicine,ar,clean,E5_STATIC_QDQ_U8S8_PER_TENSOR,HYBRID_PROTOTYPE,Other,0.9028544425964355,Medicine,0.902449369430542,0.0004050731658935547,"[""Other"", ""Medicine"", ""Groceries""]","[0.9028544425964355, 0.902449369430542, 0.897752046585083]",False,True
folic_acid_600_mcg,حمض الفوليك,Medicine,ar,clean,E5_STATIC_QDQ_U8S8_PER_TENSOR,HYBRID_PROTOTYPE,Shopping,0.9182323217391968,Bills,0.9152294993400574,0.0030028223991394043,"[""Shopping"", ""Bills"", ""Medicine""]","[0.9182323217391968, 0.9152294993400574, 0.9144982099533081]",False,True
medicine_68,فيتامين سي,Medicine,ar,clean,E5_STATIC_QDQ_U8S8_PER_TENSOR,HYBRID_PROTOTYPE,Medicine,0.9299677610397339,Entertainment,0.9286375641822815,0.0013301968574523926,"[""Medicine"", ""Entertainment"", ""Shopping""]","[0.9299677610397339, 0.9286375641822815, 0.9249330163002014]",True,True
panadol_extra,Panadol مسكن,Medicine,mixed,mixed_language,E5_STATIC_QDQ_U8S8_PER_TENSOR,HYBRID_PROTOTYPE,Medicine,0.9237392544746399,Other,0.9162964820861816,0.007442772388458252,"[""Medicine"", ""Other"", ""Household""]","[0.9237392544746399, 0.9162964820861816, 0.9159389138221741]",True,True
vitamin_d,Vitamin D فيتامين,Medicine,mixed,mixed_language,E5_STATIC_QDQ_U8S8_PER_TENSOR,HYBRID_PROTOTYPE,Medicine,0.9344865083694458,Household,0.9245532155036926,0.009933292865753174,"[""Medicine"", ""Household"", ""Entertainment""]","[0.9344865083694458, 0.9245532155036926, 0.9229406714439392]",True,True
panadol_extra,PANAD0L EXTRA,Medicine,en,ocr_noise,E5_STATIC_QDQ_U8S8_PER_TENSOR,HYBRID_PROTOTYPE,Household,0.9270271062850952,Other,0.922995924949646,0.004031181335449219,"[""Household"", ""Other"", ""Medicine""]","[0.9270271062850952, 0.922995924949646, 0.9222869873046875]",False,True
folic_acid_600_mcg,F0LIC ACID 600 MCG,Medicine,en,ocr_noise,E5_STATIC_QDQ_U8S8_PER_TENSOR,HYBRID_PROTOTYPE,Restaurants,0.9352719783782959,Household,0.9348804950714111,0.0003914833068847656,"[""Restaurants"", ""Household"", ""Medicine""]","[0.9352719783782959, 0.9348804950714111, 0.9344348907470703]",False,True
immulant_plus_20_cap,MLANT PLUS 20 CAP,Medicine,en,ocr_noise,E5_STATIC_QDQ_U8S8_PER_TENSOR,HYBRID_PROTOTYPE,Medicine,0.918135941028595,Transport,0.9117954969406128,0.006340444087982178,"[""Medicine"", ""Transport"", ""Household""]","[0.918135941028595, 0.9117954969406128, 0.9097706079483032]",True,True
folic_acid_600_mcg,FoLic AciD 600 McG,Medicine,en,ocr_noise,E5_STATIC_QDQ_U8S8_PER_TENSOR,HYBRID_PROTOTYPE,Household,0.9355120658874512,Restaurants,0.9346522092819214,0.0008598566055297852,"[""Household"", ""Restaurants"", ""Medicine""]","[0.9355120658874512, 0.9346522092819214, 0.9324427247047424]",False,True
cotton_tshirt,Cotton T Shirt,Shopping,en,clean,E5_STATIC_QDQ_U8S8_PER_TENSOR,HYBRID_PROTOTYPE,Entertainment,0.9219264388084412,Medicine,0.9202239513397217,0.0017024874687194824,"[""Entertainment"", ""Medicine"", ""Shopping""]","[0.9219264388084412, 0.9202239513397217, 0.918296754360199]",False,True
running_shoes,Running Shoes,Shopping,en,clean,E5_STATIC_QDQ_U8S8_PER_TENSOR,HYBRID_PROTOTYPE,Shopping,0.9264123439788818,Other,0.9231879711151123,0.0032243728637695312,"[""Shopping"", ""Other"", ""Household""]","[0.9264123439788818, 0.9231879711151123, 0.922407329082489]",True,True
wireless_headphones,Wireless Headphones,Shopping,en,clean,E5_STATIC_QDQ_U8S8_PER_TENSOR,HYBRID_PROTOTYPE,Shopping,0.9167908430099487,Other,0.9148013591766357,0.0019894838333129883,"[""Shopping"", ""Other"", ""Medicine""]","[0.9167908430099487, 0.9148013591766357, 0.914281964302063]",True,True
phone_charger,Phone Charger,Shopping,en,clean,E5_STATIC_QDQ_U8S8_PER_TENSOR,HYBRID_PROTOTYPE,Medicine,0.9111122488975525,Shopping,0.9103173017501831,0.0007949471473693848,"[""Medicine"", ""Shopping"", ""Bills""]","[0.9111122488975525, 0.9103173017501831, 0.9094792604446411]",False,True
cotton_tshirt,تيشيرت قطن,Shopping,ar,clean,E5_STATIC_QDQ_U8S8_PER_TENSOR,HYBRID_PROTOTYPE,Household,0.937541127204895,Medicine,0.935463011264801,0.002078115940093994,"[""Household"", ""Medicine"", ""Transport""]","[0.937541127204895, 0.935463011264801, 0.9311583638191223]",False,False
running_shoes,حذاء رياضي,Shopping,ar,clean,E5_STATIC_QDQ_U8S8_PER_TENSOR,HYBRID_PROTOTYPE,Shopping,0.9182605147361755,Medicine,0.9156801700592041,0.0025803446769714355,"[""Shopping"", ""Medicine"", ""Entertainment""]","[0.9182605147361755, 0.9156801700592041, 0.9153491258621216]",True,True
wireless_headphones,سماعات بلوتوث,Shopping,ar,clean,E5_STATIC_QDQ_U8S8_PER_TENSOR,HYBRID_PROTOTYPE,Household,0.9271615147590637,Shopping,0.9240107536315918,0.003150761127471924,"[""Household"", ""Shopping"", ""Medicine""]","[0.9271615147590637, 0.9240107536315918, 0.9227839708328247]",False,True
phone_charger,شاحن موبايل,Shopping,ar,clean,E5_STATIC_QDQ_U8S8_PER_TENSOR,HYBRID_PROTOTYPE,Medicine,0.9347760677337646,Shopping,0.934677243232727,9.882450103759766e-05,"[""Medicine"", ""Shopping"", ""Household""]","[0.9347760677337646, 0.934677243232727, 0.9342705011367798]",False,True
running_shoes,Nike حذاء,Shopping,mixed,mixed_language,E5_STATIC_QDQ_U8S8_PER_TENSOR,HYBRID_PROTOTYPE,Medicine,0.9192636013031006,Other,0.9161292910575867,0.003134310245513916,"[""Medicine"", ""Other"", ""Personal Care""]","[0.9192636013031006, 0.9161292910575867, 0.915678083896637]",False,False
wireless_headphones,Headphones سماعات,Shopping,mixed,mixed_language,E5_STATIC_QDQ_U8S8_PER_TENSOR,HYBRID_PROTOTYPE,Shopping,0.935515820980072,Medicine,0.9319663047790527,0.003549516201019287,"[""Shopping"", ""Medicine"", ""Bills""]","[0.935515820980072, 0.9319663047790527, 0.9311036467552185]",True,True
wireless_headphones,W1RELESS HEADPH0NES,Shopping,en,ocr_noise,E5_STATIC_QDQ_U8S8_PER_TENSOR,HYBRID_PROTOTYPE,Household,0.9269312024116516,Other,0.9168957471847534,0.010035455226898193,"[""Household"", ""Other"", ""Medicine""]","[0.9269312024116516, 0.9168957471847534, 0.9155961871147156]",False,False
phone_charger,PH0NE CHARGER,Shopping,en,ocr_noise,E5_STATIC_QDQ_U8S8_PER_TENSOR,HYBRID_PROTOTYPE,Household,0.9176883697509766,Restaurants,0.9174842834472656,0.0002040863037109375,"[""Household"", ""Restaurants"", ""Medicine""]","[0.9176883697509766, 0.9174842834472656, 0.9157851934432983]",False,False
electricity_bill,Electricity Bill,Bills,en,clean,E5_STATIC_QDQ_U8S8_PER_TENSOR,HYBRID_PROTOTYPE,Bills,0.9127634763717651,Medicine,0.911785364151001,0.0009781122207641602,"[""Bills"", ""Medicine"", ""Shopping""]","[0.9127634763717651, 0.911785364151001, 0.9094364047050476]",True,True
internet_bill,WE Internet Bill,Bills,en,clean,E5_STATIC_QDQ_U8S8_PER_TENSOR,HYBRID_PROTOTYPE,Bills,0.9074466824531555,Shopping,0.9043710231781006,0.0030756592750549316,"[""Bills"", ""Shopping"", ""Medicine""]","[0.9074466824531555, 0.9043710231781006, 0.9040007591247559]",True,True
water_bill,Water Utility Bill,Bills,en,clean,E5_STATIC_QDQ_U8S8_PER_TENSOR,HYBRID_PROTOTYPE,Medicine,0.9232856035232544,Bills,0.9208911657333374,0.002394437789916992,"[""Medicine"", ""Bills"", ""Shopping""]","[0.9232856035232544, 0.9208911657333374, 0.9186668395996094]",False,True
mobile_bill,Mobile Phone Bill,Bills,en,clean,E5_STATIC_QDQ_U8S8_PER_TENSOR,HYBRID_PROTOTYPE,Medicine,0.9099138975143433,Shopping,0.9080339074134827,0.0018799901008605957,"[""Medicine"", ""Shopping"", ""Bills""]","[0.9099138975143433, 0.9080339074134827, 0.9080281257629395]",False,True
electricity_bill,فاتورة كهرباء,Bills,ar,clean,E5_STATIC_QDQ_U8S8_PER_TENSOR,HYBRID_PROTOTYPE,Shopping,0.9434223175048828,Medicine,0.9422513842582703,0.0011709332466125488,"[""Shopping"", ""Medicine"", ""Household""]","[0.9434223175048828, 0.9422513842582703, 0.9416183233261108]",False,False
internet_bill,فاتورة انترنت WE,Bills,mixed,mixed_language,E5_STATIC_QDQ_U8S8_PER_TENSOR,HYBRID_PROTOTYPE,Medicine,0.9242531061172485,Bills,0.9237247705459595,0.0005283355712890625,"[""Medicine"", ""Bills"", ""Shopping""]","[0.9242531061172485, 0.9237247705459595, 0.9222224354743958]",False,True
water_bill,فاتورة مياه,Bills,ar,clean,E5_STATIC_QDQ_U8S8_PER_TENSOR,HYBRID_PROTOTYPE,Medicine,0.9272645711898804,Shopping,0.9247252941131592,0.0025392770767211914,"[""Medicine"", ""Shopping"", ""Other""]","[0.9272645711898804, 0.9247252941131592, 0.922397255897522]",False,False
gas_bill,فاتورة غاز,Bills,ar,clean,E5_STATIC_QDQ_U8S8_PER_TENSOR,HYBRID_PROTOTYPE,Medicine,0.9316816329956055,Fruits & Vegetables,0.9247679710388184,0.006913661956787109,"[""Medicine"", ""Fruits & Vegetables"", ""Transport""]","[0.9316816329956055, 0.9247679710388184, 0.9244417548179626]",False,False
mobile_bill,Orange فاتورة موبايل,Bills,mixed,mixed_language,E5_STATIC_QDQ_U8S8_PER_TENSOR,HYBRID_PROTOTYPE,Medicine,0.9334360957145691,Bills,0.9306051731109619,0.0028309226036071777,"[""Medicine"", ""Bills"", ""Shopping""]","[0.9334360957145691, 0.9306051731109619, 0.9305564165115356]",False,True
internet_bill,Internet فاتورة شهرية,Bills,mixed,mixed_language,E5_STATIC_QDQ_U8S8_PER_TENSOR,HYBRID_PROTOTYPE,Medicine,0.9303632974624634,Bills,0.928565502166748,0.001797795295715332,"[""Medicine"", ""Bills"", ""Shopping""]","[0.9303632974624634, 0.928565502166748, 0.9267747402191162]",False,True
electricity_bill,ELECTR1C1TY B1LL,Bills,en,ocr_noise,E5_STATIC_QDQ_U8S8_PER_TENSOR,HYBRID_PROTOTYPE,Household,0.9226897954940796,Medicine,0.921491265296936,0.0011985301971435547,"[""Household"", ""Medicine"", ""Shopping""]","[0.9226897954940796, 0.921491265296936, 0.920101523399353]",False,False
internet_bill,WE 1NTERNET B1LL,Bills,en,ocr_noise,E5_STATIC_QDQ_U8S8_PER_TENSOR,HYBRID_PROTOTYPE,Household,0.916754961013794,Medicine,0.9161581993103027,0.0005967617034912109,"[""Household"", ""Medicine"", ""Groceries""]","[0.916754961013794, 0.9161581993103027, 0.9137914180755615]",False,False
netflix,Netflix,Entertainment,en,clean,E5_STATIC_QDQ_U8S8_PER_TENSOR,HYBRID_PROTOTYPE,Entertainment,0.8971514105796814,Other,0.8859467506408691,0.011204659938812256,"[""Entertainment"", ""Other"", ""Shopping""]","[0.8971514105796814, 0.8859467506408691, 0.8852070569992065]",True,True
cinema_ticket,Cinema Ticket,Entertainment,en,clean,E5_STATIC_QDQ_U8S8_PER_TENSOR,HYBRID_PROTOTYPE,Entertainment,0.9119841456413269,Medicine,0.9032108783721924,0.008773267269134521,"[""Entertainment"", ""Medicine"", ""Shopping""]","[0.9119841456413269, 0.9032108783721924, 0.9018309712409973]",True,True
playstation_game,PlayStation Game,Entertainment,en,clean,E5_STATIC_QDQ_U8S8_PER_TENSOR,HYBRID_PROTOTYPE,Medicine,0.9083422422409058,Shopping,0.9066581726074219,0.0016840696334838867,"[""Medicine"", ""Shopping"", ""Other""]","[0.9083422422409058, 0.9066581726074219, 0.9060103893280029]",False,False
concert_ticket,Concert Ticket,Entertainment,en,clean,E5_STATIC_QDQ_U8S8_PER_TENSOR,HYBRID_PROTOTYPE,Entertainment,0.9096677899360657,Shopping,0.901066780090332,0.008601009845733643,"[""Entertainment"", ""Shopping"", ""Transport""]","[0.9096677899360657, 0.901066780090332, 0.9010027647018433]",True,True
cinema_ticket,تذكرة سينما,Entertainment,ar,clean,E5_STATIC_QDQ_U8S8_PER_TENSOR,HYBRID_PROTOTYPE,Entertainment,0.9360966086387634,Medicine,0.9310802221298218,0.00501638650894165,"[""Entertainment"", ""Medicine"", ""Transport""]","[0.9360966086387634, 0.9310802221298218, 0.9290951490402222]",True,True
netflix,اشتراك مشاهدة أفلام,Entertainment,ar,clean,E5_STATIC_QDQ_U8S8_PER_TENSOR,HYBRID_PROTOTYPE,Entertainment,0.924263596534729,Other,0.9233300089836121,0.0009335875511169434,"[""Entertainment"", ""Other"", ""Medicine""]","[0.924263596534729, 0.9233300089836121, 0.9222346544265747]",True,True
playstation_game,لعبة بلايستيشن,Entertainment,ar,clean,E5_STATIC_QDQ_U8S8_PER_TENSOR,HYBRID_PROTOTYPE,Shopping,0.9110541343688965,Other,0.9066383838653564,0.004415750503540039,"[""Shopping"", ""Other"", ""Medicine""]","[0.9110541343688965, 0.9066383838653564, 0.9041983485221863]",False,False
concert_ticket,تذكرة حفلة,Entertainment,ar,clean,E5_STATIC_QDQ_U8S8_PER_TENSOR,HYBRID_PROTOTYPE,Medicine,0.9290838837623596,Entertainment,0.9288414120674133,0.00024247169494628906,"[""Medicine"", ""Entertainment"", ""Other""]","[0.9290838837623596, 0.9288414120674133, 0.9233917593955994]",False,True
netflix,Netflix اشتراك,Entertainment,mixed,mixed_language,E5_STATIC_QDQ_U8S8_PER_TENSOR,HYBRID_PROTOTYPE,Shopping,0.9110071659088135,Entertainment,0.9088444113731384,0.002162754535675049,"[""Shopping"", ""Entertainment"", ""Medicine""]","[0.9110071659088135, 0.9088444113731384, 0.9058792591094971]",False,True
cinema_ticket,Cinema تذكرة,Entertainment,mixed,mixed_language,E5_STATIC_QDQ_U8S8_PER_TENSOR,HYBRID_PROTOTYPE,Entertainment,0.9309203028678894,Medicine,0.9267715215682983,0.0041487812995910645,"[""Entertainment"", ""Medicine"", ""Transport""]","[0.9309203028678894, 0.9267715215682983, 0.9256744980812073]",True,True
netflix,NETFL1X,Entertainment,en,ocr_noise,E5_STATIC_QDQ_U8S8_PER_TENSOR,HYBRID_PROTOTYPE,Medicine,0.9171862602233887,Shopping,0.9165761470794678,0.0006101131439208984,"[""Medicine"", ""Shopping"", ""Bills""]","[0.9171862602233887, 0.9165761470794678, 0.9119430780410767]",False,False
cinema_ticket,C1NEMA T1CKET,Entertainment,en,ocr_noise,E5_STATIC_QDQ_U8S8_PER_TENSOR,HYBRID_PROTOTYPE,Medicine,0.9231890439987183,Household,0.922374427318573,0.0008146166801452637,"[""Medicine"", ""Household"", ""Groceries""]","[0.9231890439987183, 0.922374427318573, 0.9206621646881104]",False,False
dove_shampoo,Dove Shampoo,Personal Care,en,clean,E5_STATIC_QDQ_U8S8_PER_TENSOR,HYBRID_PROTOTYPE,Medicine,0.9178140759468079,Entertainment,0.916330099105835,0.0014839768409729004,"[""Medicine"", ""Entertainment"", ""Other""]","[0.9178140759468079, 0.916330099105835, 0.915302038192749]",False,False
nivea_face_cream,Nivea Face Cream,Personal Care,en,clean,E5_STATIC_QDQ_U8S8_PER_TENSOR,HYBRID_PROTOTYPE,Medicine,0.9292711019515991,Other,0.9253143072128296,0.003956794738769531,"[""Medicine"", ""Other"", ""Shopping""]","[0.9292711019515991, 0.9253143072128296, 0.9235379695892334]",False,False
gillette_razor,Gillette Razor,Personal Care,en,clean,E5_STATIC_QDQ_U8S8_PER_TENSOR,HYBRID_PROTOTYPE,Shopping,0.9238438606262207,Medicine,0.9211804270744324,0.00266343355178833,"[""Shopping"", ""Medicine"", ""Household""]","[0.9238438606262207, 0.9211804270744324, 0.920946478843689]",False,False
haircut,Haircut,Personal Care,en,clean,E5_STATIC_QDQ_U8S8_PER_TENSOR,HYBRID_PROTOTYPE,Shopping,0.9081462025642395,Medicine,0.9063213467597961,0.0018248558044433594,"[""Shopping"", ""Medicine"", ""Entertainment""]","[0.9081462025642395, 0.9063213467597961, 0.904988169670105]",False,False
dove_shampoo,شامبو دوف,Personal Care,ar,clean,E5_STATIC_QDQ_U8S8_PER_TENSOR,HYBRID_PROTOTYPE,Medicine,0.9392073154449463,Personal Care,0.9359985589981079,0.003208756446838379,"[""Medicine"", ""Personal Care"", ""Shopping""]","[0.9392073154449463, 0.9359985589981079, 0.935573935508728]",False,True
nivea_face_cream,كريم نيفيا للوجه,Personal Care,ar,clean,E5_STATIC_QDQ_U8S8_PER_TENSOR,HYBRID_PROTOTYPE,Medicine,0.9392111897468567,Household,0.9385350942611694,0.0006760954856872559,"[""Medicine"", ""Household"", ""Other""]","[0.9392111897468567, 0.9385350942611694, 0.9359906315803528]",False,False
gillette_razor,شفرة حلاقة,Personal Care,ar,clean,E5_STATIC_QDQ_U8S8_PER_TENSOR,HYBRID_PROTOTYPE,Shopping,0.9375864863395691,Personal Care,0.9327713251113892,0.004815161228179932,"[""Shopping"", ""Personal Care"", ""Medicine""]","[0.9375864863395691, 0.9327713251113892, 0.9322155714035034]",False,True
haircut,قص شعر,Personal Care,ar,clean,E5_STATIC_QDQ_U8S8_PER_TENSOR,HYBRID_PROTOTYPE,Medicine,0.9088363647460938,Other,0.906623363494873,0.002213001251220703,"[""Medicine"", ""Other"", ""Shopping""]","[0.9088363647460938, 0.906623363494873, 0.9056773781776428]",False,False
dove_shampoo,Shampoo شامبو,Personal Care,mixed,mixed_language,E5_STATIC_QDQ_U8S8_PER_TENSOR,HYBRID_PROTOTYPE,Personal Care,0.9212141036987305,Entertainment,0.9175103902816772,0.0037037134170532227,"[""Personal Care"", ""Entertainment"", ""Shopping""]","[0.9212141036987305, 0.9175103902816772, 0.9167876839637756]",True,True
nivea_face_cream,Nivea كريم بشرة,Personal Care,mixed,mixed_language,E5_STATIC_QDQ_U8S8_PER_TENSOR,HYBRID_PROTOTYPE,Medicine,0.9410213232040405,Other,0.9359058737754822,0.00511544942855835,"[""Medicine"", ""Other"", ""Fruits & Vegetables""]","[0.9410213232040405, 0.9359058737754822, 0.934067964553833]",False,False
dove_shampoo,شامبو D0VE,Personal Care,mixed,ocr_noise,E5_STATIC_QDQ_U8S8_PER_TENSOR,HYBRID_PROTOTYPE,Medicine,0.9223425388336182,Shopping,0.9194831848144531,0.002859354019165039,"[""Medicine"", ""Shopping"", ""Personal Care""]","[0.9223425388336182, 0.9194831848144531, 0.9190689325332642]",False,True
gillette_razor,G1LLETTE RAZ0R,Personal Care,en,ocr_noise,E5_STATIC_QDQ_U8S8_PER_TENSOR,HYBRID_PROTOTYPE,Household,0.9230371713638306,Medicine,0.9226624369621277,0.00037473440170288086,"[""Household"", ""Medicine"", ""Transport""]","[0.9230371713638306, 0.9226624369621277, 0.9187976717948914]",False,False
service_fee,Service Fee,Other,en,clean,E5_STATIC_QDQ_U8S8_PER_TENSOR,HYBRID_PROTOTYPE,Other,0.9107136726379395,Medicine,0.909705400466919,0.0010082721710205078,"[""Other"", ""Medicine"", ""Shopping""]","[0.9107136726379395, 0.909705400466919, 0.905025839805603]",True,True
charity_donation,Charity Donation,Other,en,clean,E5_STATIC_QDQ_U8S8_PER_TENSOR,HYBRID_PROTOTYPE,Medicine,0.9240204095840454,Shopping,0.9214613437652588,0.002559065818786621,"[""Medicine"", ""Shopping"", ""Other""]","[0.9240204095840454, 0.9214613437652588, 0.9174057245254517]",False,True
document_printing,Document Printing,Other,en,clean,E5_STATIC_QDQ_U8S8_PER_TENSOR,HYBRID_PROTOTYPE,Medicine,0.9294910430908203,Entertainment,0.9227513074874878,0.0067397356033325195,"[""Medicine"", ""Entertainment"", ""Shopping""]","[0.9294910430908203, 0.9227513074874878, 0.922460675239563]",False,False
delivery_fee,Delivery Fee,Other,en,clean,E5_STATIC_QDQ_U8S8_PER_TENSOR,HYBRID_PROTOTYPE,Medicine,0.9087826013565063,Other,0.9078247547149658,0.0009578466415405273,"[""Medicine"", ""Other"", ""Household""]","[0.9087826013565063, 0.9078247547149658, 0.9032199382781982]",False,True
service_fee,رسوم خدمة,Other,ar,clean,E5_STATIC_QDQ_U8S8_PER_TENSOR,HYBRID_PROTOTYPE,Other,0.9001098871231079,Entertainment,0.8956866264343262,0.004423260688781738,"[""Other"", ""Entertainment"", ""Medicine""]","[0.9001098871231079, 0.8956866264343262, 0.8947495222091675]",True,True
charity_donation,تبرع خيري,Other,ar,clean,E5_STATIC_QDQ_U8S8_PER_TENSOR,HYBRID_PROTOTYPE,Medicine,0.9132617712020874,Other,0.9117429256439209,0.001518845558166504,"[""Medicine"", ""Other"", ""Bills""]","[0.9132617712020874, 0.9117429256439209, 0.907296359539032]",False,True
document_printing,طباعة مستندات,Other,ar,clean,E5_STATIC_QDQ_U8S8_PER_TENSOR,HYBRID_PROTOTYPE,Medicine,0.9365706443786621,Entertainment,0.931732177734375,0.004838466644287109,"[""Medicine"", ""Entertainment"", ""Shopping""]","[0.9365706443786621, 0.931732177734375, 0.9280824065208435]",False,False
misc_expense,مصاريف متنوعة,Other,ar,clean,E5_STATIC_QDQ_U8S8_PER_TENSOR,HYBRID_PROTOTYPE,Other,0.9243049621582031,Medicine,0.9214638471603394,0.0028411149978637695,"[""Other"", ""Medicine"", ""Household""]","[0.9243049621582031, 0.9214638471603394, 0.9200332760810852]",True,True
delivery_fee,Delivery رسوم,Other,mixed,mixed_language,E5_STATIC_QDQ_U8S8_PER_TENSOR,HYBRID_PROTOTYPE,Other,0.8987489938735962,Medicine,0.89348965883255,0.005259335041046143,"[""Other"", ""Medicine"", ""Entertainment""]","[0.8987489938735962, 0.89348965883255, 0.8904434442520142]",True,True
service_fee,Service مصاريف,Other,mixed,mixed_language,E5_STATIC_QDQ_U8S8_PER_TENSOR,HYBRID_PROTOTYPE,Other,0.9176464080810547,Medicine,0.9100189208984375,0.0076274871826171875,"[""Other"", ""Medicine"", ""Shopping""]","[0.9176464080810547, 0.9100189208984375, 0.907036304473877]",True,True
service_fee,SERV1CE FEE,Other,en,ocr_noise,E5_STATIC_QDQ_U8S8_PER_TENSOR,HYBRID_PROTOTYPE,Other,0.9241329431533813,Medicine,0.923977255821228,0.0001556873321533203,"[""Other"", ""Medicine"", ""Household""]","[0.9241329431533813, 0.923977255821228, 0.9212174415588379]",True,True
misc_expense,M1SC EXPENSE,Other,en,ocr_noise,E5_STATIC_QDQ_U8S8_PER_TENSOR,HYBRID_PROTOTYPE,Shopping,0.9273934960365295,Medicine,0.9273911714553833,2.3245811462402344e-06,"[""Shopping"", ""Medicine"", ""Household""]","[0.9273934960365295, 0.9273911714553833, 0.9256442785263062]",False,False
atomic_habits,Atomic Habits,Books,en,clean,E5_STATIC_QDQ_U8S8_PER_TENSOR,HYBRID_PROTOTYPE,Medicine,0.9404150247573853,Bills,0.9333494901657104,0.007065534591674805,"[""Medicine"", ""Bills"", ""Shopping""]","[0.9404150247573853, 0.9333494901657104, 0.9325222969055176]",False,False
clean_code,Clean Code,Books,en,clean,E5_STATIC_QDQ_U8S8_PER_TENSOR,HYBRID_PROTOTYPE,Household,0.9104424715042114,Medicine,0.9100402593612671,0.00040221214294433594,"[""Household"", ""Medicine"", ""Shopping""]","[0.9104424715042114, 0.9100402593612671, 0.9094289541244507]",False,False
psychology_of_money,The Psychology of Money,Books,en,clean,E5_STATIC_QDQ_U8S8_PER_TENSOR,HYBRID_PROTOTYPE,Medicine,0.9332175850868225,Shopping,0.9326142072677612,0.0006033778190612793,"[""Medicine"", ""Shopping"", ""Other""]","[0.9332175850868225, 0.9326142072677612, 0.9318459630012512]",False,False
pragmatic_programmer,The Pragmatic Programmer,Books,en,clean,E5_STATIC_QDQ_U8S8_PER_TENSOR,HYBRID_PROTOTYPE,Medicine,0.9267804622650146,Shopping,0.9254370927810669,0.001343369483947754,"[""Medicine"", ""Shopping"", ""Entertainment""]","[0.9267804622650146, 0.9254370927810669, 0.9237878918647766]",False,False
atomic_habits,العادات الذرية,Books,ar,clean,E5_STATIC_QDQ_U8S8_PER_TENSOR,HYBRID_PROTOTYPE,Shopping,0.9226688146591187,Entertainment,0.9200390577316284,0.0026297569274902344,"[""Shopping"", ""Entertainment"", ""Household""]","[0.9226688146591187, 0.9200390577316284, 0.9194271564483643]",False,False
art_of_not_caring,كتاب فن اللامبالاة,Books,ar,clean,E5_STATIC_QDQ_U8S8_PER_TENSOR,HYBRID_PROTOTYPE,Medicine,0.9311684966087341,Entertainment,0.927518367767334,0.0036501288414001465,"[""Medicine"", ""Entertainment"", ""Shopping""]","[0.9311684966087341, 0.927518367767334, 0.9264399409294128]",False,False
awlad_haretna,رواية أولاد حارتنا,Books,ar,clean,E5_STATIC_QDQ_U8S8_PER_TENSOR,HYBRID_PROTOTYPE,Books,0.9275153875350952,Shopping,0.9272569417953491,0.00025844573974609375,"[""Books"", ""Shopping"", ""Entertainment""]","[0.9275153875350952, 0.9272569417953491, 0.926931619644165]",True,True
learn_python_book,كتاب تعلم بايثون,Books,ar,clean,E5_STATIC_QDQ_U8S8_PER_TENSOR,HYBRID_PROTOTYPE,Household,0.928712785243988,Shopping,0.9286096096038818,0.00010317564010620117,"[""Household"", ""Shopping"", ""Books""]","[0.928712785243988, 0.9286096096038818, 0.9279771447181702]",False,True
clean_code,Clean Code كتاب,Books,mixed,mixed_language,E5_STATIC_QDQ_U8S8_PER_TENSOR,HYBRID_PROTOTYPE,Household,0.9186960458755493,Medicine,0.9138126969337463,0.0048833489418029785,"[""Household"", ""Medicine"", ""Shopping""]","[0.9186960458755493, 0.9138126969337463, 0.9132721424102783]",False,False
atomic_habits,Atomic Habits نسخة عربية,Books,mixed,mixed_language,E5_STATIC_QDQ_U8S8_PER_TENSOR,HYBRID_PROTOTYPE,Medicine,0.9434155225753784,Shopping,0.9378561973571777,0.005559325218200684,"[""Medicine"", ""Shopping"", ""Bills""]","[0.9434155225753784, 0.9378561973571777, 0.9369100332260132]",False,False
atomic_habits,AT0MIC HAB1TS,Books,en,ocr_noise,E5_STATIC_QDQ_U8S8_PER_TENSOR,HYBRID_PROTOTYPE,Medicine,0.9290646910667419,Household,0.9255720376968384,0.0034926533699035645,"[""Medicine"", ""Household"", ""Shopping""]","[0.9290646910667419, 0.9255720376968384, 0.925048828125]",False,False
clean_code,CLEAN C0DE,Books,en,ocr_noise,E5_STATIC_QDQ_U8S8_PER_TENSOR,HYBRID_PROTOTYPE,Household,0.9209529161453247,Shopping,0.9148139953613281,0.006138920783996582,"[""Household"", ""Shopping"", ""Other""]","[0.9209529161453247, 0.9148139953613281, 0.9147891402244568]",False,False
chicken_breast,Chicken Breast,Groceries,en,clean,E5_STATIC_QDQ_U8S8_PER_CHANNEL,HYBRID_PROTOTYPE,Fruits & Vegetables,0.8969827890396118,Medicine,0.889728844165802,0.0072539448738098145,"[""Fruits & Vegetables"", ""Medicine"", ""Groceries""]","[0.8969827890396118, 0.889728844165802, 0.8893974423408508]",False,True
milk_1l,Milk 1L,Groceries,en,clean,E5_STATIC_QDQ_U8S8_PER_CHANNEL,HYBRID_PROTOTYPE,Fruits & Vegetables,0.8925542831420898,Groceries,0.8876563310623169,0.004897952079772949,"[""Fruits & Vegetables"", ""Groceries"", ""Medicine""]","[0.8925542831420898, 0.8876563310623169, 0.8865053653717041]",False,True
rice_1kg,Rice 1KG,Groceries,en,clean,E5_STATIC_QDQ_U8S8_PER_CHANNEL,HYBRID_PROTOTYPE,Fruits & Vegetables,0.9058854579925537,Medicine,0.8987774848937988,0.007107973098754883,"[""Fruits & Vegetables"", ""Medicine"", ""Groceries""]","[0.9058854579925537, 0.8987774848937988, 0.8985779285430908]",False,True
groceries_egyptian_white_cheese,Egyptian White Cheese,Groceries,en,clean,E5_STATIC_QDQ_U8S8_PER_CHANNEL,HYBRID_PROTOTYPE,Shopping,0.915711522102356,Fruits & Vegetables,0.9142327308654785,0.0014787912368774414,"[""Shopping"", ""Fruits & Vegetables"", ""Other""]","[0.915711522102356, 0.9142327308654785, 0.9140370488166809]",False,False
chicken_breast,صدور فراخ,Groceries,ar,clean,E5_STATIC_QDQ_U8S8_PER_CHANNEL,HYBRID_PROTOTYPE,Other,0.9132629632949829,Fruits & Vegetables,0.906919002532959,0.006343960762023926,"[""Other"", ""Fruits & Vegetables"", ""Shopping""]","[0.9132629632949829, 0.906919002532959, 0.9022338390350342]",False,False
milk_1l,لبن كامل الدسم,Groceries,ar,clean,E5_STATIC_QDQ_U8S8_PER_CHANNEL,HYBRID_PROTOTYPE,Medicine,0.9380138516426086,Household,0.9347126483917236,0.0033012032508850098,"[""Medicine"", ""Household"", ""Fruits & Vegetables""]","[0.9380138516426086, 0.9347126483917236, 0.9320930242538452]",False,False
rice_1kg,كيس أرز 1 كيلو,Groceries,ar,clean,E5_STATIC_QDQ_U8S8_PER_CHANNEL,HYBRID_PROTOTYPE,Groceries,0.9167905449867249,Fruits & Vegetables,0.9156904220581055,0.0011001229286193848,"[""Groceries"", ""Fruits & Vegetables"", ""Restaurants""]","[0.9167905449867249, 0.9156904220581055, 0.914613664150238]",True,True
groceries_8,علبة تونة,Groceries,ar,clean,E5_STATIC_QDQ_U8S8_PER_CHANNEL,HYBRID_PROTOTYPE,Medicine,0.9315327405929565,Fruits & Vegetables,0.9301725625991821,0.001360177993774414,"[""Medicine"", ""Fruits & Vegetables"", ""Household""]","[0.9315327405929565, 0.9301725625991821, 0.9290114641189575]",False,False
milk_1l,Fresh Milk لبن,Groceries,mixed,mixed_language,E5_STATIC_QDQ_U8S8_PER_CHANNEL,HYBRID_PROTOTYPE,Fruits & Vegetables,0.9091320037841797,Restaurants,0.908990204334259,0.0001417994499206543,"[""Fruits & Vegetables"", ""Restaurants"", ""Groceries""]","[0.9091320037841797, 0.908990204334259, 0.9084320068359375]",False,True
chicken_breast,Chicken فراخ مجمدة,Groceries,mixed,mixed_language,E5_STATIC_QDQ_U8S8_PER_CHANNEL,HYBRID_PROTOTYPE,Other,0.9266705513000488,Fruits & Vegetables,0.926011323928833,0.0006592273712158203,"[""Other"", ""Fruits & Vegetables"", ""Medicine""]","[0.9266705513000488, 0.926011323928833, 0.9249290227890015]",False,False
milk_1l,M1LK 1L,Groceries,en,ocr_noise,E5_STATIC_QDQ_U8S8_PER_CHANNEL,HYBRID_PROTOTYPE,Fruits & Vegetables,0.8846414685249329,Groceries,0.8823181390762329,0.002323329448699951,"[""Fruits & Vegetables"", ""Groceries"", ""Medicine""]","[0.8846414685249329, 0.8823181390762329, 0.882028341293335]",False,True
rice_1kg,R1CE 1KG,Groceries,en,ocr_noise,E5_STATIC_QDQ_U8S8_PER_CHANNEL,HYBRID_PROTOTYPE,Fruits & Vegetables,0.9060556888580322,Medicine,0.9052477478981018,0.0008079409599304199,"[""Fruits & Vegetables"", ""Medicine"", ""Groceries""]","[0.9060556888580322, 0.9052477478981018, 0.90436851978302]",False,True
banana,Banana,Fruits & Vegetables,en,clean,E5_STATIC_QDQ_U8S8_PER_CHANNEL,HYBRID_PROTOTYPE,Fruits & Vegetables,0.8807753920555115,Groceries,0.8795295357704163,0.0012458562850952148,"[""Fruits & Vegetables"", ""Groceries"", ""Medicine""]","[0.8807753920555115, 0.8795295357704163, 0.8789722919464111]",True,True
tomatoes,Fresh Tomatoes,Fruits & Vegetables,en,clean,E5_STATIC_QDQ_U8S8_PER_CHANNEL,HYBRID_PROTOTYPE,Fruits & Vegetables,0.9139541387557983,Groceries,0.9095019102096558,0.004452228546142578,"[""Fruits & Vegetables"", ""Groceries"", ""Other""]","[0.9139541387557983, 0.9095019102096558, 0.9075117111206055]",True,True
apples,Green Apples,Fruits & Vegetables,en,clean,E5_STATIC_QDQ_U8S8_PER_CHANNEL,HYBRID_PROTOTYPE,Fruits & Vegetables,0.9078502655029297,Shopping,0.9039452075958252,0.003905057907104492,"[""Fruits & Vegetables"", ""Shopping"", ""Other""]","[0.9078502655029297, 0.9039452075958252, 0.9022821187973022]",True,True
cucumber,Cucumber Pack,Fruits & Vegetables,en,clean,E5_STATIC_QDQ_U8S8_PER_CHANNEL,HYBRID_PROTOTYPE,Fruits & Vegetables,0.9167168140411377,Other,0.9103807210922241,0.006336092948913574,"[""Fruits & Vegetables"", ""Other"", ""Transport""]","[0.9167168140411377, 0.9103807210922241, 0.9103024005889893]",True,True
tomatoes,طماطم,Fruits & Vegetables,ar,clean,E5_STATIC_QDQ_U8S8_PER_CHANNEL,HYBRID_PROTOTYPE,Fruits & Vegetables,0.9122151136398315,Medicine,0.9121710658073425,4.404783248901367e-05,"[""Fruits & Vegetables"", ""Medicine"", ""Transport""]","[0.9122151136398315, 0.9121710658073425, 0.9104800224304199]",True,True
apples,تفاح,Fruits & Vegetables,ar,clean,E5_STATIC_QDQ_U8S8_PER_CHANNEL,HYBRID_PROTOTYPE,Fruits & Vegetables,0.9107550382614136,Medicine,0.9046159982681274,0.006139039993286133,"[""Fruits & Vegetables"", ""Medicine"", ""Bills""]","[0.9107550382614136, 0.9046159982681274, 0.902990460395813]",True,True
banana,موز بلدي,Fruits & Vegetables,ar,clean,E5_STATIC_QDQ_U8S8_PER_CHANNEL,HYBRID_PROTOTYPE,Other,0.9111664295196533,Entertainment,0.909380316734314,0.0017861127853393555,"[""Other"", ""Entertainment"", ""Fruits & Vegetables""]","[0.9111664295196533, 0.909380316734314, 0.9087479114532471]",False,True
cucumber,خيار طازج,Fruits & Vegetables,ar,clean,E5_STATIC_QDQ_U8S8_PER_CHANNEL,HYBRID_PROTOTYPE,Other,0.9199250340461731,Groceries,0.9182958602905273,0.001629173755645752,"[""Other"", ""Groceries"", ""Fruits & Vegetables""]","[0.9199250340461731, 0.9182958602905273, 0.9176992177963257]",False,True
banana,Banana موز,Fruits & Vegetables,mixed,mixed_language,E5_STATIC_QDQ_U8S8_PER_CHANNEL,HYBRID_PROTOTYPE,Fruits & Vegetables,0.8784611225128174,Transport,0.8762496709823608,0.002211451530456543,"[""Fruits & Vegetables"", ""Transport"", ""Medicine""]","[0.8784611225128174, 0.8762496709823608, 0.8759943246841431]",True,True
tomatoes,Fresh طماطم,Fruits & Vegetables,mixed,mixed_language,E5_STATIC_QDQ_U8S8_PER_CHANNEL,HYBRID_PROTOTYPE,Fruits & Vegetables,0.9231525659561157,Household,0.9211769104003906,0.0019756555557250977,"[""Fruits & Vegetables"", ""Household"", ""Medicine""]","[0.9231525659561157, 0.9211769104003906, 0.9198268055915833]",True,True
tomatoes,T0MAT0ES,Fruits & Vegetables,en,ocr_noise,E5_STATIC_QDQ_U8S8_PER_CHANNEL,HYBRID_PROTOTYPE,Groceries,0.9095042943954468,Fruits & Vegetables,0.9088943004608154,0.0006099939346313477,"[""Groceries"", ""Fruits & Vegetables"", ""Shopping""]","[0.9095042943954468, 0.9088943004608154, 0.9085427522659302]",False,True
apples,تفـاح,Fruits & Vegetables,ar,ocr_noise,E5_STATIC_QDQ_U8S8_PER_CHANNEL,HYBRID_PROTOTYPE,Other,0.9236462712287903,Fruits & Vegetables,0.9225393533706665,0.0011069178581237793,"[""Other"", ""Fruits & Vegetables"", ""Medicine""]","[0.9236462712287903, 0.9225393533706665, 0.9223535060882568]",False,True
mcchicken_meal,McChicken Meal,Restaurants,en,clean,E5_STATIC_QDQ_U8S8_PER_CHANNEL,HYBRID_PROTOTYPE,Medicine,0.9213786125183105,Other,0.919227123260498,0.0021514892578125,"[""Medicine"", ""Other"", ""Fruits & Vegetables""]","[0.9213786125183105, 0.919227123260498, 0.9171611070632935]",False,False
margherita_pizza,Margherita Pizza,Restaurants,en,clean,E5_STATIC_QDQ_U8S8_PER_CHANNEL,HYBRID_PROTOTYPE,Medicine,0.9059228897094727,Fruits & Vegetables,0.9042454361915588,0.0016774535179138184,"[""Medicine"", ""Fruits & Vegetables"", ""Groceries""]","[0.9059228897094727, 0.9042454361915588, 0.9029744267463684]",False,False
coffee,Cappuccino,Restaurants,en,clean,E5_STATIC_QDQ_U8S8_PER_CHANNEL,HYBRID_PROTOTYPE,Fruits & Vegetables,0.8794412612915039,Medicine,0.8757338523864746,0.003707408905029297,"[""Fruits & Vegetables"", ""Medicine"", ""Groceries""]","[0.8794412612915039, 0.8757338523864746, 0.8721095323562622]",False,False
restaurants_kfc_family_meal,KFC Family Meal,Restaurants,en,clean,E5_STATIC_QDQ_U8S8_PER_CHANNEL,HYBRID_PROTOTYPE,Fruits & Vegetables,0.9171915054321289,Groceries,0.9169539213180542,0.00023758411407470703,"[""Fruits & Vegetables"", ""Groceries"", ""Medicine""]","[0.9171915054321289, 0.9169539213180542, 0.9160876274108887]",False,False
margherita_pizza,بيتزا مارجريتا,Restaurants,ar,clean,E5_STATIC_QDQ_U8S8_PER_CHANNEL,HYBRID_PROTOTYPE,Fruits & Vegetables,0.9180542230606079,Groceries,0.9176427125930786,0.0004115104675292969,"[""Fruits & Vegetables"", ""Groceries"", ""Household""]","[0.9180542230606079, 0.9176427125930786, 0.9165691137313843]",False,False
burger_meal,وجبة برجر,Restaurants,ar,clean,E5_STATIC_QDQ_U8S8_PER_CHANNEL,HYBRID_PROTOTYPE,Fruits & Vegetables,0.9200447201728821,Medicine,0.91993248462677,0.00011223554611206055,"[""Fruits & Vegetables"", ""Medicine"", ""Other""]","[0.9200447201728821, 0.91993248462677, 0.9194542169570923]",False,False
coffee,قهوة لاتيه,Restaurants,ar,clean,E5_STATIC_QDQ_U8S8_PER_CHANNEL,HYBRID_PROTOTYPE,Fruits & Vegetables,0.9180771708488464,Medicine,0.913739800453186,0.0043373703956604,"[""Fruits & Vegetables"", ""Medicine"", ""Shopping""]","[0.9180771708488464, 0.913739800453186, 0.9137150049209595]",False,False
restaurants_32,ساندوتش شاورما,Restaurants,ar,clean,E5_STATIC_QDQ_U8S8_PER_CHANNEL,HYBRID_PROTOTYPE,Fruits & Vegetables,0.9276394844055176,Household,0.926860511302948,0.0007789731025695801,"[""Fruits & Vegetables"", ""Household"", ""Groceries""]","[0.9276394844055176, 0.926860511302948, 0.9240398406982422]",False,False
coffee,Coffee قهوة,Restaurants,mixed,mixed_language,E5_STATIC_QDQ_U8S8_PER_CHANNEL,HYBRID_PROTOTYPE,Fruits & Vegetables,0.9143745303153992,Restaurants,0.9126123189926147,0.0017622113227844238,"[""Fruits & Vegetables"", ""Restaurants"", ""Shopping""]","[0.9143745303153992, 0.9126123189926147, 0.9103325605392456]",False,True
burger_meal,Burger وجبة,Restaurants,mixed,mixed_language,E5_STATIC_QDQ_U8S8_PER_CHANNEL,HYBRID_PROTOTYPE,Fruits & Vegetables,0.9236121773719788,Bills,0.9195458889007568,0.004066288471221924,"[""Fruits & Vegetables"", ""Bills"", ""Other""]","[0.9236121773719788, 0.9195458889007568, 0.9193361401557922]",False,False
mcchicken_meal,McCh1cken MeaI,Restaurants,en,ocr_noise,E5_STATIC_QDQ_U8S8_PER_CHANNEL,HYBRID_PROTOTYPE,Medicine,0.9287635684013367,Fruits & Vegetables,0.9275593757629395,0.0012041926383972168,"[""Medicine"", ""Fruits & Vegetables"", ""Groceries""]","[0.9287635684013367, 0.9275593757629395, 0.925647497177124]",False,False
margherita_pizza,P1ZZA MARGHER1TA,Restaurants,en,ocr_noise,E5_STATIC_QDQ_U8S8_PER_CHANNEL,HYBRID_PROTOTYPE,Groceries,0.9186491966247559,Fruits & Vegetables,0.917087733745575,0.0015614628791809082,"[""Groceries"", ""Fruits & Vegetables"", ""Medicine""]","[0.9186491966247559, 0.917087733745575, 0.9142431020736694]",False,False
uber_trip,Uber Trip,Transport,en,clean,E5_STATIC_QDQ_U8S8_PER_CHANNEL,HYBRID_PROTOTYPE,Fruits & Vegetables,0.9096702337265015,Transport,0.9079833626747131,0.00168687105178833,"[""Fruits & Vegetables"", ""Transport"", ""Entertainment""]","[0.9096702337265015, 0.9079833626747131, 0.9062373638153076]",False,True
careem_ride,Careem Ride,Transport,en,clean,E5_STATIC_QDQ_U8S8_PER_CHANNEL,HYBRID_PROTOTYPE,Other,0.9304246306419373,Medicine,0.9267973899841309,0.0036272406578063965,"[""Other"", ""Medicine"", ""Fruits & Vegetables""]","[0.9304246306419373, 0.9267973899841309, 0.9249395132064819]",False,False
metro_ticket,Cairo Metro Ticket,Transport,en,clean,E5_STATIC_QDQ_U8S8_PER_CHANNEL,HYBRID_PROTOTYPE,Fruits & Vegetables,0.919079065322876,Medicine,0.9165033102035522,0.0025757551193237305,"[""Fruits & Vegetables"", ""Medicine"", ""Shopping""]","[0.919079065322876, 0.9165033102035522, 0.9141334295272827]",False,False
gasoline_92,Gasoline 92,Transport,en,clean,E5_STATIC_QDQ_U8S8_PER_CHANNEL,HYBRID_PROTOTYPE,Fruits & Vegetables,0.9244320392608643,Groceries,0.9224488735198975,0.001983165740966797,"[""Fruits & Vegetables"", ""Groceries"", ""Other""]","[0.9244320392608643, 0.9224488735198975, 0.9204069375991821]",False,False
uber_trip,رحلة أوبر,Transport,ar,clean,E5_STATIC_QDQ_U8S8_PER_CHANNEL,HYBRID_PROTOTYPE,Fruits & Vegetables,0.9160152673721313,Household,0.9159295558929443,8.571147918701172e-05,"[""Fruits & Vegetables"", ""Household"", ""Medicine""]","[0.9160152673721313, 0.9159295558929443, 0.9136958718299866]",False,False
careem_ride,مشوار كريم,Transport,ar,clean,E5_STATIC_QDQ_U8S8_PER_CHANNEL,HYBRID_PROTOTYPE,Fruits & Vegetables,0.8979732990264893,Entertainment,0.8978579044342041,0.00011539459228515625,"[""Fruits & Vegetables"", ""Entertainment"", ""Other""]","[0.8979732990264893, 0.8978579044342041, 0.8930767774581909]",False,False
metro_ticket,تذكرة مترو,Transport,ar,clean,E5_STATIC_QDQ_U8S8_PER_CHANNEL,HYBRID_PROTOTYPE,Entertainment,0.9158905744552612,Other,0.910557746887207,0.005332827568054199,"[""Entertainment"", ""Other"", ""Medicine""]","[0.9158905744552612, 0.910557746887207, 0.9098728895187378]",False,False
gasoline_92,بنزين 92,Transport,ar,clean,E5_STATIC_QDQ_U8S8_PER_CHANNEL,HYBRID_PROTOTYPE,Medicine,0.9083107709884644,Groceries,0.9075969457626343,0.0007138252258300781,"[""Medicine"", ""Groceries"", ""Fruits & Vegetables""]","[0.9083107709884644, 0.9075969457626343, 0.9031036496162415]",False,False
uber_trip,Uber مشوار,Transport,mixed,mixed_language,E5_STATIC_QDQ_U8S8_PER_CHANNEL,HYBRID_PROTOTYPE,Fruits & Vegetables,0.9201827049255371,Transport,0.917144775390625,0.0030379295349121094,"[""Fruits & Vegetables"", ""Transport"", ""Medicine""]","[0.9201827049255371, 0.917144775390625, 0.9155898094177246]",False,True
careem_ride,Careem رحلة,Transport,mixed,mixed_language,E5_STATIC_QDQ_U8S8_PER_CHANNEL,HYBRID_PROTOTYPE,Other,0.922351598739624,Fruits & Vegetables,0.9189750552177429,0.0033765435218811035,"[""Other"", ""Fruits & Vegetables"", ""Medicine""]","[0.922351598739624, 0.9189750552177429, 0.9184116721153259]",False,False
uber_trip,UBER TR1P,Transport,en,ocr_noise,E5_STATIC_QDQ_U8S8_PER_CHANNEL,HYBRID_PROTOTYPE,Bills,0.915086030960083,Fruits & Vegetables,0.9123480916023254,0.0027379393577575684,"[""Bills"", ""Fruits & Vegetables"", ""Medicine""]","[0.915086030960083, 0.9123480916023254, 0.9103636145591736]",False,False
careem_ride,CAR EEM R1DE,Transport,en,ocr_noise,E5_STATIC_QDQ_U8S8_PER_CHANNEL,HYBRID_PROTOTYPE,Groceries,0.9257781505584717,Other,0.925666332244873,0.00011181831359863281,"[""Groceries"", ""Other"", ""Medicine""]","[0.9257781505584717, 0.925666332244873, 0.9254465103149414]",False,False
dettol_floor_cleaner,Dettol Floor Cleaner,Household,en,clean,E5_STATIC_QDQ_U8S8_PER_CHANNEL,HYBRID_PROTOTYPE,Shopping,0.9231915473937988,Household,0.921644926071167,0.001546621322631836,"[""Shopping"", ""Household"", ""Groceries""]","[0.9231915473937988, 0.921644926071167, 0.9208900928497314]",False,True
fairy_dish_liquid,Fairy Dishwashing Liquid,Household,en,clean,E5_STATIC_QDQ_U8S8_PER_CHANNEL,HYBRID_PROTOTYPE,Household,0.9170148372650146,Groceries,0.9121496677398682,0.004865169525146484,"[""Household"", ""Groceries"", ""Other""]","[0.9170148372650146, 0.9121496677398682, 0.9061528444290161]",True,True
persil_gel,Persil Gel,Household,en,clean,E5_STATIC_QDQ_U8S8_PER_CHANNEL,HYBRID_PROTOTYPE,Other,0.9059763550758362,Fruits & Vegetables,0.9045822620391846,0.0013940930366516113,"[""Other"", ""Fruits & Vegetables"", ""Groceries""]","[0.9059763550758362, 0.9045822620391846, 0.9039796590805054]",False,False
clorox_bleach,Clorox Bleach,Household,en,clean,E5_STATIC_QDQ_U8S8_PER_CHANNEL,HYBRID_PROTOTYPE,Household,0.9208595156669617,Groceries,0.9207308292388916,0.00012868642807006836,"[""Household"", ""Groceries"", ""Fruits & Vegetables""]","[0.9208595156669617, 0.9207308292388916, 0.919617772102356]",True,True
dettol_floor_cleaner,منظف أرضيات ديتول,Household,ar,clean,E5_STATIC_QDQ_U8S8_PER_CHANNEL,HYBRID_PROTOTYPE,Household,0.9388638734817505,Medicine,0.9376192688941956,0.0012446045875549316,"[""Household"", ""Medicine"", ""Other""]","[0.9388638734817505, 0.9376192688941956, 0.9347613453865051]",True,True
fairy_dish_liquid,سائل غسيل أطباق,Household,ar,clean,E5_STATIC_QDQ_U8S8_PER_CHANNEL,HYBRID_PROTOTYPE,Household,0.9420987367630005,Shopping,0.9395524859428406,0.002546250820159912,"[""Household"", ""Shopping"", ""Fruits & Vegetables""]","[0.9420987367630005, 0.9395524859428406, 0.9371848702430725]",True,True
persil_gel,مسحوق غسيل برسيل,Household,ar,clean,E5_STATIC_QDQ_U8S8_PER_CHANNEL,HYBRID_PROTOTYPE,Household,0.9265700578689575,Fruits & Vegetables,0.9238533973693848,0.002716660499572754,"[""Household"", ""Fruits & Vegetables"", ""Shopping""]","[0.9265700578689575, 0.9238533973693848, 0.9211615920066833]",True,True
clorox_bleach,كلور مبيض,Household,ar,clean,E5_STATIC_QDQ_U8S8_PER_CHANNEL,HYBRID_PROTOTYPE,Fruits & Vegetables,0.9172743558883667,Groceries,0.913681149482727,0.0035932064056396484,"[""Fruits & Vegetables"", ""Groceries"", ""Shopping""]","[0.9172743558883667, 0.913681149482727, 0.912711501121521]",False,False
dettol_floor_cleaner,Dettol منظف أرضيات,Household,mixed,mixed_language,E5_STATIC_QDQ_U8S8_PER_CHANNEL,HYBRID_PROTOTYPE,Other,0.945855975151062,Medicine,0.9446839094161987,0.0011720657348632812,"[""Other"", ""Medicine"", ""Household""]","[0.945855975151062, 0.9446839094161987, 0.9433102607727051]",False,True
fairy_dish_liquid,Fairy صابون أطباق,Household,mixed,mixed_language,E5_STATIC_QDQ_U8S8_PER_CHANNEL,HYBRID_PROTOTYPE,Medicine,0.9246701002120972,Fruits & Vegetables,0.9243332147598267,0.0003368854522705078,"[""Medicine"", ""Fruits & Vegetables"", ""Household""]","[0.9246701002120972, 0.9243332147598267, 0.922924816608429]",False,True
dettol_floor_cleaner,DettoI Floor C1eaner,Household,en,ocr_noise,E5_STATIC_QDQ_U8S8_PER_CHANNEL,HYBRID_PROTOTYPE,Shopping,0.9353209733963013,Medicine,0.9327815771102905,0.002539396286010742,"[""Shopping"", ""Medicine"", ""Fruits & Vegetables""]","[0.9353209733963013, 0.9327815771102905, 0.9311168193817139]",False,False
persil_gel,PersiI GeI,Household,en,ocr_noise,E5_STATIC_QDQ_U8S8_PER_CHANNEL,HYBRID_PROTOTYPE,Medicine,0.9152738451957703,Fruits & Vegetables,0.9150710105895996,0.0002028346061706543,"[""Medicine"", ""Fruits & Vegetables"", ""Bills""]","[0.9152738451957703, 0.9150710105895996, 0.9145462512969971]",False,False
panadol_extra,Panadol Extra,Medicine,en,clean,E5_STATIC_QDQ_U8S8_PER_CHANNEL,HYBRID_PROTOTYPE,Other,0.8986407518386841,Fruits & Vegetables,0.8972756862640381,0.001365065574645996,"[""Other"", ""Fruits & Vegetables"", ""Medicine""]","[0.8986407518386841, 0.8972756862640381, 0.892158031463623]",False,True
brufen_400,Brufen 400,Medicine,en,clean,E5_STATIC_QDQ_U8S8_PER_CHANNEL,HYBRID_PROTOTYPE,Fruits & Vegetables,0.9020218253135681,Other,0.9016475677490234,0.00037425756454467773,"[""Fruits & Vegetables"", ""Other"", ""Medicine""]","[0.9020218253135681, 0.9016475677490234, 0.9006584882736206]",False,True
folic_acid_600_mcg,Folic Acid 600 MCG,Medicine,en,clean,E5_STATIC_QDQ_U8S8_PER_CHANNEL,HYBRID_PROTOTYPE,Restaurants,0.9241801500320435,Fruits & Vegetables,0.9229801297187805,0.0012000203132629395,"[""Restaurants"", ""Fruits & Vegetables"", ""Medicine""]","[0.9241801500320435, 0.9229801297187805, 0.9223904013633728]",False,True
immulant_plus_20_cap,Immulant Plus 20 Cap,Medicine,en,clean,E5_STATIC_QDQ_U8S8_PER_CHANNEL,HYBRID_PROTOTYPE,Medicine,0.9250925779342651,Fruits & Vegetables,0.9202409982681274,0.004851579666137695,"[""Medicine"", ""Fruits & Vegetables"", ""Other""]","[0.9250925779342651, 0.9202409982681274, 0.9128555059432983]",True,True
panadol_extra,بنادول إكسترا,Medicine,ar,clean,E5_STATIC_QDQ_U8S8_PER_CHANNEL,HYBRID_PROTOTYPE,Other,0.9318513870239258,Medicine,0.9312173128128052,0.0006340742111206055,"[""Other"", ""Medicine"", ""Fruits & Vegetables""]","[0.9318513870239258, 0.9312173128128052, 0.9290395379066467]",False,True
brufen_400,بروفين 400,Medicine,ar,clean,E5_STATIC_QDQ_U8S8_PER_CHANNEL,HYBRID_PROTOTYPE,Groceries,0.8983297348022461,Fruits & Vegetables,0.8981987833976746,0.0001309514045715332,"[""Groceries"", ""Fruits & Vegetables"", ""Other""]","[0.8983297348022461, 0.8981987833976746, 0.8974602222442627]",False,False
folic_acid_600_mcg,حمض الفوليك,Medicine,ar,clean,E5_STATIC_QDQ_U8S8_PER_CHANNEL,HYBRID_PROTOTYPE,Fruits & Vegetables,0.9301179051399231,Groceries,0.9245299100875854,0.0055879950523376465,"[""Fruits & Vegetables"", ""Groceries"", ""Medicine""]","[0.9301179051399231, 0.9245299100875854, 0.9237406253814697]",False,True
medicine_68,فيتامين سي,Medicine,ar,clean,E5_STATIC_QDQ_U8S8_PER_CHANNEL,HYBRID_PROTOTYPE,Medicine,0.9261158108711243,Other,0.9251644015312195,0.0009514093399047852,"[""Medicine"", ""Other"", ""Fruits & Vegetables""]","[0.9261158108711243, 0.9251644015312195, 0.9239470362663269]",True,True
panadol_extra,Panadol مسكن,Medicine,mixed,mixed_language,E5_STATIC_QDQ_U8S8_PER_CHANNEL,HYBRID_PROTOTYPE,Fruits & Vegetables,0.9063520431518555,Other,0.9046990871429443,0.0016529560089111328,"[""Fruits & Vegetables"", ""Other"", ""Medicine""]","[0.9063520431518555, 0.9046990871429443, 0.9044950604438782]",False,True
vitamin_d,Vitamin D فيتامين,Medicine,mixed,mixed_language,E5_STATIC_QDQ_U8S8_PER_CHANNEL,HYBRID_PROTOTYPE,Medicine,0.9284208416938782,Groceries,0.9228761792182922,0.0055446624755859375,"[""Medicine"", ""Groceries"", ""Other""]","[0.9284208416938782, 0.9228761792182922, 0.9192507266998291]",True,True
panadol_extra,PANAD0L EXTRA,Medicine,en,ocr_noise,E5_STATIC_QDQ_U8S8_PER_CHANNEL,HYBRID_PROTOTYPE,Groceries,0.9150714874267578,Fruits & Vegetables,0.9105949401855469,0.0044765472412109375,"[""Groceries"", ""Fruits & Vegetables"", ""Medicine""]","[0.9150714874267578, 0.9105949401855469, 0.9091817140579224]",False,True
folic_acid_600_mcg,F0LIC ACID 600 MCG,Medicine,en,ocr_noise,E5_STATIC_QDQ_U8S8_PER_CHANNEL,HYBRID_PROTOTYPE,Medicine,0.9092142581939697,Groceries,0.9082868099212646,0.0009274482727050781,"[""Medicine"", ""Groceries"", ""Restaurants""]","[0.9092142581939697, 0.9082868099212646, 0.9078477025032043]",True,True
immulant_plus_20_cap,MLANT PLUS 20 CAP,Medicine,en,ocr_noise,E5_STATIC_QDQ_U8S8_PER_CHANNEL,HYBRID_PROTOTYPE,Fruits & Vegetables,0.9020918607711792,Medicine,0.9002724289894104,0.0018194317817687988,"[""Fruits & Vegetables"", ""Medicine"", ""Other""]","[0.9020918607711792, 0.9002724289894104, 0.8977965116500854]",False,True
folic_acid_600_mcg,FoLic AciD 600 McG,Medicine,en,ocr_noise,E5_STATIC_QDQ_U8S8_PER_CHANNEL,HYBRID_PROTOTYPE,Other,0.9320375919342041,Medicine,0.9301557540893555,0.0018818378448486328,"[""Other"", ""Medicine"", ""Restaurants""]","[0.9320375919342041, 0.9301557540893555, 0.9298349022865295]",False,True
cotton_tshirt,Cotton T Shirt,Shopping,en,clean,E5_STATIC_QDQ_U8S8_PER_CHANNEL,HYBRID_PROTOTYPE,Transport,0.8650816679000854,Entertainment,0.8625786304473877,0.002503037452697754,"[""Transport"", ""Entertainment"", ""Medicine""]","[0.8650816679000854, 0.8625786304473877, 0.8609122633934021]",False,False
running_shoes,Running Shoes,Shopping,en,clean,E5_STATIC_QDQ_U8S8_PER_CHANNEL,HYBRID_PROTOTYPE,Fruits & Vegetables,0.9147771596908569,Groceries,0.9114254713058472,0.0033516883850097656,"[""Fruits & Vegetables"", ""Groceries"", ""Other""]","[0.9147771596908569, 0.9114254713058472, 0.907921552658081]",False,False
wireless_headphones,Wireless Headphones,Shopping,en,clean,E5_STATIC_QDQ_U8S8_PER_CHANNEL,HYBRID_PROTOTYPE,Fruits & Vegetables,0.9023780822753906,Bills,0.9011615514755249,0.0012165307998657227,"[""Fruits & Vegetables"", ""Bills"", ""Other""]","[0.9023780822753906, 0.9011615514755249, 0.9002766609191895]",False,False
phone_charger,Phone Charger,Shopping,en,clean,E5_STATIC_QDQ_U8S8_PER_CHANNEL,HYBRID_PROTOTYPE,Other,0.9097826480865479,Fruits & Vegetables,0.9079645872116089,0.0018180608749389648,"[""Other"", ""Fruits & Vegetables"", ""Bills""]","[0.9097826480865479, 0.9079645872116089, 0.9054121375083923]",False,False
cotton_tshirt,تيشيرت قطن,Shopping,ar,clean,E5_STATIC_QDQ_U8S8_PER_CHANNEL,HYBRID_PROTOTYPE,Fruits & Vegetables,0.9162904024124146,Groceries,0.9159495830535889,0.0003408193588256836,"[""Fruits & Vegetables"", ""Groceries"", ""Medicine""]","[0.9162904024124146, 0.9159495830535889, 0.9147219657897949]",False,False
running_shoes,حذاء رياضي,Shopping,ar,clean,E5_STATIC_QDQ_U8S8_PER_CHANNEL,HYBRID_PROTOTYPE,Household,0.9179323315620422,Groceries,0.9167946577072144,0.0011376738548278809,"[""Household"", ""Groceries"", ""Fruits & Vegetables""]","[0.9179323315620422, 0.9167946577072144, 0.9166040420532227]",False,False
wireless_headphones,سماعات بلوتوث,Shopping,ar,clean,E5_STATIC_QDQ_U8S8_PER_CHANNEL,HYBRID_PROTOTYPE,Household,0.9321943521499634,Shopping,0.929182767868042,0.0030115842819213867,"[""Household"", ""Shopping"", ""Groceries""]","[0.9321943521499634, 0.929182767868042, 0.9266778826713562]",False,True
phone_charger,شاحن موبايل,Shopping,ar,clean,E5_STATIC_QDQ_U8S8_PER_CHANNEL,HYBRID_PROTOTYPE,Fruits & Vegetables,0.9329719543457031,Household,0.9310786724090576,0.0018932819366455078,"[""Fruits & Vegetables"", ""Household"", ""Shopping""]","[0.9329719543457031, 0.9310786724090576, 0.9282390475273132]",False,True
running_shoes,Nike حذاء,Shopping,mixed,mixed_language,E5_STATIC_QDQ_U8S8_PER_CHANNEL,HYBRID_PROTOTYPE,Fruits & Vegetables,0.9005682468414307,Groceries,0.8983899354934692,0.0021783113479614258,"[""Fruits & Vegetables"", ""Groceries"", ""Shopping""]","[0.9005682468414307, 0.8983899354934692, 0.8977888822555542]",False,True
wireless_headphones,Headphones سماعات,Shopping,mixed,mixed_language,E5_STATIC_QDQ_U8S8_PER_CHANNEL,HYBRID_PROTOTYPE,Other,0.9184948205947876,Entertainment,0.9183456897735596,0.00014913082122802734,"[""Other"", ""Entertainment"", ""Shopping""]","[0.9184948205947876, 0.9183456897735596, 0.917076826095581]",False,True
wireless_headphones,W1RELESS HEADPH0NES,Shopping,en,ocr_noise,E5_STATIC_QDQ_U8S8_PER_CHANNEL,HYBRID_PROTOTYPE,Household,0.9250580072402954,Groceries,0.9228790998458862,0.0021789073944091797,"[""Household"", ""Groceries"", ""Fruits & Vegetables""]","[0.9250580072402954, 0.9228790998458862, 0.9206905961036682]",False,False
phone_charger,PH0NE CHARGER,Shopping,en,ocr_noise,E5_STATIC_QDQ_U8S8_PER_CHANNEL,HYBRID_PROTOTYPE,Household,0.9033167362213135,Groceries,0.9032031893730164,0.00011354684829711914,"[""Household"", ""Groceries"", ""Restaurants""]","[0.9033167362213135, 0.9032031893730164, 0.9023119211196899]",False,False
electricity_bill,Electricity Bill,Bills,en,clean,E5_STATIC_QDQ_U8S8_PER_CHANNEL,HYBRID_PROTOTYPE,Bills,0.9124236106872559,Fruits & Vegetables,0.9078240394592285,0.004599571228027344,"[""Bills"", ""Fruits & Vegetables"", ""Medicine""]","[0.9124236106872559, 0.9078240394592285, 0.9074829816818237]",True,True
internet_bill,WE Internet Bill,Bills,en,clean,E5_STATIC_QDQ_U8S8_PER_CHANNEL,HYBRID_PROTOTYPE,Bills,0.9093371629714966,Other,0.899387001991272,0.00995016098022461,"[""Bills"", ""Other"", ""Fruits & Vegetables""]","[0.9093371629714966, 0.899387001991272, 0.8949528336524963]",True,True
water_bill,Water Utility Bill,Bills,en,clean,E5_STATIC_QDQ_U8S8_PER_CHANNEL,HYBRID_PROTOTYPE,Bills,0.9161361455917358,Other,0.9125699400901794,0.0035662055015563965,"[""Bills"", ""Other"", ""Medicine""]","[0.9161361455917358, 0.9125699400901794, 0.9071208238601685]",True,True
mobile_bill,Mobile Phone Bill,Bills,en,clean,E5_STATIC_QDQ_U8S8_PER_CHANNEL,HYBRID_PROTOTYPE,Bills,0.8881632685661316,Fruits & Vegetables,0.8809170126914978,0.007246255874633789,"[""Bills"", ""Fruits & Vegetables"", ""Transport""]","[0.8881632685661316, 0.8809170126914978, 0.8797627091407776]",True,True
electricity_bill,فاتورة كهرباء,Bills,ar,clean,E5_STATIC_QDQ_U8S8_PER_CHANNEL,HYBRID_PROTOTYPE,Groceries,0.9372214078903198,Restaurants,0.9358185529708862,0.0014028549194335938,"[""Groceries"", ""Restaurants"", ""Fruits & Vegetables""]","[0.9372214078903198, 0.9358185529708862, 0.9356885552406311]",False,False
internet_bill,فاتورة انترنت WE,Bills,mixed,mixed_language,E5_STATIC_QDQ_U8S8_PER_CHANNEL,HYBRID_PROTOTYPE,Bills,0.9330761432647705,Other,0.926965057849884,0.006111085414886475,"[""Bills"", ""Other"", ""Groceries""]","[0.9330761432647705, 0.926965057849884, 0.9263147711753845]",True,True
water_bill,فاتورة مياه,Bills,ar,clean,E5_STATIC_QDQ_U8S8_PER_CHANNEL,HYBRID_PROTOTYPE,Fruits & Vegetables,0.9176369905471802,Bills,0.9165157079696655,0.0011212825775146484,"[""Fruits & Vegetables"", ""Bills"", ""Groceries""]","[0.9176369905471802, 0.9165157079696655, 0.9128140807151794]",False,True
gas_bill,فاتورة غاز,Bills,ar,clean,E5_STATIC_QDQ_U8S8_PER_CHANNEL,HYBRID_PROTOTYPE,Fruits & Vegetables,0.9228533506393433,Groceries,0.9183063507080078,0.004546999931335449,"[""Fruits & Vegetables"", ""Groceries"", ""Medicine""]","[0.9228533506393433, 0.9183063507080078, 0.9156501293182373]",False,False
mobile_bill,Orange فاتورة موبايل,Bills,mixed,mixed_language,E5_STATIC_QDQ_U8S8_PER_CHANNEL,HYBRID_PROTOTYPE,Fruits & Vegetables,0.943030595779419,Medicine,0.94207364320755,0.0009569525718688965,"[""Fruits & Vegetables"", ""Medicine"", ""Bills""]","[0.943030595779419, 0.94207364320755, 0.939127504825592]",False,True
internet_bill,Internet فاتورة شهرية,Bills,mixed,mixed_language,E5_STATIC_QDQ_U8S8_PER_CHANNEL,HYBRID_PROTOTYPE,Bills,0.9404618740081787,Medicine,0.9321147799491882,0.008347094058990479,"[""Bills"", ""Medicine"", ""Shopping""]","[0.9404618740081787, 0.9321147799491882, 0.9294576644897461]",True,True
electricity_bill,ELECTR1C1TY B1LL,Bills,en,ocr_noise,E5_STATIC_QDQ_U8S8_PER_CHANNEL,HYBRID_PROTOTYPE,Bills,0.9012483954429626,Medicine,0.9006293416023254,0.000619053840637207,"[""Bills"", ""Medicine"", ""Groceries""]","[0.9012483954429626, 0.9006293416023254, 0.9003926515579224]",True,True
internet_bill,WE 1NTERNET B1LL,Bills,en,ocr_noise,E5_STATIC_QDQ_U8S8_PER_CHANNEL,HYBRID_PROTOTYPE,Household,0.9095317125320435,Groceries,0.909512996673584,1.8715858459472656e-05,"[""Household"", ""Groceries"", ""Medicine""]","[0.9095317125320435, 0.909512996673584, 0.9053008556365967]",False,False
netflix,Netflix,Entertainment,en,clean,E5_STATIC_QDQ_U8S8_PER_CHANNEL,HYBRID_PROTOTYPE,Entertainment,0.8824635744094849,Other,0.877162516117096,0.005301058292388916,"[""Entertainment"", ""Other"", ""Fruits & Vegetables""]","[0.8824635744094849, 0.877162516117096, 0.8760929107666016]",True,True
cinema_ticket,Cinema Ticket,Entertainment,en,clean,E5_STATIC_QDQ_U8S8_PER_CHANNEL,HYBRID_PROTOTYPE,Entertainment,0.9064167737960815,Fruits & Vegetables,0.888580322265625,0.017836451530456543,"[""Entertainment"", ""Fruits & Vegetables"", ""Medicine""]","[0.9064167737960815, 0.888580322265625, 0.8836224675178528]",True,True
playstation_game,PlayStation Game,Entertainment,en,clean,E5_STATIC_QDQ_U8S8_PER_CHANNEL,HYBRID_PROTOTYPE,Fruits & Vegetables,0.8829504251480103,Other,0.879167914390564,0.003782510757446289,"[""Fruits & Vegetables"", ""Other"", ""Entertainment""]","[0.8829504251480103, 0.879167914390564, 0.8782647848129272]",False,True
concert_ticket,Concert Ticket,Entertainment,en,clean,E5_STATIC_QDQ_U8S8_PER_CHANNEL,HYBRID_PROTOTYPE,Entertainment,0.8968015909194946,Fruits & Vegetables,0.8812223076820374,0.015579283237457275,"[""Entertainment"", ""Fruits & Vegetables"", ""Other""]","[0.8968015909194946, 0.8812223076820374, 0.8795145750045776]",True,True
cinema_ticket,تذكرة سينما,Entertainment,ar,clean,E5_STATIC_QDQ_U8S8_PER_CHANNEL,HYBRID_PROTOTYPE,Entertainment,0.9310222268104553,Transport,0.9250245690345764,0.005997657775878906,"[""Entertainment"", ""Transport"", ""Medicine""]","[0.9310222268104553, 0.9250245690345764, 0.9245206713676453]",True,True
netflix,اشتراك مشاهدة أفلام,Entertainment,ar,clean,E5_STATIC_QDQ_U8S8_PER_CHANNEL,HYBRID_PROTOTYPE,Entertainment,0.915753960609436,Groceries,0.9109444618225098,0.0048094987869262695,"[""Entertainment"", ""Groceries"", ""Fruits & Vegetables""]","[0.915753960609436, 0.9109444618225098, 0.9103683233261108]",True,True
playstation_game,لعبة بلايستيشن,Entertainment,ar,clean,E5_STATIC_QDQ_U8S8_PER_CHANNEL,HYBRID_PROTOTYPE,Other,0.9108773469924927,Shopping,0.9094254374504089,0.0014519095420837402,"[""Other"", ""Shopping"", ""Entertainment""]","[0.9108773469924927, 0.9094254374504089, 0.9089767932891846]",False,True
concert_ticket,تذكرة حفلة,Entertainment,ar,clean,E5_STATIC_QDQ_U8S8_PER_CHANNEL,HYBRID_PROTOTYPE,Other,0.9194077253341675,Entertainment,0.9189332127571106,0.00047451257705688477,"[""Other"", ""Entertainment"", ""Medicine""]","[0.9194077253341675, 0.9189332127571106, 0.9163670539855957]",False,True
netflix,Netflix اشتراك,Entertainment,mixed,mixed_language,E5_STATIC_QDQ_U8S8_PER_CHANNEL,HYBRID_PROTOTYPE,Groceries,0.9119054675102234,Other,0.9103670120239258,0.0015384554862976074,"[""Groceries"", ""Other"", ""Fruits & Vegetables""]","[0.9119054675102234, 0.9103670120239258, 0.9102033376693726]",False,False
cinema_ticket,Cinema تذكرة,Entertainment,mixed,mixed_language,E5_STATIC_QDQ_U8S8_PER_CHANNEL,HYBRID_PROTOTYPE,Entertainment,0.9378823041915894,Fruits & Vegetables,0.9283347725868225,0.009547531604766846,"[""Entertainment"", ""Fruits & Vegetables"", ""Transport""]","[0.9378823041915894, 0.9283347725868225, 0.9263119697570801]",True,True
netflix,NETFL1X,Entertainment,en,ocr_noise,E5_STATIC_QDQ_U8S8_PER_CHANNEL,HYBRID_PROTOTYPE,Fruits & Vegetables,0.9069429636001587,Groceries,0.9052146673202515,0.0017282962799072266,"[""Fruits & Vegetables"", ""Groceries"", ""Bills""]","[0.9069429636001587, 0.9052146673202515, 0.9037072658538818]",False,False
cinema_ticket,C1NEMA T1CKET,Entertainment,en,ocr_noise,E5_STATIC_QDQ_U8S8_PER_CHANNEL,HYBRID_PROTOTYPE,Groceries,0.9278256297111511,Fruits & Vegetables,0.9275628328323364,0.00026279687881469727,"[""Groceries"", ""Fruits & Vegetables"", ""Medicine""]","[0.9278256297111511, 0.9275628328323364, 0.9272545576095581]",False,False
dove_shampoo,Dove Shampoo,Personal Care,en,clean,E5_STATIC_QDQ_U8S8_PER_CHANNEL,HYBRID_PROTOTYPE,Personal Care,0.8908129930496216,Fruits & Vegetables,0.8903775811195374,0.0004354119300842285,"[""Personal Care"", ""Fruits & Vegetables"", ""Other""]","[0.8908129930496216, 0.8903775811195374, 0.8890131711959839]",True,True
nivea_face_cream,Nivea Face Cream,Personal Care,en,clean,E5_STATIC_QDQ_U8S8_PER_CHANNEL,HYBRID_PROTOTYPE,Fruits & Vegetables,0.9223431348800659,Medicine,0.9210845828056335,0.001258552074432373,"[""Fruits & Vegetables"", ""Medicine"", ""Other""]","[0.9223431348800659, 0.9210845828056335, 0.9210059642791748]",False,False
gillette_razor,Gillette Razor,Personal Care,en,clean,E5_STATIC_QDQ_U8S8_PER_CHANNEL,HYBRID_PROTOTYPE,Household,0.9136292338371277,Fruits & Vegetables,0.9076237678527832,0.006005465984344482,"[""Household"", ""Fruits & Vegetables"", ""Other""]","[0.9136292338371277, 0.9076237678527832, 0.9076101779937744]",False,False
haircut,Haircut,Personal Care,en,clean,E5_STATIC_QDQ_U8S8_PER_CHANNEL,HYBRID_PROTOTYPE,Fruits & Vegetables,0.9063453078269958,Medicine,0.9017378687858582,0.004607439041137695,"[""Fruits & Vegetables"", ""Medicine"", ""Groceries""]","[0.9063453078269958, 0.9017378687858582, 0.9008961915969849]",False,False
dove_shampoo,شامبو دوف,Personal Care,ar,clean,E5_STATIC_QDQ_U8S8_PER_CHANNEL,HYBRID_PROTOTYPE,Groceries,0.9265537261962891,Fruits & Vegetables,0.9251965284347534,0.0013571977615356445,"[""Groceries"", ""Fruits & Vegetables"", ""Other""]","[0.9265537261962891, 0.9251965284347534, 0.9248490333557129]",False,False
nivea_face_cream,كريم نيفيا للوجه,Personal Care,ar,clean,E5_STATIC_QDQ_U8S8_PER_CHANNEL,HYBRID_PROTOTYPE,Fruits & Vegetables,0.9224228858947754,Other,0.9193981885910034,0.0030246973037719727,"[""Fruits & Vegetables"", ""Other"", ""Entertainment""]","[0.9224228858947754, 0.9193981885910034, 0.9185417294502258]",False,False
gillette_razor,شفرة حلاقة,Personal Care,ar,clean,E5_STATIC_QDQ_U8S8_PER_CHANNEL,HYBRID_PROTOTYPE,Fruits & Vegetables,0.9198448657989502,Other,0.9169435501098633,0.002901315689086914,"[""Fruits & Vegetables"", ""Other"", ""Shopping""]","[0.9198448657989502, 0.9169435501098633, 0.916667103767395]",False,False
haircut,قص شعر,Personal Care,ar,clean,E5_STATIC_QDQ_U8S8_PER_CHANNEL,HYBRID_PROTOTYPE,Fruits & Vegetables,0.8927196264266968,Other,0.8907563090324402,0.001963317394256592,"[""Fruits & Vegetables"", ""Other"", ""Entertainment""]","[0.8927196264266968, 0.8907563090324402, 0.8899803161621094]",False,False
dove_shampoo,Shampoo شامبو,Personal Care,mixed,mixed_language,E5_STATIC_QDQ_U8S8_PER_CHANNEL,HYBRID_PROTOTYPE,Entertainment,0.882233738899231,Fruits & Vegetables,0.8812386989593506,0.000995039939880371,"[""Entertainment"", ""Fruits & Vegetables"", ""Personal Care""]","[0.882233738899231, 0.8812386989593506, 0.8802257180213928]",False,True
nivea_face_cream,Nivea كريم بشرة,Personal Care,mixed,mixed_language,E5_STATIC_QDQ_U8S8_PER_CHANNEL,HYBRID_PROTOTYPE,Fruits & Vegetables,0.923126220703125,Other,0.9226427674293518,0.00048345327377319336,"[""Fruits & Vegetables"", ""Other"", ""Groceries""]","[0.923126220703125, 0.9226427674293518, 0.9225437641143799]",False,False
dove_shampoo,شامبو D0VE,Personal Care,mixed,ocr_noise,E5_STATIC_QDQ_U8S8_PER_CHANNEL,HYBRID_PROTOTYPE,Household,0.92391037940979,Groceries,0.921241283416748,0.002669095993041992,"[""Household"", ""Groceries"", ""Medicine""]","[0.92391037940979, 0.921241283416748, 0.9190312623977661]",False,False
gillette_razor,G1LLETTE RAZ0R,Personal Care,en,ocr_noise,E5_STATIC_QDQ_U8S8_PER_CHANNEL,HYBRID_PROTOTYPE,Groceries,0.9222421646118164,Household,0.9213950634002686,0.0008471012115478516,"[""Groceries"", ""Household"", ""Fruits & Vegetables""]","[0.9222421646118164, 0.9213950634002686, 0.9190407991409302]",False,False
service_fee,Service Fee,Other,en,clean,E5_STATIC_QDQ_U8S8_PER_CHANNEL,HYBRID_PROTOTYPE,Other,0.9252831339836121,Fruits & Vegetables,0.9169408082962036,0.008342325687408447,"[""Other"", ""Fruits & Vegetables"", ""Medicine""]","[0.9252831339836121, 0.9169408082962036, 0.915770411491394]",True,True
charity_donation,Charity Donation,Other,en,clean,E5_STATIC_QDQ_U8S8_PER_CHANNEL,HYBRID_PROTOTYPE,Medicine,0.9231134653091431,Groceries,0.9216884970664978,0.0014249682426452637,"[""Medicine"", ""Groceries"", ""Fruits & Vegetables""]","[0.9231134653091431, 0.9216884970664978, 0.9186330437660217]",False,False
document_printing,Document Printing,Other,en,clean,E5_STATIC_QDQ_U8S8_PER_CHANNEL,HYBRID_PROTOTYPE,Entertainment,0.9138268232345581,Fruits & Vegetables,0.9126335382461548,0.0011932849884033203,"[""Entertainment"", ""Fruits & Vegetables"", ""Other""]","[0.9138268232345581, 0.9126335382461548, 0.9124572277069092]",False,True
delivery_fee,Delivery Fee,Other,en,clean,E5_STATIC_QDQ_U8S8_PER_CHANNEL,HYBRID_PROTOTYPE,Other,0.9164103269577026,Medicine,0.9105115532875061,0.005898773670196533,"[""Other"", ""Medicine"", ""Fruits & Vegetables""]","[0.9164103269577026, 0.9105115532875061, 0.9099042415618896]",True,True
service_fee,رسوم خدمة,Other,ar,clean,E5_STATIC_QDQ_U8S8_PER_CHANNEL,HYBRID_PROTOTYPE,Other,0.8946757316589355,Fruits & Vegetables,0.8826943635940552,0.011981368064880371,"[""Other"", ""Fruits & Vegetables"", ""Entertainment""]","[0.8946757316589355, 0.8826943635940552, 0.880153238773346]",True,True
charity_donation,تبرع خيري,Other,ar,clean,E5_STATIC_QDQ_U8S8_PER_CHANNEL,HYBRID_PROTOTYPE,Other,0.9108027219772339,Bills,0.9104924201965332,0.0003103017807006836,"[""Other"", ""Bills"", ""Entertainment""]","[0.9108027219772339, 0.9104924201965332, 0.9075721502304077]",True,True
document_printing,طباعة مستندات,Other,ar,clean,E5_STATIC_QDQ_U8S8_PER_CHANNEL,HYBRID_PROTOTYPE,Books,0.9243769645690918,Medicine,0.9218414425849915,0.002535521984100342,"[""Books"", ""Medicine"", ""Other""]","[0.9243769645690918, 0.9218414425849915, 0.9172366857528687]",False,True
misc_expense,مصاريف متنوعة,Other,ar,clean,E5_STATIC_QDQ_U8S8_PER_CHANNEL,HYBRID_PROTOTYPE,Groceries,0.9087716937065125,Other,0.9051212668418884,0.0036504268646240234,"[""Groceries"", ""Other"", ""Medicine""]","[0.9087716937065125, 0.9051212668418884, 0.9047994613647461]",False,True
delivery_fee,Delivery رسوم,Other,mixed,mixed_language,E5_STATIC_QDQ_U8S8_PER_CHANNEL,HYBRID_PROTOTYPE,Other,0.8766988515853882,Entertainment,0.8702802062034607,0.00641864538192749,"[""Other"", ""Entertainment"", ""Medicine""]","[0.8766988515853882, 0.8702802062034607, 0.8663909435272217]",True,True
service_fee,Service مصاريف,Other,mixed,mixed_language,E5_STATIC_QDQ_U8S8_PER_CHANNEL,HYBRID_PROTOTYPE,Other,0.9113528728485107,Fruits & Vegetables,0.9031180143356323,0.008234858512878418,"[""Other"", ""Fruits & Vegetables"", ""Groceries""]","[0.9113528728485107, 0.9031180143356323, 0.8994283676147461]",True,True
service_fee,SERV1CE FEE,Other,en,ocr_noise,E5_STATIC_QDQ_U8S8_PER_CHANNEL,HYBRID_PROTOTYPE,Fruits & Vegetables,0.922824501991272,Other,0.9220130443572998,0.000811457633972168,"[""Fruits & Vegetables"", ""Other"", ""Groceries""]","[0.922824501991272, 0.9220130443572998, 0.9210758805274963]",False,True
misc_expense,M1SC EXPENSE,Other,en,ocr_noise,E5_STATIC_QDQ_U8S8_PER_CHANNEL,HYBRID_PROTOTYPE,Medicine,0.9086248874664307,Shopping,0.9073745012283325,0.0012503862380981445,"[""Medicine"", ""Shopping"", ""Groceries""]","[0.9086248874664307, 0.9073745012283325, 0.9062435030937195]",False,False
atomic_habits,Atomic Habits,Books,en,clean,E5_STATIC_QDQ_U8S8_PER_CHANNEL,HYBRID_PROTOTYPE,Fruits & Vegetables,0.9260901808738708,Medicine,0.9245026707649231,0.001587510108947754,"[""Fruits & Vegetables"", ""Medicine"", ""Shopping""]","[0.9260901808738708, 0.9245026707649231, 0.9209592938423157]",False,False
clean_code,Clean Code,Books,en,clean,E5_STATIC_QDQ_U8S8_PER_CHANNEL,HYBRID_PROTOTYPE,Fruits & Vegetables,0.9001017808914185,Medicine,0.8929420709609985,0.007159709930419922,"[""Fruits & Vegetables"", ""Medicine"", ""Shopping""]","[0.9001017808914185, 0.8929420709609985, 0.8928033113479614]",False,False
psychology_of_money,The Psychology of Money,Books,en,clean,E5_STATIC_QDQ_U8S8_PER_CHANNEL,HYBRID_PROTOTYPE,Other,0.9233132600784302,Shopping,0.9186384677886963,0.004674792289733887,"[""Other"", ""Shopping"", ""Groceries""]","[0.9233132600784302, 0.9186384677886963, 0.9184044599533081]",False,False
pragmatic_programmer,The Pragmatic Programmer,Books,en,clean,E5_STATIC_QDQ_U8S8_PER_CHANNEL,HYBRID_PROTOTYPE,Fruits & Vegetables,0.9233075380325317,Medicine,0.9220972061157227,0.001210331916809082,"[""Fruits & Vegetables"", ""Medicine"", ""Other""]","[0.9233075380325317, 0.9220972061157227, 0.9213253259658813]",False,False
atomic_habits,العادات الذرية,Books,ar,clean,E5_STATIC_QDQ_U8S8_PER_CHANNEL,HYBRID_PROTOTYPE,Other,0.9227383732795715,Groceries,0.9198310375213623,0.0029073357582092285,"[""Other"", ""Groceries"", ""Fruits & Vegetables""]","[0.9227383732795715, 0.9198310375213623, 0.9178833961486816]",False,False
art_of_not_caring,كتاب فن اللامبالاة,Books,ar,clean,E5_STATIC_QDQ_U8S8_PER_CHANNEL,HYBRID_PROTOTYPE,Fruits & Vegetables,0.9205631017684937,Bills,0.9197486639022827,0.0008144378662109375,"[""Fruits & Vegetables"", ""Bills"", ""Entertainment""]","[0.9205631017684937, 0.9197486639022827, 0.9187253713607788]",False,False
awlad_haretna,رواية أولاد حارتنا,Books,ar,clean,E5_STATIC_QDQ_U8S8_PER_CHANNEL,HYBRID_PROTOTYPE,Books,0.9269521832466125,Entertainment,0.9258459806442261,0.0011062026023864746,"[""Books"", ""Entertainment"", ""Fruits & Vegetables""]","[0.9269521832466125, 0.9258459806442261, 0.9247899055480957]",True,True
learn_python_book,كتاب تعلم بايثون,Books,ar,clean,E5_STATIC_QDQ_U8S8_PER_CHANNEL,HYBRID_PROTOTYPE,Books,0.9047198295593262,Fruits & Vegetables,0.9040307998657227,0.0006890296936035156,"[""Books"", ""Fruits & Vegetables"", ""Household""]","[0.9047198295593262, 0.9040307998657227, 0.903038501739502]",True,True
clean_code,Clean Code كتاب,Books,mixed,mixed_language,E5_STATIC_QDQ_U8S8_PER_CHANNEL,HYBRID_PROTOTYPE,Fruits & Vegetables,0.9091832637786865,Shopping,0.9062600135803223,0.002923250198364258,"[""Fruits & Vegetables"", ""Shopping"", ""Medicine""]","[0.9091832637786865, 0.9062600135803223, 0.9054049253463745]",False,False
atomic_habits,Atomic Habits نسخة عربية,Books,mixed,mixed_language,E5_STATIC_QDQ_U8S8_PER_CHANNEL,HYBRID_PROTOTYPE,Medicine,0.9370923638343811,Fruits & Vegetables,0.9356240034103394,0.001468360424041748,"[""Medicine"", ""Fruits & Vegetables"", ""Shopping""]","[0.9370923638343811, 0.9356240034103394, 0.9338403940200806]",False,False
atomic_habits,AT0MIC HAB1TS,Books,en,ocr_noise,E5_STATIC_QDQ_U8S8_PER_CHANNEL,HYBRID_PROTOTYPE,Fruits & Vegetables,0.918389618396759,Medicine,0.918176531791687,0.00021308660507202148,"[""Fruits & Vegetables"", ""Medicine"", ""Other""]","[0.918389618396759, 0.918176531791687, 0.9156743288040161]",False,False
clean_code,CLEAN C0DE,Books,en,ocr_noise,E5_STATIC_QDQ_U8S8_PER_CHANNEL,HYBRID_PROTOTYPE,Groceries,0.9107845425605774,Shopping,0.9099213480949402,0.000863194465637207,"[""Groceries"", ""Shopping"", ""Household""]","[0.9107845425605774, 0.9099213480949402, 0.908955454826355]",False,False
chicken_breast,Chicken Breast,Groceries,en,clean,E5_STATIC_QDQ_MATMUL_U8S8_PER_CHANNEL,HYBRID_PROTOTYPE,Groceries,0.8583077788352966,Restaurants,0.8520783185958862,0.0062294602394104,"[""Groceries"", ""Restaurants"", ""Fruits & Vegetables""]","[0.8583077788352966, 0.8520783185958862, 0.8506518602371216]",True,True
milk_1l,Milk 1L,Groceries,en,clean,E5_STATIC_QDQ_MATMUL_U8S8_PER_CHANNEL,HYBRID_PROTOTYPE,Groceries,0.8942481279373169,Medicine,0.8782873749732971,0.015960752964019775,"[""Groceries"", ""Medicine"", ""Restaurants""]","[0.8942481279373169, 0.8782873749732971, 0.8718817234039307]",True,True
rice_1kg,Rice 1KG,Groceries,en,clean,E5_STATIC_QDQ_MATMUL_U8S8_PER_CHANNEL,HYBRID_PROTOTYPE,Groceries,0.8840035200119019,Medicine,0.8740352392196655,0.009968280792236328,"[""Groceries"", ""Medicine"", ""Restaurants""]","[0.8840035200119019, 0.8740352392196655, 0.8680459260940552]",True,True
groceries_egyptian_white_cheese,Egyptian White Cheese,Groceries,en,clean,E5_STATIC_QDQ_MATMUL_U8S8_PER_CHANNEL,HYBRID_PROTOTYPE,Restaurants,0.8748668432235718,Fruits & Vegetables,0.8669148087501526,0.00795203447341919,"[""Restaurants"", ""Fruits & Vegetables"", ""Medicine""]","[0.8748668432235718, 0.8669148087501526, 0.865405261516571]",False,False
chicken_breast,صدور فراخ,Groceries,ar,clean,E5_STATIC_QDQ_MATMUL_U8S8_PER_CHANNEL,HYBRID_PROTOTYPE,Restaurants,0.8834852576255798,Fruits & Vegetables,0.8793320655822754,0.004153192043304443,"[""Restaurants"", ""Fruits & Vegetables"", ""Groceries""]","[0.8834852576255798, 0.8793320655822754, 0.8793248534202576]",False,True
milk_1l,لبن كامل الدسم,Groceries,ar,clean,E5_STATIC_QDQ_MATMUL_U8S8_PER_CHANNEL,HYBRID_PROTOTYPE,Groceries,0.8949064612388611,Restaurants,0.8835456967353821,0.011360764503479004,"[""Groceries"", ""Restaurants"", ""Fruits & Vegetables""]","[0.8949064612388611, 0.8835456967353821, 0.8834897875785828]",True,True
rice_1kg,كيس أرز 1 كيلو,Groceries,ar,clean,E5_STATIC_QDQ_MATMUL_U8S8_PER_CHANNEL,HYBRID_PROTOTYPE,Groceries,0.8978930711746216,Medicine,0.8832535743713379,0.014639496803283691,"[""Groceries"", ""Medicine"", ""Restaurants""]","[0.8978930711746216, 0.8832535743713379, 0.8811291456222534]",True,True
groceries_8,علبة تونة,Groceries,ar,clean,E5_STATIC_QDQ_MATMUL_U8S8_PER_CHANNEL,HYBRID_PROTOTYPE,Medicine,0.8797329068183899,Shopping,0.8767796754837036,0.0029532313346862793,"[""Medicine"", ""Shopping"", ""Transport""]","[0.8797329068183899, 0.8767796754837036, 0.8753193616867065]",False,False
milk_1l,Fresh Milk لبن,Groceries,mixed,mixed_language,E5_STATIC_QDQ_MATMUL_U8S8_PER_CHANNEL,HYBRID_PROTOTYPE,Groceries,0.9123038053512573,Fruits & Vegetables,0.9006592631340027,0.011644542217254639,"[""Groceries"", ""Fruits & Vegetables"", ""Restaurants""]","[0.9123038053512573, 0.9006592631340027, 0.8985796570777893]",True,True
chicken_breast,Chicken فراخ مجمدة,Groceries,mixed,mixed_language,E5_STATIC_QDQ_MATMUL_U8S8_PER_CHANNEL,HYBRID_PROTOTYPE,Groceries,0.9074124097824097,Restaurants,0.9009308815002441,0.006481528282165527,"[""Groceries"", ""Restaurants"", ""Household""]","[0.9074124097824097, 0.9009308815002441, 0.8895915150642395]",True,True
milk_1l,M1LK 1L,Groceries,en,ocr_noise,E5_STATIC_QDQ_MATMUL_U8S8_PER_CHANNEL,HYBRID_PROTOTYPE,Groceries,0.8607909679412842,Medicine,0.8551251888275146,0.005665779113769531,"[""Groceries"", ""Medicine"", ""Bills""]","[0.8607909679412842, 0.8551251888275146, 0.8501678705215454]",True,True
rice_1kg,R1CE 1KG,Groceries,en,ocr_noise,E5_STATIC_QDQ_MATMUL_U8S8_PER_CHANNEL,HYBRID_PROTOTYPE,Medicine,0.8774367570877075,Groceries,0.87575763463974,0.0016791224479675293,"[""Medicine"", ""Groceries"", ""Shopping""]","[0.8774367570877075, 0.87575763463974, 0.8703361749649048]",False,True
banana,Banana,Fruits & Vegetables,en,clean,E5_STATIC_QDQ_MATMUL_U8S8_PER_CHANNEL,HYBRID_PROTOTYPE,Fruits & Vegetables,0.880757212638855,Groceries,0.8708215951919556,0.009935617446899414,"[""Fruits & Vegetables"", ""Groceries"", ""Medicine""]","[0.880757212638855, 0.8708215951919556, 0.8699942827224731]",True,True
tomatoes,Fresh Tomatoes,Fruits & Vegetables,en,clean,E5_STATIC_QDQ_MATMUL_U8S8_PER_CHANNEL,HYBRID_PROTOTYPE,Fruits & Vegetables,0.9071473479270935,Restaurants,0.876233696937561,0.03091365098953247,"[""Fruits & Vegetables"", ""Restaurants"", ""Groceries""]","[0.9071473479270935, 0.876233696937561, 0.8755168914794922]",True,True
apples,Green Apples,Fruits & Vegetables,en,clean,E5_STATIC_QDQ_MATMUL_U8S8_PER_CHANNEL,HYBRID_PROTOTYPE,Fruits & Vegetables,0.8892167806625366,Restaurants,0.8708162903785706,0.018400490283966064,"[""Fruits & Vegetables"", ""Restaurants"", ""Groceries""]","[0.8892167806625366, 0.8708162903785706, 0.8630205392837524]",True,True
cucumber,Cucumber Pack,Fruits & Vegetables,en,clean,E5_STATIC_QDQ_MATMUL_U8S8_PER_CHANNEL,HYBRID_PROTOTYPE,Groceries,0.8734244108200073,Restaurants,0.8674616813659668,0.005962729454040527,"[""Groceries"", ""Restaurants"", ""Medicine""]","[0.8734244108200073, 0.8674616813659668, 0.8656109571456909]",False,False
tomatoes,طماطم,Fruits & Vegetables,ar,clean,E5_STATIC_QDQ_MATMUL_U8S8_PER_CHANNEL,HYBRID_PROTOTYPE,Fruits & Vegetables,0.9115610718727112,Restaurants,0.8900057077407837,0.02155536413192749,"[""Fruits & Vegetables"", ""Restaurants"", ""Groceries""]","[0.9115610718727112, 0.8900057077407837, 0.8872180581092834]",True,True
apples,تفاح,Fruits & Vegetables,ar,clean,E5_STATIC_QDQ_MATMUL_U8S8_PER_CHANNEL,HYBRID_PROTOTYPE,Fruits & Vegetables,0.9005817174911499,Restaurants,0.8860861659049988,0.014495551586151123,"[""Fruits & Vegetables"", ""Restaurants"", ""Books""]","[0.9005817174911499, 0.8860861659049988, 0.8759236931800842]",True,True
banana,موز بلدي,Fruits & Vegetables,ar,clean,E5_STATIC_QDQ_MATMUL_U8S8_PER_CHANNEL,HYBRID_PROTOTYPE,Fruits & Vegetables,0.8966677188873291,Restaurants,0.8951480388641357,0.0015196800231933594,"[""Fruits & Vegetables"", ""Restaurants"", ""Transport""]","[0.8966677188873291, 0.8951480388641357, 0.8915348649024963]",True,True
cucumber,خيار طازج,Fruits & Vegetables,ar,clean,E5_STATIC_QDQ_MATMUL_U8S8_PER_CHANNEL,HYBRID_PROTOTYPE,Groceries,0.8986465930938721,Transport,0.8976517915725708,0.0009948015213012695,"[""Groceries"", ""Transport"", ""Entertainment""]","[0.8986465930938721, 0.8976517915725708, 0.8957382440567017]",False,False
banana,Banana موز,Fruits & Vegetables,mixed,mixed_language,E5_STATIC_QDQ_MATMUL_U8S8_PER_CHANNEL,HYBRID_PROTOTYPE,Fruits & Vegetables,0.903464138507843,Groceries,0.8889058232307434,0.01455831527709961,"[""Fruits & Vegetables"", ""Groceries"", ""Restaurants""]","[0.903464138507843, 0.8889058232307434, 0.8834208250045776]",True,True
tomatoes,Fresh طماطم,Fruits & Vegetables,mixed,mixed_language,E5_STATIC_QDQ_MATMUL_U8S8_PER_CHANNEL,HYBRID_PROTOTYPE,Fruits & Vegetables,0.9240576028823853,Restaurants,0.9001831412315369,0.02387446165084839,"[""Fruits & Vegetables"", ""Restaurants"", ""Groceries""]","[0.9240576028823853, 0.9001831412315369, 0.898566722869873]",True,True
tomatoes,T0MAT0ES,Fruits & Vegetables,en,ocr_noise,E5_STATIC_QDQ_MATMUL_U8S8_PER_CHANNEL,HYBRID_PROTOTYPE,Medicine,0.8637915849685669,Groceries,0.8602548837661743,0.003536701202392578,"[""Medicine"", ""Groceries"", ""Shopping""]","[0.8637915849685669, 0.8602548837661743, 0.8563557863235474]",False,False
apples,تفـاح,Fruits & Vegetables,ar,ocr_noise,E5_STATIC_QDQ_MATMUL_U8S8_PER_CHANNEL,HYBRID_PROTOTYPE,Books,0.8971582055091858,Restaurants,0.8963459730148315,0.000812232494354248,"[""Books"", ""Restaurants"", ""Groceries""]","[0.8971582055091858, 0.8963459730148315, 0.8908515572547913]",False,False
mcchicken_meal,McChicken Meal,Restaurants,en,clean,E5_STATIC_QDQ_MATMUL_U8S8_PER_CHANNEL,HYBRID_PROTOTYPE,Restaurants,0.8858158588409424,Groceries,0.8819079399108887,0.003907918930053711,"[""Restaurants"", ""Groceries"", ""Household""]","[0.8858158588409424, 0.8819079399108887, 0.8693181276321411]",True,True
margherita_pizza,Margherita Pizza,Restaurants,en,clean,E5_STATIC_QDQ_MATMUL_U8S8_PER_CHANNEL,HYBRID_PROTOTYPE,Restaurants,0.8544567823410034,Groceries,0.8538764715194702,0.0005803108215332031,"[""Restaurants"", ""Groceries"", ""Medicine""]","[0.8544567823410034, 0.8538764715194702, 0.8456416130065918]",True,True
coffee,Cappuccino,Restaurants,en,clean,E5_STATIC_QDQ_MATMUL_U8S8_PER_CHANNEL,HYBRID_PROTOTYPE,Restaurants,0.9038241505622864,Groceries,0.8872277736663818,0.01659637689590454,"[""Restaurants"", ""Groceries"", ""Medicine""]","[0.9038241505622864, 0.8872277736663818, 0.8804460763931274]",True,True
restaurants_kfc_family_meal,KFC Family Meal,Restaurants,en,clean,E5_STATIC_QDQ_MATMUL_U8S8_PER_CHANNEL,HYBRID_PROTOTYPE,Groceries,0.8771243691444397,Restaurants,0.8770511150360107,7.325410842895508e-05,"[""Groceries"", ""Restaurants"", ""Household""]","[0.8771243691444397, 0.8770511150360107, 0.8558287620544434]",False,True
margherita_pizza,بيتزا مارجريتا,Restaurants,ar,clean,E5_STATIC_QDQ_MATMUL_U8S8_PER_CHANNEL,HYBRID_PROTOTYPE,Transport,0.8492361307144165,Personal Care,0.8474347591400146,0.0018013715744018555,"[""Transport"", ""Personal Care"", ""Restaurants""]","[0.8492361307144165, 0.8474347591400146, 0.8473507761955261]",False,True
burger_meal,وجبة برجر,Restaurants,ar,clean,E5_STATIC_QDQ_MATMUL_U8S8_PER_CHANNEL,HYBRID_PROTOTYPE,Groceries,0.889683723449707,Restaurants,0.8862727880477905,0.003410935401916504,"[""Groceries"", ""Restaurants"", ""Personal Care""]","[0.889683723449707, 0.8862727880477905, 0.8743974566459656]",False,True
coffee,قهوة لاتيه,Restaurants,ar,clean,E5_STATIC_QDQ_MATMUL_U8S8_PER_CHANNEL,HYBRID_PROTOTYPE,Restaurants,0.9161911010742188,Groceries,0.8973981738090515,0.018792927265167236,"[""Restaurants"", ""Groceries"", ""Books""]","[0.9161911010742188, 0.8973981738090515, 0.8898241519927979]",True,True
restaurants_32,ساندوتش شاورما,Restaurants,ar,clean,E5_STATIC_QDQ_MATMUL_U8S8_PER_CHANNEL,HYBRID_PROTOTYPE,Fruits & Vegetables,0.8472477197647095,Entertainment,0.8448591232299805,0.002388596534729004,"[""Fruits & Vegetables"", ""Entertainment"", ""Groceries""]","[0.8472477197647095, 0.8448591232299805, 0.844281017780304]",False,False
coffee,Coffee قهوة,Restaurants,mixed,mixed_language,E5_STATIC_QDQ_MATMUL_U8S8_PER_CHANNEL,HYBRID_PROTOTYPE,Restaurants,0.9256075024604797,Groceries,0.8973400592803955,0.02826744318008423,"[""Restaurants"", ""Groceries"", ""Personal Care""]","[0.9256075024604797, 0.8973400592803955, 0.8891714215278625]",True,True
burger_meal,Burger وجبة,Restaurants,mixed,mixed_language,E5_STATIC_QDQ_MATMUL_U8S8_PER_CHANNEL,HYBRID_PROTOTYPE,Restaurants,0.9058501124382019,Groceries,0.8975798487663269,0.008270263671875,"[""Restaurants"", ""Groceries"", ""Fruits & Vegetables""]","[0.9058501124382019, 0.8975798487663269, 0.8874720931053162]",True,True
mcchicken_meal,McCh1cken MeaI,Restaurants,en,ocr_noise,E5_STATIC_QDQ_MATMUL_U8S8_PER_CHANNEL,HYBRID_PROTOTYPE,Groceries,0.878399133682251,Medicine,0.8749896287918091,0.0034095048904418945,"[""Groceries"", ""Medicine"", ""Shopping""]","[0.878399133682251, 0.8749896287918091, 0.8733242750167847]",False,False
margherita_pizza,P1ZZA MARGHER1TA,Restaurants,en,ocr_noise,E5_STATIC_QDQ_MATMUL_U8S8_PER_CHANNEL,HYBRID_PROTOTYPE,Groceries,0.8680486679077148,Medicine,0.8562584519386292,0.011790215969085693,"[""Groceries"", ""Medicine"", ""Personal Care""]","[0.8680486679077148, 0.8562584519386292, 0.8544479608535767]",False,False
uber_trip,Uber Trip,Transport,en,clean,E5_STATIC_QDQ_MATMUL_U8S8_PER_CHANNEL,HYBRID_PROTOTYPE,Transport,0.88450026512146,Restaurants,0.874316394329071,0.010183870792388916,"[""Transport"", ""Restaurants"", ""Bills""]","[0.88450026512146, 0.874316394329071, 0.8692516088485718]",True,True
careem_ride,Careem Ride,Transport,en,clean,E5_STATIC_QDQ_MATMUL_U8S8_PER_CHANNEL,HYBRID_PROTOTYPE,Transport,0.8774043321609497,Entertainment,0.8759356737136841,0.001468658447265625,"[""Transport"", ""Entertainment"", ""Personal Care""]","[0.8774043321609497, 0.8759356737136841, 0.8661377429962158]",True,True
metro_ticket,Cairo Metro Ticket,Transport,en,clean,E5_STATIC_QDQ_MATMUL_U8S8_PER_CHANNEL,HYBRID_PROTOTYPE,Transport,0.8769208788871765,Entertainment,0.8664301633834839,0.010490715503692627,"[""Transport"", ""Entertainment"", ""Restaurants""]","[0.8769208788871765, 0.8664301633834839, 0.8605577945709229]",True,True
gasoline_92,Gasoline 92,Transport,en,clean,E5_STATIC_QDQ_MATMUL_U8S8_PER_CHANNEL,HYBRID_PROTOTYPE,Medicine,0.855147123336792,Shopping,0.8493778705596924,0.005769252777099609,"[""Medicine"", ""Shopping"", ""Household""]","[0.855147123336792, 0.8493778705596924, 0.8482347726821899]",False,False
uber_trip,رحلة أوبر,Transport,ar,clean,E5_STATIC_QDQ_MATMUL_U8S8_PER_CHANNEL,HYBRID_PROTOTYPE,Transport,0.8896100521087646,Books,0.8796247243881226,0.00998532772064209,"[""Transport"", ""Books"", ""Restaurants""]","[0.8896100521087646, 0.8796247243881226, 0.8790116310119629]",True,True
careem_ride,مشوار كريم,Transport,ar,clean,E5_STATIC_QDQ_MATMUL_U8S8_PER_CHANNEL,HYBRID_PROTOTYPE,Personal Care,0.8885907530784607,Transport,0.8839608430862427,0.004629909992218018,"[""Personal Care"", ""Transport"", ""Groceries""]","[0.8885907530784607, 0.8839608430862427, 0.8822994232177734]",False,True
metro_ticket,تذكرة مترو,Transport,ar,clean,E5_STATIC_QDQ_MATMUL_U8S8_PER_CHANNEL,HYBRID_PROTOTYPE,Transport,0.8954383134841919,Entertainment,0.8834230899810791,0.012015223503112793,"[""Transport"", ""Entertainment"", ""Shopping""]","[0.8954383134841919, 0.8834230899810791, 0.8743710517883301]",True,True
gasoline_92,بنزين 92,Transport,ar,clean,E5_STATIC_QDQ_MATMUL_U8S8_PER_CHANNEL,HYBRID_PROTOTYPE,Shopping,0.8764312267303467,Medicine,0.8761751651763916,0.0002560615539550781,"[""Shopping"", ""Medicine"", ""Groceries""]","[0.8764312267303467, 0.8761751651763916, 0.8747912049293518]",False,False
uber_trip,Uber مشوار,Transport,mixed,mixed_language,E5_STATIC_QDQ_MATMUL_U8S8_PER_CHANNEL,HYBRID_PROTOTYPE,Transport,0.8961533904075623,Restaurants,0.8861789703369141,0.009974420070648193,"[""Transport"", ""Restaurants"", ""Shopping""]","[0.8961533904075623, 0.8861789703369141, 0.8855260014533997]",True,True
careem_ride,Careem رحلة,Transport,mixed,mixed_language,E5_STATIC_QDQ_MATMUL_U8S8_PER_CHANNEL,HYBRID_PROTOTYPE,Transport,0.8991483449935913,Entertainment,0.8916570544242859,0.00749129056930542,"[""Transport"", ""Entertainment"", ""Restaurants""]","[0.8991483449935913, 0.8916570544242859, 0.8898805379867554]",True,True
uber_trip,UBER TR1P,Transport,en,ocr_noise,E5_STATIC_QDQ_MATMUL_U8S8_PER_CHANNEL,HYBRID_PROTOTYPE,Medicine,0.873953640460968,Bills,0.8684215545654297,0.00553208589553833,"[""Medicine"", ""Bills"", ""Groceries""]","[0.873953640460968, 0.8684215545654297, 0.8675957918167114]",False,False
careem_ride,CAR EEM R1DE,Transport,en,ocr_noise,E5_STATIC_QDQ_MATMUL_U8S8_PER_CHANNEL,HYBRID_PROTOTYPE,Medicine,0.8689041137695312,Transport,0.8642309904098511,0.004673123359680176,"[""Medicine"", ""Transport"", ""Groceries""]","[0.8689041137695312, 0.8642309904098511, 0.8636531829833984]",False,True
dettol_floor_cleaner,Dettol Floor Cleaner,Household,en,clean,E5_STATIC_QDQ_MATMUL_U8S8_PER_CHANNEL,HYBRID_PROTOTYPE,Household,0.9006909132003784,Personal Care,0.8764628171920776,0.02422809600830078,"[""Household"", ""Personal Care"", ""Medicine""]","[0.9006909132003784, 0.8764628171920776, 0.8609012365341187]",True,True
fairy_dish_liquid,Fairy Dishwashing Liquid,Household,en,clean,E5_STATIC_QDQ_MATMUL_U8S8_PER_CHANNEL,HYBRID_PROTOTYPE,Household,0.8840024471282959,Groceries,0.8633496761322021,0.02065277099609375,"[""Household"", ""Groceries"", ""Personal Care""]","[0.8840024471282959, 0.8633496761322021, 0.8613070249557495]",True,True
persil_gel,Persil Gel,Household,en,clean,E5_STATIC_QDQ_MATMUL_U8S8_PER_CHANNEL,HYBRID_PROTOTYPE,Personal Care,0.8760182857513428,Groceries,0.8719000816345215,0.004118204116821289,"[""Personal Care"", ""Groceries"", ""Household""]","[0.8760182857513428, 0.8719000816345215, 0.8701477646827698]",False,True
clorox_bleach,Clorox Bleach,Household,en,clean,E5_STATIC_QDQ_MATMUL_U8S8_PER_CHANNEL,HYBRID_PROTOTYPE,Household,0.8701803684234619,Medicine,0.8668453097343445,0.0033350586891174316,"[""Household"", ""Medicine"", ""Groceries""]","[0.8701803684234619, 0.8668453097343445, 0.8638558983802795]",True,True
dettol_floor_cleaner,منظف أرضيات ديتول,Household,ar,clean,E5_STATIC_QDQ_MATMUL_U8S8_PER_CHANNEL,HYBRID_PROTOTYPE,Household,0.8836222887039185,Restaurants,0.8668787479400635,0.01674354076385498,"[""Household"", ""Restaurants"", ""Groceries""]","[0.8836222887039185, 0.8668787479400635, 0.8647666573524475]",True,True
fairy_dish_liquid,سائل غسيل أطباق,Household,ar,clean,E5_STATIC_QDQ_MATMUL_U8S8_PER_CHANNEL,HYBRID_PROTOTYPE,Household,0.9164634346961975,Groceries,0.8870450854301453,0.029418349266052246,"[""Household"", ""Groceries"", ""Restaurants""]","[0.9164634346961975, 0.8870450854301453, 0.8824151158332825]",True,True
persil_gel,مسحوق غسيل برسيل,Household,ar,clean,E5_STATIC_QDQ_MATMUL_U8S8_PER_CHANNEL,HYBRID_PROTOTYPE,Household,0.9110912084579468,Groceries,0.8921635150909424,0.018927693367004395,"[""Household"", ""Groceries"", ""Personal Care""]","[0.9110912084579468, 0.8921635150909424, 0.8883647918701172]",True,True
clorox_bleach,كلور مبيض,Household,ar,clean,E5_STATIC_QDQ_MATMUL_U8S8_PER_CHANNEL,HYBRID_PROTOTYPE,Personal Care,0.8682569265365601,Household,0.8650422692298889,0.0032146573066711426,"[""Personal Care"", ""Household"", ""Books""]","[0.8682569265365601, 0.8650422692298889, 0.862012505531311]",False,True
dettol_floor_cleaner,Dettol منظف أرضيات,Household,mixed,mixed_language,E5_STATIC_QDQ_MATMUL_U8S8_PER_CHANNEL,HYBRID_PROTOTYPE,Household,0.8992617130279541,Personal Care,0.8751074075698853,0.024154305458068848,"[""Household"", ""Personal Care"", ""Medicine""]","[0.8992617130279541, 0.8751074075698853, 0.8741672039031982]",True,True
fairy_dish_liquid,Fairy صابون أطباق,Household,mixed,mixed_language,E5_STATIC_QDQ_MATMUL_U8S8_PER_CHANNEL,HYBRID_PROTOTYPE,Household,0.9142622351646423,Personal Care,0.9139441251754761,0.00031810998916625977,"[""Household"", ""Personal Care"", ""Restaurants""]","[0.9142622351646423, 0.9139441251754761, 0.9088395237922668]",True,True
dettol_floor_cleaner,DettoI Floor C1eaner,Household,en,ocr_noise,E5_STATIC_QDQ_MATMUL_U8S8_PER_CHANNEL,HYBRID_PROTOTYPE,Medicine,0.8763290047645569,Household,0.875227153301239,0.001101851463317871,"[""Medicine"", ""Household"", ""Groceries""]","[0.8763290047645569, 0.875227153301239, 0.8720450401306152]",False,True
persil_gel,PersiI GeI,Household,en,ocr_noise,E5_STATIC_QDQ_MATMUL_U8S8_PER_CHANNEL,HYBRID_PROTOTYPE,Groceries,0.8734254240989685,Entertainment,0.8731938004493713,0.00023162364959716797,"[""Groceries"", ""Entertainment"", ""Medicine""]","[0.8734254240989685, 0.8731938004493713, 0.8715922832489014]",False,False
panadol_extra,Panadol Extra,Medicine,en,clean,E5_STATIC_QDQ_MATMUL_U8S8_PER_CHANNEL,HYBRID_PROTOTYPE,Fruits & Vegetables,0.8708836436271667,Groceries,0.8698917627334595,0.0009918808937072754,"[""Fruits & Vegetables"", ""Groceries"", ""Medicine""]","[0.8708836436271667, 0.8698917627334595, 0.8686939477920532]",False,True
brufen_400,Brufen 400,Medicine,en,clean,E5_STATIC_QDQ_MATMUL_U8S8_PER_CHANNEL,HYBRID_PROTOTYPE,Groceries,0.8634982705116272,Personal Care,0.8606930375099182,0.0028052330017089844,"[""Groceries"", ""Personal Care"", ""Books""]","[0.8634982705116272, 0.8606930375099182, 0.8588531017303467]",False,False
folic_acid_600_mcg,Folic Acid 600 MCG,Medicine,en,clean,E5_STATIC_QDQ_MATMUL_U8S8_PER_CHANNEL,HYBRID_PROTOTYPE,Medicine,0.870846688747406,Groceries,0.8574694991111755,0.013377189636230469,"[""Medicine"", ""Groceries"", ""Restaurants""]","[0.870846688747406, 0.8574694991111755, 0.8521910905838013]",True,True
immulant_plus_20_cap,Immulant Plus 20 Cap,Medicine,en,clean,E5_STATIC_QDQ_MATMUL_U8S8_PER_CHANNEL,HYBRID_PROTOTYPE,Medicine,0.8617871999740601,Groceries,0.853118896484375,0.008668303489685059,"[""Medicine"", ""Groceries"", ""Personal Care""]","[0.8617871999740601, 0.853118896484375, 0.8511999845504761]",True,True
panadol_extra,بنادول إكسترا,Medicine,ar,clean,E5_STATIC_QDQ_MATMUL_U8S8_PER_CHANNEL,HYBRID_PROTOTYPE,Shopping,0.8623987436294556,Medicine,0.8585475087165833,0.0038512349128723145,"[""Shopping"", ""Medicine"", ""Groceries""]","[0.8623987436294556, 0.8585475087165833, 0.8575239181518555]",False,True
brufen_400,بروفين 400,Medicine,ar,clean,E5_STATIC_QDQ_MATMUL_U8S8_PER_CHANNEL,HYBRID_PROTOTYPE,Medicine,0.8738987445831299,Transport,0.8711839914321899,0.0027147531509399414,"[""Medicine"", ""Transport"", ""Restaurants""]","[0.8738987445831299, 0.8711839914321899, 0.8692054748535156]",True,True
folic_acid_600_mcg,حمض الفوليك,Medicine,ar,clean,E5_STATIC_QDQ_MATMUL_U8S8_PER_CHANNEL,HYBRID_PROTOTYPE,Groceries,0.8848353028297424,Medicine,0.8795285820960999,0.005306720733642578,"[""Groceries"", ""Medicine"", ""Personal Care""]","[0.8848353028297424, 0.8795285820960999, 0.8758150339126587]",False,True
medicine_68,فيتامين سي,Medicine,ar,clean,E5_STATIC_QDQ_MATMUL_U8S8_PER_CHANNEL,HYBRID_PROTOTYPE,Medicine,0.8976128697395325,Groceries,0.8650182485580444,0.03259462118148804,"[""Medicine"", ""Groceries"", ""Personal Care""]","[0.8976128697395325, 0.8650182485580444, 0.8623412251472473]",True,True
panadol_extra,Panadol مسكن,Medicine,mixed,mixed_language,E5_STATIC_QDQ_MATMUL_U8S8_PER_CHANNEL,HYBRID_PROTOTYPE,Groceries,0.8826338648796082,Restaurants,0.8804327249526978,0.0022011399269104004,"[""Groceries"", ""Restaurants"", ""Medicine""]","[0.8826338648796082, 0.8804327249526978, 0.8795992136001587]",False,True
vitamin_d,Vitamin D فيتامين,Medicine,mixed,mixed_language,E5_STATIC_QDQ_MATMUL_U8S8_PER_CHANNEL,HYBRID_PROTOTYPE,Medicine,0.9137517213821411,Personal Care,0.8771624565124512,0.03658926486968994,"[""Medicine"", ""Personal Care"", ""Groceries""]","[0.9137517213821411, 0.8771624565124512, 0.8770795464515686]",True,True
panadol_extra,PANAD0L EXTRA,Medicine,en,ocr_noise,E5_STATIC_QDQ_MATMUL_U8S8_PER_CHANNEL,HYBRID_PROTOTYPE,Groceries,0.870394229888916,Fruits & Vegetables,0.8663603663444519,0.004033863544464111,"[""Groceries"", ""Fruits & Vegetables"", ""Shopping""]","[0.870394229888916, 0.8663603663444519, 0.8609846234321594]",False,False
folic_acid_600_mcg,F0LIC ACID 600 MCG,Medicine,en,ocr_noise,E5_STATIC_QDQ_MATMUL_U8S8_PER_CHANNEL,HYBRID_PROTOTYPE,Medicine,0.8567910194396973,Groceries,0.8533108234405518,0.003480195999145508,"[""Medicine"", ""Groceries"", ""Household""]","[0.8567910194396973, 0.8533108234405518, 0.8418871164321899]",True,True
immulant_plus_20_cap,MLANT PLUS 20 CAP,Medicine,en,ocr_noise,E5_STATIC_QDQ_MATMUL_U8S8_PER_CHANNEL,HYBRID_PROTOTYPE,Medicine,0.856706976890564,Groceries,0.8548295497894287,0.001877427101135254,"[""Medicine"", ""Groceries"", ""Household""]","[0.856706976890564, 0.8548295497894287, 0.8523294925689697]",True,True
folic_acid_600_mcg,FoLic AciD 600 McG,Medicine,en,ocr_noise,E5_STATIC_QDQ_MATMUL_U8S8_PER_CHANNEL,HYBRID_PROTOTYPE,Medicine,0.8613131046295166,Groceries,0.8570073843002319,0.004305720329284668,"[""Medicine"", ""Groceries"", ""Restaurants""]","[0.8613131046295166, 0.8570073843002319, 0.8528428077697754]",True,True
cotton_tshirt,Cotton T Shirt,Shopping,en,clean,E5_STATIC_QDQ_MATMUL_U8S8_PER_CHANNEL,HYBRID_PROTOTYPE,Shopping,0.872835099697113,Groceries,0.8655062913894653,0.007328808307647705,"[""Shopping"", ""Groceries"", ""Medicine""]","[0.872835099697113, 0.8655062913894653, 0.8614128828048706]",True,True
running_shoes,Running Shoes,Shopping,en,clean,E5_STATIC_QDQ_MATMUL_U8S8_PER_CHANNEL,HYBRID_PROTOTYPE,Shopping,0.8767050504684448,Personal Care,0.8599609136581421,0.016744136810302734,"[""Shopping"", ""Personal Care"", ""Other""]","[0.8767050504684448, 0.8599609136581421, 0.859406590461731]",True,True
wireless_headphones,Wireless Headphones,Shopping,en,clean,E5_STATIC_QDQ_MATMUL_U8S8_PER_CHANNEL,HYBRID_PROTOTYPE,Shopping,0.8624286651611328,Bills,0.8553127646446228,0.00711590051651001,"[""Shopping"", ""Bills"", ""Restaurants""]","[0.8624286651611328, 0.8553127646446228, 0.8534204363822937]",True,True
phone_charger,Phone Charger,Shopping,en,clean,E5_STATIC_QDQ_MATMUL_U8S8_PER_CHANNEL,HYBRID_PROTOTYPE,Shopping,0.8799816370010376,Bills,0.8767246603965759,0.00325697660446167,"[""Shopping"", ""Bills"", ""Other""]","[0.8799816370010376, 0.8767246603965759, 0.8682724833488464]",True,True
cotton_tshirt,تيشيرت قطن,Shopping,ar,clean,E5_STATIC_QDQ_MATMUL_U8S8_PER_CHANNEL,HYBRID_PROTOTYPE,Transport,0.8874707221984863,Restaurants,0.8860267400741577,0.0014439821243286133,"[""Transport"", ""Restaurants"", ""Groceries""]","[0.8874707221984863, 0.8860267400741577, 0.8850578665733337]",False,False
running_shoes,حذاء رياضي,Shopping,ar,clean,E5_STATIC_QDQ_MATMUL_U8S8_PER_CHANNEL,HYBRID_PROTOTYPE,Books,0.894472599029541,Shopping,0.8880331516265869,0.0064394474029541016,"[""Books"", ""Shopping"", ""Entertainment""]","[0.894472599029541, 0.8880331516265869, 0.882884681224823]",False,True
wireless_headphones,سماعات بلوتوث,Shopping,ar,clean,E5_STATIC_QDQ_MATMUL_U8S8_PER_CHANNEL,HYBRID_PROTOTYPE,Medicine,0.8789047002792358,Entertainment,0.8772538900375366,0.0016508102416992188,"[""Medicine"", ""Entertainment"", ""Books""]","[0.8789047002792358, 0.8772538900375366, 0.8771955966949463]",False,False
phone_charger,شاحن موبايل,Shopping,ar,clean,E5_STATIC_QDQ_MATMUL_U8S8_PER_CHANNEL,HYBRID_PROTOTYPE,Shopping,0.8911722898483276,Groceries,0.8874838352203369,0.0036884546279907227,"[""Shopping"", ""Groceries"", ""Restaurants""]","[0.8911722898483276, 0.8874838352203369, 0.8862329721450806]",True,True
running_shoes,Nike حذاء,Shopping,mixed,mixed_language,E5_STATIC_QDQ_MATMUL_U8S8_PER_CHANNEL,HYBRID_PROTOTYPE,Shopping,0.8930925130844116,Fruits & Vegetables,0.8829983472824097,0.010094165802001953,"[""Shopping"", ""Fruits & Vegetables"", ""Personal Care""]","[0.8930925130844116, 0.8829983472824097, 0.8825643062591553]",True,True
wireless_headphones,Headphones سماعات,Shopping,mixed,mixed_language,E5_STATIC_QDQ_MATMUL_U8S8_PER_CHANNEL,HYBRID_PROTOTYPE,Personal Care,0.8909413814544678,Shopping,0.8889175653457642,0.0020238161087036133,"[""Personal Care"", ""Shopping"", ""Restaurants""]","[0.8909413814544678, 0.8889175653457642, 0.8864139318466187]",False,True
wireless_headphones,W1RELESS HEADPH0NES,Shopping,en,ocr_noise,E5_STATIC_QDQ_MATMUL_U8S8_PER_CHANNEL,HYBRID_PROTOTYPE,Shopping,0.8496783971786499,Groceries,0.8496363759040833,4.202127456665039e-05,"[""Shopping"", ""Groceries"", ""Medicine""]","[0.8496783971786499, 0.8496363759040833, 0.8491707444190979]",True,True
phone_charger,PH0NE CHARGER,Shopping,en,ocr_noise,E5_STATIC_QDQ_MATMUL_U8S8_PER_CHANNEL,HYBRID_PROTOTYPE,Medicine,0.8633773326873779,Personal Care,0.8625503182411194,0.0008270144462585449,"[""Medicine"", ""Personal Care"", ""Groceries""]","[0.8633773326873779, 0.8625503182411194, 0.8579360842704773]",False,False
electricity_bill,Electricity Bill,Bills,en,clean,E5_STATIC_QDQ_MATMUL_U8S8_PER_CHANNEL,HYBRID_PROTOTYPE,Bills,0.9092992544174194,Other,0.8583673238754272,0.05093193054199219,"[""Bills"", ""Other"", ""Entertainment""]","[0.9092992544174194, 0.8583673238754272, 0.8577287197113037]",True,True
internet_bill,WE Internet Bill,Bills,en,clean,E5_STATIC_QDQ_MATMUL_U8S8_PER_CHANNEL,HYBRID_PROTOTYPE,Bills,0.8926241397857666,Groceries,0.8573229908943176,0.035301148891448975,"[""Bills"", ""Groceries"", ""Restaurants""]","[0.8926241397857666, 0.8573229908943176, 0.8552443981170654]",True,True
water_bill,Water Utility Bill,Bills,en,clean,E5_STATIC_QDQ_MATMUL_U8S8_PER_CHANNEL,HYBRID_PROTOTYPE,Bills,0.9141663312911987,Other,0.870103120803833,0.04406321048736572,"[""Bills"", ""Other"", ""Household""]","[0.9141663312911987, 0.870103120803833, 0.8678439855575562]",True,True
mobile_bill,Mobile Phone Bill,Bills,en,clean,E5_STATIC_QDQ_MATMUL_U8S8_PER_CHANNEL,HYBRID_PROTOTYPE,Bills,0.9024919271469116,Shopping,0.8738394379615784,0.028652489185333252,"[""Bills"", ""Shopping"", ""Groceries""]","[0.9024919271469116, 0.8738394379615784, 0.8662755489349365]",True,True
electricity_bill,فاتورة كهرباء,Bills,ar,clean,E5_STATIC_QDQ_MATMUL_U8S8_PER_CHANNEL,HYBRID_PROTOTYPE,Bills,0.91680508852005,Shopping,0.8978594541549683,0.018945634365081787,"[""Bills"", ""Shopping"", ""Books""]","[0.91680508852005, 0.8978594541549683, 0.8974908590316772]",True,True
internet_bill,فاتورة انترنت WE,Bills,mixed,mixed_language,E5_STATIC_QDQ_MATMUL_U8S8_PER_CHANNEL,HYBRID_PROTOTYPE,Bills,0.9110137224197388,Books,0.8920300006866455,0.01898372173309326,"[""Bills"", ""Books"", ""Medicine""]","[0.9110137224197388, 0.8920300006866455, 0.88811194896698]",True,True
water_bill,فاتورة مياه,Bills,ar,clean,E5_STATIC_QDQ_MATMUL_U8S8_PER_CHANNEL,HYBRID_PROTOTYPE,Bills,0.9055747985839844,Books,0.8915197849273682,0.014055013656616211,"[""Bills"", ""Books"", ""Medicine""]","[0.9055747985839844, 0.8915197849273682, 0.8913593292236328]",True,True
gas_bill,فاتورة غاز,Bills,ar,clean,E5_STATIC_QDQ_MATMUL_U8S8_PER_CHANNEL,HYBRID_PROTOTYPE,Bills,0.9009208679199219,Medicine,0.8901016712188721,0.010819196701049805,"[""Bills"", ""Medicine"", ""Restaurants""]","[0.9009208679199219, 0.8901016712188721, 0.8871287107467651]",True,True
mobile_bill,Orange فاتورة موبايل,Bills,mixed,mixed_language,E5_STATIC_QDQ_MATMUL_U8S8_PER_CHANNEL,HYBRID_PROTOTYPE,Bills,0.9054898619651794,Shopping,0.8986567854881287,0.006833076477050781,"[""Bills"", ""Shopping"", ""Transport""]","[0.9054898619651794, 0.8986567854881287, 0.8932577967643738]",True,True
internet_bill,Internet فاتورة شهرية,Bills,mixed,mixed_language,E5_STATIC_QDQ_MATMUL_U8S8_PER_CHANNEL,HYBRID_PROTOTYPE,Bills,0.9130287170410156,Books,0.8919734358787537,0.021055281162261963,"[""Bills"", ""Books"", ""Shopping""]","[0.9130287170410156, 0.8919734358787537, 0.8883568644523621]",True,True
electricity_bill,ELECTR1C1TY B1LL,Bills,en,ocr_noise,E5_STATIC_QDQ_MATMUL_U8S8_PER_CHANNEL,HYBRID_PROTOTYPE,Bills,0.870055079460144,Shopping,0.8676646947860718,0.0023903846740722656,"[""Bills"", ""Shopping"", ""Groceries""]","[0.870055079460144, 0.8676646947860718, 0.8671747446060181]",True,True
internet_bill,WE 1NTERNET B1LL,Bills,en,ocr_noise,E5_STATIC_QDQ_MATMUL_U8S8_PER_CHANNEL,HYBRID_PROTOTYPE,Groceries,0.8600369095802307,Bills,0.853972315788269,0.00606459379196167,"[""Groceries"", ""Bills"", ""Medicine""]","[0.8600369095802307, 0.853972315788269, 0.8486384153366089]",False,True
netflix,Netflix,Entertainment,en,clean,E5_STATIC_QDQ_MATMUL_U8S8_PER_CHANNEL,HYBRID_PROTOTYPE,Entertainment,0.8739210367202759,Restaurants,0.8654422760009766,0.008478760719299316,"[""Entertainment"", ""Restaurants"", ""Shopping""]","[0.8739210367202759, 0.8654422760009766, 0.863715648651123]",True,True
cinema_ticket,Cinema Ticket,Entertainment,en,clean,E5_STATIC_QDQ_MATMUL_U8S8_PER_CHANNEL,HYBRID_PROTOTYPE,Entertainment,0.9005113840103149,Transport,0.8608888387680054,0.03962254524230957,"[""Entertainment"", ""Transport"", ""Restaurants""]","[0.9005113840103149, 0.8608888387680054, 0.8577211499214172]",True,True
playstation_game,PlayStation Game,Entertainment,en,clean,E5_STATIC_QDQ_MATMUL_U8S8_PER_CHANNEL,HYBRID_PROTOTYPE,Entertainment,0.8632222414016724,Shopping,0.8596328496932983,0.0035893917083740234,"[""Entertainment"", ""Shopping"", ""Fruits & Vegetables""]","[0.8632222414016724, 0.8596328496932983, 0.8592606782913208]",True,True
concert_ticket,Concert Ticket,Entertainment,en,clean,E5_STATIC_QDQ_MATMUL_U8S8_PER_CHANNEL,HYBRID_PROTOTYPE,Entertainment,0.86952143907547,Other,0.8551571369171143,0.014364302158355713,"[""Entertainment"", ""Other"", ""Shopping""]","[0.86952143907547, 0.8551571369171143, 0.8518239855766296]",True,True
cinema_ticket,تذكرة سينما,Entertainment,ar,clean,E5_STATIC_QDQ_MATMUL_U8S8_PER_CHANNEL,HYBRID_PROTOTYPE,Entertainment,0.9095996618270874,Transport,0.8919626474380493,0.017637014389038086,"[""Entertainment"", ""Transport"", ""Restaurants""]","[0.9095996618270874, 0.8919626474380493, 0.8845645189285278]",True,True
netflix,اشتراك مشاهدة أفلام,Entertainment,ar,clean,E5_STATIC_QDQ_MATMUL_U8S8_PER_CHANNEL,HYBRID_PROTOTYPE,Entertainment,0.9177243113517761,Books,0.8943178653717041,0.02340644598007202,"[""Entertainment"", ""Books"", ""Shopping""]","[0.9177243113517761, 0.8943178653717041, 0.889187216758728]",True,True
playstation_game,لعبة بلايستيشن,Entertainment,ar,clean,E5_STATIC_QDQ_MATMUL_U8S8_PER_CHANNEL,HYBRID_PROTOTYPE,Books,0.8815776109695435,Entertainment,0.8808744549751282,0.0007031559944152832,"[""Books"", ""Entertainment"", ""Shopping""]","[0.8815776109695435, 0.8808744549751282, 0.8801105618476868]",False,True
concert_ticket,تذكرة حفلة,Entertainment,ar,clean,E5_STATIC_QDQ_MATMUL_U8S8_PER_CHANNEL,HYBRID_PROTOTYPE,Entertainment,0.9010049104690552,Restaurants,0.8998357653617859,0.0011691451072692871,"[""Entertainment"", ""Restaurants"", ""Transport""]","[0.9010049104690552, 0.8998357653617859, 0.8955669403076172]",True,True
netflix,Netflix اشتراك,Entertainment,mixed,mixed_language,E5_STATIC_QDQ_MATMUL_U8S8_PER_CHANNEL,HYBRID_PROTOTYPE,Entertainment,0.8994683623313904,Groceries,0.8904666304588318,0.009001731872558594,"[""Entertainment"", ""Groceries"", ""Shopping""]","[0.8994683623313904, 0.8904666304588318, 0.8899438381195068]",True,True
cinema_ticket,Cinema تذكرة,Entertainment,mixed,mixed_language,E5_STATIC_QDQ_MATMUL_U8S8_PER_CHANNEL,HYBRID_PROTOTYPE,Entertainment,0.9247879981994629,Transport,0.9073858857154846,0.01740211248397827,"[""Entertainment"", ""Transport"", ""Restaurants""]","[0.9247879981994629, 0.9073858857154846, 0.9051171541213989]",True,True
netflix,NETFL1X,Entertainment,en,ocr_noise,E5_STATIC_QDQ_MATMUL_U8S8_PER_CHANNEL,HYBRID_PROTOTYPE,Bills,0.8547040820121765,Medicine,0.8532488346099854,0.0014552474021911621,"[""Bills"", ""Medicine"", ""Shopping""]","[0.8547040820121765, 0.8532488346099854, 0.852674126625061]",False,False
cinema_ticket,C1NEMA T1CKET,Entertainment,en,ocr_noise,E5_STATIC_QDQ_MATMUL_U8S8_PER_CHANNEL,HYBRID_PROTOTYPE,Groceries,0.8666492104530334,Restaurants,0.8665879368782043,6.127357482910156e-05,"[""Groceries"", ""Restaurants"", ""Entertainment""]","[0.8666492104530334, 0.8665879368782043, 0.8651996850967407]",False,True
dove_shampoo,Dove Shampoo,Personal Care,en,clean,E5_STATIC_QDQ_MATMUL_U8S8_PER_CHANNEL,HYBRID_PROTOTYPE,Personal Care,0.8832565546035767,Shopping,0.8595316410064697,0.023724913597106934,"[""Personal Care"", ""Shopping"", ""Household""]","[0.8832565546035767, 0.8595316410064697, 0.8578277826309204]",True,True
nivea_face_cream,Nivea Face Cream,Personal Care,en,clean,E5_STATIC_QDQ_MATMUL_U8S8_PER_CHANNEL,HYBRID_PROTOTYPE,Personal Care,0.8798723220825195,Medicine,0.8738512992858887,0.006021022796630859,"[""Personal Care"", ""Medicine"", ""Restaurants""]","[0.8798723220825195, 0.8738512992858887, 0.8731458187103271]",True,True
gillette_razor,Gillette Razor,Personal Care,en,clean,E5_STATIC_QDQ_MATMUL_U8S8_PER_CHANNEL,HYBRID_PROTOTYPE,Groceries,0.8677977323532104,Personal Care,0.8657397031784058,0.0020580291748046875,"[""Groceries"", ""Personal Care"", ""Shopping""]","[0.8677977323532104, 0.8657397031784058, 0.8654732704162598]",False,True
haircut,Haircut,Personal Care,en,clean,E5_STATIC_QDQ_MATMUL_U8S8_PER_CHANNEL,HYBRID_PROTOTYPE,Personal Care,0.8756203055381775,Shopping,0.8709399104118347,0.0046803951263427734,"[""Personal Care"", ""Shopping"", ""Restaurants""]","[0.8756203055381775, 0.8709399104118347, 0.862097442150116]",True,True
dove_shampoo,شامبو دوف,Personal Care,ar,clean,E5_STATIC_QDQ_MATMUL_U8S8_PER_CHANNEL,HYBRID_PROTOTYPE,Personal Care,0.8964686393737793,Household,0.8884187936782837,0.008049845695495605,"[""Personal Care"", ""Household"", ""Groceries""]","[0.8964686393737793, 0.8884187936782837, 0.8881164789199829]",True,True
nivea_face_cream,كريم نيفيا للوجه,Personal Care,ar,clean,E5_STATIC_QDQ_MATMUL_U8S8_PER_CHANNEL,HYBRID_PROTOTYPE,Groceries,0.8878029584884644,Restaurants,0.8877323865890503,7.05718994140625e-05,"[""Groceries"", ""Restaurants"", ""Personal Care""]","[0.8878029584884644, 0.8877323865890503, 0.8861892223358154]",False,True
gillette_razor,شفرة حلاقة,Personal Care,ar,clean,E5_STATIC_QDQ_MATMUL_U8S8_PER_CHANNEL,HYBRID_PROTOTYPE,Personal Care,0.896570086479187,Shopping,0.889295220375061,0.0072748661041259766,"[""Personal Care"", ""Shopping"", ""Household""]","[0.896570086479187, 0.889295220375061, 0.8877049088478088]",True,True
haircut,قص شعر,Personal Care,ar,clean,E5_STATIC_QDQ_MATMUL_U8S8_PER_CHANNEL,HYBRID_PROTOTYPE,Personal Care,0.8879002928733826,Shopping,0.8874226212501526,0.00047767162322998047,"[""Personal Care"", ""Shopping"", ""Restaurants""]","[0.8879002928733826, 0.8874226212501526, 0.885155439376831]",True,True
dove_shampoo,Shampoo شامبو,Personal Care,mixed,mixed_language,E5_STATIC_QDQ_MATMUL_U8S8_PER_CHANNEL,HYBRID_PROTOTYPE,Personal Care,0.9173672199249268,Household,0.8940009474754333,0.023366272449493408,"[""Personal Care"", ""Household"", ""Restaurants""]","[0.9173672199249268, 0.8940009474754333, 0.8836290240287781]",True,True
nivea_face_cream,Nivea كريم بشرة,Personal Care,mixed,mixed_language,E5_STATIC_QDQ_MATMUL_U8S8_PER_CHANNEL,HYBRID_PROTOTYPE,Medicine,0.9028290510177612,Personal Care,0.9014615416526794,0.0013675093650817871,"[""Medicine"", ""Personal Care"", ""Household""]","[0.9028290510177612, 0.9014615416526794, 0.8957195281982422]",False,True
dove_shampoo,شامبو D0VE,Personal Care,mixed,ocr_noise,E5_STATIC_QDQ_MATMUL_U8S8_PER_CHANNEL,HYBRID_PROTOTYPE,Personal Care,0.8974162340164185,Household,0.8912893533706665,0.006126880645751953,"[""Personal Care"", ""Household"", ""Groceries""]","[0.8974162340164185, 0.8912893533706665, 0.8891395330429077]",True,True
gillette_razor,G1LLETTE RAZ0R,Personal Care,en,ocr_noise,E5_STATIC_QDQ_MATMUL_U8S8_PER_CHANNEL,HYBRID_PROTOTYPE,Groceries,0.8669770956039429,Shopping,0.8597755432128906,0.007201552391052246,"[""Groceries"", ""Shopping"", ""Medicine""]","[0.8669770956039429, 0.8597755432128906, 0.8574941754341125]",False,False
service_fee,Service Fee,Other,en,clean,E5_STATIC_QDQ_MATMUL_U8S8_PER_CHANNEL,HYBRID_PROTOTYPE,Other,0.9076403379440308,Shopping,0.8847296237945557,0.022910714149475098,"[""Other"", ""Shopping"", ""Restaurants""]","[0.9076403379440308, 0.8847296237945557, 0.8841594457626343]",True,True
charity_donation,Charity Donation,Other,en,clean,E5_STATIC_QDQ_MATMUL_U8S8_PER_CHANNEL,HYBRID_PROTOTYPE,Other,0.8671469688415527,Medicine,0.859184980392456,0.00796198844909668,"[""Other"", ""Medicine"", ""Personal Care""]","[0.8671469688415527, 0.859184980392456, 0.8518815636634827]",True,True
document_printing,Document Printing,Other,en,clean,E5_STATIC_QDQ_MATMUL_U8S8_PER_CHANNEL,HYBRID_PROTOTYPE,Medicine,0.8640733361244202,Books,0.8599764704704285,0.004096865653991699,"[""Medicine"", ""Books"", ""Shopping""]","[0.8640733361244202, 0.8599764704704285, 0.8599728345870972]",False,False
delivery_fee,Delivery Fee,Other,en,clean,E5_STATIC_QDQ_MATMUL_U8S8_PER_CHANNEL,HYBRID_PROTOTYPE,Other,0.9068992137908936,Restaurants,0.8937963843345642,0.013102829456329346,"[""Other"", ""Restaurants"", ""Groceries""]","[0.9068992137908936, 0.8937963843345642, 0.8910989761352539]",True,True
service_fee,رسوم خدمة,Other,ar,clean,E5_STATIC_QDQ_MATMUL_U8S8_PER_CHANNEL,HYBRID_PROTOTYPE,Other,0.913004994392395,Transport,0.9031647443771362,0.009840250015258789,"[""Other"", ""Transport"", ""Bills""]","[0.913004994392395, 0.9031647443771362, 0.9027823209762573]",True,True
charity_donation,تبرع خيري,Other,ar,clean,E5_STATIC_QDQ_MATMUL_U8S8_PER_CHANNEL,HYBRID_PROTOTYPE,Other,0.8924340605735779,Medicine,0.8842166662216187,0.008217394351959229,"[""Other"", ""Medicine"", ""Restaurants""]","[0.8924340605735779, 0.8842166662216187, 0.8823457956314087]",True,True
document_printing,طباعة مستندات,Other,ar,clean,E5_STATIC_QDQ_MATMUL_U8S8_PER_CHANNEL,HYBRID_PROTOTYPE,Books,0.8940097093582153,Medicine,0.8872393369674683,0.00677037239074707,"[""Books"", ""Medicine"", ""Other""]","[0.8940097093582153, 0.8872393369674683, 0.8797637224197388]",False,True
misc_expense,مصاريف متنوعة,Other,ar,clean,E5_STATIC_QDQ_MATMUL_U8S8_PER_CHANNEL,HYBRID_PROTOTYPE,Groceries,0.8881090879440308,Other,0.8857840299606323,0.0023250579833984375,"[""Groceries"", ""Other"", ""Restaurants""]","[0.8881090879440308, 0.8857840299606323, 0.8819047212600708]",False,True
delivery_fee,Delivery رسوم,Other,mixed,mixed_language,E5_STATIC_QDQ_MATMUL_U8S8_PER_CHANNEL,HYBRID_PROTOTYPE,Other,0.913345217704773,Groceries,0.9040945768356323,0.009250640869140625,"[""Other"", ""Groceries"", ""Restaurants""]","[0.913345217704773, 0.9040945768356323, 0.903218150138855]",True,True
service_fee,Service مصاريف,Other,mixed,mixed_language,E5_STATIC_QDQ_MATMUL_U8S8_PER_CHANNEL,HYBRID_PROTOTYPE,Other,0.9098230600357056,Groceries,0.8952474594116211,0.014575600624084473,"[""Other"", ""Groceries"", ""Shopping""]","[0.9098230600357056, 0.8952474594116211, 0.8940209150314331]",True,True
service_fee,SERV1CE FEE,Other,en,ocr_noise,E5_STATIC_QDQ_MATMUL_U8S8_PER_CHANNEL,HYBRID_PROTOTYPE,Other,0.8722572326660156,Medicine,0.8565036058425903,0.015753626823425293,"[""Other"", ""Medicine"", ""Shopping""]","[0.8722572326660156, 0.8565036058425903, 0.8553518056869507]",True,True
misc_expense,M1SC EXPENSE,Other,en,ocr_noise,E5_STATIC_QDQ_MATMUL_U8S8_PER_CHANNEL,HYBRID_PROTOTYPE,Medicine,0.8623291254043579,Other,0.8620949387550354,0.00023418664932250977,"[""Medicine"", ""Other"", ""Entertainment""]","[0.8623291254043579, 0.8620949387550354, 0.8562299013137817]",False,True
atomic_habits,Atomic Habits,Books,en,clean,E5_STATIC_QDQ_MATMUL_U8S8_PER_CHANNEL,HYBRID_PROTOTYPE,Shopping,0.8764898180961609,Books,0.8763917088508606,9.810924530029297e-05,"[""Shopping"", ""Books"", ""Medicine""]","[0.8764898180961609, 0.8763917088508606, 0.8727117776870728]",False,True
clean_code,Clean Code,Books,en,clean,E5_STATIC_QDQ_MATMUL_U8S8_PER_CHANNEL,HYBRID_PROTOTYPE,Household,0.8799170851707458,Shopping,0.8672312498092651,0.012685835361480713,"[""Household"", ""Shopping"", ""Personal Care""]","[0.8799170851707458, 0.8672312498092651, 0.8625644445419312]",False,False
psychology_of_money,The Psychology of Money,Books,en,clean,E5_STATIC_QDQ_MATMUL_U8S8_PER_CHANNEL,HYBRID_PROTOTYPE,Other,0.8798028230667114,Bills,0.8752405047416687,0.004562318325042725,"[""Other"", ""Bills"", ""Books""]","[0.8798028230667114, 0.8752405047416687, 0.8734967708587646]",False,True
pragmatic_programmer,The Pragmatic Programmer,Books,en,clean,E5_STATIC_QDQ_MATMUL_U8S8_PER_CHANNEL,HYBRID_PROTOTYPE,Groceries,0.8544187545776367,Medicine,0.8536841869354248,0.0007345676422119141,"[""Groceries"", ""Medicine"", ""Shopping""]","[0.8544187545776367, 0.8536841869354248, 0.8524978160858154]",False,False
atomic_habits,العادات الذرية,Books,ar,clean,E5_STATIC_QDQ_MATMUL_U8S8_PER_CHANNEL,HYBRID_PROTOTYPE,Groceries,0.880070149898529,Books,0.8799782991409302,9.185075759887695e-05,"[""Groceries"", ""Books"", ""Medicine""]","[0.880070149898529, 0.8799782991409302, 0.8793155550956726]",False,True
art_of_not_caring,كتاب فن اللامبالاة,Books,ar,clean,E5_STATIC_QDQ_MATMUL_U8S8_PER_CHANNEL,HYBRID_PROTOTYPE,Books,0.8920615315437317,Personal Care,0.8675658702850342,0.02449566125869751,"[""Books"", ""Personal Care"", ""Bills""]","[0.8920615315437317, 0.8675658702850342, 0.861548662185669]",True,True
awlad_haretna,رواية أولاد حارتنا,Books,ar,clean,E5_STATIC_QDQ_MATMUL_U8S8_PER_CHANNEL,HYBRID_PROTOTYPE,Books,0.8856964111328125,Restaurants,0.870284914970398,0.01541149616241455,"[""Books"", ""Restaurants"", ""Transport""]","[0.8856964111328125, 0.870284914970398, 0.8677178025245667]",True,True
learn_python_book,كتاب تعلم بايثون,Books,ar,clean,E5_STATIC_QDQ_MATMUL_U8S8_PER_CHANNEL,HYBRID_PROTOTYPE,Books,0.8975218534469604,Restaurants,0.8711507320404053,0.026371121406555176,"[""Books"", ""Restaurants"", ""Medicine""]","[0.8975218534469604, 0.8711507320404053, 0.8701469898223877]",True,True
clean_code,Clean Code كتاب,Books,mixed,mixed_language,E5_STATIC_QDQ_MATMUL_U8S8_PER_CHANNEL,HYBRID_PROTOTYPE,Books,0.9099857807159424,Household,0.8947244882583618,0.015261292457580566,"[""Books"", ""Household"", ""Shopping""]","[0.9099857807159424, 0.8947244882583618, 0.8898754119873047]",True,True
atomic_habits,Atomic Habits نسخة عربية,Books,mixed,mixed_language,E5_STATIC_QDQ_MATMUL_U8S8_PER_CHANNEL,HYBRID_PROTOTYPE,Books,0.8936322927474976,Medicine,0.8866347670555115,0.006997525691986084,"[""Books"", ""Medicine"", ""Shopping""]","[0.8936322927474976, 0.8866347670555115, 0.8822624683380127]",True,True
atomic_habits,AT0MIC HAB1TS,Books,en,ocr_noise,E5_STATIC_QDQ_MATMUL_U8S8_PER_CHANNEL,HYBRID_PROTOTYPE,Medicine,0.8627251386642456,Groceries,0.8522250652313232,0.010500073432922363,"[""Medicine"", ""Groceries"", ""Household""]","[0.8627251386642456, 0.8522250652313232, 0.8500968217849731]",False,False
clean_code,CLEAN C0DE,Books,en,ocr_noise,E5_STATIC_QDQ_MATMUL_U8S8_PER_CHANNEL,HYBRID_PROTOTYPE,Household,0.8768666982650757,Groceries,0.868183970451355,0.008682727813720703,"[""Household"", ""Groceries"", ""Medicine""]","[0.8768666982650757, 0.868183970451355, 0.8671755790710449]",False,False
chicken_breast,Chicken Breast,Groceries,en,clean,E5_STATIC_QOP_U8S8_PER_CHANNEL,HYBRID_PROTOTYPE,Other,0.8801422715187073,Fruits & Vegetables,0.8768477439880371,0.003294527530670166,"[""Other"", ""Fruits & Vegetables"", ""Shopping""]","[0.8801422715187073, 0.8768477439880371, 0.8738877773284912]",False,False
milk_1l,Milk 1L,Groceries,en,clean,E5_STATIC_QOP_U8S8_PER_CHANNEL,HYBRID_PROTOTYPE,Other,0.8898884057998657,Fruits & Vegetables,0.8879731893539429,0.0019152164459228516,"[""Other"", ""Fruits & Vegetables"", ""Shopping""]","[0.8898884057998657, 0.8879731893539429, 0.8876368999481201]",False,False
rice_1kg,Rice 1KG,Groceries,en,clean,E5_STATIC_QOP_U8S8_PER_CHANNEL,HYBRID_PROTOTYPE,Other,0.9102209806442261,Fruits & Vegetables,0.9068077206611633,0.003413259983062744,"[""Other"", ""Fruits & Vegetables"", ""Shopping""]","[0.9102209806442261, 0.9068077206611633, 0.9049762487411499]",False,False
groceries_egyptian_white_cheese,Egyptian White Cheese,Groceries,en,clean,E5_STATIC_QOP_U8S8_PER_CHANNEL,HYBRID_PROTOTYPE,Shopping,0.911064624786377,Other,0.9063214063644409,0.004743218421936035,"[""Shopping"", ""Other"", ""Restaurants""]","[0.911064624786377, 0.9063214063644409, 0.9022669792175293]",False,False
chicken_breast,صدور فراخ,Groceries,ar,clean,E5_STATIC_QOP_U8S8_PER_CHANNEL,HYBRID_PROTOTYPE,Other,0.9103026986122131,Shopping,0.8980246186256409,0.012278079986572266,"[""Other"", ""Shopping"", ""Fruits & Vegetables""]","[0.9103026986122131, 0.8980246186256409, 0.8950967788696289]",False,False
milk_1l,لبن كامل الدسم,Groceries,ar,clean,E5_STATIC_QOP_U8S8_PER_CHANNEL,HYBRID_PROTOTYPE,Other,0.9286994338035583,Medicine,0.9245518445968628,0.004147589206695557,"[""Other"", ""Medicine"", ""Fruits & Vegetables""]","[0.9286994338035583, 0.9245518445968628, 0.9227209687232971]",False,False
rice_1kg,كيس أرز 1 كيلو,Groceries,ar,clean,E5_STATIC_QOP_U8S8_PER_CHANNEL,HYBRID_PROTOTYPE,Shopping,0.926040530204773,Other,0.9235253930091858,0.002515137195587158,"[""Shopping"", ""Other"", ""Fruits & Vegetables""]","[0.926040530204773, 0.9235253930091858, 0.9163374900817871]",False,False
groceries_8,علبة تونة,Groceries,ar,clean,E5_STATIC_QOP_U8S8_PER_CHANNEL,HYBRID_PROTOTYPE,Other,0.9207310676574707,Shopping,0.9153708219528198,0.005360245704650879,"[""Other"", ""Shopping"", ""Restaurants""]","[0.9207310676574707, 0.9153708219528198, 0.9126772880554199]",False,False
milk_1l,Fresh Milk لبن,Groceries,mixed,mixed_language,E5_STATIC_QOP_U8S8_PER_CHANNEL,HYBRID_PROTOTYPE,Other,0.9007689356803894,Fruits & Vegetables,0.8988535404205322,0.0019153952598571777,"[""Other"", ""Fruits & Vegetables"", ""Restaurants""]","[0.9007689356803894, 0.8988535404205322, 0.8956145644187927]",False,False
chicken_breast,Chicken فراخ مجمدة,Groceries,mixed,mixed_language,E5_STATIC_QOP_U8S8_PER_CHANNEL,HYBRID_PROTOTYPE,Other,0.920389711856842,Shopping,0.9182148575782776,0.002174854278564453,"[""Other"", ""Shopping"", ""Fruits & Vegetables""]","[0.920389711856842, 0.9182148575782776, 0.9148859977722168]",False,False
milk_1l,M1LK 1L,Groceries,en,ocr_noise,E5_STATIC_QOP_U8S8_PER_CHANNEL,HYBRID_PROTOTYPE,Other,0.889146089553833,Fruits & Vegetables,0.8886533975601196,0.0004926919937133789,"[""Other"", ""Fruits & Vegetables"", ""Restaurants""]","[0.889146089553833, 0.8886533975601196, 0.8875960111618042]",False,False
rice_1kg,R1CE 1KG,Groceries,en,ocr_noise,E5_STATIC_QOP_U8S8_PER_CHANNEL,HYBRID_PROTOTYPE,Other,0.91161048412323,Fruits & Vegetables,0.9101604223251343,0.0014500617980957031,"[""Other"", ""Fruits & Vegetables"", ""Transport""]","[0.91161048412323, 0.9101604223251343, 0.9091355204582214]",False,False
banana,Banana,Fruits & Vegetables,en,clean,E5_STATIC_QOP_U8S8_PER_CHANNEL,HYBRID_PROTOTYPE,Other,0.8901342153549194,Fruits & Vegetables,0.8882641792297363,0.0018700361251831055,"[""Other"", ""Fruits & Vegetables"", ""Restaurants""]","[0.8901342153549194, 0.8882641792297363, 0.8858993053436279]",False,True
tomatoes,Fresh Tomatoes,Fruits & Vegetables,en,clean,E5_STATIC_QOP_U8S8_PER_CHANNEL,HYBRID_PROTOTYPE,Other,0.9145107269287109,Fruits & Vegetables,0.9120416641235352,0.0024690628051757812,"[""Other"", ""Fruits & Vegetables"", ""Shopping""]","[0.9145107269287109, 0.9120416641235352, 0.9075874090194702]",False,True
apples,Green Apples,Fruits & Vegetables,en,clean,E5_STATIC_QOP_U8S8_PER_CHANNEL,HYBRID_PROTOTYPE,Other,0.9030551314353943,Shopping,0.8986833095550537,0.004371821880340576,"[""Other"", ""Shopping"", ""Fruits & Vegetables""]","[0.9030551314353943, 0.8986833095550537, 0.8956198692321777]",False,True
cucumber,Cucumber Pack,Fruits & Vegetables,en,clean,E5_STATIC_QOP_U8S8_PER_CHANNEL,HYBRID_PROTOTYPE,Restaurants,0.9096790552139282,Other,0.9088722467422485,0.0008068084716796875,"[""Restaurants"", ""Other"", ""Fruits & Vegetables""]","[0.9096790552139282, 0.9088722467422485, 0.9039100408554077]",False,True
tomatoes,طماطم,Fruits & Vegetables,ar,clean,E5_STATIC_QOP_U8S8_PER_CHANNEL,HYBRID_PROTOTYPE,Fruits & Vegetables,0.9047939777374268,Other,0.9037665128707886,0.0010274648666381836,"[""Fruits & Vegetables"", ""Other"", ""Shopping""]","[0.9047939777374268, 0.9037665128707886, 0.9001575708389282]",True,True
apples,تفاح,Fruits & Vegetables,ar,clean,E5_STATIC_QOP_U8S8_PER_CHANNEL,HYBRID_PROTOTYPE,Other,0.898392379283905,Fruits & Vegetables,0.893855094909668,0.0045372843742370605,"[""Other"", ""Fruits & Vegetables"", ""Shopping""]","[0.898392379283905, 0.893855094909668, 0.8898295164108276]",False,True
banana,موز بلدي,Fruits & Vegetables,ar,clean,E5_STATIC_QOP_U8S8_PER_CHANNEL,HYBRID_PROTOTYPE,Other,0.8953058123588562,Shopping,0.8933714628219604,0.001934349536895752,"[""Other"", ""Shopping"", ""Books""]","[0.8953058123588562, 0.8933714628219604, 0.886427640914917]",False,False
cucumber,خيار طازج,Fruits & Vegetables,ar,clean,E5_STATIC_QOP_U8S8_PER_CHANNEL,HYBRID_PROTOTYPE,Shopping,0.9054214954376221,Restaurants,0.903612494468689,0.0018090009689331055,"[""Shopping"", ""Restaurants"", ""Other""]","[0.9054214954376221, 0.903612494468689, 0.9034668207168579]",False,False
banana,Banana موز,Fruits & Vegetables,mixed,mixed_language,E5_STATIC_QOP_U8S8_PER_CHANNEL,HYBRID_PROTOTYPE,Restaurants,0.902044415473938,Other,0.900054931640625,0.0019894838333129883,"[""Restaurants"", ""Other"", ""Fruits & Vegetables""]","[0.902044415473938, 0.900054931640625, 0.8984798192977905]",False,True
tomatoes,Fresh طماطم,Fruits & Vegetables,mixed,mixed_language,E5_STATIC_QOP_U8S8_PER_CHANNEL,HYBRID_PROTOTYPE,Fruits & Vegetables,0.9072353839874268,Other,0.9067291021347046,0.000506281852722168,"[""Fruits & Vegetables"", ""Other"", ""Shopping""]","[0.9072353839874268, 0.9067291021347046, 0.901233434677124]",True,True
tomatoes,T0MAT0ES,Fruits & Vegetables,en,ocr_noise,E5_STATIC_QOP_U8S8_PER_CHANNEL,HYBRID_PROTOTYPE,Other,0.8939757347106934,Restaurants,0.8871759176254272,0.006799817085266113,"[""Other"", ""Restaurants"", ""Shopping""]","[0.8939757347106934, 0.8871759176254272, 0.8855783939361572]",False,False
apples,تفـاح,Fruits & Vegetables,ar,ocr_noise,E5_STATIC_QOP_U8S8_PER_CHANNEL,HYBRID_PROTOTYPE,Other,0.9101138114929199,Fruits & Vegetables,0.9048808217048645,0.00523298978805542,"[""Other"", ""Fruits & Vegetables"", ""Shopping""]","[0.9101138114929199, 0.9048808217048645, 0.903469443321228]",False,True
mcchicken_meal,McChicken Meal,Restaurants,en,clean,E5_STATIC_QOP_U8S8_PER_CHANNEL,HYBRID_PROTOTYPE,Other,0.9260612726211548,Shopping,0.9205619692802429,0.005499303340911865,"[""Other"", ""Shopping"", ""Fruits & Vegetables""]","[0.9260612726211548, 0.9205619692802429, 0.9171504974365234]",False,False
margherita_pizza,Margherita Pizza,Restaurants,en,clean,E5_STATIC_QOP_U8S8_PER_CHANNEL,HYBRID_PROTOTYPE,Other,0.9009185433387756,Fruits & Vegetables,0.8977068662643433,0.003211677074432373,"[""Other"", ""Fruits & Vegetables"", ""Restaurants""]","[0.9009185433387756, 0.8977068662643433, 0.8975516557693481]",False,True
coffee,Cappuccino,Restaurants,en,clean,E5_STATIC_QOP_U8S8_PER_CHANNEL,HYBRID_PROTOTYPE,Other,0.8857413530349731,Fruits & Vegetables,0.8798444867134094,0.005896866321563721,"[""Other"", ""Fruits & Vegetables"", ""Shopping""]","[0.8857413530349731, 0.8798444867134094, 0.8795608282089233]",False,False
restaurants_kfc_family_meal,KFC Family Meal,Restaurants,en,clean,E5_STATIC_QOP_U8S8_PER_CHANNEL,HYBRID_PROTOTYPE,Other,0.9142147302627563,Shopping,0.9101730585098267,0.0040416717529296875,"[""Other"", ""Shopping"", ""Fruits & Vegetables""]","[0.9142147302627563, 0.9101730585098267, 0.9088413715362549]",False,False
margherita_pizza,بيتزا مارجريتا,Restaurants,ar,clean,E5_STATIC_QOP_U8S8_PER_CHANNEL,HYBRID_PROTOTYPE,Restaurants,0.9038711786270142,Fruits & Vegetables,0.9029128551483154,0.0009583234786987305,"[""Restaurants"", ""Fruits & Vegetables"", ""Medicine""]","[0.9038711786270142, 0.9029128551483154, 0.9022679924964905]",True,True
burger_meal,وجبة برجر,Restaurants,ar,clean,E5_STATIC_QOP_U8S8_PER_CHANNEL,HYBRID_PROTOTYPE,Other,0.9021790623664856,Fruits & Vegetables,0.9019656181335449,0.00021344423294067383,"[""Other"", ""Fruits & Vegetables"", ""Restaurants""]","[0.9021790623664856, 0.9019656181335449, 0.8992266654968262]",False,True
coffee,قهوة لاتيه,Restaurants,ar,clean,E5_STATIC_QOP_U8S8_PER_CHANNEL,HYBRID_PROTOTYPE,Other,0.9151350259780884,Shopping,0.9141272902488708,0.0010077357292175293,"[""Other"", ""Shopping"", ""Books""]","[0.9151350259780884, 0.9141272902488708, 0.9119815230369568]",False,False
restaurants_32,ساندوتش شاورما,Restaurants,ar,clean,E5_STATIC_QOP_U8S8_PER_CHANNEL,HYBRID_PROTOTYPE,Fruits & Vegetables,0.9344274997711182,Shopping,0.9326605796813965,0.0017669200897216797,"[""Fruits & Vegetables"", ""Shopping"", ""Personal Care""]","[0.9344274997711182, 0.9326605796813965, 0.9319174885749817]",False,False
coffee,Coffee قهوة,Restaurants,mixed,mixed_language,E5_STATIC_QOP_U8S8_PER_CHANNEL,HYBRID_PROTOTYPE,Other,0.8972441554069519,Shopping,0.8911951780319214,0.006048977375030518,"[""Other"", ""Shopping"", ""Fruits & Vegetables""]","[0.8972441554069519, 0.8911951780319214, 0.8911699056625366]",False,False
burger_meal,Burger وجبة,Restaurants,mixed,mixed_language,E5_STATIC_QOP_U8S8_PER_CHANNEL,HYBRID_PROTOTYPE,Other,0.906215250492096,Fruits & Vegetables,0.9020520448684692,0.004163205623626709,"[""Other"", ""Fruits & Vegetables"", ""Shopping""]","[0.906215250492096, 0.9020520448684692, 0.8983736038208008]",False,False
mcchicken_meal,McCh1cken MeaI,Restaurants,en,ocr_noise,E5_STATIC_QOP_U8S8_PER_CHANNEL,HYBRID_PROTOTYPE,Other,0.929274320602417,Fruits & Vegetables,0.9251328706741333,0.004141449928283691,"[""Other"", ""Fruits & Vegetables"", ""Restaurants""]","[0.929274320602417, 0.9251328706741333, 0.9236351251602173]",False,True
margherita_pizza,P1ZZA MARGHER1TA,Restaurants,en,ocr_noise,E5_STATIC_QOP_U8S8_PER_CHANNEL,HYBRID_PROTOTYPE,Restaurants,0.9224915504455566,Fruits & Vegetables,0.9204068779945374,0.002084672451019287,"[""Restaurants"", ""Fruits & Vegetables"", ""Groceries""]","[0.9224915504455566, 0.9204068779945374, 0.9170733690261841]",True,True
uber_trip,Uber Trip,Transport,en,clean,E5_STATIC_QOP_U8S8_PER_CHANNEL,HYBRID_PROTOTYPE,Fruits & Vegetables,0.8957521319389343,Other,0.8934467434883118,0.0023053884506225586,"[""Fruits & Vegetables"", ""Other"", ""Shopping""]","[0.8957521319389343, 0.8934467434883118, 0.8931962251663208]",False,False
careem_ride,Careem Ride,Transport,en,clean,E5_STATIC_QOP_U8S8_PER_CHANNEL,HYBRID_PROTOTYPE,Other,0.9086771607398987,Fruits & Vegetables,0.8968465924263,0.011830568313598633,"[""Other"", ""Fruits & Vegetables"", ""Personal Care""]","[0.9086771607398987, 0.8968465924263, 0.8947445154190063]",False,False
metro_ticket,Cairo Metro Ticket,Transport,en,clean,E5_STATIC_QOP_U8S8_PER_CHANNEL,HYBRID_PROTOTYPE,Shopping,0.9102285504341125,Other,0.9098287224769592,0.0003998279571533203,"[""Shopping"", ""Other"", ""Fruits & Vegetables""]","[0.9102285504341125, 0.9098287224769592, 0.9059238433837891]",False,False
gasoline_92,Gasoline 92,Transport,en,clean,E5_STATIC_QOP_U8S8_PER_CHANNEL,HYBRID_PROTOTYPE,Other,0.9055769443511963,Shopping,0.9022224545478821,0.003354489803314209,"[""Other"", ""Shopping"", ""Fruits & Vegetables""]","[0.9055769443511963, 0.9022224545478821, 0.9009081125259399]",False,False
uber_trip,رحلة أوبر,Transport,ar,clean,E5_STATIC_QOP_U8S8_PER_CHANNEL,HYBRID_PROTOTYPE,Shopping,0.9089326858520508,Medicine,0.9026685357093811,0.006264150142669678,"[""Shopping"", ""Medicine"", ""Fruits & Vegetables""]","[0.9089326858520508, 0.9026685357093811, 0.9025864005088806]",False,False
careem_ride,مشوار كريم,Transport,ar,clean,E5_STATIC_QOP_U8S8_PER_CHANNEL,HYBRID_PROTOTYPE,Other,0.902336061000824,Restaurants,0.8991096019744873,0.00322645902633667,"[""Other"", ""Restaurants"", ""Fruits & Vegetables""]","[0.902336061000824, 0.8991096019744873, 0.8985001444816589]",False,False
metro_ticket,تذكرة مترو,Transport,ar,clean,E5_STATIC_QOP_U8S8_PER_CHANNEL,HYBRID_PROTOTYPE,Other,0.9068498611450195,Shopping,0.8996657133102417,0.007184147834777832,"[""Other"", ""Shopping"", ""Entertainment""]","[0.9068498611450195, 0.8996657133102417, 0.8992985486984253]",False,False
gasoline_92,بنزين 92,Transport,ar,clean,E5_STATIC_QOP_U8S8_PER_CHANNEL,HYBRID_PROTOTYPE,Other,0.9017332792282104,Fruits & Vegetables,0.8950880765914917,0.00664520263671875,"[""Other"", ""Fruits & Vegetables"", ""Shopping""]","[0.9017332792282104, 0.8950880765914917, 0.8945632576942444]",False,False
uber_trip,Uber مشوار,Transport,mixed,mixed_language,E5_STATIC_QOP_U8S8_PER_CHANNEL,HYBRID_PROTOTYPE,Other,0.9105944633483887,Transport,0.9092475175857544,0.0013469457626342773,"[""Other"", ""Transport"", ""Fruits & Vegetables""]","[0.9105944633483887, 0.9092475175857544, 0.9079300761222839]",False,True
careem_ride,Careem رحلة,Transport,mixed,mixed_language,E5_STATIC_QOP_U8S8_PER_CHANNEL,HYBRID_PROTOTYPE,Other,0.901559054851532,Personal Care,0.8933867812156677,0.008172273635864258,"[""Other"", ""Personal Care"", ""Fruits & Vegetables""]","[0.901559054851532, 0.8933867812156677, 0.8912354707717896]",False,False
uber_trip,UBER TR1P,Transport,en,ocr_noise,E5_STATIC_QOP_U8S8_PER_CHANNEL,HYBRID_PROTOTYPE,Fruits & Vegetables,0.921012282371521,Other,0.9207394123077393,0.0002728700637817383,"[""Fruits & Vegetables"", ""Other"", ""Bills""]","[0.921012282371521, 0.9207394123077393, 0.9199873805046082]",False,False
careem_ride,CAR EEM R1DE,Transport,en,ocr_noise,E5_STATIC_QOP_U8S8_PER_CHANNEL,HYBRID_PROTOTYPE,Other,0.9202647805213928,Restaurants,0.9101369380950928,0.010127842426300049,"[""Other"", ""Restaurants"", ""Fruits & Vegetables""]","[0.9202647805213928, 0.9101369380950928, 0.9097687005996704]",False,False
dettol_floor_cleaner,Dettol Floor Cleaner,Household,en,clean,E5_STATIC_QOP_U8S8_PER_CHANNEL,HYBRID_PROTOTYPE,Other,0.9056655168533325,Household,0.902633786201477,0.0030317306518554688,"[""Other"", ""Household"", ""Shopping""]","[0.9056655168533325, 0.902633786201477, 0.900933027267456]",False,True
fairy_dish_liquid,Fairy Dishwashing Liquid,Household,en,clean,E5_STATIC_QOP_U8S8_PER_CHANNEL,HYBRID_PROTOTYPE,Shopping,0.9042624235153198,Restaurants,0.9024544358253479,0.0018079876899719238,"[""Shopping"", ""Restaurants"", ""Household""]","[0.9042624235153198, 0.9024544358253479, 0.9022178649902344]",False,True
persil_gel,Persil Gel,Household,en,clean,E5_STATIC_QOP_U8S8_PER_CHANNEL,HYBRID_PROTOTYPE,Other,0.9134377241134644,Shopping,0.9006863832473755,0.012751340866088867,"[""Other"", ""Shopping"", ""Fruits & Vegetables""]","[0.9134377241134644, 0.9006863832473755, 0.8977166414260864]",False,False
clorox_bleach,Clorox Bleach,Household,en,clean,E5_STATIC_QOP_U8S8_PER_CHANNEL,HYBRID_PROTOTYPE,Other,0.9303195476531982,Shopping,0.9302731156349182,4.64320182800293e-05,"[""Other"", ""Shopping"", ""Fruits & Vegetables""]","[0.9303195476531982, 0.9302731156349182, 0.928909182548523]",False,False
dettol_floor_cleaner,منظف أرضيات ديتول,Household,ar,clean,E5_STATIC_QOP_U8S8_PER_CHANNEL,HYBRID_PROTOTYPE,Other,0.9339444637298584,Medicine,0.9319754838943481,0.001968979835510254,"[""Other"", ""Medicine"", ""Household""]","[0.9339444637298584, 0.9319754838943481, 0.9290261268615723]",False,True
fairy_dish_liquid,سائل غسيل أطباق,Household,ar,clean,E5_STATIC_QOP_U8S8_PER_CHANNEL,HYBRID_PROTOTYPE,Shopping,0.9308321475982666,Fruits & Vegetables,0.9283354878425598,0.002496659755706787,"[""Shopping"", ""Fruits & Vegetables"", ""Other""]","[0.9308321475982666, 0.9283354878425598, 0.9267538785934448]",False,False
persil_gel,مسحوق غسيل برسيل,Household,ar,clean,E5_STATIC_QOP_U8S8_PER_CHANNEL,HYBRID_PROTOTYPE,Shopping,0.9234617352485657,Household,0.9198918342590332,0.0035699009895324707,"[""Shopping"", ""Household"", ""Fruits & Vegetables""]","[0.9234617352485657, 0.9198918342590332, 0.9171638488769531]",False,True
clorox_bleach,كلور مبيض,Household,ar,clean,E5_STATIC_QOP_U8S8_PER_CHANNEL,HYBRID_PROTOTYPE,Shopping,0.9224581122398376,Other,0.9215556979179382,0.0009024143218994141,"[""Shopping"", ""Other"", ""Fruits & Vegetables""]","[0.9224581122398376, 0.9215556979179382, 0.919259786605835]",False,False
dettol_floor_cleaner,Dettol منظف أرضيات,Household,mixed,mixed_language,E5_STATIC_QOP_U8S8_PER_CHANNEL,HYBRID_PROTOTYPE,Other,0.9335906505584717,Household,0.9270116686820984,0.006578981876373291,"[""Other"", ""Household"", ""Medicine""]","[0.9335906505584717, 0.9270116686820984, 0.9263376593589783]",False,True
fairy_dish_liquid,Fairy صابون أطباق,Household,mixed,mixed_language,E5_STATIC_QOP_U8S8_PER_CHANNEL,HYBRID_PROTOTYPE,Other,0.936203122138977,Personal Care,0.9292082190513611,0.006994903087615967,"[""Other"", ""Personal Care"", ""Fruits & Vegetables""]","[0.936203122138977, 0.9292082190513611, 0.9286108016967773]",False,False
dettol_floor_cleaner,DettoI Floor C1eaner,Household,en,ocr_noise,E5_STATIC_QOP_U8S8_PER_CHANNEL,HYBRID_PROTOTYPE,Other,0.9341464638710022,Shopping,0.9290761947631836,0.0050702691078186035,"[""Other"", ""Shopping"", ""Household""]","[0.9341464638710022, 0.9290761947631836, 0.9254666566848755]",False,True
persil_gel,PersiI GeI,Household,en,ocr_noise,E5_STATIC_QOP_U8S8_PER_CHANNEL,HYBRID_PROTOTYPE,Other,0.909099817276001,Restaurants,0.8965761661529541,0.012523651123046875,"[""Other"", ""Restaurants"", ""Medicine""]","[0.909099817276001, 0.8965761661529541, 0.8964096307754517]",False,False
panadol_extra,Panadol Extra,Medicine,en,clean,E5_STATIC_QOP_U8S8_PER_CHANNEL,HYBRID_PROTOTYPE,Other,0.9063895344734192,Shopping,0.8996549844741821,0.0067345499992370605,"[""Other"", ""Shopping"", ""Fruits & Vegetables""]","[0.9063895344734192, 0.8996549844741821, 0.899034321308136]",False,False
brufen_400,Brufen 400,Medicine,en,clean,E5_STATIC_QOP_U8S8_PER_CHANNEL,HYBRID_PROTOTYPE,Fruits & Vegetables,0.8862597346305847,Other,0.8860756158828735,0.00018411874771118164,"[""Fruits & Vegetables"", ""Other"", ""Bills""]","[0.8862597346305847, 0.8860756158828735, 0.8833152651786804]",False,False
folic_acid_600_mcg,Folic Acid 600 MCG,Medicine,en,clean,E5_STATIC_QOP_U8S8_PER_CHANNEL,HYBRID_PROTOTYPE,Other,0.9335270524024963,Shopping,0.9327880144119263,0.0007390379905700684,"[""Other"", ""Shopping"", ""Restaurants""]","[0.9335270524024963, 0.9327880144119263, 0.931877613067627]",False,False
immulant_plus_20_cap,Immulant Plus 20 Cap,Medicine,en,clean,E5_STATIC_QOP_U8S8_PER_CHANNEL,HYBRID_PROTOTYPE,Medicine,0.9232991337776184,Fruits & Vegetables,0.920933723449707,0.002365410327911377,"[""Medicine"", ""Fruits & Vegetables"", ""Other""]","[0.9232991337776184, 0.920933723449707, 0.9194808602333069]",True,True
panadol_extra,بنادول إكسترا,Medicine,ar,clean,E5_STATIC_QOP_U8S8_PER_CHANNEL,HYBRID_PROTOTYPE,Other,0.9326095581054688,Medicine,0.9291625618934631,0.0034469962120056152,"[""Other"", ""Medicine"", ""Fruits & Vegetables""]","[0.9326095581054688, 0.9291625618934631, 0.9284093379974365]",False,True
brufen_400,بروفين 400,Medicine,ar,clean,E5_STATIC_QOP_U8S8_PER_CHANNEL,HYBRID_PROTOTYPE,Other,0.9001320600509644,Fruits & Vegetables,0.8926219940185547,0.007510066032409668,"[""Other"", ""Fruits & Vegetables"", ""Shopping""]","[0.9001320600509644, 0.8926219940185547, 0.8885600566864014]",False,False
folic_acid_600_mcg,حمض الفوليك,Medicine,ar,clean,E5_STATIC_QOP_U8S8_PER_CHANNEL,HYBRID_PROTOTYPE,Fruits & Vegetables,0.917357325553894,Other,0.9163913726806641,0.0009659528732299805,"[""Fruits & Vegetables"", ""Other"", ""Restaurants""]","[0.917357325553894, 0.9163913726806641, 0.912584662437439]",False,False
medicine_68,فيتامين سي,Medicine,ar,clean,E5_STATIC_QOP_U8S8_PER_CHANNEL,HYBRID_PROTOTYPE,Other,0.9180272817611694,Fruits & Vegetables,0.9107562899589539,0.007270991802215576,"[""Other"", ""Fruits & Vegetables"", ""Medicine""]","[0.9180272817611694, 0.9107562899589539, 0.9090633392333984]",False,True
panadol_extra,Panadol مسكن,Medicine,mixed,mixed_language,E5_STATIC_QOP_U8S8_PER_CHANNEL,HYBRID_PROTOTYPE,Other,0.9210536479949951,Fruits & Vegetables,0.9178325533866882,0.0032210946083068848,"[""Other"", ""Fruits & Vegetables"", ""Restaurants""]","[0.9210536479949951, 0.9178325533866882, 0.915550708770752]",False,False
vitamin_d,Vitamin D فيتامين,Medicine,mixed,mixed_language,E5_STATIC_QOP_U8S8_PER_CHANNEL,HYBRID_PROTOTYPE,Medicine,0.9184707999229431,Other,0.9155939221382141,0.002876877784729004,"[""Medicine"", ""Other"", ""Books""]","[0.9184707999229431, 0.9155939221382141, 0.9030168056488037]",True,True
panadol_extra,PANAD0L EXTRA,Medicine,en,ocr_noise,E5_STATIC_QOP_U8S8_PER_CHANNEL,HYBRID_PROTOTYPE,Other,0.9175851345062256,Fruits & Vegetables,0.9139848947525024,0.0036002397537231445,"[""Other"", ""Fruits & Vegetables"", ""Restaurants""]","[0.9175851345062256, 0.9139848947525024, 0.9106216430664062]",False,False
folic_acid_600_mcg,F0LIC ACID 600 MCG,Medicine,en,ocr_noise,E5_STATIC_QOP_U8S8_PER_CHANNEL,HYBRID_PROTOTYPE,Medicine,0.908336877822876,Shopping,0.9072574973106384,0.0010793805122375488,"[""Medicine"", ""Shopping"", ""Restaurants""]","[0.908336877822876, 0.9072574973106384, 0.9067321419715881]",True,True
immulant_plus_20_cap,MLANT PLUS 20 CAP,Medicine,en,ocr_noise,E5_STATIC_QOP_U8S8_PER_CHANNEL,HYBRID_PROTOTYPE,Other,0.9235410094261169,Fruits & Vegetables,0.9208974838256836,0.0026435256004333496,"[""Other"", ""Fruits & Vegetables"", ""Restaurants""]","[0.9235410094261169, 0.9208974838256836, 0.9201345443725586]",False,False
folic_acid_600_mcg,FoLic AciD 600 McG,Medicine,en,ocr_noise,E5_STATIC_QOP_U8S8_PER_CHANNEL,HYBRID_PROTOTYPE,Other,0.9219714403152466,Groceries,0.9193099737167358,0.002661466598510742,"[""Other"", ""Groceries"", ""Shopping""]","[0.9219714403152466, 0.9193099737167358, 0.9185013771057129]",False,False
cotton_tshirt,Cotton T Shirt,Shopping,en,clean,E5_STATIC_QOP_U8S8_PER_CHANNEL,HYBRID_PROTOTYPE,Other,0.8934198021888733,Shopping,0.8932596445083618,0.0001601576805114746,"[""Other"", ""Shopping"", ""Fruits & Vegetables""]","[0.8934198021888733, 0.8932596445083618, 0.8902910947799683]",False,True
running_shoes,Running Shoes,Shopping,en,clean,E5_STATIC_QOP_U8S8_PER_CHANNEL,HYBRID_PROTOTYPE,Other,0.912185788154602,Shopping,0.9101085662841797,0.0020772218704223633,"[""Other"", ""Shopping"", ""Fruits & Vegetables""]","[0.912185788154602, 0.9101085662841797, 0.9100383520126343]",False,True
wireless_headphones,Wireless Headphones,Shopping,en,clean,E5_STATIC_QOP_U8S8_PER_CHANNEL,HYBRID_PROTOTYPE,Other,0.8822269439697266,Shopping,0.8813108205795288,0.0009161233901977539,"[""Other"", ""Shopping"", ""Fruits & Vegetables""]","[0.8822269439697266, 0.8813108205795288, 0.8774633407592773]",False,True
phone_charger,Phone Charger,Shopping,en,clean,E5_STATIC_QOP_U8S8_PER_CHANNEL,HYBRID_PROTOTYPE,Other,0.895729660987854,Shopping,0.893976092338562,0.0017535686492919922,"[""Other"", ""Shopping"", ""Bills""]","[0.895729660987854, 0.893976092338562, 0.8880031108856201]",False,True
cotton_tshirt,تيشيرت قطن,Shopping,ar,clean,E5_STATIC_QOP_U8S8_PER_CHANNEL,HYBRID_PROTOTYPE,Medicine,0.9206830263137817,Fruits & Vegetables,0.9196208715438843,0.001062154769897461,"[""Medicine"", ""Fruits & Vegetables"", ""Household""]","[0.9206830263137817, 0.9196208715438843, 0.9161484241485596]",False,False
running_shoes,حذاء رياضي,Shopping,ar,clean,E5_STATIC_QOP_U8S8_PER_CHANNEL,HYBRID_PROTOTYPE,Other,0.9200237393379211,Shopping,0.9152291417121887,0.004794597625732422,"[""Other"", ""Shopping"", ""Books""]","[0.9200237393379211, 0.9152291417121887, 0.9129414558410645]",False,True
wireless_headphones,سماعات بلوتوث,Shopping,ar,clean,E5_STATIC_QOP_U8S8_PER_CHANNEL,HYBRID_PROTOTYPE,Shopping,0.915701687335968,Other,0.9147406220436096,0.0009610652923583984,"[""Shopping"", ""Other"", ""Household""]","[0.915701687335968, 0.9147406220436096, 0.9128414988517761]",True,True
phone_charger,شاحن موبايل,Shopping,ar,clean,E5_STATIC_QOP_U8S8_PER_CHANNEL,HYBRID_PROTOTYPE,Fruits & Vegetables,0.9323071241378784,Shopping,0.9320878982543945,0.00021922588348388672,"[""Fruits & Vegetables"", ""Shopping"", ""Restaurants""]","[0.9323071241378784, 0.9320878982543945, 0.9285566806793213]",False,True
running_shoes,Nike حذاء,Shopping,mixed,mixed_language,E5_STATIC_QOP_U8S8_PER_CHANNEL,HYBRID_PROTOTYPE,Shopping,0.915038526058197,Other,0.9145353436470032,0.0005031824111938477,"[""Shopping"", ""Other"", ""Fruits & Vegetables""]","[0.915038526058197, 0.9145353436470032, 0.9074740409851074]",True,True
wireless_headphones,Headphones سماعات,Shopping,mixed,mixed_language,E5_STATIC_QOP_U8S8_PER_CHANNEL,HYBRID_PROTOTYPE,Shopping,0.8988375067710876,Other,0.8969367742538452,0.0019007325172424316,"[""Shopping"", ""Other"", ""Fruits & Vegetables""]","[0.8988375067710876, 0.8969367742538452, 0.894625186920166]",True,True
wireless_headphones,W1RELESS HEADPH0NES,Shopping,en,ocr_noise,E5_STATIC_QOP_U8S8_PER_CHANNEL,HYBRID_PROTOTYPE,Other,0.9181966781616211,Household,0.9159129858016968,0.0022836923599243164,"[""Other"", ""Household"", ""Fruits & Vegetables""]","[0.9181966781616211, 0.9159129858016968, 0.9148377180099487]",False,False
phone_charger,PH0NE CHARGER,Shopping,en,ocr_noise,E5_STATIC_QOP_U8S8_PER_CHANNEL,HYBRID_PROTOTYPE,Restaurants,0.9020325541496277,Other,0.9018290638923645,0.0002034902572631836,"[""Restaurants"", ""Other"", ""Shopping""]","[0.9020325541496277, 0.9018290638923645, 0.8946579694747925]",False,True
electricity_bill,Electricity Bill,Bills,en,clean,E5_STATIC_QOP_U8S8_PER_CHANNEL,HYBRID_PROTOTYPE,Shopping,0.8973716497421265,Other,0.8957333564758301,0.0016382932662963867,"[""Shopping"", ""Other"", ""Bills""]","[0.8973716497421265, 0.8957333564758301, 0.8943251371383667]",False,True
internet_bill,WE Internet Bill,Bills,en,clean,E5_STATIC_QOP_U8S8_PER_CHANNEL,HYBRID_PROTOTYPE,Bills,0.8919172286987305,Other,0.8887656927108765,0.003151535987854004,"[""Bills"", ""Other"", ""Shopping""]","[0.8919172286987305, 0.8887656927108765, 0.887407124042511]",True,True
water_bill,Water Utility Bill,Bills,en,clean,E5_STATIC_QOP_U8S8_PER_CHANNEL,HYBRID_PROTOTYPE,Other,0.9112450480461121,Bills,0.9093021154403687,0.0019429326057434082,"[""Other"", ""Bills"", ""Shopping""]","[0.9112450480461121, 0.9093021154403687, 0.9002161026000977]",False,True
mobile_bill,Mobile Phone Bill,Bills,en,clean,E5_STATIC_QOP_U8S8_PER_CHANNEL,HYBRID_PROTOTYPE,Shopping,0.8784587383270264,Bills,0.8777206540107727,0.0007380843162536621,"[""Shopping"", ""Bills"", ""Other""]","[0.8784587383270264, 0.8777206540107727, 0.8716973066329956]",False,True
electricity_bill,فاتورة كهرباء,Bills,ar,clean,E5_STATIC_QOP_U8S8_PER_CHANNEL,HYBRID_PROTOTYPE,Other,0.9286104440689087,Restaurants,0.9238343238830566,0.004776120185852051,"[""Other"", ""Restaurants"", ""Fruits & Vegetables""]","[0.9286104440689087, 0.9238343238830566, 0.9217063188552856]",False,False
internet_bill,فاتورة انترنت WE,Bills,mixed,mixed_language,E5_STATIC_QOP_U8S8_PER_CHANNEL,HYBRID_PROTOTYPE,Other,0.9306896924972534,Bills,0.926824152469635,0.003865540027618408,"[""Other"", ""Bills"", ""Shopping""]","[0.9306896924972534, 0.926824152469635, 0.9245291948318481]",False,True
water_bill,فاتورة مياه,Bills,ar,clean,E5_STATIC_QOP_U8S8_PER_CHANNEL,HYBRID_PROTOTYPE,Other,0.9128652215003967,Bills,0.9124115109443665,0.00045371055603027344,"[""Other"", ""Bills"", ""Shopping""]","[0.9128652215003967, 0.9124115109443665, 0.9099140763282776]",False,True
gas_bill,فاتورة غاز,Bills,ar,clean,E5_STATIC_QOP_U8S8_PER_CHANNEL,HYBRID_PROTOTYPE,Other,0.9087537527084351,Books,0.906935453414917,0.0018182992935180664,"[""Other"", ""Books"", ""Fruits & Vegetables""]","[0.9087537527084351, 0.906935453414917, 0.9048891067504883]",False,False
mobile_bill,Orange فاتورة موبايل,Bills,mixed,mixed_language,E5_STATIC_QOP_U8S8_PER_CHANNEL,HYBRID_PROTOTYPE,Bills,0.9208239912986755,Fruits & Vegetables,0.9206405878067017,0.00018340349197387695,"[""Bills"", ""Fruits & Vegetables"", ""Restaurants""]","[0.9208239912986755, 0.9206405878067017, 0.918898344039917]",True,True
internet_bill,Internet فاتورة شهرية,Bills,mixed,mixed_language,E5_STATIC_QOP_U8S8_PER_CHANNEL,HYBRID_PROTOTYPE,Bills,0.9164677858352661,Other,0.9114069938659668,0.005060791969299316,"[""Bills"", ""Other"", ""Medicine""]","[0.9164677858352661, 0.9114069938659668, 0.9090558290481567]",True,True
electricity_bill,ELECTR1C1TY B1LL,Bills,en,ocr_noise,E5_STATIC_QOP_U8S8_PER_CHANNEL,HYBRID_PROTOTYPE,Restaurants,0.8919984102249146,Bills,0.8894156813621521,0.002582728862762451,"[""Restaurants"", ""Bills"", ""Fruits & Vegetables""]","[0.8919984102249146, 0.8894156813621521, 0.8869081735610962]",False,True
internet_bill,WE 1NTERNET B1LL,Bills,en,ocr_noise,E5_STATIC_QOP_U8S8_PER_CHANNEL,HYBRID_PROTOTYPE,Other,0.9117441773414612,Bills,0.9099308252334595,0.001813352108001709,"[""Other"", ""Bills"", ""Restaurants""]","[0.9117441773414612, 0.9099308252334595, 0.9091352224349976]",False,True
netflix,Netflix,Entertainment,en,clean,E5_STATIC_QOP_U8S8_PER_CHANNEL,HYBRID_PROTOTYPE,Other,0.886743426322937,Shopping,0.8774893879890442,0.009254038333892822,"[""Other"", ""Shopping"", ""Books""]","[0.886743426322937, 0.8774893879890442, 0.8756952285766602]",False,False
cinema_ticket,Cinema Ticket,Entertainment,en,clean,E5_STATIC_QOP_U8S8_PER_CHANNEL,HYBRID_PROTOTYPE,Entertainment,0.8916139006614685,Other,0.8864864110946655,0.0051274895668029785,"[""Entertainment"", ""Other"", ""Books""]","[0.8916139006614685, 0.8864864110946655, 0.8779515624046326]",True,True
playstation_game,PlayStation Game,Entertainment,en,clean,E5_STATIC_QOP_U8S8_PER_CHANNEL,HYBRID_PROTOTYPE,Other,0.8852462768554688,Fruits & Vegetables,0.87837815284729,0.006868124008178711,"[""Other"", ""Fruits & Vegetables"", ""Shopping""]","[0.8852462768554688, 0.87837815284729, 0.8780695199966431]",False,False
concert_ticket,Concert Ticket,Entertainment,en,clean,E5_STATIC_QOP_U8S8_PER_CHANNEL,HYBRID_PROTOTYPE,Other,0.8934987783432007,Entertainment,0.8897507786750793,0.003747999668121338,"[""Other"", ""Entertainment"", ""Shopping""]","[0.8934987783432007, 0.8897507786750793, 0.885303258895874]",False,True
cinema_ticket,تذكرة سينما,Entertainment,ar,clean,E5_STATIC_QOP_U8S8_PER_CHANNEL,HYBRID_PROTOTYPE,Other,0.9165750741958618,Books,0.9101457595825195,0.006429314613342285,"[""Other"", ""Books"", ""Transport""]","[0.9165750741958618, 0.9101457595825195, 0.9092738032341003]",False,False
netflix,اشتراك مشاهدة أفلام,Entertainment,ar,clean,E5_STATIC_QOP_U8S8_PER_CHANNEL,HYBRID_PROTOTYPE,Other,0.9023966193199158,Entertainment,0.9018862247467041,0.0005103945732116699,"[""Other"", ""Entertainment"", ""Shopping""]","[0.9023966193199158, 0.9018862247467041, 0.8994098901748657]",False,True
playstation_game,لعبة بلايستيشن,Entertainment,ar,clean,E5_STATIC_QOP_U8S8_PER_CHANNEL,HYBRID_PROTOTYPE,Shopping,0.9069781303405762,Other,0.90605628490448,0.0009218454360961914,"[""Shopping"", ""Other"", ""Fruits & Vegetables""]","[0.9069781303405762, 0.90605628490448, 0.9002872109413147]",False,False
concert_ticket,تذكرة حفلة,Entertainment,ar,clean,E5_STATIC_QOP_U8S8_PER_CHANNEL,HYBRID_PROTOTYPE,Other,0.9119856953620911,Books,0.909774661064148,0.0022110342979431152,"[""Other"", ""Books"", ""Entertainment""]","[0.9119856953620911, 0.909774661064148, 0.9026695489883423]",False,True
netflix,Netflix اشتراك,Entertainment,mixed,mixed_language,E5_STATIC_QOP_U8S8_PER_CHANNEL,HYBRID_PROTOTYPE,Shopping,0.9048761129379272,Other,0.9038898944854736,0.0009862184524536133,"[""Shopping"", ""Other"", ""Fruits & Vegetables""]","[0.9048761129379272, 0.9038898944854736, 0.8978809118270874]",False,False
cinema_ticket,Cinema تذكرة,Entertainment,mixed,mixed_language,E5_STATIC_QOP_U8S8_PER_CHANNEL,HYBRID_PROTOTYPE,Entertainment,0.9067308902740479,Other,0.9014097452163696,0.005321145057678223,"[""Entertainment"", ""Other"", ""Books""]","[0.9067308902740479, 0.9014097452163696, 0.8986178040504456]",True,True
netflix,NETFL1X,Entertainment,en,ocr_noise,E5_STATIC_QOP_U8S8_PER_CHANNEL,HYBRID_PROTOTYPE,Other,0.9101995825767517,Fruits & Vegetables,0.9052183628082275,0.00498121976852417,"[""Other"", ""Fruits & Vegetables"", ""Shopping""]","[0.9101995825767517, 0.9052183628082275, 0.904437780380249]",False,False
cinema_ticket,C1NEMA T1CKET,Entertainment,en,ocr_noise,E5_STATIC_QOP_U8S8_PER_CHANNEL,HYBRID_PROTOTYPE,Restaurants,0.9101606607437134,Fruits & Vegetables,0.9078854322433472,0.002275228500366211,"[""Restaurants"", ""Fruits & Vegetables"", ""Other""]","[0.9101606607437134, 0.9078854322433472, 0.904750645160675]",False,False
dove_shampoo,Dove Shampoo,Personal Care,en,clean,E5_STATIC_QOP_U8S8_PER_CHANNEL,HYBRID_PROTOTYPE,Other,0.8734520673751831,Personal Care,0.8723657131195068,0.0010863542556762695,"[""Other"", ""Personal Care"", ""Fruits & Vegetables""]","[0.8734520673751831, 0.8723657131195068, 0.8665169477462769]",False,True
nivea_face_cream,Nivea Face Cream,Personal Care,en,clean,E5_STATIC_QOP_U8S8_PER_CHANNEL,HYBRID_PROTOTYPE,Other,0.9052361249923706,Fruits & Vegetables,0.8971201181411743,0.008116006851196289,"[""Other"", ""Fruits & Vegetables"", ""Personal Care""]","[0.9052361249923706, 0.8971201181411743, 0.8961966633796692]",False,True
gillette_razor,Gillette Razor,Personal Care,en,clean,E5_STATIC_QOP_U8S8_PER_CHANNEL,HYBRID_PROTOTYPE,Other,0.9040313363075256,Shopping,0.9025319814682007,0.0014993548393249512,"[""Other"", ""Shopping"", ""Personal Care""]","[0.9040313363075256, 0.9025319814682007, 0.8963720798492432]",False,True
haircut,Haircut,Personal Care,en,clean,E5_STATIC_QOP_U8S8_PER_CHANNEL,HYBRID_PROTOTYPE,Other,0.8938896656036377,Fruits & Vegetables,0.8908004760742188,0.0030891895294189453,"[""Other"", ""Fruits & Vegetables"", ""Shopping""]","[0.8938896656036377, 0.8908004760742188, 0.8899542093276978]",False,False
dove_shampoo,شامبو دوف,Personal Care,ar,clean,E5_STATIC_QOP_U8S8_PER_CHANNEL,HYBRID_PROTOTYPE,Shopping,0.9065348505973816,Other,0.9052116870880127,0.0013231635093688965,"[""Shopping"", ""Other"", ""Fruits & Vegetables""]","[0.9065348505973816, 0.9052116870880127, 0.9027382731437683]",False,False
nivea_face_cream,كريم نيفيا للوجه,Personal Care,ar,clean,E5_STATIC_QOP_U8S8_PER_CHANNEL,HYBRID_PROTOTYPE,Other,0.9197441339492798,Books,0.9094423055648804,0.010301828384399414,"[""Other"", ""Books"", ""Fruits & Vegetables""]","[0.9197441339492798, 0.9094423055648804, 0.908745288848877]",False,False
gillette_razor,شفرة حلاقة,Personal Care,ar,clean,E5_STATIC_QOP_U8S8_PER_CHANNEL,HYBRID_PROTOTYPE,Other,0.903581976890564,Shopping,0.8969873189926147,0.006594657897949219,"[""Other"", ""Shopping"", ""Fruits & Vegetables""]","[0.903581976890564, 0.8969873189926147, 0.8927019834518433]",False,False
haircut,قص شعر,Personal Care,ar,clean,E5_STATIC_QOP_U8S8_PER_CHANNEL,HYBRID_PROTOTYPE,Other,0.8941631317138672,Fruits & Vegetables,0.8882172107696533,0.005945920944213867,"[""Other"", ""Fruits & Vegetables"", ""Shopping""]","[0.8941631317138672, 0.8882172107696533, 0.8871853947639465]",False,False
dove_shampoo,Shampoo شامبو,Personal Care,mixed,mixed_language,E5_STATIC_QOP_U8S8_PER_CHANNEL,HYBRID_PROTOTYPE,Other,0.8900896906852722,Personal Care,0.889569878578186,0.0005198121070861816,"[""Other"", ""Personal Care"", ""Shopping""]","[0.8900896906852722, 0.889569878578186, 0.8824949264526367]",False,True
nivea_face_cream,Nivea كريم بشرة,Personal Care,mixed,mixed_language,E5_STATIC_QOP_U8S8_PER_CHANNEL,HYBRID_PROTOTYPE,Other,0.9276281595230103,Fruits & Vegetables,0.9210500717163086,0.00657808780670166,"[""Other"", ""Fruits & Vegetables"", ""Shopping""]","[0.9276281595230103, 0.9210500717163086, 0.9167708158493042]",False,False
dove_shampoo,شامبو D0VE,Personal Care,mixed,ocr_noise,E5_STATIC_QOP_U8S8_PER_CHANNEL,HYBRID_PROTOTYPE,Other,0.9090125560760498,Personal Care,0.9017652273178101,0.007247328758239746,"[""Other"", ""Personal Care"", ""Fruits & Vegetables""]","[0.9090125560760498, 0.9017652273178101, 0.8995932936668396]",False,True
gillette_razor,G1LLETTE RAZ0R,Personal Care,en,ocr_noise,E5_STATIC_QOP_U8S8_PER_CHANNEL,HYBRID_PROTOTYPE,Other,0.9078308343887329,Restaurants,0.9048249125480652,0.0030059218406677246,"[""Other"", ""Restaurants"", ""Groceries""]","[0.9078308343887329, 0.9048249125480652, 0.9047991633415222]",False,False
service_fee,Service Fee,Other,en,clean,E5_STATIC_QOP_U8S8_PER_CHANNEL,HYBRID_PROTOTYPE,Other,0.9004725217819214,Shopping,0.8806537389755249,0.019818782806396484,"[""Other"", ""Shopping"", ""Fruits & Vegetables""]","[0.9004725217819214, 0.8806537389755249, 0.8795786499977112]",True,True
charity_donation,Charity Donation,Other,en,clean,E5_STATIC_QOP_U8S8_PER_CHANNEL,HYBRID_PROTOTYPE,Other,0.9058760404586792,Shopping,0.905142068862915,0.0007339715957641602,"[""Other"", ""Shopping"", ""Fruits & Vegetables""]","[0.9058760404586792, 0.905142068862915, 0.9030326008796692]",True,True
document_printing,Document Printing,Other,en,clean,E5_STATIC_QOP_U8S8_PER_CHANNEL,HYBRID_PROTOTYPE,Books,0.90029376745224,Other,0.8961580395698547,0.004135727882385254,"[""Books"", ""Other"", ""Entertainment""]","[0.90029376745224, 0.8961580395698547, 0.8907097578048706]",False,True
delivery_fee,Delivery Fee,Other,en,clean,E5_STATIC_QOP_U8S8_PER_CHANNEL,HYBRID_PROTOTYPE,Other,0.8983868956565857,Restaurants,0.8874337673187256,0.010953128337860107,"[""Other"", ""Restaurants"", ""Fruits & Vegetables""]","[0.8983868956565857, 0.8874337673187256, 0.8853062987327576]",True,True
service_fee,رسوم خدمة,Other,ar,clean,E5_STATIC_QOP_U8S8_PER_CHANNEL,HYBRID_PROTOTYPE,Other,0.8904733657836914,Shopping,0.875052809715271,0.01542055606842041,"[""Other"", ""Shopping"", ""Fruits & Vegetables""]","[0.8904733657836914, 0.875052809715271, 0.8738475441932678]",True,True
charity_donation,تبرع خيري,Other,ar,clean,E5_STATIC_QOP_U8S8_PER_CHANNEL,HYBRID_PROTOTYPE,Other,0.9026256203651428,Books,0.8911492824554443,0.011476337909698486,"[""Other"", ""Books"", ""Shopping""]","[0.9026256203651428, 0.8911492824554443, 0.8884139060974121]",True,True
document_printing,طباعة مستندات,Other,ar,clean,E5_STATIC_QOP_U8S8_PER_CHANNEL,HYBRID_PROTOTYPE,Other,0.9142154455184937,Shopping,0.9103143215179443,0.0039011240005493164,"[""Other"", ""Shopping"", ""Books""]","[0.9142154455184937, 0.9103143215179443, 0.9100261926651001]",True,True
misc_expense,مصاريف متنوعة,Other,ar,clean,E5_STATIC_QOP_U8S8_PER_CHANNEL,HYBRID_PROTOTYPE,Other,0.9112483263015747,Shopping,0.9040237069129944,0.007224619388580322,"[""Other"", ""Shopping"", ""Fruits & Vegetables""]","[0.9112483263015747, 0.9040237069129944, 0.9038065671920776]",True,True
delivery_fee,Delivery رسوم,Other,mixed,mixed_language,E5_STATIC_QOP_U8S8_PER_CHANNEL,HYBRID_PROTOTYPE,Other,0.87745600938797,Transport,0.8674567937850952,0.009999215602874756,"[""Other"", ""Transport"", ""Restaurants""]","[0.87745600938797, 0.8674567937850952, 0.8657149076461792]",True,True
service_fee,Service مصاريف,Other,mixed,mixed_language,E5_STATIC_QOP_U8S8_PER_CHANNEL,HYBRID_PROTOTYPE,Other,0.9121196269989014,Shopping,0.9013797044754028,0.010739922523498535,"[""Other"", ""Shopping"", ""Fruits & Vegetables""]","[0.9121196269989014, 0.9013797044754028, 0.899408221244812]",True,True
service_fee,SERV1CE FEE,Other,en,ocr_noise,E5_STATIC_QOP_U8S8_PER_CHANNEL,HYBRID_PROTOTYPE,Other,0.9358463883399963,Restaurants,0.9276536703109741,0.008192718029022217,"[""Other"", ""Restaurants"", ""Fruits & Vegetables""]","[0.9358463883399963, 0.9276536703109741, 0.9271520376205444]",True,True
misc_expense,M1SC EXPENSE,Other,en,ocr_noise,E5_STATIC_QOP_U8S8_PER_CHANNEL,HYBRID_PROTOTYPE,Other,0.9056231379508972,Fruits & Vegetables,0.9043375849723816,0.001285552978515625,"[""Other"", ""Fruits & Vegetables"", ""Shopping""]","[0.9056231379508972, 0.9043375849723816, 0.9039239883422852]",True,True
atomic_habits,Atomic Habits,Books,en,clean,E5_STATIC_QOP_U8S8_PER_CHANNEL,HYBRID_PROTOTYPE,Other,0.911946177482605,Shopping,0.9081417918205261,0.0038043856620788574,"[""Other"", ""Shopping"", ""Medicine""]","[0.911946177482605, 0.9081417918205261, 0.9076662063598633]",False,False
clean_code,Clean Code,Books,en,clean,E5_STATIC_QOP_U8S8_PER_CHANNEL,HYBRID_PROTOTYPE,Other,0.8852212429046631,Shopping,0.882565975189209,0.0026552677154541016,"[""Other"", ""Shopping"", ""Fruits & Vegetables""]","[0.8852212429046631, 0.882565975189209, 0.880098819732666]",False,False
psychology_of_money,The Psychology of Money,Books,en,clean,E5_STATIC_QOP_U8S8_PER_CHANNEL,HYBRID_PROTOTYPE,Other,0.9104161262512207,Shopping,0.9024792909622192,0.007936835289001465,"[""Other"", ""Shopping"", ""Fruits & Vegetables""]","[0.9104161262512207, 0.9024792909622192, 0.8946572542190552]",False,False
pragmatic_programmer,The Pragmatic Programmer,Books,en,clean,E5_STATIC_QOP_U8S8_PER_CHANNEL,HYBRID_PROTOTYPE,Other,0.9185782670974731,Shopping,0.915529727935791,0.003048539161682129,"[""Other"", ""Shopping"", ""Restaurants""]","[0.9185782670974731, 0.915529727935791, 0.9099600911140442]",False,False
atomic_habits,العادات الذرية,Books,ar,clean,E5_STATIC_QOP_U8S8_PER_CHANNEL,HYBRID_PROTOTYPE,Other,0.9058035016059875,Books,0.8966225981712341,0.009180903434753418,"[""Other"", ""Books"", ""Shopping""]","[0.9058035016059875, 0.8966225981712341, 0.8957555890083313]",False,True
art_of_not_caring,كتاب فن اللامبالاة,Books,ar,clean,E5_STATIC_QOP_U8S8_PER_CHANNEL,HYBRID_PROTOTYPE,Medicine,0.9322593808174133,Other,0.9312286376953125,0.00103074312210083,"[""Medicine"", ""Other"", ""Books""]","[0.9322593808174133, 0.9312286376953125, 0.9284011125564575]",False,True
awlad_haretna,رواية أولاد حارتنا,Books,ar,clean,E5_STATIC_QOP_U8S8_PER_CHANNEL,HYBRID_PROTOTYPE,Books,0.9069701433181763,Transport,0.9029302000999451,0.004039943218231201,"[""Books"", ""Transport"", ""Other""]","[0.9069701433181763, 0.9029302000999451, 0.9021427631378174]",True,True
learn_python_book,كتاب تعلم بايثون,Books,ar,clean,E5_STATIC_QOP_U8S8_PER_CHANNEL,HYBRID_PROTOTYPE,Books,0.9246077537536621,Other,0.91451495885849,0.01009279489517212,"[""Books"", ""Other"", ""Shopping""]","[0.9246077537536621, 0.91451495885849, 0.9130092859268188]",True,True
clean_code,Clean Code كتاب,Books,mixed,mixed_language,E5_STATIC_QOP_U8S8_PER_CHANNEL,HYBRID_PROTOTYPE,Shopping,0.8870376348495483,Other,0.8860695362091064,0.0009680986404418945,"[""Shopping"", ""Other"", ""Books""]","[0.8870376348495483, 0.8860695362091064, 0.8850411176681519]",False,True
atomic_habits,Atomic Habits نسخة عربية,Books,mixed,mixed_language,E5_STATIC_QOP_U8S8_PER_CHANNEL,HYBRID_PROTOTYPE,Other,0.9146925210952759,Medicine,0.9131292104721069,0.0015633106231689453,"[""Other"", ""Medicine"", ""Shopping""]","[0.9146925210952759, 0.9131292104721069, 0.9126121997833252]",False,False
atomic_habits,AT0MIC HAB1TS,Books,en,ocr_noise,E5_STATIC_QOP_U8S8_PER_CHANNEL,HYBRID_PROTOTYPE,Other,0.9060311317443848,Fruits & Vegetables,0.9004454612731934,0.005585670471191406,"[""Other"", ""Fruits & Vegetables"", ""Restaurants""]","[0.9060311317443848, 0.9004454612731934, 0.8992152214050293]",False,False
clean_code,CLEAN C0DE,Books,en,ocr_noise,E5_STATIC_QOP_U8S8_PER_CHANNEL,HYBRID_PROTOTYPE,Other,0.9105459451675415,Shopping,0.9050601124763489,0.005485832691192627,"[""Other"", ""Shopping"", ""Restaurants""]","[0.9105459451675415, 0.9050601124763489, 0.9044025540351868]",False,False
chicken_breast,Chicken Breast,Groceries,en,clean,E5_STATIC_QDQ_S8S8_PER_TENSOR,HYBRID_PROTOTYPE,Bills,0.8889260292053223,Restaurants,0.8845648765563965,0.004361152648925781,"[""Bills"", ""Restaurants"", ""Other""]","[0.8889260292053223, 0.8845648765563965, 0.8845268487930298]",False,False
milk_1l,Milk 1L,Groceries,en,clean,E5_STATIC_QDQ_S8S8_PER_TENSOR,HYBRID_PROTOTYPE,Bills,0.9097800850868225,Medicine,0.9094910621643066,0.00028902292251586914,"[""Bills"", ""Medicine"", ""Other""]","[0.9097800850868225, 0.9094910621643066, 0.9085891842842102]",False,False
rice_1kg,Rice 1KG,Groceries,en,clean,E5_STATIC_QDQ_S8S8_PER_TENSOR,HYBRID_PROTOTYPE,Other,0.9084746837615967,Medicine,0.902296781539917,0.0061779022216796875,"[""Other"", ""Medicine"", ""Bills""]","[0.9084746837615967, 0.902296781539917, 0.9006226658821106]",False,False
groceries_egyptian_white_cheese,Egyptian White Cheese,Groceries,en,clean,E5_STATIC_QDQ_S8S8_PER_TENSOR,HYBRID_PROTOTYPE,Other,0.9117116928100586,Shopping,0.9097306728363037,0.001981019973754883,"[""Other"", ""Shopping"", ""Medicine""]","[0.9117116928100586, 0.9097306728363037, 0.9092884063720703]",False,False
chicken_breast,صدور فراخ,Groceries,ar,clean,E5_STATIC_QDQ_S8S8_PER_TENSOR,HYBRID_PROTOTYPE,Other,0.9115308523178101,Bills,0.9023120999336243,0.009218752384185791,"[""Other"", ""Bills"", ""Medicine""]","[0.9115308523178101, 0.9023120999336243, 0.9020298719406128]",False,False
milk_1l,لبن كامل الدسم,Groceries,ar,clean,E5_STATIC_QDQ_S8S8_PER_TENSOR,HYBRID_PROTOTYPE,Other,0.929531455039978,Medicine,0.9268779754638672,0.00265347957611084,"[""Other"", ""Medicine"", ""Household""]","[0.929531455039978, 0.9268779754638672, 0.9239031672477722]",False,False
rice_1kg,كيس أرز 1 كيلو,Groceries,ar,clean,E5_STATIC_QDQ_S8S8_PER_TENSOR,HYBRID_PROTOTYPE,Other,0.9207428097724915,Medicine,0.9205849766731262,0.00015783309936523438,"[""Other"", ""Medicine"", ""Bills""]","[0.9207428097724915, 0.9205849766731262, 0.9201699495315552]",False,False
groceries_8,علبة تونة,Groceries,ar,clean,E5_STATIC_QDQ_S8S8_PER_TENSOR,HYBRID_PROTOTYPE,Bills,0.9217329025268555,Medicine,0.9208532571792603,0.0008796453475952148,"[""Bills"", ""Medicine"", ""Books""]","[0.9217329025268555, 0.9208532571792603, 0.9190047979354858]",False,False
milk_1l,Fresh Milk لبن,Groceries,mixed,mixed_language,E5_STATIC_QDQ_S8S8_PER_TENSOR,HYBRID_PROTOTYPE,Other,0.9246742129325867,Medicine,0.9223415851593018,0.002332627773284912,"[""Other"", ""Medicine"", ""Fruits & Vegetables""]","[0.9246742129325867, 0.9223415851593018, 0.9218263030052185]",False,False
chicken_breast,Chicken فراخ مجمدة,Groceries,mixed,mixed_language,E5_STATIC_QDQ_S8S8_PER_TENSOR,HYBRID_PROTOTYPE,Other,0.9263103008270264,Medicine,0.9210216403007507,0.005288660526275635,"[""Other"", ""Medicine"", ""Bills""]","[0.9263103008270264, 0.9210216403007507, 0.9201647043228149]",False,False
milk_1l,M1LK 1L,Groceries,en,ocr_noise,E5_STATIC_QDQ_S8S8_PER_TENSOR,HYBRID_PROTOTYPE,Bills,0.9058809280395508,Medicine,0.9052233099937439,0.0006576180458068848,"[""Bills"", ""Medicine"", ""Other""]","[0.9058809280395508, 0.9052233099937439, 0.902875542640686]",False,False
rice_1kg,R1CE 1KG,Groceries,en,ocr_noise,E5_STATIC_QDQ_S8S8_PER_TENSOR,HYBRID_PROTOTYPE,Bills,0.9129903316497803,Other,0.9104251265525818,0.0025652050971984863,"[""Bills"", ""Other"", ""Medicine""]","[0.9129903316497803, 0.9104251265525818, 0.9076269268989563]",False,False
banana,Banana,Fruits & Vegetables,en,clean,E5_STATIC_QDQ_S8S8_PER_TENSOR,HYBRID_PROTOTYPE,Bills,0.9033808708190918,Other,0.9008609056472778,0.002519965171813965,"[""Bills"", ""Other"", ""Medicine""]","[0.9033808708190918, 0.9008609056472778, 0.8960236310958862]",False,False
tomatoes,Fresh Tomatoes,Fruits & Vegetables,en,clean,E5_STATIC_QDQ_S8S8_PER_TENSOR,HYBRID_PROTOTYPE,Other,0.9275485277175903,Fruits & Vegetables,0.9206821918487549,0.006866335868835449,"[""Other"", ""Fruits & Vegetables"", ""Medicine""]","[0.9275485277175903, 0.9206821918487549, 0.9197425246238708]",False,True
apples,Green Apples,Fruits & Vegetables,en,clean,E5_STATIC_QDQ_S8S8_PER_TENSOR,HYBRID_PROTOTYPE,Bills,0.9197859764099121,Other,0.9173082709312439,0.002477705478668213,"[""Bills"", ""Other"", ""Shopping""]","[0.9197859764099121, 0.9173082709312439, 0.9120484590530396]",False,False
cucumber,Cucumber Pack,Fruits & Vegetables,en,clean,E5_STATIC_QDQ_S8S8_PER_TENSOR,HYBRID_PROTOTYPE,Restaurants,0.9147337675094604,Bills,0.9147167205810547,1.704692840576172e-05,"[""Restaurants"", ""Bills"", ""Other""]","[0.9147337675094604, 0.9147167205810547, 0.9143680334091187]",False,False
tomatoes,طماطم,Fruits & Vegetables,ar,clean,E5_STATIC_QDQ_S8S8_PER_TENSOR,HYBRID_PROTOTYPE,Other,0.9220497608184814,Entertainment,0.9209060668945312,0.0011436939239501953,"[""Other"", ""Entertainment"", ""Bills""]","[0.9220497608184814, 0.9209060668945312, 0.9178138971328735]",False,False
apples,تفاح,Fruits & Vegetables,ar,clean,E5_STATIC_QDQ_S8S8_PER_TENSOR,HYBRID_PROTOTYPE,Bills,0.9181368947029114,Other,0.915422260761261,0.0027146339416503906,"[""Bills"", ""Other"", ""Medicine""]","[0.9181368947029114, 0.915422260761261, 0.9127833247184753]",False,False
banana,موز بلدي,Fruits & Vegetables,ar,clean,E5_STATIC_QDQ_S8S8_PER_TENSOR,HYBRID_PROTOTYPE,Other,0.9187416434288025,Medicine,0.916407585144043,0.0023340582847595215,"[""Other"", ""Medicine"", ""Shopping""]","[0.9187416434288025, 0.916407585144043, 0.9140139818191528]",False,False
cucumber,خيار طازج,Fruits & Vegetables,ar,clean,E5_STATIC_QDQ_S8S8_PER_TENSOR,HYBRID_PROTOTYPE,Other,0.9080061912536621,Restaurants,0.9075828194618225,0.0004233717918395996,"[""Other"", ""Restaurants"", ""Shopping""]","[0.9080061912536621, 0.9075828194618225, 0.9055132269859314]",False,False
banana,Banana موز,Fruits & Vegetables,mixed,mixed_language,E5_STATIC_QDQ_S8S8_PER_TENSOR,HYBRID_PROTOTYPE,Other,0.920163631439209,Medicine,0.9187459349632263,0.001417696475982666,"[""Other"", ""Medicine"", ""Bills""]","[0.920163631439209, 0.9187459349632263, 0.91867995262146]",False,False
tomatoes,Fresh طماطم,Fruits & Vegetables,mixed,mixed_language,E5_STATIC_QDQ_S8S8_PER_TENSOR,HYBRID_PROTOTYPE,Other,0.9334571361541748,Medicine,0.9301716685295105,0.0032854676246643066,"[""Other"", ""Medicine"", ""Fruits & Vegetables""]","[0.9334571361541748, 0.9301716685295105, 0.9280780553817749]",False,True
tomatoes,T0MAT0ES,Fruits & Vegetables,en,ocr_noise,E5_STATIC_QDQ_S8S8_PER_TENSOR,HYBRID_PROTOTYPE,Bills,0.9183421730995178,Medicine,0.9173026084899902,0.0010395646095275879,"[""Bills"", ""Medicine"", ""Other""]","[0.9183421730995178, 0.9173026084899902, 0.9167933464050293]",False,False
apples,تفـاح,Fruits & Vegetables,ar,ocr_noise,E5_STATIC_QDQ_S8S8_PER_TENSOR,HYBRID_PROTOTYPE,Other,0.9224592447280884,Medicine,0.9185578227043152,0.0039014220237731934,"[""Other"", ""Medicine"", ""Fruits & Vegetables""]","[0.9224592447280884, 0.9185578227043152, 0.9170555472373962]",False,True
mcchicken_meal,McChicken Meal,Restaurants,en,clean,E5_STATIC_QDQ_S8S8_PER_TENSOR,HYBRID_PROTOTYPE,Other,0.9203184843063354,Medicine,0.918401837348938,0.001916646957397461,"[""Other"", ""Medicine"", ""Shopping""]","[0.9203184843063354, 0.918401837348938, 0.9154024124145508]",False,False
margherita_pizza,Margherita Pizza,Restaurants,en,clean,E5_STATIC_QDQ_S8S8_PER_TENSOR,HYBRID_PROTOTYPE,Other,0.9114646911621094,Medicine,0.9086715579032898,0.00279313325881958,"[""Other"", ""Medicine"", ""Restaurants""]","[0.9114646911621094, 0.9086715579032898, 0.9054239988327026]",False,True
coffee,Cappuccino,Restaurants,en,clean,E5_STATIC_QDQ_S8S8_PER_TENSOR,HYBRID_PROTOTYPE,Other,0.8847236633300781,Bills,0.8832800388336182,0.001443624496459961,"[""Other"", ""Bills"", ""Medicine""]","[0.8847236633300781, 0.8832800388336182, 0.8816924095153809]",False,False
restaurants_kfc_family_meal,KFC Family Meal,Restaurants,en,clean,E5_STATIC_QDQ_S8S8_PER_TENSOR,HYBRID_PROTOTYPE,Other,0.9212368130683899,Groceries,0.9199187159538269,0.0013180971145629883,"[""Other"", ""Groceries"", ""Restaurants""]","[0.9212368130683899, 0.9199187159538269, 0.9185075759887695]",False,True
margherita_pizza,بيتزا مارجريتا,Restaurants,ar,clean,E5_STATIC_QDQ_S8S8_PER_TENSOR,HYBRID_PROTOTYPE,Other,0.9316518902778625,Restaurants,0.9300922155380249,0.0015596747398376465,"[""Other"", ""Restaurants"", ""Medicine""]","[0.9316518902778625, 0.9300922155380249, 0.9290545582771301]",False,True
burger_meal,وجبة برجر,Restaurants,ar,clean,E5_STATIC_QDQ_S8S8_PER_TENSOR,HYBRID_PROTOTYPE,Other,0.9242125749588013,Bills,0.9230607748031616,0.0011518001556396484,"[""Other"", ""Bills"", ""Medicine""]","[0.9242125749588013, 0.9230607748031616, 0.9197962284088135]",False,False
coffee,قهوة لاتيه,Restaurants,ar,clean,E5_STATIC_QDQ_S8S8_PER_TENSOR,HYBRID_PROTOTYPE,Other,0.9265134334564209,Restaurants,0.9212092161178589,0.005304217338562012,"[""Other"", ""Restaurants"", ""Medicine""]","[0.9265134334564209, 0.9212092161178589, 0.9198415279388428]",False,True
restaurants_32,ساندوتش شاورما,Restaurants,ar,clean,E5_STATIC_QDQ_S8S8_PER_TENSOR,HYBRID_PROTOTYPE,Fruits & Vegetables,0.941746175289154,Shopping,0.9412401914596558,0.000505983829498291,"[""Fruits & Vegetables"", ""Shopping"", ""Household""]","[0.941746175289154, 0.9412401914596558, 0.9401050806045532]",False,False
coffee,Coffee قهوة,Restaurants,mixed,mixed_language,E5_STATIC_QDQ_S8S8_PER_TENSOR,HYBRID_PROTOTYPE,Bills,0.9158227443695068,Other,0.9155323505401611,0.0002903938293457031,"[""Bills"", ""Other"", ""Fruits & Vegetables""]","[0.9158227443695068, 0.9155323505401611, 0.9099181890487671]",False,False
burger_meal,Burger وجبة,Restaurants,mixed,mixed_language,E5_STATIC_QDQ_S8S8_PER_TENSOR,HYBRID_PROTOTYPE,Other,0.913112998008728,Bills,0.910384476184845,0.0027285218238830566,"[""Other"", ""Bills"", ""Fruits & Vegetables""]","[0.913112998008728, 0.910384476184845, 0.9029555320739746]",False,False
mcchicken_meal,McCh1cken MeaI,Restaurants,en,ocr_noise,E5_STATIC_QDQ_S8S8_PER_TENSOR,HYBRID_PROTOTYPE,Other,0.9400111436843872,Medicine,0.9368753433227539,0.0031358003616333008,"[""Other"", ""Medicine"", ""Shopping""]","[0.9400111436843872, 0.9368753433227539, 0.9310847520828247]",False,False
margherita_pizza,P1ZZA MARGHER1TA,Restaurants,en,ocr_noise,E5_STATIC_QDQ_S8S8_PER_TENSOR,HYBRID_PROTOTYPE,Groceries,0.88823401927948,Restaurants,0.885887861251831,0.0023461580276489258,"[""Groceries"", ""Restaurants"", ""Bills""]","[0.88823401927948, 0.885887861251831, 0.8852733373641968]",False,True
uber_trip,Uber Trip,Transport,en,clean,E5_STATIC_QDQ_S8S8_PER_TENSOR,HYBRID_PROTOTYPE,Bills,0.9016607999801636,Restaurants,0.8948771953582764,0.006783604621887207,"[""Bills"", ""Restaurants"", ""Other""]","[0.9016607999801636, 0.8948771953582764, 0.8942618370056152]",False,False
careem_ride,Careem Ride,Transport,en,clean,E5_STATIC_QDQ_S8S8_PER_TENSOR,HYBRID_PROTOTYPE,Other,0.9411303997039795,Medicine,0.9322344064712524,0.00889599323272705,"[""Other"", ""Medicine"", ""Restaurants""]","[0.9411303997039795, 0.9322344064712524, 0.9256514310836792]",False,False
metro_ticket,Cairo Metro Ticket,Transport,en,clean,E5_STATIC_QDQ_S8S8_PER_TENSOR,HYBRID_PROTOTYPE,Shopping,0.9158675670623779,Other,0.914496123790741,0.0013714432716369629,"[""Shopping"", ""Other"", ""Medicine""]","[0.9158675670623779, 0.914496123790741, 0.9120858907699585]",False,False
gasoline_92,Gasoline 92,Transport,en,clean,E5_STATIC_QDQ_S8S8_PER_TENSOR,HYBRID_PROTOTYPE,Other,0.9238356351852417,Medicine,0.9217169284820557,0.002118706703186035,"[""Other"", ""Medicine"", ""Personal Care""]","[0.9238356351852417, 0.9217169284820557, 0.917914092540741]",False,False
uber_trip,رحلة أوبر,Transport,ar,clean,E5_STATIC_QDQ_S8S8_PER_TENSOR,HYBRID_PROTOTYPE,Medicine,0.924930214881897,Other,0.9229189157485962,0.0020112991333007812,"[""Medicine"", ""Other"", ""Books""]","[0.924930214881897, 0.9229189157485962, 0.9195365905761719]",False,False
careem_ride,مشوار كريم,Transport,ar,clean,E5_STATIC_QDQ_S8S8_PER_TENSOR,HYBRID_PROTOTYPE,Other,0.9346848726272583,Medicine,0.929341197013855,0.00534367561340332,"[""Other"", ""Medicine"", ""Shopping""]","[0.9346848726272583, 0.929341197013855, 0.9270315766334534]",False,False
metro_ticket,تذكرة مترو,Transport,ar,clean,E5_STATIC_QDQ_S8S8_PER_TENSOR,HYBRID_PROTOTYPE,Entertainment,0.9205362200737,Other,0.9184694886207581,0.0020667314529418945,"[""Entertainment"", ""Other"", ""Medicine""]","[0.9205362200737, 0.9184694886207581, 0.9166011810302734]",False,False
gasoline_92,بنزين 92,Transport,ar,clean,E5_STATIC_QDQ_S8S8_PER_TENSOR,HYBRID_PROTOTYPE,Medicine,0.9200692176818848,Other,0.9194933176040649,0.0005759000778198242,"[""Medicine"", ""Other"", ""Bills""]","[0.9200692176818848, 0.9194933176040649, 0.9168957471847534]",False,False
uber_trip,Uber مشوار,Transport,mixed,mixed_language,E5_STATIC_QDQ_S8S8_PER_TENSOR,HYBRID_PROTOTYPE,Other,0.9130716323852539,Shopping,0.9107648134231567,0.002306818962097168,"[""Other"", ""Shopping"", ""Medicine""]","[0.9130716323852539, 0.9107648134231567, 0.9094691276550293]",False,False
careem_ride,Careem رحلة,Transport,mixed,mixed_language,E5_STATIC_QDQ_S8S8_PER_TENSOR,HYBRID_PROTOTYPE,Other,0.9221842288970947,Medicine,0.915120542049408,0.007063686847686768,"[""Other"", ""Medicine"", ""Shopping""]","[0.9221842288970947, 0.915120542049408, 0.9132105112075806]",False,False
uber_trip,UBER TR1P,Transport,en,ocr_noise,E5_STATIC_QDQ_S8S8_PER_TENSOR,HYBRID_PROTOTYPE,Bills,0.9310919046401978,Medicine,0.9277015924453735,0.0033903121948242188,"[""Bills"", ""Medicine"", ""Other""]","[0.9310919046401978, 0.9277015924453735, 0.9261572360992432]",False,False
careem_ride,CAR EEM R1DE,Transport,en,ocr_noise,E5_STATIC_QDQ_S8S8_PER_TENSOR,HYBRID_PROTOTYPE,Other,0.9274321794509888,Medicine,0.9193038940429688,0.00812828540802002,"[""Other"", ""Medicine"", ""Bills""]","[0.9274321794509888, 0.9193038940429688, 0.9192862510681152]",False,False
dettol_floor_cleaner,Dettol Floor Cleaner,Household,en,clean,E5_STATIC_QDQ_S8S8_PER_TENSOR,HYBRID_PROTOTYPE,Household,0.9357975721359253,Shopping,0.9303411841392517,0.005456387996673584,"[""Household"", ""Shopping"", ""Other""]","[0.9357975721359253, 0.9303411841392517, 0.9276018142700195]",True,True
fairy_dish_liquid,Fairy Dishwashing Liquid,Household,en,clean,E5_STATIC_QDQ_S8S8_PER_TENSOR,HYBRID_PROTOTYPE,Shopping,0.9141311645507812,Household,0.9136490821838379,0.0004820823669433594,"[""Shopping"", ""Household"", ""Other""]","[0.9141311645507812, 0.9136490821838379, 0.9130151271820068]",False,True
persil_gel,Persil Gel,Household,en,clean,E5_STATIC_QDQ_S8S8_PER_TENSOR,HYBRID_PROTOTYPE,Other,0.9155949354171753,Bills,0.9082756638526917,0.007319271564483643,"[""Other"", ""Bills"", ""Medicine""]","[0.9155949354171753, 0.9082756638526917, 0.9047015905380249]",False,False
clorox_bleach,Clorox Bleach,Household,en,clean,E5_STATIC_QDQ_S8S8_PER_TENSOR,HYBRID_PROTOTYPE,Other,0.9243176579475403,Shopping,0.9237613677978516,0.0005562901496887207,"[""Other"", ""Shopping"", ""Restaurants""]","[0.9243176579475403, 0.9237613677978516, 0.9226309657096863]",False,False
dettol_floor_cleaner,منظف أرضيات ديتول,Household,ar,clean,E5_STATIC_QDQ_S8S8_PER_TENSOR,HYBRID_PROTOTYPE,Other,0.9447929263114929,Medicine,0.9434336423873901,0.0013592839241027832,"[""Other"", ""Medicine"", ""Household""]","[0.9447929263114929, 0.9434336423873901, 0.9409077763557434]",False,True
fairy_dish_liquid,سائل غسيل أطباق,Household,ar,clean,E5_STATIC_QDQ_S8S8_PER_TENSOR,HYBRID_PROTOTYPE,Household,0.9385531544685364,Shopping,0.9364047050476074,0.002148449420928955,"[""Household"", ""Shopping"", ""Other""]","[0.9385531544685364, 0.9364047050476074, 0.933763861656189]",True,True
persil_gel,مسحوق غسيل برسيل,Household,ar,clean,E5_STATIC_QDQ_S8S8_PER_TENSOR,HYBRID_PROTOTYPE,Medicine,0.9308480024337769,Household,0.9298205375671387,0.0010274648666381836,"[""Medicine"", ""Household"", ""Other""]","[0.9308480024337769, 0.9298205375671387, 0.9283185601234436]",False,True
clorox_bleach,كلور مبيض,Household,ar,clean,E5_STATIC_QDQ_S8S8_PER_TENSOR,HYBRID_PROTOTYPE,Other,0.9199463129043579,Medicine,0.9154722094535828,0.0044741034507751465,"[""Other"", ""Medicine"", ""Shopping""]","[0.9199463129043579, 0.9154722094535828, 0.9141899347305298]",False,False
dettol_floor_cleaner,Dettol منظف أرضيات,Household,mixed,mixed_language,E5_STATIC_QDQ_S8S8_PER_TENSOR,HYBRID_PROTOTYPE,Household,0.9484127759933472,Other,0.9454216361045837,0.0029911398887634277,"[""Household"", ""Other"", ""Medicine""]","[0.9484127759933472, 0.9454216361045837, 0.9432454705238342]",True,True
fairy_dish_liquid,Fairy صابون أطباق,Household,mixed,mixed_language,E5_STATIC_QDQ_S8S8_PER_TENSOR,HYBRID_PROTOTYPE,Medicine,0.9466253519058228,Bills,0.945375919342041,0.0012494325637817383,"[""Medicine"", ""Bills"", ""Other""]","[0.9466253519058228, 0.945375919342041, 0.9441486597061157]",False,False
dettol_floor_cleaner,DettoI Floor C1eaner,Household,en,ocr_noise,E5_STATIC_QDQ_S8S8_PER_TENSOR,HYBRID_PROTOTYPE,Other,0.9307058453559875,Household,0.9246594905853271,0.0060463547706604,"[""Other"", ""Household"", ""Shopping""]","[0.9307058453559875, 0.9246594905853271, 0.9237307906150818]",False,True
persil_gel,PersiI GeI,Household,en,ocr_noise,E5_STATIC_QDQ_S8S8_PER_TENSOR,HYBRID_PROTOTYPE,Other,0.9347296953201294,Medicine,0.9270804524421692,0.007649242877960205,"[""Other"", ""Medicine"", ""Bills""]","[0.9347296953201294, 0.9270804524421692, 0.922493577003479]",False,False
panadol_extra,Panadol Extra,Medicine,en,clean,E5_STATIC_QDQ_S8S8_PER_TENSOR,HYBRID_PROTOTYPE,Other,0.9104886054992676,Medicine,0.9013978242874146,0.009090781211853027,"[""Other"", ""Medicine"", ""Bills""]","[0.9104886054992676, 0.9013978242874146, 0.9011766910552979]",False,True
brufen_400,Brufen 400,Medicine,en,clean,E5_STATIC_QDQ_S8S8_PER_TENSOR,HYBRID_PROTOTYPE,Bills,0.901858389377594,Other,0.8897167444229126,0.012141644954681396,"[""Bills"", ""Other"", ""Restaurants""]","[0.901858389377594, 0.8897167444229126, 0.8888859748840332]",False,False
folic_acid_600_mcg,Folic Acid 600 MCG,Medicine,en,clean,E5_STATIC_QDQ_S8S8_PER_TENSOR,HYBRID_PROTOTYPE,Restaurants,0.9231886863708496,Medicine,0.9221377372741699,0.0010509490966796875,"[""Restaurants"", ""Medicine"", ""Bills""]","[0.9231886863708496, 0.9221377372741699, 0.9213805198669434]",False,True
immulant_plus_20_cap,Immulant Plus 20 Cap,Medicine,en,clean,E5_STATIC_QDQ_S8S8_PER_TENSOR,HYBRID_PROTOTYPE,Medicine,0.9302501678466797,Other,0.9272009134292603,0.0030492544174194336,"[""Medicine"", ""Other"", ""Transport""]","[0.9302501678466797, 0.9272009134292603, 0.9249558448791504]",True,True
panadol_extra,بنادول إكسترا,Medicine,ar,clean,E5_STATIC_QDQ_S8S8_PER_TENSOR,HYBRID_PROTOTYPE,Household,0.9318291544914246,Other,0.9313397407531738,0.0004894137382507324,"[""Household"", ""Other"", ""Medicine""]","[0.9318291544914246, 0.9313397407531738, 0.9299843907356262]",False,True
brufen_400,بروفين 400,Medicine,ar,clean,E5_STATIC_QDQ_S8S8_PER_TENSOR,HYBRID_PROTOTYPE,Bills,0.9083477854728699,Other,0.9045470952987671,0.003800690174102783,"[""Bills"", ""Other"", ""Medicine""]","[0.9083477854728699, 0.9045470952987671, 0.900436282157898]",False,True
folic_acid_600_mcg,حمض الفوليك,Medicine,ar,clean,E5_STATIC_QDQ_S8S8_PER_TENSOR,HYBRID_PROTOTYPE,Other,0.9356198906898499,Medicine,0.9342832565307617,0.0013366341590881348,"[""Other"", ""Medicine"", ""Bills""]","[0.9356198906898499, 0.9342832565307617, 0.9327746629714966]",False,True
medicine_68,فيتامين سي,Medicine,ar,clean,E5_STATIC_QDQ_S8S8_PER_TENSOR,HYBRID_PROTOTYPE,Other,0.927047610282898,Medicine,0.92628014087677,0.0007674694061279297,"[""Other"", ""Medicine"", ""Entertainment""]","[0.927047610282898, 0.92628014087677, 0.9222349524497986]",False,True
panadol_extra,Panadol مسكن,Medicine,mixed,mixed_language,E5_STATIC_QDQ_S8S8_PER_TENSOR,HYBRID_PROTOTYPE,Other,0.9262915849685669,Medicine,0.9227596521377563,0.003531932830810547,"[""Other"", ""Medicine"", ""Bills""]","[0.9262915849685669, 0.9227596521377563, 0.9166790246963501]",False,True
vitamin_d,Vitamin D فيتامين,Medicine,mixed,mixed_language,E5_STATIC_QDQ_S8S8_PER_TENSOR,HYBRID_PROTOTYPE,Medicine,0.9315842390060425,Other,0.9268127679824829,0.00477147102355957,"[""Medicine"", ""Other"", ""Bills""]","[0.9315842390060425, 0.9268127679824829, 0.9248242974281311]",True,True
panadol_extra,PANAD0L EXTRA,Medicine,en,ocr_noise,E5_STATIC_QDQ_S8S8_PER_TENSOR,HYBRID_PROTOTYPE,Other,0.9221636056900024,Shopping,0.9179692268371582,0.004194378852844238,"[""Other"", ""Shopping"", ""Bills""]","[0.9221636056900024, 0.9179692268371582, 0.9173548817634583]",False,False
folic_acid_600_mcg,F0LIC ACID 600 MCG,Medicine,en,ocr_noise,E5_STATIC_QDQ_S8S8_PER_TENSOR,HYBRID_PROTOTYPE,Restaurants,0.9144483804702759,Household,0.911811351776123,0.002637028694152832,"[""Restaurants"", ""Household"", ""Groceries""]","[0.9144483804702759, 0.911811351776123, 0.9102493524551392]",False,False
immulant_plus_20_cap,MLANT PLUS 20 CAP,Medicine,en,ocr_noise,E5_STATIC_QDQ_S8S8_PER_TENSOR,HYBRID_PROTOTYPE,Other,0.9180827140808105,Medicine,0.9152311682701111,0.002851545810699463,"[""Other"", ""Medicine"", ""Groceries""]","[0.9180827140808105, 0.9152311682701111, 0.9146361351013184]",False,True
folic_acid_600_mcg,FoLic AciD 600 McG,Medicine,en,ocr_noise,E5_STATIC_QDQ_S8S8_PER_TENSOR,HYBRID_PROTOTYPE,Restaurants,0.9295960068702698,Household,0.9290043115615845,0.0005916953086853027,"[""Restaurants"", ""Household"", ""Fruits & Vegetables""]","[0.9295960068702698, 0.9290043115615845, 0.9289258122444153]",False,False
cotton_tshirt,Cotton T Shirt,Shopping,en,clean,E5_STATIC_QDQ_S8S8_PER_TENSOR,HYBRID_PROTOTYPE,Other,0.9250698089599609,Shopping,0.9214459657669067,0.0036238431930541992,"[""Other"", ""Shopping"", ""Medicine""]","[0.9250698089599609, 0.9214459657669067, 0.920444130897522]",False,True
running_shoes,Running Shoes,Shopping,en,clean,E5_STATIC_QDQ_S8S8_PER_TENSOR,HYBRID_PROTOTYPE,Other,0.9240401983261108,Medicine,0.9176766872406006,0.006363511085510254,"[""Other"", ""Medicine"", ""Fruits & Vegetables""]","[0.9240401983261108, 0.9176766872406006, 0.9174156188964844]",False,False
wireless_headphones,Wireless Headphones,Shopping,en,clean,E5_STATIC_QDQ_S8S8_PER_TENSOR,HYBRID_PROTOTYPE,Other,0.9134567975997925,Bills,0.909300684928894,0.0041561126708984375,"[""Other"", ""Bills"", ""Shopping""]","[0.9134567975997925, 0.909300684928894, 0.9042059183120728]",False,True
phone_charger,Phone Charger,Shopping,en,clean,E5_STATIC_QDQ_S8S8_PER_TENSOR,HYBRID_PROTOTYPE,Other,0.9129213690757751,Bills,0.9068636894226074,0.006057679653167725,"[""Other"", ""Bills"", ""Medicine""]","[0.9129213690757751, 0.9068636894226074, 0.9036073684692383]",False,False
cotton_tshirt,تيشيرت قطن,Shopping,ar,clean,E5_STATIC_QDQ_S8S8_PER_TENSOR,HYBRID_PROTOTYPE,Household,0.9257479906082153,Medicine,0.9257025718688965,4.5418739318847656e-05,"[""Household"", ""Medicine"", ""Other""]","[0.9257479906082153, 0.9257025718688965, 0.9243519306182861]",False,False
running_shoes,حذاء رياضي,Shopping,ar,clean,E5_STATIC_QDQ_S8S8_PER_TENSOR,HYBRID_PROTOTYPE,Other,0.9305799007415771,Bills,0.9252736568450928,0.005306243896484375,"[""Other"", ""Bills"", ""Books""]","[0.9305799007415771, 0.9252736568450928, 0.9239047765731812]",False,False
wireless_headphones,سماعات بلوتوث,Shopping,ar,clean,E5_STATIC_QDQ_S8S8_PER_TENSOR,HYBRID_PROTOTYPE,Household,0.9297780394554138,Shopping,0.9276266098022461,0.0021514296531677246,"[""Household"", ""Shopping"", ""Medicine""]","[0.9297780394554138, 0.9276266098022461, 0.9271821975708008]",False,True
phone_charger,شاحن موبايل,Shopping,ar,clean,E5_STATIC_QDQ_S8S8_PER_TENSOR,HYBRID_PROTOTYPE,Other,0.938003659248352,Medicine,0.937881588935852,0.0001220703125,"[""Other"", ""Medicine"", ""Shopping""]","[0.938003659248352, 0.937881588935852, 0.9367753267288208]",False,True
running_shoes,Nike حذاء,Shopping,mixed,mixed_language,E5_STATIC_QDQ_S8S8_PER_TENSOR,HYBRID_PROTOTYPE,Other,0.9150270223617554,Household,0.9102425575256348,0.0047844648361206055,"[""Other"", ""Household"", ""Shopping""]","[0.9150270223617554, 0.9102425575256348, 0.9096133708953857]",False,True
wireless_headphones,Headphones سماعات,Shopping,mixed,mixed_language,E5_STATIC_QDQ_S8S8_PER_TENSOR,HYBRID_PROTOTYPE,Other,0.9197167158126831,Bills,0.9183853268623352,0.0013313889503479004,"[""Other"", ""Bills"", ""Shopping""]","[0.9197167158126831, 0.9183853268623352, 0.9171267747879028]",False,True
wireless_headphones,W1RELESS HEADPH0NES,Shopping,en,ocr_noise,E5_STATIC_QDQ_S8S8_PER_TENSOR,HYBRID_PROTOTYPE,Household,0.9237915873527527,Other,0.9227982759475708,0.0009933114051818848,"[""Household"", ""Other"", ""Bills""]","[0.9237915873527527, 0.9227982759475708, 0.9213132262229919]",False,False
phone_charger,PH0NE CHARGER,Shopping,en,ocr_noise,E5_STATIC_QDQ_S8S8_PER_TENSOR,HYBRID_PROTOTYPE,Other,0.9189766049385071,Restaurants,0.9181534051895142,0.0008231997489929199,"[""Other"", ""Restaurants"", ""Fruits & Vegetables""]","[0.9189766049385071, 0.9181534051895142, 0.9138562679290771]",False,False
electricity_bill,Electricity Bill,Bills,en,clean,E5_STATIC_QDQ_S8S8_PER_TENSOR,HYBRID_PROTOTYPE,Bills,0.9202626347541809,Other,0.914429247379303,0.00583338737487793,"[""Bills"", ""Other"", ""Medicine""]","[0.9202626347541809, 0.914429247379303, 0.9135178327560425]",True,True
internet_bill,WE Internet Bill,Bills,en,clean,E5_STATIC_QDQ_S8S8_PER_TENSOR,HYBRID_PROTOTYPE,Bills,0.9062418937683105,Medicine,0.8937129974365234,0.01252889633178711,"[""Bills"", ""Medicine"", ""Other""]","[0.9062418937683105, 0.8937129974365234, 0.8927541971206665]",True,True
water_bill,Water Utility Bill,Bills,en,clean,E5_STATIC_QDQ_S8S8_PER_TENSOR,HYBRID_PROTOTYPE,Bills,0.9233627319335938,Medicine,0.9169324636459351,0.006430268287658691,"[""Bills"", ""Medicine"", ""Other""]","[0.9233627319335938, 0.9169324636459351, 0.9161399602890015]",True,True
mobile_bill,Mobile Phone Bill,Bills,en,clean,E5_STATIC_QDQ_S8S8_PER_TENSOR,HYBRID_PROTOTYPE,Bills,0.8983619213104248,Medicine,0.8882477283477783,0.010114192962646484,"[""Bills"", ""Medicine"", ""Other""]","[0.8983619213104248, 0.8882477283477783, 0.8866876363754272]",True,True
electricity_bill,فاتورة كهرباء,Bills,ar,clean,E5_STATIC_QDQ_S8S8_PER_TENSOR,HYBRID_PROTOTYPE,Other,0.9286580085754395,Bills,0.9272258281707764,0.001432180404663086,"[""Other"", ""Bills"", ""Books""]","[0.9286580085754395, 0.9272258281707764, 0.9235292673110962]",False,True
internet_bill,فاتورة انترنت WE,Bills,mixed,mixed_language,E5_STATIC_QDQ_S8S8_PER_TENSOR,HYBRID_PROTOTYPE,Other,0.9248810410499573,Bills,0.9243217706680298,0.0005592703819274902,"[""Other"", ""Bills"", ""Medicine""]","[0.9248810410499573, 0.9243217706680298, 0.9208388924598694]",False,True
water_bill,فاتورة مياه,Bills,ar,clean,E5_STATIC_QDQ_S8S8_PER_TENSOR,HYBRID_PROTOTYPE,Other,0.9206171631813049,Books,0.9172546863555908,0.0033624768257141113,"[""Other"", ""Books"", ""Bills""]","[0.9206171631813049, 0.9172546863555908, 0.9172372221946716]",False,True
gas_bill,فاتورة غاز,Bills,ar,clean,E5_STATIC_QDQ_S8S8_PER_TENSOR,HYBRID_PROTOTYPE,Other,0.9323503971099854,Books,0.9263561964035034,0.005994200706481934,"[""Other"", ""Books"", ""Medicine""]","[0.9323503971099854, 0.9263561964035034, 0.9246125817298889]",False,False
mobile_bill,Orange فاتورة موبايل,Bills,mixed,mixed_language,E5_STATIC_QDQ_S8S8_PER_TENSOR,HYBRID_PROTOTYPE,Other,0.9398018717765808,Medicine,0.9378319382667542,0.00196993350982666,"[""Other"", ""Medicine"", ""Bills""]","[0.9398018717765808, 0.9378319382667542, 0.9377490282058716]",False,True
internet_bill,Internet فاتورة شهرية,Bills,mixed,mixed_language,E5_STATIC_QDQ_S8S8_PER_TENSOR,HYBRID_PROTOTYPE,Bills,0.9411928057670593,Other,0.9360058903694153,0.005186915397644043,"[""Bills"", ""Other"", ""Medicine""]","[0.9411928057670593, 0.9360058903694153, 0.9348127841949463]",True,True
electricity_bill,ELECTR1C1TY B1LL,Bills,en,ocr_noise,E5_STATIC_QDQ_S8S8_PER_TENSOR,HYBRID_PROTOTYPE,Bills,0.9161504507064819,Groceries,0.9095032811164856,0.006647169589996338,"[""Bills"", ""Groceries"", ""Medicine""]","[0.9161504507064819, 0.9095032811164856, 0.9092898964881897]",True,True
internet_bill,WE 1NTERNET B1LL,Bills,en,ocr_noise,E5_STATIC_QDQ_S8S8_PER_TENSOR,HYBRID_PROTOTYPE,Bills,0.9212818741798401,Groceries,0.9167839288711548,0.004497945308685303,"[""Bills"", ""Groceries"", ""Other""]","[0.9212818741798401, 0.9167839288711548, 0.9152122139930725]",True,True
netflix,Netflix,Entertainment,en,clean,E5_STATIC_QDQ_S8S8_PER_TENSOR,HYBRID_PROTOTYPE,Other,0.8776766061782837,Bills,0.8692327737808228,0.008443832397460938,"[""Other"", ""Bills"", ""Entertainment""]","[0.8776766061782837, 0.8692327737808228, 0.8688293099403381]",False,True
cinema_ticket,Cinema Ticket,Entertainment,en,clean,E5_STATIC_QDQ_S8S8_PER_TENSOR,HYBRID_PROTOTYPE,Entertainment,0.9056551456451416,Other,0.8983238935470581,0.007331252098083496,"[""Entertainment"", ""Other"", ""Bills""]","[0.9056551456451416, 0.8983238935470581, 0.8952369689941406]",True,True
playstation_game,PlayStation Game,Entertainment,en,clean,E5_STATIC_QDQ_S8S8_PER_TENSOR,HYBRID_PROTOTYPE,Other,0.8929272294044495,Bills,0.8875082731246948,0.005418956279754639,"[""Other"", ""Bills"", ""Entertainment""]","[0.8929272294044495, 0.8875082731246948, 0.8833862543106079]",False,True
concert_ticket,Concert Ticket,Entertainment,en,clean,E5_STATIC_QDQ_S8S8_PER_TENSOR,HYBRID_PROTOTYPE,Entertainment,0.8948224186897278,Other,0.8924266695976257,0.0023957490921020508,"[""Entertainment"", ""Other"", ""Medicine""]","[0.8948224186897278, 0.8924266695976257, 0.8896442651748657]",True,True
cinema_ticket,تذكرة سينما,Entertainment,ar,clean,E5_STATIC_QDQ_S8S8_PER_TENSOR,HYBRID_PROTOTYPE,Medicine,0.9310939908027649,Other,0.9305774569511414,0.0005165338516235352,"[""Medicine"", ""Other"", ""Shopping""]","[0.9310939908027649, 0.9305774569511414, 0.9280989170074463]",False,False
netflix,اشتراك مشاهدة أفلام,Entertainment,ar,clean,E5_STATIC_QDQ_S8S8_PER_TENSOR,HYBRID_PROTOTYPE,Entertainment,0.9114389419555664,Other,0.9112410545349121,0.00019788742065429688,"[""Entertainment"", ""Other"", ""Medicine""]","[0.9114389419555664, 0.9112410545349121, 0.9102935791015625]",True,True
playstation_game,لعبة بلايستيشن,Entertainment,ar,clean,E5_STATIC_QDQ_S8S8_PER_TENSOR,HYBRID_PROTOTYPE,Other,0.9166297316551208,Bills,0.9138127565383911,0.0028169751167297363,"[""Other"", ""Bills"", ""Personal Care""]","[0.9166297316551208, 0.9138127565383911, 0.9127296209335327]",False,False
concert_ticket,تذكرة حفلة,Entertainment,ar,clean,E5_STATIC_QDQ_S8S8_PER_TENSOR,HYBRID_PROTOTYPE,Other,0.9289631247520447,Entertainment,0.9254497289657593,0.0035133957862854004,"[""Other"", ""Entertainment"", ""Medicine""]","[0.9289631247520447, 0.9254497289657593, 0.9240678548812866]",False,True
netflix,Netflix اشتراك,Entertainment,mixed,mixed_language,E5_STATIC_QDQ_S8S8_PER_TENSOR,HYBRID_PROTOTYPE,Other,0.9107781648635864,Shopping,0.9095302224159241,0.0012479424476623535,"[""Other"", ""Shopping"", ""Medicine""]","[0.9107781648635864, 0.9095302224159241, 0.9071118831634521]",False,False
cinema_ticket,Cinema تذكرة,Entertainment,mixed,mixed_language,E5_STATIC_QDQ_S8S8_PER_TENSOR,HYBRID_PROTOTYPE,Other,0.9329054355621338,Entertainment,0.9302560687065125,0.002649366855621338,"[""Other"", ""Entertainment"", ""Medicine""]","[0.9329054355621338, 0.9302560687065125, 0.9265353679656982]",False,True
netflix,NETFL1X,Entertainment,en,ocr_noise,E5_STATIC_QDQ_S8S8_PER_TENSOR,HYBRID_PROTOTYPE,Other,0.913596510887146,Bills,0.9131969213485718,0.00039958953857421875,"[""Other"", ""Bills"", ""Medicine""]","[0.913596510887146, 0.9131969213485718, 0.9091130495071411]",False,False
cinema_ticket,C1NEMA T1CKET,Entertainment,en,ocr_noise,E5_STATIC_QDQ_S8S8_PER_TENSOR,HYBRID_PROTOTYPE,Other,0.9173330068588257,Bills,0.9162731766700745,0.0010598301887512207,"[""Other"", ""Bills"", ""Medicine""]","[0.9173330068588257, 0.9162731766700745, 0.9132797718048096]",False,False
dove_shampoo,Dove Shampoo,Personal Care,en,clean,E5_STATIC_QDQ_S8S8_PER_TENSOR,HYBRID_PROTOTYPE,Other,0.9058741927146912,Personal Care,0.8969316482543945,0.00894254446029663,"[""Other"", ""Personal Care"", ""Bills""]","[0.9058741927146912, 0.8969316482543945, 0.8947447538375854]",False,True
nivea_face_cream,Nivea Face Cream,Personal Care,en,clean,E5_STATIC_QDQ_S8S8_PER_TENSOR,HYBRID_PROTOTYPE,Other,0.9177273511886597,Restaurants,0.9135863780975342,0.004140973091125488,"[""Other"", ""Restaurants"", ""Groceries""]","[0.9177273511886597, 0.9135863780975342, 0.9135164618492126]",False,False
gillette_razor,Gillette Razor,Personal Care,en,clean,E5_STATIC_QDQ_S8S8_PER_TENSOR,HYBRID_PROTOTYPE,Other,0.9224514961242676,Shopping,0.915104866027832,0.007346630096435547,"[""Other"", ""Shopping"", ""Household""]","[0.9224514961242676, 0.915104866027832, 0.9145306348800659]",False,False
haircut,Haircut,Personal Care,en,clean,E5_STATIC_QDQ_S8S8_PER_TENSOR,HYBRID_PROTOTYPE,Other,0.9076914191246033,Restaurants,0.9014276266098022,0.006263792514801025,"[""Other"", ""Restaurants"", ""Bills""]","[0.9076914191246033, 0.9014276266098022, 0.9014119505882263]",False,False
dove_shampoo,شامبو دوف,Personal Care,ar,clean,E5_STATIC_QDQ_S8S8_PER_TENSOR,HYBRID_PROTOTYPE,Other,0.9221113920211792,Medicine,0.9199598431587219,0.0021515488624572754,"[""Other"", ""Medicine"", ""Restaurants""]","[0.9221113920211792, 0.9199598431587219, 0.9192336797714233]",False,False
nivea_face_cream,كريم نيفيا للوجه,Personal Care,ar,clean,E5_STATIC_QDQ_S8S8_PER_TENSOR,HYBRID_PROTOTYPE,Other,0.9323775768280029,Household,0.9292807579040527,0.0030968189239501953,"[""Other"", ""Household"", ""Shopping""]","[0.9323775768280029, 0.9292807579040527, 0.9275799989700317]",False,False
gillette_razor,شفرة حلاقة,Personal Care,ar,clean,E5_STATIC_QDQ_S8S8_PER_TENSOR,HYBRID_PROTOTYPE,Other,0.9147863388061523,Shopping,0.9119395017623901,0.002846837043762207,"[""Other"", ""Shopping"", ""Bills""]","[0.9147863388061523, 0.9119395017623901, 0.9116696715354919]",False,False
haircut,قص شعر,Personal Care,ar,clean,E5_STATIC_QDQ_S8S8_PER_TENSOR,HYBRID_PROTOTYPE,Other,0.911594569683075,Shopping,0.9039461612701416,0.00764840841293335,"[""Other"", ""Shopping"", ""Medicine""]","[0.911594569683075, 0.9039461612701416, 0.9033985137939453]",False,False
dove_shampoo,Shampoo شامبو,Personal Care,mixed,mixed_language,E5_STATIC_QDQ_S8S8_PER_TENSOR,HYBRID_PROTOTYPE,Entertainment,0.9030173420906067,Restaurants,0.9028249979019165,0.00019234418869018555,"[""Entertainment"", ""Restaurants"", ""Personal Care""]","[0.9030173420906067, 0.9028249979019165, 0.9027795791625977]",False,True
nivea_face_cream,Nivea كريم بشرة,Personal Care,mixed,mixed_language,E5_STATIC_QDQ_S8S8_PER_TENSOR,HYBRID_PROTOTYPE,Other,0.9401364326477051,Medicine,0.9352409243583679,0.004895508289337158,"[""Other"", ""Medicine"", ""Bills""]","[0.9401364326477051, 0.9352409243583679, 0.9322394132614136]",False,False
dove_shampoo,شامبو D0VE,Personal Care,mixed,ocr_noise,E5_STATIC_QDQ_S8S8_PER_TENSOR,HYBRID_PROTOTYPE,Bills,0.9187291860580444,Other,0.9174467325210571,0.0012824535369873047,"[""Bills"", ""Other"", ""Restaurants""]","[0.9187291860580444, 0.9174467325210571, 0.9168912172317505]",False,False
gillette_razor,G1LLETTE RAZ0R,Personal Care,en,ocr_noise,E5_STATIC_QDQ_S8S8_PER_TENSOR,HYBRID_PROTOTYPE,Other,0.9091885089874268,Bills,0.9065320491790771,0.0026564598083496094,"[""Other"", ""Bills"", ""Restaurants""]","[0.9091885089874268, 0.9065320491790771, 0.905510663986206]",False,False
service_fee,Service Fee,Other,en,clean,E5_STATIC_QDQ_S8S8_PER_TENSOR,HYBRID_PROTOTYPE,Other,0.9161771535873413,Bills,0.9029666185379028,0.013210535049438477,"[""Other"", ""Bills"", ""Medicine""]","[0.9161771535873413, 0.9029666185379028, 0.9026292562484741]",True,True
charity_donation,Charity Donation,Other,en,clean,E5_STATIC_QDQ_S8S8_PER_TENSOR,HYBRID_PROTOTYPE,Medicine,0.9124139547348022,Other,0.9107436537742615,0.0016703009605407715,"[""Medicine"", ""Other"", ""Shopping""]","[0.9124139547348022, 0.9107436537742615, 0.9058990478515625]",False,True
document_printing,Document Printing,Other,en,clean,E5_STATIC_QDQ_S8S8_PER_TENSOR,HYBRID_PROTOTYPE,Medicine,0.9149537086486816,Bills,0.9122549891471863,0.0026987195014953613,"[""Medicine"", ""Bills"", ""Books""]","[0.9149537086486816, 0.9122549891471863, 0.9104723930358887]",False,False
delivery_fee,Delivery Fee,Other,en,clean,E5_STATIC_QDQ_S8S8_PER_TENSOR,HYBRID_PROTOTYPE,Other,0.9142679572105408,Medicine,0.90294349193573,0.011324465274810791,"[""Other"", ""Medicine"", ""Bills""]","[0.9142679572105408, 0.90294349193573, 0.9018627405166626]",True,True
service_fee,رسوم خدمة,Other,ar,clean,E5_STATIC_QDQ_S8S8_PER_TENSOR,HYBRID_PROTOTYPE,Other,0.9046783447265625,Medicine,0.8899713754653931,0.014706969261169434,"[""Other"", ""Medicine"", ""Books""]","[0.9046783447265625, 0.8899713754653931, 0.8881314992904663]",True,True
charity_donation,تبرع خيري,Other,ar,clean,E5_STATIC_QDQ_S8S8_PER_TENSOR,HYBRID_PROTOTYPE,Other,0.9118459224700928,Medicine,0.9088339805603027,0.003011941909790039,"[""Other"", ""Medicine"", ""Bills""]","[0.9118459224700928, 0.9088339805603027, 0.9083161950111389]",True,True
document_printing,طباعة مستندات,Other,ar,clean,E5_STATIC_QDQ_S8S8_PER_TENSOR,HYBRID_PROTOTYPE,Medicine,0.9345144033432007,Other,0.9345116019248962,2.8014183044433594e-06,"[""Medicine"", ""Other"", ""Books""]","[0.9345144033432007, 0.9345116019248962, 0.9291486740112305]",False,True
misc_expense,مصاريف متنوعة,Other,ar,clean,E5_STATIC_QDQ_S8S8_PER_TENSOR,HYBRID_PROTOTYPE,Other,0.9369601607322693,Medicine,0.9302247166633606,0.006735444068908691,"[""Other"", ""Medicine"", ""Household""]","[0.9369601607322693, 0.9302247166633606, 0.9273245334625244]",True,True
delivery_fee,Delivery رسوم,Other,mixed,mixed_language,E5_STATIC_QDQ_S8S8_PER_TENSOR,HYBRID_PROTOTYPE,Other,0.8990358114242554,Medicine,0.8886317014694214,0.010404109954833984,"[""Other"", ""Medicine"", ""Bills""]","[0.8990358114242554, 0.8886317014694214, 0.8844190239906311]",True,True
service_fee,Service مصاريف,Other,mixed,mixed_language,E5_STATIC_QDQ_S8S8_PER_TENSOR,HYBRID_PROTOTYPE,Other,0.9080002307891846,Medicine,0.8996020555496216,0.008398175239562988,"[""Other"", ""Medicine"", ""Restaurants""]","[0.9080002307891846, 0.8996020555496216, 0.896169900894165]",True,True
service_fee,SERV1CE FEE,Other,en,ocr_noise,E5_STATIC_QDQ_S8S8_PER_TENSOR,HYBRID_PROTOTYPE,Other,0.9364034533500671,Shopping,0.9307405948638916,0.005662858486175537,"[""Other"", ""Shopping"", ""Restaurants""]","[0.9364034533500671, 0.9307405948638916, 0.9294401407241821]",True,True
misc_expense,M1SC EXPENSE,Other,en,ocr_noise,E5_STATIC_QDQ_S8S8_PER_TENSOR,HYBRID_PROTOTYPE,Medicine,0.9141067266464233,Shopping,0.9125853776931763,0.0015213489532470703,"[""Medicine"", ""Shopping"", ""Other""]","[0.9141067266464233, 0.9125853776931763, 0.9111264944076538]",False,True
atomic_habits,Atomic Habits,Books,en,clean,E5_STATIC_QDQ_S8S8_PER_TENSOR,HYBRID_PROTOTYPE,Bills,0.9237339496612549,Medicine,0.9223806262016296,0.0013533234596252441,"[""Bills"", ""Medicine"", ""Other""]","[0.9237339496612549, 0.9223806262016296, 0.9196645021438599]",False,False
clean_code,Clean Code,Books,en,clean,E5_STATIC_QDQ_S8S8_PER_TENSOR,HYBRID_PROTOTYPE,Other,0.9109737873077393,Shopping,0.9055875539779663,0.005386233329772949,"[""Other"", ""Shopping"", ""Medicine""]","[0.9109737873077393, 0.9055875539779663, 0.9033047556877136]",False,False
psychology_of_money,The Psychology of Money,Books,en,clean,E5_STATIC_QDQ_S8S8_PER_TENSOR,HYBRID_PROTOTYPE,Other,0.911284327507019,Medicine,0.9050055742263794,0.0062787532806396484,"[""Other"", ""Medicine"", ""Books""]","[0.911284327507019, 0.9050055742263794, 0.904908299446106]",False,True
pragmatic_programmer,The Pragmatic Programmer,Books,en,clean,E5_STATIC_QDQ_S8S8_PER_TENSOR,HYBRID_PROTOTYPE,Other,0.9211422204971313,Medicine,0.9196431636810303,0.0014990568161010742,"[""Other"", ""Medicine"", ""Restaurants""]","[0.9211422204971313, 0.9196431636810303, 0.9143643379211426]",False,False
atomic_habits,العادات الذرية,Books,ar,clean,E5_STATIC_QDQ_S8S8_PER_TENSOR,HYBRID_PROTOTYPE,Other,0.9236246347427368,Medicine,0.9155938625335693,0.00803077220916748,"[""Other"", ""Medicine"", ""Books""]","[0.9236246347427368, 0.9155938625335693, 0.9152952432632446]",False,True
art_of_not_caring,كتاب فن اللامبالاة,Books,ar,clean,E5_STATIC_QDQ_S8S8_PER_TENSOR,HYBRID_PROTOTYPE,Medicine,0.9343317151069641,Household,0.9334122538566589,0.0009194612503051758,"[""Medicine"", ""Household"", ""Bills""]","[0.9343317151069641, 0.9334122538566589, 0.931803822517395]",False,False
awlad_haretna,رواية أولاد حارتنا,Books,ar,clean,E5_STATIC_QDQ_S8S8_PER_TENSOR,HYBRID_PROTOTYPE,Other,0.9384394288063049,Bills,0.9344684481620789,0.003970980644226074,"[""Other"", ""Bills"", ""Books""]","[0.9384394288063049, 0.9344684481620789, 0.9335789084434509]",False,True
learn_python_book,كتاب تعلم بايثون,Books,ar,clean,E5_STATIC_QDQ_S8S8_PER_TENSOR,HYBRID_PROTOTYPE,Books,0.922706663608551,Bills,0.919266939163208,0.0034397244453430176,"[""Books"", ""Bills"", ""Medicine""]","[0.922706663608551, 0.919266939163208, 0.9158855676651001]",True,True
clean_code,Clean Code كتاب,Books,mixed,mixed_language,E5_STATIC_QDQ_S8S8_PER_TENSOR,HYBRID_PROTOTYPE,Other,0.9113144278526306,Shopping,0.9091486930847168,0.0021657347679138184,"[""Other"", ""Shopping"", ""Restaurants""]","[0.9113144278526306, 0.9091486930847168, 0.9062711596488953]",False,False
atomic_habits,Atomic Habits نسخة عربية,Books,mixed,mixed_language,E5_STATIC_QDQ_S8S8_PER_TENSOR,HYBRID_PROTOTYPE,Bills,0.9343151450157166,Medicine,0.9329206347465515,0.001394510269165039,"[""Bills"", ""Medicine"", ""Other""]","[0.9343151450157166, 0.9329206347465515, 0.9295291900634766]",False,False
atomic_habits,AT0MIC HAB1TS,Books,en,ocr_noise,E5_STATIC_QDQ_S8S8_PER_TENSOR,HYBRID_PROTOTYPE,Other,0.9138782620429993,Medicine,0.9136627912521362,0.0002154707908630371,"[""Other"", ""Medicine"", ""Bills""]","[0.9138782620429993, 0.9136627912521362, 0.9132063984870911]",False,False
clean_code,CLEAN C0DE,Books,en,ocr_noise,E5_STATIC_QDQ_S8S8_PER_TENSOR,HYBRID_PROTOTYPE,Other,0.9272857904434204,Shopping,0.9207371473312378,0.006548643112182617,"[""Other"", ""Shopping"", ""Household""]","[0.9272857904434204, 0.9207371473312378, 0.9197945594787598]",False,False
chicken_breast,Chicken Breast,Groceries,en,clean,E5_STATIC_QDQ_S8S8_PER_CHANNEL,HYBRID_PROTOTYPE,Medicine,0.8967400193214417,Restaurants,0.8946738243103027,0.002066195011138916,"[""Medicine"", ""Restaurants"", ""Other""]","[0.8967400193214417, 0.8946738243103027, 0.8939929008483887]",False,False
milk_1l,Milk 1L,Groceries,en,clean,E5_STATIC_QDQ_S8S8_PER_CHANNEL,HYBRID_PROTOTYPE,Medicine,0.9054161310195923,Other,0.9006565809249878,0.004759550094604492,"[""Medicine"", ""Other"", ""Restaurants""]","[0.9054161310195923, 0.9006565809249878, 0.8998541831970215]",False,False
rice_1kg,Rice 1KG,Groceries,en,clean,E5_STATIC_QDQ_S8S8_PER_CHANNEL,HYBRID_PROTOTYPE,Other,0.9122600555419922,Medicine,0.9115418195724487,0.000718235969543457,"[""Other"", ""Medicine"", ""Bills""]","[0.9122600555419922, 0.9115418195724487, 0.9081085324287415]",False,False
groceries_egyptian_white_cheese,Egyptian White Cheese,Groceries,en,clean,E5_STATIC_QDQ_S8S8_PER_CHANNEL,HYBRID_PROTOTYPE,Other,0.9247297048568726,Shopping,0.922844648361206,0.001885056495666504,"[""Other"", ""Shopping"", ""Restaurants""]","[0.9247297048568726, 0.922844648361206, 0.9204739332199097]",False,False
chicken_breast,صدور فراخ,Groceries,ar,clean,E5_STATIC_QDQ_S8S8_PER_CHANNEL,HYBRID_PROTOTYPE,Other,0.9049723148345947,Medicine,0.9032922983169556,0.0016800165176391602,"[""Other"", ""Medicine"", ""Shopping""]","[0.9049723148345947, 0.9032922983169556, 0.8992228507995605]",False,False
milk_1l,لبن كامل الدسم,Groceries,ar,clean,E5_STATIC_QDQ_S8S8_PER_CHANNEL,HYBRID_PROTOTYPE,Medicine,0.9224416017532349,Other,0.9190559983253479,0.003385603427886963,"[""Medicine"", ""Other"", ""Bills""]","[0.9224416017532349, 0.9190559983253479, 0.9125497341156006]",False,False
rice_1kg,كيس أرز 1 كيلو,Groceries,ar,clean,E5_STATIC_QDQ_S8S8_PER_CHANNEL,HYBRID_PROTOTYPE,Medicine,0.9261194467544556,Shopping,0.9254913330078125,0.0006281137466430664,"[""Medicine"", ""Shopping"", ""Other""]","[0.9261194467544556, 0.9254913330078125, 0.9243987798690796]",False,False
groceries_8,علبة تونة,Groceries,ar,clean,E5_STATIC_QDQ_S8S8_PER_CHANNEL,HYBRID_PROTOTYPE,Medicine,0.928448498249054,Other,0.9250128269195557,0.003435671329498291,"[""Medicine"", ""Other"", ""Bills""]","[0.928448498249054, 0.9250128269195557, 0.9236515760421753]",False,False
milk_1l,Fresh Milk لبن,Groceries,mixed,mixed_language,E5_STATIC_QDQ_S8S8_PER_CHANNEL,HYBRID_PROTOTYPE,Medicine,0.9235969185829163,Other,0.9214375615119934,0.0021593570709228516,"[""Medicine"", ""Other"", ""Restaurants""]","[0.9235969185829163, 0.9214375615119934, 0.9210326671600342]",False,False
chicken_breast,Chicken فراخ مجمدة,Groceries,mixed,mixed_language,E5_STATIC_QDQ_S8S8_PER_CHANNEL,HYBRID_PROTOTYPE,Medicine,0.935897707939148,Other,0.9338303804397583,0.0020673274993896484,"[""Medicine"", ""Other"", ""Shopping""]","[0.935897707939148, 0.9338303804397583, 0.930770218372345]",False,False
milk_1l,M1LK 1L,Groceries,en,ocr_noise,E5_STATIC_QDQ_S8S8_PER_CHANNEL,HYBRID_PROTOTYPE,Medicine,0.9024267196655273,Other,0.892497181892395,0.009929537773132324,"[""Medicine"", ""Other"", ""Restaurants""]","[0.9024267196655273, 0.892497181892395, 0.8917553424835205]",False,False
rice_1kg,R1CE 1KG,Groceries,en,ocr_noise,E5_STATIC_QDQ_S8S8_PER_CHANNEL,HYBRID_PROTOTYPE,Other,0.9174003601074219,Medicine,0.9173057079315186,9.465217590332031e-05,"[""Other"", ""Medicine"", ""Restaurants""]","[0.9174003601074219, 0.9173057079315186, 0.9139429330825806]",False,False
banana,Banana,Fruits & Vegetables,en,clean,E5_STATIC_QDQ_S8S8_PER_CHANNEL,HYBRID_PROTOTYPE,Medicine,0.9069849252700806,Other,0.9033873081207275,0.0035976171493530273,"[""Medicine"", ""Other"", ""Restaurants""]","[0.9069849252700806, 0.9033873081207275, 0.9012061357498169]",False,False
tomatoes,Fresh Tomatoes,Fruits & Vegetables,en,clean,E5_STATIC_QDQ_S8S8_PER_CHANNEL,HYBRID_PROTOTYPE,Other,0.9200588464736938,Medicine,0.9175252318382263,0.0025336146354675293,"[""Other"", ""Medicine"", ""Fruits & Vegetables""]","[0.9200588464736938, 0.9175252318382263, 0.9153187274932861]",False,True
apples,Green Apples,Fruits & Vegetables,en,clean,E5_STATIC_QDQ_S8S8_PER_CHANNEL,HYBRID_PROTOTYPE,Other,0.9243772029876709,Bills,0.9218790531158447,0.002498149871826172,"[""Other"", ""Bills"", ""Shopping""]","[0.9243772029876709, 0.9218790531158447, 0.9209926724433899]",False,False
cucumber,Cucumber Pack,Fruits & Vegetables,en,clean,E5_STATIC_QDQ_S8S8_PER_CHANNEL,HYBRID_PROTOTYPE,Medicine,0.9167283773422241,Other,0.9134891629219055,0.0032392144203186035,"[""Medicine"", ""Other"", ""Restaurants""]","[0.9167283773422241, 0.9134891629219055, 0.9133170247077942]",False,False
tomatoes,طماطم,Fruits & Vegetables,ar,clean,E5_STATIC_QDQ_S8S8_PER_CHANNEL,HYBRID_PROTOTYPE,Medicine,0.9197180271148682,Other,0.9164754152297974,0.0032426118850708008,"[""Medicine"", ""Other"", ""Entertainment""]","[0.9197180271148682, 0.9164754152297974, 0.9146124124526978]",False,False
apples,تفاح,Fruits & Vegetables,ar,clean,E5_STATIC_QDQ_S8S8_PER_CHANNEL,HYBRID_PROTOTYPE,Other,0.9190777540206909,Medicine,0.917686402797699,0.0013913512229919434,"[""Other"", ""Medicine"", ""Bills""]","[0.9190777540206909, 0.917686402797699, 0.9173962473869324]",False,False
banana,موز بلدي,Fruits & Vegetables,ar,clean,E5_STATIC_QDQ_S8S8_PER_CHANNEL,HYBRID_PROTOTYPE,Other,0.9259776473045349,Medicine,0.923160195350647,0.0028174519538879395,"[""Other"", ""Medicine"", ""Shopping""]","[0.9259776473045349, 0.923160195350647, 0.9159880876541138]",False,False
cucumber,خيار طازج,Fruits & Vegetables,ar,clean,E5_STATIC_QDQ_S8S8_PER_CHANNEL,HYBRID_PROTOTYPE,Restaurants,0.9259790182113647,Other,0.9217202663421631,0.00425875186920166,"[""Restaurants"", ""Other"", ""Shopping""]","[0.9259790182113647, 0.9217202663421631, 0.9189497828483582]",False,False
banana,Banana موز,Fruits & Vegetables,mixed,mixed_language,E5_STATIC_QDQ_S8S8_PER_CHANNEL,HYBRID_PROTOTYPE,Medicine,0.9190673828125,Other,0.9175724983215332,0.0014948844909667969,"[""Medicine"", ""Other"", ""Restaurants""]","[0.9190673828125, 0.9175724983215332, 0.9159737825393677]",False,False
tomatoes,Fresh طماطم,Fruits & Vegetables,mixed,mixed_language,E5_STATIC_QDQ_S8S8_PER_CHANNEL,HYBRID_PROTOTYPE,Medicine,0.9228851795196533,Other,0.9205198287963867,0.0023653507232666016,"[""Medicine"", ""Other"", ""Entertainment""]","[0.9228851795196533, 0.9205198287963867, 0.9123632311820984]",False,False
tomatoes,T0MAT0ES,Fruits & Vegetables,en,ocr_noise,E5_STATIC_QDQ_S8S8_PER_CHANNEL,HYBRID_PROTOTYPE,Medicine,0.9170730113983154,Shopping,0.9148555994033813,0.002217411994934082,"[""Medicine"", ""Shopping"", ""Other""]","[0.9170730113983154, 0.9148555994033813, 0.9142414331436157]",False,False
apples,تفـاح,Fruits & Vegetables,ar,ocr_noise,E5_STATIC_QDQ_S8S8_PER_CHANNEL,HYBRID_PROTOTYPE,Medicine,0.9210982322692871,Other,0.9196671843528748,0.0014310479164123535,"[""Medicine"", ""Other"", ""Bills""]","[0.9210982322692871, 0.9196671843528748, 0.917994499206543]",False,False
mcchicken_meal,McChicken Meal,Restaurants,en,clean,E5_STATIC_QDQ_S8S8_PER_CHANNEL,HYBRID_PROTOTYPE,Other,0.9228391647338867,Medicine,0.9224012494087219,0.0004379153251647949,"[""Other"", ""Medicine"", ""Shopping""]","[0.9228391647338867, 0.9224012494087219, 0.9166423678398132]",False,False
margherita_pizza,Margherita Pizza,Restaurants,en,clean,E5_STATIC_QDQ_S8S8_PER_CHANNEL,HYBRID_PROTOTYPE,Restaurants,0.9190218448638916,Other,0.9183328151702881,0.0006890296936035156,"[""Restaurants"", ""Other"", ""Medicine""]","[0.9190218448638916, 0.9183328151702881, 0.9168071746826172]",True,True
coffee,Cappuccino,Restaurants,en,clean,E5_STATIC_QDQ_S8S8_PER_CHANNEL,HYBRID_PROTOTYPE,Medicine,0.8834060430526733,Shopping,0.8819549679756165,0.0014510750770568848,"[""Medicine"", ""Shopping"", ""Other""]","[0.8834060430526733, 0.8819549679756165, 0.8799605965614319]",False,False
restaurants_kfc_family_meal,KFC Family Meal,Restaurants,en,clean,E5_STATIC_QDQ_S8S8_PER_CHANNEL,HYBRID_PROTOTYPE,Other,0.9198580980300903,Medicine,0.9166178703308105,0.003240227699279785,"[""Other"", ""Medicine"", ""Shopping""]","[0.9198580980300903, 0.9166178703308105, 0.913192093372345]",False,False
margherita_pizza,بيتزا مارجريتا,Restaurants,ar,clean,E5_STATIC_QDQ_S8S8_PER_CHANNEL,HYBRID_PROTOTYPE,Medicine,0.9319717884063721,Restaurants,0.9309024810791016,0.0010693073272705078,"[""Medicine"", ""Restaurants"", ""Other""]","[0.9319717884063721, 0.9309024810791016, 0.9293085336685181]",False,True
burger_meal,وجبة برجر,Restaurants,ar,clean,E5_STATIC_QDQ_S8S8_PER_CHANNEL,HYBRID_PROTOTYPE,Other,0.9234509468078613,Bills,0.9204252362251282,0.0030257105827331543,"[""Other"", ""Bills"", ""Medicine""]","[0.9234509468078613, 0.9204252362251282, 0.9192898273468018]",False,False
coffee,قهوة لاتيه,Restaurants,ar,clean,E5_STATIC_QDQ_S8S8_PER_CHANNEL,HYBRID_PROTOTYPE,Other,0.91877681016922,Shopping,0.9156038761138916,0.003172934055328369,"[""Other"", ""Shopping"", ""Medicine""]","[0.91877681016922, 0.9156038761138916, 0.9140731692314148]",False,False
restaurants_32,ساندوتش شاورما,Restaurants,ar,clean,E5_STATIC_QDQ_S8S8_PER_CHANNEL,HYBRID_PROTOTYPE,Other,0.9390264749526978,Medicine,0.9371134042739868,0.0019130706787109375,"[""Other"", ""Medicine"", ""Shopping""]","[0.9390264749526978, 0.9371134042739868, 0.9362708330154419]",False,False
coffee,Coffee قهوة,Restaurants,mixed,mixed_language,E5_STATIC_QDQ_S8S8_PER_CHANNEL,HYBRID_PROTOTYPE,Restaurants,0.9135416150093079,Bills,0.9118201732635498,0.0017214417457580566,"[""Restaurants"", ""Bills"", ""Shopping""]","[0.9135416150093079, 0.9118201732635498, 0.9093443751335144]",True,True
burger_meal,Burger وجبة,Restaurants,mixed,mixed_language,E5_STATIC_QDQ_S8S8_PER_CHANNEL,HYBRID_PROTOTYPE,Medicine,0.9231715202331543,Other,0.9225566983222961,0.0006148219108581543,"[""Medicine"", ""Other"", ""Bills""]","[0.9231715202331543, 0.9225566983222961, 0.9223603010177612]",False,False
mcchicken_meal,McCh1cken MeaI,Restaurants,en,ocr_noise,E5_STATIC_QDQ_S8S8_PER_CHANNEL,HYBRID_PROTOTYPE,Medicine,0.937836229801178,Other,0.9376717805862427,0.00016444921493530273,"[""Medicine"", ""Other"", ""Shopping""]","[0.937836229801178, 0.9376717805862427, 0.9317823052406311]",False,False
margherita_pizza,P1ZZA MARGHER1TA,Restaurants,en,ocr_noise,E5_STATIC_QDQ_S8S8_PER_CHANNEL,HYBRID_PROTOTYPE,Restaurants,0.9231714010238647,Medicine,0.921338677406311,0.001832723617553711,"[""Restaurants"", ""Medicine"", ""Shopping""]","[0.9231714010238647, 0.921338677406311, 0.9196183681488037]",True,True
uber_trip,Uber Trip,Transport,en,clean,E5_STATIC_QDQ_S8S8_PER_CHANNEL,HYBRID_PROTOTYPE,Bills,0.9076051115989685,Medicine,0.906701922416687,0.0009031891822814941,"[""Bills"", ""Medicine"", ""Shopping""]","[0.9076051115989685, 0.906701922416687, 0.9047647714614868]",False,False
careem_ride,Careem Ride,Transport,en,clean,E5_STATIC_QDQ_S8S8_PER_CHANNEL,HYBRID_PROTOTYPE,Other,0.9219831228256226,Medicine,0.9166824221611023,0.005300700664520264,"[""Other"", ""Medicine"", ""Restaurants""]","[0.9219831228256226, 0.9166824221611023, 0.9113960862159729]",False,False
metro_ticket,Cairo Metro Ticket,Transport,en,clean,E5_STATIC_QDQ_S8S8_PER_CHANNEL,HYBRID_PROTOTYPE,Medicine,0.9230844974517822,Shopping,0.9176527261734009,0.005431771278381348,"[""Medicine"", ""Shopping"", ""Entertainment""]","[0.9230844974517822, 0.9176527261734009, 0.9173716306686401]",False,False
gasoline_92,Gasoline 92,Transport,en,clean,E5_STATIC_QDQ_S8S8_PER_CHANNEL,HYBRID_PROTOTYPE,Other,0.9201310873031616,Medicine,0.9200273752212524,0.00010371208190917969,"[""Other"", ""Medicine"", ""Shopping""]","[0.9201310873031616, 0.9200273752212524, 0.9132453203201294]",False,False
uber_trip,رحلة أوبر,Transport,ar,clean,E5_STATIC_QDQ_S8S8_PER_CHANNEL,HYBRID_PROTOTYPE,Medicine,0.919631838798523,Other,0.9180077910423279,0.0016240477561950684,"[""Medicine"", ""Other"", ""Shopping""]","[0.919631838798523, 0.9180077910423279, 0.917803168296814]",False,False
careem_ride,مشوار كريم,Transport,ar,clean,E5_STATIC_QDQ_S8S8_PER_CHANNEL,HYBRID_PROTOTYPE,Medicine,0.9206075668334961,Other,0.9200707674026489,0.000536799430847168,"[""Medicine"", ""Other"", ""Shopping""]","[0.9206075668334961, 0.9200707674026489, 0.9194002151489258]",False,False
metro_ticket,تذكرة مترو,Transport,ar,clean,E5_STATIC_QDQ_S8S8_PER_CHANNEL,HYBRID_PROTOTYPE,Entertainment,0.9165447950363159,Other,0.9152085185050964,0.0013362765312194824,"[""Entertainment"", ""Other"", ""Medicine""]","[0.9165447950363159, 0.9152085185050964, 0.9141184687614441]",False,False
gasoline_92,بنزين 92,Transport,ar,clean,E5_STATIC_QDQ_S8S8_PER_CHANNEL,HYBRID_PROTOTYPE,Medicine,0.9030609130859375,Other,0.8969880938529968,0.006072819232940674,"[""Medicine"", ""Other"", ""Entertainment""]","[0.9030609130859375, 0.8969880938529968, 0.8943848013877869]",False,False
uber_trip,Uber مشوار,Transport,mixed,mixed_language,E5_STATIC_QDQ_S8S8_PER_CHANNEL,HYBRID_PROTOTYPE,Other,0.9229071140289307,Medicine,0.9216985702514648,0.0012085437774658203,"[""Other"", ""Medicine"", ""Transport""]","[0.9229071140289307, 0.9216985702514648, 0.921550989151001]",False,True
careem_ride,Careem رحلة,Transport,mixed,mixed_language,E5_STATIC_QDQ_S8S8_PER_CHANNEL,HYBRID_PROTOTYPE,Other,0.919325590133667,Medicine,0.9154478311538696,0.0038777589797973633,"[""Other"", ""Medicine"", ""Entertainment""]","[0.919325590133667, 0.9154478311538696, 0.9152247309684753]",False,False
uber_trip,UBER TR1P,Transport,en,ocr_noise,E5_STATIC_QDQ_S8S8_PER_CHANNEL,HYBRID_PROTOTYPE,Bills,0.9148275852203369,Medicine,0.9099777340888977,0.004849851131439209,"[""Bills"", ""Medicine"", ""Other""]","[0.9148275852203369, 0.9099777340888977, 0.9096765518188477]",False,False
careem_ride,CAR EEM R1DE,Transport,en,ocr_noise,E5_STATIC_QDQ_S8S8_PER_CHANNEL,HYBRID_PROTOTYPE,Other,0.9167727828025818,Medicine,0.9153462648391724,0.0014265179634094238,"[""Other"", ""Medicine"", ""Restaurants""]","[0.9167727828025818, 0.9153462648391724, 0.9112510681152344]",False,False
dettol_floor_cleaner,Dettol Floor Cleaner,Household,en,clean,E5_STATIC_QDQ_S8S8_PER_CHANNEL,HYBRID_PROTOTYPE,Household,0.9132018089294434,Other,0.9123079776763916,0.0008938312530517578,"[""Household"", ""Other"", ""Medicine""]","[0.9132018089294434, 0.9123079776763916, 0.9098479747772217]",True,True
fairy_dish_liquid,Fairy Dishwashing Liquid,Household,en,clean,E5_STATIC_QDQ_S8S8_PER_CHANNEL,HYBRID_PROTOTYPE,Household,0.925230085849762,Medicine,0.9241516590118408,0.0010784268379211426,"[""Household"", ""Medicine"", ""Restaurants""]","[0.925230085849762, 0.9241516590118408, 0.923856794834137]",True,True
persil_gel,Persil Gel,Household,en,clean,E5_STATIC_QDQ_S8S8_PER_CHANNEL,HYBRID_PROTOTYPE,Other,0.9120305776596069,Medicine,0.9033295512199402,0.008701026439666748,"[""Other"", ""Medicine"", ""Restaurants""]","[0.9120305776596069, 0.9033295512199402, 0.9030499458312988]",False,False
clorox_bleach,Clorox Bleach,Household,en,clean,E5_STATIC_QDQ_S8S8_PER_CHANNEL,HYBRID_PROTOTYPE,Other,0.9293879270553589,Shopping,0.9266642332077026,0.00272369384765625,"[""Other"", ""Shopping"", ""Household""]","[0.9293879270553589, 0.9266642332077026, 0.9264036417007446]",False,True
dettol_floor_cleaner,منظف أرضيات ديتول,Household,ar,clean,E5_STATIC_QDQ_S8S8_PER_CHANNEL,HYBRID_PROTOTYPE,Medicine,0.9425820112228394,Other,0.9394180774688721,0.003163933753967285,"[""Medicine"", ""Other"", ""Household""]","[0.9425820112228394, 0.9394180774688721, 0.9360299110412598]",False,True
fairy_dish_liquid,سائل غسيل أطباق,Household,ar,clean,E5_STATIC_QDQ_S8S8_PER_CHANNEL,HYBRID_PROTOTYPE,Other,0.9364743232727051,Shopping,0.9340721964836121,0.0024021267890930176,"[""Other"", ""Shopping"", ""Medicine""]","[0.9364743232727051, 0.9340721964836121, 0.9337078332901001]",False,False
persil_gel,مسحوق غسيل برسيل,Household,ar,clean,E5_STATIC_QDQ_S8S8_PER_CHANNEL,HYBRID_PROTOTYPE,Medicine,0.93780517578125,Shopping,0.9357930421829224,0.0020121335983276367,"[""Medicine"", ""Shopping"", ""Household""]","[0.93780517578125, 0.9357930421829224, 0.9341858625411987]",False,True
clorox_bleach,كلور مبيض,Household,ar,clean,E5_STATIC_QDQ_S8S8_PER_CHANNEL,HYBRID_PROTOTYPE,Other,0.928874671459198,Shopping,0.9282758235931396,0.0005988478660583496,"[""Other"", ""Shopping"", ""Medicine""]","[0.928874671459198, 0.9282758235931396, 0.9270596504211426]",False,False
dettol_floor_cleaner,Dettol منظف أرضيات,Household,mixed,mixed_language,E5_STATIC_QDQ_S8S8_PER_CHANNEL,HYBRID_PROTOTYPE,Other,0.9362603425979614,Medicine,0.9335778951644897,0.0026824474334716797,"[""Other"", ""Medicine"", ""Restaurants""]","[0.9362603425979614, 0.9335778951644897, 0.9264987111091614]",False,False
fairy_dish_liquid,Fairy صابون أطباق,Household,mixed,mixed_language,E5_STATIC_QDQ_S8S8_PER_CHANNEL,HYBRID_PROTOTYPE,Medicine,0.9423183798789978,Other,0.9394054412841797,0.0029129385948181152,"[""Medicine"", ""Other"", ""Shopping""]","[0.9423183798789978, 0.9394054412841797, 0.9374938011169434]",False,False
dettol_floor_cleaner,DettoI Floor C1eaner,Household,en,ocr_noise,E5_STATIC_QDQ_S8S8_PER_CHANNEL,HYBRID_PROTOTYPE,Other,0.9238215684890747,Medicine,0.9233419895172119,0.00047957897186279297,"[""Other"", ""Medicine"", ""Restaurants""]","[0.9238215684890747, 0.9233419895172119, 0.9218459129333496]",False,False
persil_gel,PersiI GeI,Household,en,ocr_noise,E5_STATIC_QDQ_S8S8_PER_CHANNEL,HYBRID_PROTOTYPE,Other,0.9255675077438354,Medicine,0.9224387407302856,0.0031287670135498047,"[""Other"", ""Medicine"", ""Shopping""]","[0.9255675077438354, 0.9224387407302856, 0.9215269088745117]",False,False
panadol_extra,Panadol Extra,Medicine,en,clean,E5_STATIC_QDQ_S8S8_PER_CHANNEL,HYBRID_PROTOTYPE,Other,0.9151859283447266,Medicine,0.9095709323883057,0.0056149959564208984,"[""Other"", ""Medicine"", ""Shopping""]","[0.9151859283447266, 0.9095709323883057, 0.9049491882324219]",False,True
brufen_400,Brufen 400,Medicine,en,clean,E5_STATIC_QDQ_S8S8_PER_CHANNEL,HYBRID_PROTOTYPE,Medicine,0.901013195514679,Bills,0.9002823829650879,0.0007308125495910645,"[""Medicine"", ""Bills"", ""Other""]","[0.901013195514679, 0.9002823829650879, 0.8966375589370728]",True,True
folic_acid_600_mcg,Folic Acid 600 MCG,Medicine,en,clean,E5_STATIC_QDQ_S8S8_PER_CHANNEL,HYBRID_PROTOTYPE,Medicine,0.9325774908065796,Restaurants,0.9290527701377869,0.0035247206687927246,"[""Medicine"", ""Restaurants"", ""Other""]","[0.9325774908065796, 0.9290527701377869, 0.9288603067398071]",True,True
immulant_plus_20_cap,Immulant Plus 20 Cap,Medicine,en,clean,E5_STATIC_QDQ_S8S8_PER_CHANNEL,HYBRID_PROTOTYPE,Medicine,0.9163544178009033,Other,0.9040590524673462,0.012295365333557129,"[""Medicine"", ""Other"", ""Shopping""]","[0.9163544178009033, 0.9040590524673462, 0.9036067128181458]",True,True
panadol_extra,بنادول إكسترا,Medicine,ar,clean,E5_STATIC_QDQ_S8S8_PER_CHANNEL,HYBRID_PROTOTYPE,Medicine,0.9462684988975525,Other,0.9389340877532959,0.007334411144256592,"[""Medicine"", ""Other"", ""Shopping""]","[0.9462684988975525, 0.9389340877532959, 0.9364959001541138]",True,True
brufen_400,بروفين 400,Medicine,ar,clean,E5_STATIC_QDQ_S8S8_PER_CHANNEL,HYBRID_PROTOTYPE,Medicine,0.9059175252914429,Other,0.9038785099983215,0.002039015293121338,"[""Medicine"", ""Other"", ""Bills""]","[0.9059175252914429, 0.9038785099983215, 0.8988913893699646]",True,True
folic_acid_600_mcg,حمض الفوليك,Medicine,ar,clean,E5_STATIC_QDQ_S8S8_PER_CHANNEL,HYBRID_PROTOTYPE,Medicine,0.9266409277915955,Other,0.9224836826324463,0.00415724515914917,"[""Medicine"", ""Other"", ""Shopping""]","[0.9266409277915955, 0.9224836826324463, 0.9206408262252808]",True,True
medicine_68,فيتامين سي,Medicine,ar,clean,E5_STATIC_QDQ_S8S8_PER_CHANNEL,HYBRID_PROTOTYPE,Other,0.9275943040847778,Medicine,0.9257861375808716,0.00180816650390625,"[""Other"", ""Medicine"", ""Entertainment""]","[0.9275943040847778, 0.9257861375808716, 0.924572229385376]",False,True
panadol_extra,Panadol مسكن,Medicine,mixed,mixed_language,E5_STATIC_QDQ_S8S8_PER_CHANNEL,HYBRID_PROTOTYPE,Other,0.9269980192184448,Medicine,0.9267771244049072,0.00022089481353759766,"[""Other"", ""Medicine"", ""Restaurants""]","[0.9269980192184448, 0.9267771244049072, 0.9226693511009216]",False,True
vitamin_d,Vitamin D فيتامين,Medicine,mixed,mixed_language,E5_STATIC_QDQ_S8S8_PER_CHANNEL,HYBRID_PROTOTYPE,Medicine,0.93570876121521,Other,0.923293948173523,0.012414813041687012,"[""Medicine"", ""Other"", ""Entertainment""]","[0.93570876121521, 0.923293948173523, 0.9215192794799805]",True,True
panadol_extra,PANAD0L EXTRA,Medicine,en,ocr_noise,E5_STATIC_QDQ_S8S8_PER_CHANNEL,HYBRID_PROTOTYPE,Other,0.9116591811180115,Medicine,0.9095134139060974,0.0021457672119140625,"[""Other"", ""Medicine"", ""Shopping""]","[0.9116591811180115, 0.9095134139060974, 0.9054989218711853]",False,True
folic_acid_600_mcg,F0LIC ACID 600 MCG,Medicine,en,ocr_noise,E5_STATIC_QDQ_S8S8_PER_CHANNEL,HYBRID_PROTOTYPE,Medicine,0.932598352432251,Restaurants,0.9287036061286926,0.0038947463035583496,"[""Medicine"", ""Restaurants"", ""Shopping""]","[0.932598352432251, 0.9287036061286926, 0.9235917329788208]",True,True
immulant_plus_20_cap,MLANT PLUS 20 CAP,Medicine,en,ocr_noise,E5_STATIC_QDQ_S8S8_PER_CHANNEL,HYBRID_PROTOTYPE,Medicine,0.9041305184364319,Other,0.901223361492157,0.0029071569442749023,"[""Medicine"", ""Other"", ""Shopping""]","[0.9041305184364319, 0.901223361492157, 0.8992574214935303]",True,True
folic_acid_600_mcg,FoLic AciD 600 McG,Medicine,en,ocr_noise,E5_STATIC_QDQ_S8S8_PER_CHANNEL,HYBRID_PROTOTYPE,Medicine,0.9276555776596069,Restaurants,0.9267211556434631,0.0009344220161437988,"[""Medicine"", ""Restaurants"", ""Other""]","[0.9276555776596069, 0.9267211556434631, 0.9251407384872437]",True,True
cotton_tshirt,Cotton T Shirt,Shopping,en,clean,E5_STATIC_QDQ_S8S8_PER_CHANNEL,HYBRID_PROTOTYPE,Other,0.9172956943511963,Medicine,0.9147526025772095,0.0025430917739868164,"[""Other"", ""Medicine"", ""Fruits & Vegetables""]","[0.9172956943511963, 0.9147526025772095, 0.9119764566421509]",False,False
running_shoes,Running Shoes,Shopping,en,clean,E5_STATIC_QDQ_S8S8_PER_CHANNEL,HYBRID_PROTOTYPE,Other,0.9315420389175415,Shopping,0.9251708984375,0.006371140480041504,"[""Other"", ""Shopping"", ""Medicine""]","[0.9315420389175415, 0.9251708984375, 0.9235377907752991]",False,True
wireless_headphones,Wireless Headphones,Shopping,en,clean,E5_STATIC_QDQ_S8S8_PER_CHANNEL,HYBRID_PROTOTYPE,Other,0.9023942947387695,Bills,0.9011227488517761,0.0012715458869934082,"[""Other"", ""Bills"", ""Medicine""]","[0.9023942947387695, 0.9011227488517761, 0.8976497650146484]",False,False
phone_charger,Phone Charger,Shopping,en,clean,E5_STATIC_QDQ_S8S8_PER_CHANNEL,HYBRID_PROTOTYPE,Other,0.9148027896881104,Bills,0.9134114980697632,0.001391291618347168,"[""Other"", ""Bills"", ""Medicine""]","[0.9148027896881104, 0.9134114980697632, 0.9117835760116577]",False,False
cotton_tshirt,تيشيرت قطن,Shopping,ar,clean,E5_STATIC_QDQ_S8S8_PER_CHANNEL,HYBRID_PROTOTYPE,Medicine,0.9411444067955017,Other,0.9368462562561035,0.004298150539398193,"[""Medicine"", ""Other"", ""Household""]","[0.9411444067955017, 0.9368462562561035, 0.9359666109085083]",False,False
running_shoes,حذاء رياضي,Shopping,ar,clean,E5_STATIC_QDQ_S8S8_PER_CHANNEL,HYBRID_PROTOTYPE,Other,0.9243954420089722,Medicine,0.9165040254592896,0.007891416549682617,"[""Other"", ""Medicine"", ""Shopping""]","[0.9243954420089722, 0.9165040254592896, 0.9155563116073608]",False,True
wireless_headphones,سماعات بلوتوث,Shopping,ar,clean,E5_STATIC_QDQ_S8S8_PER_CHANNEL,HYBRID_PROTOTYPE,Medicine,0.9286368489265442,Bills,0.9285411834716797,9.566545486450195e-05,"[""Medicine"", ""Bills"", ""Other""]","[0.9286368489265442, 0.9285411834716797, 0.9285258054733276]",False,False
phone_charger,شاحن موبايل,Shopping,ar,clean,E5_STATIC_QDQ_S8S8_PER_CHANNEL,HYBRID_PROTOTYPE,Shopping,0.9363266229629517,Restaurants,0.9356995820999146,0.0006270408630371094,"[""Shopping"", ""Restaurants"", ""Medicine""]","[0.9363266229629517, 0.9356995820999146, 0.9346895217895508]",True,True
running_shoes,Nike حذاء,Shopping,mixed,mixed_language,E5_STATIC_QDQ_S8S8_PER_CHANNEL,HYBRID_PROTOTYPE,Other,0.9205828905105591,Medicine,0.9178392887115479,0.0027436017990112305,"[""Other"", ""Medicine"", ""Shopping""]","[0.9205828905105591, 0.9178392887115479, 0.9145733118057251]",False,True
wireless_headphones,Headphones سماعات,Shopping,mixed,mixed_language,E5_STATIC_QDQ_S8S8_PER_CHANNEL,HYBRID_PROTOTYPE,Other,0.9174743294715881,Shopping,0.9137311577796936,0.0037431716918945312,"[""Other"", ""Shopping"", ""Medicine""]","[0.9174743294715881, 0.9137311577796936, 0.9124460220336914]",False,True
wireless_headphones,W1RELESS HEADPH0NES,Shopping,en,ocr_noise,E5_STATIC_QDQ_S8S8_PER_CHANNEL,HYBRID_PROTOTYPE,Medicine,0.9234271049499512,Other,0.9233580827713013,6.902217864990234e-05,"[""Medicine"", ""Other"", ""Household""]","[0.9234271049499512, 0.9233580827713013, 0.9213358163833618]",False,False
phone_charger,PH0NE CHARGER,Shopping,en,ocr_noise,E5_STATIC_QDQ_S8S8_PER_CHANNEL,HYBRID_PROTOTYPE,Medicine,0.9232256412506104,Restaurants,0.9201509952545166,0.00307464599609375,"[""Medicine"", ""Restaurants"", ""Other""]","[0.9232256412506104, 0.9201509952545166, 0.919234573841095]",False,False
electricity_bill,Electricity Bill,Bills,en,clean,E5_STATIC_QDQ_S8S8_PER_CHANNEL,HYBRID_PROTOTYPE,Bills,0.9138308763504028,Medicine,0.9125469326972961,0.0012839436531066895,"[""Bills"", ""Medicine"", ""Other""]","[0.9138308763504028, 0.9125469326972961, 0.9123367667198181]",True,True
internet_bill,WE Internet Bill,Bills,en,clean,E5_STATIC_QDQ_S8S8_PER_CHANNEL,HYBRID_PROTOTYPE,Bills,0.9262428879737854,Other,0.920852541923523,0.005390346050262451,"[""Bills"", ""Other"", ""Medicine""]","[0.9262428879737854, 0.920852541923523, 0.9183319807052612]",True,True
water_bill,Water Utility Bill,Bills,en,clean,E5_STATIC_QDQ_S8S8_PER_CHANNEL,HYBRID_PROTOTYPE,Bills,0.9231867790222168,Other,0.9218258857727051,0.0013608932495117188,"[""Bills"", ""Other"", ""Medicine""]","[0.9231867790222168, 0.9218258857727051, 0.9173384308815002]",True,True
mobile_bill,Mobile Phone Bill,Bills,en,clean,E5_STATIC_QDQ_S8S8_PER_CHANNEL,HYBRID_PROTOTYPE,Bills,0.9064677953720093,Other,0.892236590385437,0.014231204986572266,"[""Bills"", ""Other"", ""Medicine""]","[0.9064677953720093, 0.892236590385437, 0.8921555280685425]",True,True
electricity_bill,فاتورة كهرباء,Bills,ar,clean,E5_STATIC_QDQ_S8S8_PER_CHANNEL,HYBRID_PROTOTYPE,Other,0.9334820508956909,Restaurants,0.9332085847854614,0.0002734661102294922,"[""Other"", ""Restaurants"", ""Shopping""]","[0.9334820508956909, 0.9332085847854614, 0.9317635297775269]",False,False
internet_bill,فاتورة انترنت WE,Bills,mixed,mixed_language,E5_STATIC_QDQ_S8S8_PER_CHANNEL,HYBRID_PROTOTYPE,Bills,0.9386951327323914,Other,0.937936544418335,0.0007585883140563965,"[""Bills"", ""Other"", ""Shopping""]","[0.9386951327323914, 0.937936544418335, 0.9354351758956909]",True,True
water_bill,فاتورة مياه,Bills,ar,clean,E5_STATIC_QDQ_S8S8_PER_CHANNEL,HYBRID_PROTOTYPE,Bills,0.9298110008239746,Other,0.9266929626464844,0.0031180381774902344,"[""Bills"", ""Other"", ""Shopping""]","[0.9298110008239746, 0.9266929626464844, 0.9239032864570618]",True,True
gas_bill,فاتورة غاز,Bills,ar,clean,E5_STATIC_QDQ_S8S8_PER_CHANNEL,HYBRID_PROTOTYPE,Other,0.9206110239028931,Bills,0.9175559878349304,0.0030550360679626465,"[""Other"", ""Bills"", ""Medicine""]","[0.9206110239028931, 0.9175559878349304, 0.9167851209640503]",False,True
mobile_bill,Orange فاتورة موبايل,Bills,mixed,mixed_language,E5_STATIC_QDQ_S8S8_PER_CHANNEL,HYBRID_PROTOTYPE,Bills,0.9398317337036133,Medicine,0.93928062915802,0.0005511045455932617,"[""Bills"", ""Medicine"", ""Restaurants""]","[0.9398317337036133, 0.93928062915802, 0.9366449117660522]",True,True
internet_bill,Internet فاتورة شهرية,Bills,mixed,mixed_language,E5_STATIC_QDQ_S8S8_PER_CHANNEL,HYBRID_PROTOTYPE,Bills,0.928179144859314,Other,0.9207280874252319,0.007451057434082031,"[""Bills"", ""Other"", ""Medicine""]","[0.928179144859314, 0.9207280874252319, 0.9196287989616394]",True,True
electricity_bill,ELECTR1C1TY B1LL,Bills,en,ocr_noise,E5_STATIC_QDQ_S8S8_PER_CHANNEL,HYBRID_PROTOTYPE,Medicine,0.911970853805542,Restaurants,0.9105066061019897,0.001464247703552246,"[""Medicine"", ""Restaurants"", ""Shopping""]","[0.911970853805542, 0.9105066061019897, 0.909429669380188]",False,False
internet_bill,WE 1NTERNET B1LL,Bills,en,ocr_noise,E5_STATIC_QDQ_S8S8_PER_CHANNEL,HYBRID_PROTOTYPE,Medicine,0.9226620197296143,Other,0.9184237718582153,0.004238247871398926,"[""Medicine"", ""Other"", ""Bills""]","[0.9226620197296143, 0.9184237718582153, 0.9168702363967896]",False,True
netflix,Netflix,Entertainment,en,clean,E5_STATIC_QDQ_S8S8_PER_CHANNEL,HYBRID_PROTOTYPE,Other,0.8815447092056274,Entertainment,0.8807637691497803,0.000780940055847168,"[""Other"", ""Entertainment"", ""Medicine""]","[0.8815447092056274, 0.8807637691497803, 0.8782659769058228]",False,True
cinema_ticket,Cinema Ticket,Entertainment,en,clean,E5_STATIC_QDQ_S8S8_PER_CHANNEL,HYBRID_PROTOTYPE,Entertainment,0.9014058113098145,Medicine,0.8961951732635498,0.0052106380462646484,"[""Entertainment"", ""Medicine"", ""Other""]","[0.9014058113098145, 0.8961951732635498, 0.8960524201393127]",True,True
playstation_game,PlayStation Game,Entertainment,en,clean,E5_STATIC_QDQ_S8S8_PER_CHANNEL,HYBRID_PROTOTYPE,Bills,0.8970069885253906,Other,0.8929345607757568,0.004072427749633789,"[""Bills"", ""Other"", ""Books""]","[0.8970069885253906, 0.8929345607757568, 0.8918619155883789]",False,False
concert_ticket,Concert Ticket,Entertainment,en,clean,E5_STATIC_QDQ_S8S8_PER_CHANNEL,HYBRID_PROTOTYPE,Medicine,0.8984086513519287,Other,0.8981733322143555,0.0002353191375732422,"[""Medicine"", ""Other"", ""Entertainment""]","[0.8984086513519287, 0.8981733322143555, 0.8963871598243713]",False,True
cinema_ticket,تذكرة سينما,Entertainment,ar,clean,E5_STATIC_QDQ_S8S8_PER_CHANNEL,HYBRID_PROTOTYPE,Medicine,0.9312247037887573,Other,0.9303059577941895,0.0009187459945678711,"[""Medicine"", ""Other"", ""Entertainment""]","[0.9312247037887573, 0.9303059577941895, 0.9282993078231812]",False,True
netflix,اشتراك مشاهدة أفلام,Entertainment,ar,clean,E5_STATIC_QDQ_S8S8_PER_CHANNEL,HYBRID_PROTOTYPE,Other,0.9184902906417847,Entertainment,0.9183722734451294,0.00011801719665527344,"[""Other"", ""Entertainment"", ""Shopping""]","[0.9184902906417847, 0.9183722734451294, 0.912943422794342]",False,True
playstation_game,لعبة بلايستيشن,Entertainment,ar,clean,E5_STATIC_QDQ_S8S8_PER_CHANNEL,HYBRID_PROTOTYPE,Bills,0.9129283428192139,Medicine,0.9124420285224915,0.0004863142967224121,"[""Bills"", ""Medicine"", ""Other""]","[0.9129283428192139, 0.9124420285224915, 0.9109759330749512]",False,False
concert_ticket,تذكرة حفلة,Entertainment,ar,clean,E5_STATIC_QDQ_S8S8_PER_CHANNEL,HYBRID_PROTOTYPE,Other,0.9257574081420898,Medicine,0.9223660230636597,0.0033913850784301758,"[""Other"", ""Medicine"", ""Entertainment""]","[0.9257574081420898, 0.9223660230636597, 0.9208229780197144]",False,True
netflix,Netflix اشتراك,Entertainment,mixed,mixed_language,E5_STATIC_QDQ_S8S8_PER_CHANNEL,HYBRID_PROTOTYPE,Shopping,0.901056170463562,Other,0.9005029201507568,0.0005532503128051758,"[""Shopping"", ""Other"", ""Medicine""]","[0.901056170463562, 0.9005029201507568, 0.8996090292930603]",False,False
cinema_ticket,Cinema تذكرة,Entertainment,mixed,mixed_language,E5_STATIC_QDQ_S8S8_PER_CHANNEL,HYBRID_PROTOTYPE,Entertainment,0.9236434102058411,Medicine,0.9183396100997925,0.005303800106048584,"[""Entertainment"", ""Medicine"", ""Other""]","[0.9236434102058411, 0.9183396100997925, 0.9165392518043518]",True,True
netflix,NETFL1X,Entertainment,en,ocr_noise,E5_STATIC_QDQ_S8S8_PER_CHANNEL,HYBRID_PROTOTYPE,Other,0.9155586361885071,Medicine,0.9145539402961731,0.0010046958923339844,"[""Other"", ""Medicine"", ""Restaurants""]","[0.9155586361885071, 0.9145539402961731, 0.9139742255210876]",False,False
cinema_ticket,C1NEMA T1CKET,Entertainment,en,ocr_noise,E5_STATIC_QDQ_S8S8_PER_CHANNEL,HYBRID_PROTOTYPE,Restaurants,0.9302572011947632,Medicine,0.9257924556732178,0.00446474552154541,"[""Restaurants"", ""Medicine"", ""Shopping""]","[0.9302572011947632, 0.9257924556732178, 0.9247034788131714]",False,False
dove_shampoo,Dove Shampoo,Personal Care,en,clean,E5_STATIC_QDQ_S8S8_PER_CHANNEL,HYBRID_PROTOTYPE,Other,0.9018920063972473,Personal Care,0.9004440307617188,0.0014479756355285645,"[""Other"", ""Personal Care"", ""Medicine""]","[0.9018920063972473, 0.9004440307617188, 0.899276852607727]",False,True
nivea_face_cream,Nivea Face Cream,Personal Care,en,clean,E5_STATIC_QDQ_S8S8_PER_CHANNEL,HYBRID_PROTOTYPE,Medicine,0.9235525131225586,Restaurants,0.9232679605484009,0.00028455257415771484,"[""Medicine"", ""Restaurants"", ""Other""]","[0.9235525131225586, 0.9232679605484009, 0.9198752045631409]",False,False
gillette_razor,Gillette Razor,Personal Care,en,clean,E5_STATIC_QDQ_S8S8_PER_CHANNEL,HYBRID_PROTOTYPE,Other,0.930755615234375,Shopping,0.923658549785614,0.007097065448760986,"[""Other"", ""Shopping"", ""Household""]","[0.930755615234375, 0.923658549785614, 0.9216586947441101]",False,False
haircut,Haircut,Personal Care,en,clean,E5_STATIC_QDQ_S8S8_PER_CHANNEL,HYBRID_PROTOTYPE,Restaurants,0.9077504277229309,Other,0.9069262146949768,0.0008242130279541016,"[""Restaurants"", ""Other"", ""Shopping""]","[0.9077504277229309, 0.9069262146949768, 0.906728982925415]",False,False
dove_shampoo,شامبو دوف,Personal Care,ar,clean,E5_STATIC_QDQ_S8S8_PER_CHANNEL,HYBRID_PROTOTYPE,Other,0.9242322444915771,Restaurants,0.9225888252258301,0.0016434192657470703,"[""Other"", ""Restaurants"", ""Shopping""]","[0.9242322444915771, 0.9225888252258301, 0.9218320846557617]",False,False
nivea_face_cream,كريم نيفيا للوجه,Personal Care,ar,clean,E5_STATIC_QDQ_S8S8_PER_CHANNEL,HYBRID_PROTOTYPE,Household,0.93448805809021,Medicine,0.933870255947113,0.0006178021430969238,"[""Household"", ""Medicine"", ""Other""]","[0.93448805809021, 0.933870255947113, 0.9337885975837708]",False,False
gillette_razor,شفرة حلاقة,Personal Care,ar,clean,E5_STATIC_QDQ_S8S8_PER_CHANNEL,HYBRID_PROTOTYPE,Shopping,0.9168180227279663,Other,0.9137887954711914,0.0030292272567749023,"[""Shopping"", ""Other"", ""Restaurants""]","[0.9168180227279663, 0.9137887954711914, 0.9112683534622192]",False,False
haircut,قص شعر,Personal Care,ar,clean,E5_STATIC_QDQ_S8S8_PER_CHANNEL,HYBRID_PROTOTYPE,Other,0.9125717282295227,Books,0.9096330404281616,0.002938687801361084,"[""Other"", ""Books"", ""Medicine""]","[0.9125717282295227, 0.9096330404281616, 0.9084477424621582]",False,False
dove_shampoo,Shampoo شامبو,Personal Care,mixed,mixed_language,E5_STATIC_QDQ_S8S8_PER_CHANNEL,HYBRID_PROTOTYPE,Personal Care,0.9100558757781982,Entertainment,0.9089802503585815,0.0010756254196166992,"[""Personal Care"", ""Entertainment"", ""Shopping""]","[0.9100558757781982, 0.9089802503585815, 0.9080337882041931]",True,True
nivea_face_cream,Nivea كريم بشرة,Personal Care,mixed,mixed_language,E5_STATIC_QDQ_S8S8_PER_CHANNEL,HYBRID_PROTOTYPE,Other,0.9291685819625854,Medicine,0.9290447235107422,0.00012385845184326172,"[""Other"", ""Medicine"", ""Restaurants""]","[0.9291685819625854, 0.9290447235107422, 0.9254652261734009]",False,False
dove_shampoo,شامبو D0VE,Personal Care,mixed,ocr_noise,E5_STATIC_QDQ_S8S8_PER_CHANNEL,HYBRID_PROTOTYPE,Other,0.9228609800338745,Household,0.9226310849189758,0.00022989511489868164,"[""Other"", ""Household"", ""Medicine""]","[0.9228609800338745, 0.9226310849189758, 0.922481894493103]",False,False
gillette_razor,G1LLETTE RAZ0R,Personal Care,en,ocr_noise,E5_STATIC_QDQ_S8S8_PER_CHANNEL,HYBRID_PROTOTYPE,Medicine,0.9144676923751831,Other,0.9113993644714355,0.0030683279037475586,"[""Medicine"", ""Other"", ""Restaurants""]","[0.9144676923751831, 0.9113993644714355, 0.9103456139564514]",False,False
service_fee,Service Fee,Other,en,clean,E5_STATIC_QDQ_S8S8_PER_CHANNEL,HYBRID_PROTOTYPE,Other,0.9088376760482788,Medicine,0.8991972208023071,0.00964045524597168,"[""Other"", ""Medicine"", ""Bills""]","[0.9088376760482788, 0.8991972208023071, 0.8978825807571411]",True,True
charity_donation,Charity Donation,Other,en,clean,E5_STATIC_QDQ_S8S8_PER_CHANNEL,HYBRID_PROTOTYPE,Medicine,0.9162620902061462,Other,0.9144182205200195,0.001843869686126709,"[""Medicine"", ""Other"", ""Shopping""]","[0.9162620902061462, 0.9144182205200195, 0.91132652759552]",False,True
document_printing,Document Printing,Other,en,clean,E5_STATIC_QDQ_S8S8_PER_CHANNEL,HYBRID_PROTOTYPE,Bills,0.9059494733810425,Medicine,0.9032517671585083,0.0026977062225341797,"[""Bills"", ""Medicine"", ""Books""]","[0.9059494733810425, 0.9032517671585083, 0.9009954929351807]",False,False
delivery_fee,Delivery Fee,Other,en,clean,E5_STATIC_QDQ_S8S8_PER_CHANNEL,HYBRID_PROTOTYPE,Other,0.9133723974227905,Medicine,0.9088045358657837,0.004567861557006836,"[""Other"", ""Medicine"", ""Restaurants""]","[0.9133723974227905, 0.9088045358657837, 0.9086577892303467]",True,True
service_fee,رسوم خدمة,Other,ar,clean,E5_STATIC_QDQ_S8S8_PER_CHANNEL,HYBRID_PROTOTYPE,Other,0.9057028889656067,Medicine,0.8967545032501221,0.00894838571548462,"[""Other"", ""Medicine"", ""Books""]","[0.9057028889656067, 0.8967545032501221, 0.8916059732437134]",True,True
charity_donation,تبرع خيري,Other,ar,clean,E5_STATIC_QDQ_S8S8_PER_CHANNEL,HYBRID_PROTOTYPE,Other,0.9262783527374268,Medicine,0.9201279878616333,0.006150364875793457,"[""Other"", ""Medicine"", ""Bills""]","[0.9262783527374268, 0.9201279878616333, 0.9178694486618042]",True,True
document_printing,طباعة مستندات,Other,ar,clean,E5_STATIC_QDQ_S8S8_PER_CHANNEL,HYBRID_PROTOTYPE,Medicine,0.9295095801353455,Other,0.9274001121520996,0.0021094679832458496,"[""Medicine"", ""Other"", ""Books""]","[0.9295095801353455, 0.9274001121520996, 0.9268845319747925]",False,True
misc_expense,مصاريف متنوعة,Other,ar,clean,E5_STATIC_QDQ_S8S8_PER_CHANNEL,HYBRID_PROTOTYPE,Other,0.9207360744476318,Medicine,0.9200000762939453,0.0007359981536865234,"[""Other"", ""Medicine"", ""Household""]","[0.9207360744476318, 0.9200000762939453, 0.9198375940322876]",True,True
delivery_fee,Delivery رسوم,Other,mixed,mixed_language,E5_STATIC_QDQ_S8S8_PER_CHANNEL,HYBRID_PROTOTYPE,Other,0.8932512998580933,Medicine,0.8878840208053589,0.005367279052734375,"[""Other"", ""Medicine"", ""Entertainment""]","[0.8932512998580933, 0.8878840208053589, 0.8844521045684814]",True,True
service_fee,Service مصاريف,Other,mixed,mixed_language,E5_STATIC_QDQ_S8S8_PER_CHANNEL,HYBRID_PROTOTYPE,Other,0.9174737930297852,Medicine,0.9082841277122498,0.0091896653175354,"[""Other"", ""Medicine"", ""Household""]","[0.9174737930297852, 0.9082841277122498, 0.9069289565086365]",True,True
service_fee,SERV1CE FEE,Other,en,ocr_noise,E5_STATIC_QDQ_S8S8_PER_CHANNEL,HYBRID_PROTOTYPE,Other,0.931306779384613,Restaurants,0.9307911396026611,0.0005156397819519043,"[""Other"", ""Restaurants"", ""Shopping""]","[0.931306779384613, 0.9307911396026611, 0.9281835556030273]",True,True
misc_expense,M1SC EXPENSE,Other,en,ocr_noise,E5_STATIC_QDQ_S8S8_PER_CHANNEL,HYBRID_PROTOTYPE,Medicine,0.9107901453971863,Other,0.9050321578979492,0.0057579874992370605,"[""Medicine"", ""Other"", ""Shopping""]","[0.9107901453971863, 0.9050321578979492, 0.9024956822395325]",False,True
atomic_habits,Atomic Habits,Books,en,clean,E5_STATIC_QDQ_S8S8_PER_CHANNEL,HYBRID_PROTOTYPE,Medicine,0.927899956703186,Restaurants,0.9220571517944336,0.005842804908752441,"[""Medicine"", ""Restaurants"", ""Shopping""]","[0.927899956703186, 0.9220571517944336, 0.9212908148765564]",False,False
clean_code,Clean Code,Books,en,clean,E5_STATIC_QDQ_S8S8_PER_CHANNEL,HYBRID_PROTOTYPE,Other,0.9064822793006897,Shopping,0.9002217054367065,0.006260573863983154,"[""Other"", ""Shopping"", ""Medicine""]","[0.9064822793006897, 0.9002217054367065, 0.8993015885353088]",False,False
psychology_of_money,The Psychology of Money,Books,en,clean,E5_STATIC_QDQ_S8S8_PER_CHANNEL,HYBRID_PROTOTYPE,Other,0.9121747016906738,Medicine,0.9116092920303345,0.0005654096603393555,"[""Other"", ""Medicine"", ""Shopping""]","[0.9121747016906738, 0.9116092920303345, 0.9065415859222412]",False,False
pragmatic_programmer,The Pragmatic Programmer,Books,en,clean,E5_STATIC_QDQ_S8S8_PER_CHANNEL,HYBRID_PROTOTYPE,Medicine,0.9246858358383179,Shopping,0.922631561756134,0.002054274082183838,"[""Medicine"", ""Shopping"", ""Other""]","[0.9246858358383179, 0.922631561756134, 0.9205226898193359]",False,False
atomic_habits,العادات الذرية,Books,ar,clean,E5_STATIC_QDQ_S8S8_PER_CHANNEL,HYBRID_PROTOTYPE,Other,0.9303808808326721,Medicine,0.9252475500106812,0.005133330821990967,"[""Other"", ""Medicine"", ""Shopping""]","[0.9303808808326721, 0.9252475500106812, 0.9193580150604248]",False,False
art_of_not_caring,كتاب فن اللامبالاة,Books,ar,clean,E5_STATIC_QDQ_S8S8_PER_CHANNEL,HYBRID_PROTOTYPE,Medicine,0.9336014986038208,Bills,0.9322841167449951,0.0013173818588256836,"[""Medicine"", ""Bills"", ""Other""]","[0.9336014986038208, 0.9322841167449951, 0.9320458173751831]",False,False
awlad_haretna,رواية أولاد حارتنا,Books,ar,clean,E5_STATIC_QDQ_S8S8_PER_CHANNEL,HYBRID_PROTOTYPE,Bills,0.9243186712265015,Books,0.9222357273101807,0.0020829439163208008,"[""Bills"", ""Books"", ""Other""]","[0.9243186712265015, 0.9222357273101807, 0.919227659702301]",False,True
learn_python_book,كتاب تعلم بايثون,Books,ar,clean,E5_STATIC_QDQ_S8S8_PER_CHANNEL,HYBRID_PROTOTYPE,Books,0.9350690841674805,Medicine,0.9279340505599976,0.00713503360748291,"[""Books"", ""Medicine"", ""Shopping""]","[0.9350690841674805, 0.9279340505599976, 0.9243737459182739]",True,True
clean_code,Clean Code كتاب,Books,mixed,mixed_language,E5_STATIC_QDQ_S8S8_PER_CHANNEL,HYBRID_PROTOTYPE,Other,0.9060729742050171,Books,0.9034777283668518,0.002595245838165283,"[""Other"", ""Books"", ""Shopping""]","[0.9060729742050171, 0.9034777283668518, 0.9027266502380371]",False,True
atomic_habits,Atomic Habits نسخة عربية,Books,mixed,mixed_language,E5_STATIC_QDQ_S8S8_PER_CHANNEL,HYBRID_PROTOTYPE,Medicine,0.9361441731452942,Shopping,0.9310525059700012,0.005091667175292969,"[""Medicine"", ""Shopping"", ""Other""]","[0.9361441731452942, 0.9310525059700012, 0.9300399422645569]",False,False
atomic_habits,AT0MIC HAB1TS,Books,en,ocr_noise,E5_STATIC_QDQ_S8S8_PER_CHANNEL,HYBRID_PROTOTYPE,Medicine,0.9203827381134033,Restaurants,0.9133932590484619,0.006989479064941406,"[""Medicine"", ""Restaurants"", ""Shopping""]","[0.9203827381134033, 0.9133932590484619, 0.9115723967552185]",False,False
clean_code,CLEAN C0DE,Books,en,ocr_noise,E5_STATIC_QDQ_S8S8_PER_CHANNEL,HYBRID_PROTOTYPE,Other,0.9166083931922913,Medicine,0.9161216616630554,0.00048673152923583984,"[""Other"", ""Medicine"", ""Shopping""]","[0.9166083931922913, 0.9161216616630554, 0.916035532951355]",False,False
chicken_breast,Chicken Breast,Groceries,en,clean,E5_STATIC_QDQ_MATMUL_S8S8_PER_CHANNEL,HYBRID_PROTOTYPE,Groceries,0.8692708015441895,Fruits & Vegetables,0.861525297164917,0.007745504379272461,"[""Groceries"", ""Fruits & Vegetables"", ""Restaurants""]","[0.8692708015441895, 0.861525297164917, 0.8591944575309753]",True,True
milk_1l,Milk 1L,Groceries,en,clean,E5_STATIC_QDQ_MATMUL_S8S8_PER_CHANNEL,HYBRID_PROTOTYPE,Groceries,0.8979441523551941,Medicine,0.8802371025085449,0.01770704984664917,"[""Groceries"", ""Medicine"", ""Restaurants""]","[0.8979441523551941, 0.8802371025085449, 0.8741412162780762]",True,True
rice_1kg,Rice 1KG,Groceries,en,clean,E5_STATIC_QDQ_MATMUL_S8S8_PER_CHANNEL,HYBRID_PROTOTYPE,Groceries,0.9016152620315552,Medicine,0.8869655728340149,0.014649689197540283,"[""Groceries"", ""Medicine"", ""Restaurants""]","[0.9016152620315552, 0.8869655728340149, 0.8846166133880615]",True,True
groceries_egyptian_white_cheese,Egyptian White Cheese,Groceries,en,clean,E5_STATIC_QDQ_MATMUL_S8S8_PER_CHANNEL,HYBRID_PROTOTYPE,Restaurants,0.8749633431434631,Medicine,0.869094967842102,0.005868375301361084,"[""Restaurants"", ""Medicine"", ""Fruits & Vegetables""]","[0.8749633431434631, 0.869094967842102, 0.8663108348846436]",False,False
chicken_breast,صدور فراخ,Groceries,ar,clean,E5_STATIC_QDQ_MATMUL_S8S8_PER_CHANNEL,HYBRID_PROTOTYPE,Restaurants,0.8881266117095947,Groceries,0.880875825881958,0.007250785827636719,"[""Restaurants"", ""Groceries"", ""Fruits & Vegetables""]","[0.8881266117095947, 0.880875825881958, 0.8801860809326172]",False,True
milk_1l,لبن كامل الدسم,Groceries,ar,clean,E5_STATIC_QDQ_MATMUL_S8S8_PER_CHANNEL,HYBRID_PROTOTYPE,Groceries,0.8880679607391357,Fruits & Vegetables,0.8811569809913635,0.006910979747772217,"[""Groceries"", ""Fruits & Vegetables"", ""Household""]","[0.8880679607391357, 0.8811569809913635, 0.8798071146011353]",True,True
rice_1kg,كيس أرز 1 كيلو,Groceries,ar,clean,E5_STATIC_QDQ_MATMUL_S8S8_PER_CHANNEL,HYBRID_PROTOTYPE,Groceries,0.9000260829925537,Restaurants,0.8842810988426208,0.01574498414993286,"[""Groceries"", ""Restaurants"", ""Transport""]","[0.9000260829925537, 0.8842810988426208, 0.8797754049301147]",True,True
groceries_8,علبة تونة,Groceries,ar,clean,E5_STATIC_QDQ_MATMUL_S8S8_PER_CHANNEL,HYBRID_PROTOTYPE,Transport,0.8946449756622314,Shopping,0.8891370892524719,0.0055078864097595215,"[""Transport"", ""Shopping"", ""Bills""]","[0.8946449756622314, 0.8891370892524719, 0.8873251676559448]",False,False
milk_1l,Fresh Milk لبن,Groceries,mixed,mixed_language,E5_STATIC_QDQ_MATMUL_S8S8_PER_CHANNEL,HYBRID_PROTOTYPE,Groceries,0.9084441661834717,Fruits & Vegetables,0.8972823619842529,0.01116180419921875,"[""Groceries"", ""Fruits & Vegetables"", ""Restaurants""]","[0.9084441661834717, 0.8972823619842529, 0.8962962627410889]",True,True
chicken_breast,Chicken فراخ مجمدة,Groceries,mixed,mixed_language,E5_STATIC_QDQ_MATMUL_S8S8_PER_CHANNEL,HYBRID_PROTOTYPE,Groceries,0.9123643636703491,Restaurants,0.9059646725654602,0.006399691104888916,"[""Groceries"", ""Restaurants"", ""Household""]","[0.9123643636703491, 0.9059646725654602, 0.8928943872451782]",True,True
milk_1l,M1LK 1L,Groceries,en,ocr_noise,E5_STATIC_QDQ_MATMUL_S8S8_PER_CHANNEL,HYBRID_PROTOTYPE,Groceries,0.8675585985183716,Medicine,0.8626866340637207,0.004871964454650879,"[""Groceries"", ""Medicine"", ""Shopping""]","[0.8675585985183716, 0.8626866340637207, 0.8560662269592285]",True,True
rice_1kg,R1CE 1KG,Groceries,en,ocr_noise,E5_STATIC_QDQ_MATMUL_S8S8_PER_CHANNEL,HYBRID_PROTOTYPE,Medicine,0.8684879541397095,Groceries,0.8669623136520386,0.0015256404876708984,"[""Medicine"", ""Groceries"", ""Shopping""]","[0.8684879541397095, 0.8669623136520386, 0.8641263246536255]",False,True
banana,Banana,Fruits & Vegetables,en,clean,E5_STATIC_QDQ_MATMUL_S8S8_PER_CHANNEL,HYBRID_PROTOTYPE,Fruits & Vegetables,0.8851633071899414,Groceries,0.8708438873291016,0.014319419860839844,"[""Fruits & Vegetables"", ""Groceries"", ""Shopping""]","[0.8851633071899414, 0.8708438873291016, 0.870280385017395]",True,True
tomatoes,Fresh Tomatoes,Fruits & Vegetables,en,clean,E5_STATIC_QDQ_MATMUL_S8S8_PER_CHANNEL,HYBRID_PROTOTYPE,Fruits & Vegetables,0.9018028974533081,Restaurants,0.871850848197937,0.029952049255371094,"[""Fruits & Vegetables"", ""Restaurants"", ""Groceries""]","[0.9018028974533081, 0.871850848197937, 0.8686866760253906]",True,True
apples,Green Apples,Fruits & Vegetables,en,clean,E5_STATIC_QDQ_MATMUL_S8S8_PER_CHANNEL,HYBRID_PROTOTYPE,Fruits & Vegetables,0.8872371912002563,Restaurants,0.8650432825088501,0.02219390869140625,"[""Fruits & Vegetables"", ""Restaurants"", ""Shopping""]","[0.8872371912002563, 0.8650432825088501, 0.8620412349700928]",True,True
cucumber,Cucumber Pack,Fruits & Vegetables,en,clean,E5_STATIC_QDQ_MATMUL_S8S8_PER_CHANNEL,HYBRID_PROTOTYPE,Groceries,0.8694388270378113,Medicine,0.8651806116104126,0.004258215427398682,"[""Groceries"", ""Medicine"", ""Restaurants""]","[0.8694388270378113, 0.8651806116104126, 0.8630964756011963]",False,False
tomatoes,طماطم,Fruits & Vegetables,ar,clean,E5_STATIC_QDQ_MATMUL_S8S8_PER_CHANNEL,HYBRID_PROTOTYPE,Fruits & Vegetables,0.893165111541748,Groceries,0.8636175990104675,0.029547512531280518,"[""Fruits & Vegetables"", ""Groceries"", ""Medicine""]","[0.893165111541748, 0.8636175990104675, 0.8610754013061523]",True,True
apples,تفاح,Fruits & Vegetables,ar,clean,E5_STATIC_QDQ_MATMUL_S8S8_PER_CHANNEL,HYBRID_PROTOTYPE,Fruits & Vegetables,0.912585437297821,Restaurants,0.8943324089050293,0.018253028392791748,"[""Fruits & Vegetables"", ""Restaurants"", ""Books""]","[0.912585437297821, 0.8943324089050293, 0.8898085355758667]",True,True
banana,موز بلدي,Fruits & Vegetables,ar,clean,E5_STATIC_QDQ_MATMUL_S8S8_PER_CHANNEL,HYBRID_PROTOTYPE,Fruits & Vegetables,0.9055144786834717,Groceries,0.9010236263275146,0.004490852355957031,"[""Fruits & Vegetables"", ""Groceries"", ""Restaurants""]","[0.9055144786834717, 0.9010236263275146, 0.9005404710769653]",True,True
cucumber,خيار طازج,Fruits & Vegetables,ar,clean,E5_STATIC_QDQ_MATMUL_S8S8_PER_CHANNEL,HYBRID_PROTOTYPE,Restaurants,0.9017480611801147,Groceries,0.8984009623527527,0.0033470988273620605,"[""Restaurants"", ""Groceries"", ""Transport""]","[0.9017480611801147, 0.8984009623527527, 0.8934374451637268]",False,False
banana,Banana موز,Fruits & Vegetables,mixed,mixed_language,E5_STATIC_QDQ_MATMUL_S8S8_PER_CHANNEL,HYBRID_PROTOTYPE,Fruits & Vegetables,0.9018001556396484,Groceries,0.8846801519393921,0.017120003700256348,"[""Fruits & Vegetables"", ""Groceries"", ""Shopping""]","[0.9018001556396484, 0.8846801519393921, 0.8777530193328857]",True,True
tomatoes,Fresh طماطم,Fruits & Vegetables,mixed,mixed_language,E5_STATIC_QDQ_MATMUL_S8S8_PER_CHANNEL,HYBRID_PROTOTYPE,Fruits & Vegetables,0.9341105818748474,Groceries,0.9074677228927612,0.02664285898208618,"[""Fruits & Vegetables"", ""Groceries"", ""Restaurants""]","[0.9341105818748474, 0.9074677228927612, 0.9061450362205505]",True,True
tomatoes,T0MAT0ES,Fruits & Vegetables,en,ocr_noise,E5_STATIC_QDQ_MATMUL_S8S8_PER_CHANNEL,HYBRID_PROTOTYPE,Medicine,0.8696647882461548,Shopping,0.867094099521637,0.0025706887245178223,"[""Medicine"", ""Shopping"", ""Groceries""]","[0.8696647882461548, 0.867094099521637, 0.8647313714027405]",False,False
apples,تفـاح,Fruits & Vegetables,ar,ocr_noise,E5_STATIC_QDQ_MATMUL_S8S8_PER_CHANNEL,HYBRID_PROTOTYPE,Books,0.9031606912612915,Restaurants,0.899814248085022,0.0033464431762695312,"[""Books"", ""Restaurants"", ""Groceries""]","[0.9031606912612915, 0.899814248085022, 0.8957501649856567]",False,False
mcchicken_meal,McChicken Meal,Restaurants,en,clean,E5_STATIC_QDQ_MATMUL_S8S8_PER_CHANNEL,HYBRID_PROTOTYPE,Restaurants,0.8782053589820862,Groceries,0.8780043125152588,0.00020104646682739258,"[""Restaurants"", ""Groceries"", ""Shopping""]","[0.8782053589820862, 0.8780043125152588, 0.8660278916358948]",True,True
margherita_pizza,Margherita Pizza,Restaurants,en,clean,E5_STATIC_QDQ_MATMUL_S8S8_PER_CHANNEL,HYBRID_PROTOTYPE,Restaurants,0.8534198999404907,Groceries,0.8510257601737976,0.0023941397666931152,"[""Restaurants"", ""Groceries"", ""Household""]","[0.8534198999404907, 0.8510257601737976, 0.8469517230987549]",True,True
coffee,Cappuccino,Restaurants,en,clean,E5_STATIC_QDQ_MATMUL_S8S8_PER_CHANNEL,HYBRID_PROTOTYPE,Restaurants,0.8852024078369141,Groceries,0.8697064518928528,0.01549595594406128,"[""Restaurants"", ""Groceries"", ""Medicine""]","[0.8852024078369141, 0.8697064518928528, 0.8619359731674194]",True,True
restaurants_kfc_family_meal,KFC Family Meal,Restaurants,en,clean,E5_STATIC_QDQ_MATMUL_S8S8_PER_CHANNEL,HYBRID_PROTOTYPE,Groceries,0.8925797939300537,Restaurants,0.8894263505935669,0.0031534433364868164,"[""Groceries"", ""Restaurants"", ""Household""]","[0.8925797939300537, 0.8894263505935669, 0.8718379139900208]",False,True
margherita_pizza,بيتزا مارجريتا,Restaurants,ar,clean,E5_STATIC_QDQ_MATMUL_S8S8_PER_CHANNEL,HYBRID_PROTOTYPE,Transport,0.8352920413017273,Groceries,0.8319693803787231,0.0033226609230041504,"[""Transport"", ""Groceries"", ""Restaurants""]","[0.8352920413017273, 0.8319693803787231, 0.8312616348266602]",False,True
burger_meal,وجبة برجر,Restaurants,ar,clean,E5_STATIC_QDQ_MATMUL_S8S8_PER_CHANNEL,HYBRID_PROTOTYPE,Groceries,0.8921656012535095,Restaurants,0.8867994546890259,0.005366146564483643,"[""Groceries"", ""Restaurants"", ""Other""]","[0.8921656012535095, 0.8867994546890259, 0.8844000697135925]",False,True
coffee,قهوة لاتيه,Restaurants,ar,clean,E5_STATIC_QDQ_MATMUL_S8S8_PER_CHANNEL,HYBRID_PROTOTYPE,Restaurants,0.9164273738861084,Groceries,0.9020549058914185,0.014372467994689941,"[""Restaurants"", ""Groceries"", ""Books""]","[0.9164273738861084, 0.9020549058914185, 0.8921022415161133]",True,True
restaurants_32,ساندوتش شاورما,Restaurants,ar,clean,E5_STATIC_QDQ_MATMUL_S8S8_PER_CHANNEL,HYBRID_PROTOTYPE,Personal Care,0.8451530933380127,Entertainment,0.8418271541595459,0.003325939178466797,"[""Personal Care"", ""Entertainment"", ""Fruits & Vegetables""]","[0.8451530933380127, 0.8418271541595459, 0.8405677676200867]",False,False
coffee,Coffee قهوة,Restaurants,mixed,mixed_language,E5_STATIC_QDQ_MATMUL_S8S8_PER_CHANNEL,HYBRID_PROTOTYPE,Restaurants,0.9294222593307495,Groceries,0.9018540382385254,0.02756822109222412,"[""Restaurants"", ""Groceries"", ""Shopping""]","[0.9294222593307495, 0.9018540382385254, 0.8951475024223328]",True,True
burger_meal,Burger وجبة,Restaurants,mixed,mixed_language,E5_STATIC_QDQ_MATMUL_S8S8_PER_CHANNEL,HYBRID_PROTOTYPE,Restaurants,0.9055716395378113,Groceries,0.9008597135543823,0.004711925983428955,"[""Restaurants"", ""Groceries"", ""Transport""]","[0.9055716395378113, 0.9008597135543823, 0.894041895866394]",True,True
mcchicken_meal,McCh1cken MeaI,Restaurants,en,ocr_noise,E5_STATIC_QDQ_MATMUL_S8S8_PER_CHANNEL,HYBRID_PROTOTYPE,Groceries,0.8732191324234009,Medicine,0.8714783191680908,0.0017408132553100586,"[""Groceries"", ""Medicine"", ""Shopping""]","[0.8732191324234009, 0.8714783191680908, 0.8676488995552063]",False,False
margherita_pizza,P1ZZA MARGHER1TA,Restaurants,en,ocr_noise,E5_STATIC_QDQ_MATMUL_S8S8_PER_CHANNEL,HYBRID_PROTOTYPE,Groceries,0.8633545637130737,Personal Care,0.8515713214874268,0.011783242225646973,"[""Groceries"", ""Personal Care"", ""Restaurants""]","[0.8633545637130737, 0.8515713214874268, 0.8512874245643616]",False,True
uber_trip,Uber Trip,Transport,en,clean,E5_STATIC_QDQ_MATMUL_S8S8_PER_CHANNEL,HYBRID_PROTOTYPE,Transport,0.8808820247650146,Restaurants,0.8743986487388611,0.0064833760261535645,"[""Transport"", ""Restaurants"", ""Bills""]","[0.8808820247650146, 0.8743986487388611, 0.8675059080123901]",True,True
careem_ride,Careem Ride,Transport,en,clean,E5_STATIC_QDQ_MATMUL_S8S8_PER_CHANNEL,HYBRID_PROTOTYPE,Transport,0.8789061307907104,Entertainment,0.8767687678337097,0.0021373629570007324,"[""Transport"", ""Entertainment"", ""Personal Care""]","[0.8789061307907104, 0.8767687678337097, 0.8747546672821045]",True,True
metro_ticket,Cairo Metro Ticket,Transport,en,clean,E5_STATIC_QDQ_MATMUL_S8S8_PER_CHANNEL,HYBRID_PROTOTYPE,Transport,0.8694072961807251,Entertainment,0.8578516244888306,0.011555671691894531,"[""Transport"", ""Entertainment"", ""Restaurants""]","[0.8694072961807251, 0.8578516244888306, 0.8562726378440857]",True,True
gasoline_92,Gasoline 92,Transport,en,clean,E5_STATIC_QDQ_MATMUL_S8S8_PER_CHANNEL,HYBRID_PROTOTYPE,Medicine,0.8669982552528381,Shopping,0.8631412982940674,0.003856956958770752,"[""Medicine"", ""Shopping"", ""Household""]","[0.8669982552528381, 0.8631412982940674, 0.8624398112297058]",False,False
uber_trip,رحلة أوبر,Transport,ar,clean,E5_STATIC_QDQ_MATMUL_S8S8_PER_CHANNEL,HYBRID_PROTOTYPE,Transport,0.8922439217567444,Books,0.8854833841323853,0.006760537624359131,"[""Transport"", ""Books"", ""Restaurants""]","[0.8922439217567444, 0.8854833841323853, 0.8793545961380005]",True,True
careem_ride,مشوار كريم,Transport,ar,clean,E5_STATIC_QDQ_MATMUL_S8S8_PER_CHANNEL,HYBRID_PROTOTYPE,Personal Care,0.8957716226577759,Groceries,0.8914825916290283,0.004289031028747559,"[""Personal Care"", ""Groceries"", ""Restaurants""]","[0.8957716226577759, 0.8914825916290283, 0.8889651298522949]",False,False
metro_ticket,تذكرة مترو,Transport,ar,clean,E5_STATIC_QDQ_MATMUL_S8S8_PER_CHANNEL,HYBRID_PROTOTYPE,Transport,0.9035627841949463,Entertainment,0.8905866146087646,0.01297616958618164,"[""Transport"", ""Entertainment"", ""Shopping""]","[0.9035627841949463, 0.8905866146087646, 0.8829275369644165]",True,True
gasoline_92,بنزين 92,Transport,ar,clean,E5_STATIC_QDQ_MATMUL_S8S8_PER_CHANNEL,HYBRID_PROTOTYPE,Shopping,0.8773306608200073,Medicine,0.8765429258346558,0.0007877349853515625,"[""Shopping"", ""Medicine"", ""Books""]","[0.8773306608200073, 0.8765429258346558, 0.8749207258224487]",False,False
uber_trip,Uber مشوار,Transport,mixed,mixed_language,E5_STATIC_QDQ_MATMUL_S8S8_PER_CHANNEL,HYBRID_PROTOTYPE,Transport,0.8999638557434082,Restaurants,0.8960469961166382,0.0039168596267700195,"[""Transport"", ""Restaurants"", ""Shopping""]","[0.8999638557434082, 0.8960469961166382, 0.8920533657073975]",True,True
careem_ride,Careem رحلة,Transport,mixed,mixed_language,E5_STATIC_QDQ_MATMUL_S8S8_PER_CHANNEL,HYBRID_PROTOTYPE,Transport,0.8975454568862915,Entertainment,0.8911631107330322,0.006382346153259277,"[""Transport"", ""Entertainment"", ""Personal Care""]","[0.8975454568862915, 0.8911631107330322, 0.8907359838485718]",True,True
uber_trip,UBER TR1P,Transport,en,ocr_noise,E5_STATIC_QDQ_MATMUL_S8S8_PER_CHANNEL,HYBRID_PROTOTYPE,Medicine,0.8763335943222046,Books,0.8754814863204956,0.0008521080017089844,"[""Medicine"", ""Books"", ""Shopping""]","[0.8763335943222046, 0.8754814863204956, 0.8726013898849487]",False,False
careem_ride,CAR EEM R1DE,Transport,en,ocr_noise,E5_STATIC_QDQ_MATMUL_S8S8_PER_CHANNEL,HYBRID_PROTOTYPE,Medicine,0.8683828115463257,Groceries,0.8645316362380981,0.003851175308227539,"[""Medicine"", ""Groceries"", ""Transport""]","[0.8683828115463257, 0.8645316362380981, 0.8636758327484131]",False,True
dettol_floor_cleaner,Dettol Floor Cleaner,Household,en,clean,E5_STATIC_QDQ_MATMUL_S8S8_PER_CHANNEL,HYBRID_PROTOTYPE,Household,0.9052888751029968,Personal Care,0.8768709897994995,0.028417885303497314,"[""Household"", ""Personal Care"", ""Medicine""]","[0.9052888751029968, 0.8768709897994995, 0.8687466382980347]",True,True
fairy_dish_liquid,Fairy Dishwashing Liquid,Household,en,clean,E5_STATIC_QDQ_MATMUL_S8S8_PER_CHANNEL,HYBRID_PROTOTYPE,Household,0.8824396133422852,Groceries,0.8637486100196838,0.01869100332260132,"[""Household"", ""Groceries"", ""Personal Care""]","[0.8824396133422852, 0.8637486100196838, 0.8580805659294128]",True,True
persil_gel,Persil Gel,Household,en,clean,E5_STATIC_QDQ_MATMUL_S8S8_PER_CHANNEL,HYBRID_PROTOTYPE,Personal Care,0.8770502209663391,Groceries,0.8729895949363708,0.004060626029968262,"[""Personal Care"", ""Groceries"", ""Medicine""]","[0.8770502209663391, 0.8729895949363708, 0.8688888549804688]",False,False
clorox_bleach,Clorox Bleach,Household,en,clean,E5_STATIC_QDQ_MATMUL_S8S8_PER_CHANNEL,HYBRID_PROTOTYPE,Medicine,0.8769979476928711,Groceries,0.8747875094413757,0.0022104382514953613,"[""Medicine"", ""Groceries"", ""Household""]","[0.8769979476928711, 0.8747875094413757, 0.8742072582244873]",False,True
dettol_floor_cleaner,منظف أرضيات ديتول,Household,ar,clean,E5_STATIC_QDQ_MATMUL_S8S8_PER_CHANNEL,HYBRID_PROTOTYPE,Household,0.8809100389480591,Restaurants,0.8681979179382324,0.01271212100982666,"[""Household"", ""Restaurants"", ""Medicine""]","[0.8809100389480591, 0.8681979179382324, 0.864195704460144]",True,True
fairy_dish_liquid,سائل غسيل أطباق,Household,ar,clean,E5_STATIC_QDQ_MATMUL_S8S8_PER_CHANNEL,HYBRID_PROTOTYPE,Household,0.9238268136978149,Groceries,0.8961197137832642,0.02770709991455078,"[""Household"", ""Groceries"", ""Restaurants""]","[0.9238268136978149, 0.8961197137832642, 0.8889427185058594]",True,True
persil_gel,مسحوق غسيل برسيل,Household,ar,clean,E5_STATIC_QDQ_MATMUL_S8S8_PER_CHANNEL,HYBRID_PROTOTYPE,Household,0.9096889495849609,Groceries,0.8873887658119202,0.02230018377304077,"[""Household"", ""Groceries"", ""Personal Care""]","[0.9096889495849609, 0.8873887658119202, 0.8824552297592163]",True,True
clorox_bleach,كلور مبيض,Household,ar,clean,E5_STATIC_QDQ_MATMUL_S8S8_PER_CHANNEL,HYBRID_PROTOTYPE,Personal Care,0.850195586681366,Books,0.8471959233283997,0.0029996633529663086,"[""Personal Care"", ""Books"", ""Household""]","[0.850195586681366, 0.8471959233283997, 0.8468908071517944]",False,True
dettol_floor_cleaner,Dettol منظف أرضيات,Household,mixed,mixed_language,E5_STATIC_QDQ_MATMUL_S8S8_PER_CHANNEL,HYBRID_PROTOTYPE,Household,0.9036175012588501,Books,0.8849877119064331,0.018629789352416992,"[""Household"", ""Books"", ""Medicine""]","[0.9036175012588501, 0.8849877119064331, 0.8839414119720459]",True,True
fairy_dish_liquid,Fairy صابون أطباق,Household,mixed,mixed_language,E5_STATIC_QDQ_MATMUL_S8S8_PER_CHANNEL,HYBRID_PROTOTYPE,Personal Care,0.9134812951087952,Restaurants,0.9116483926773071,0.0018329024314880371,"[""Personal Care"", ""Restaurants"", ""Household""]","[0.9134812951087952, 0.9116483926773071, 0.908911943435669]",False,True
dettol_floor_cleaner,DettoI Floor C1eaner,Household,en,ocr_noise,E5_STATIC_QDQ_MATMUL_S8S8_PER_CHANNEL,HYBRID_PROTOTYPE,Household,0.8760164976119995,Medicine,0.8755306005477905,0.0004858970642089844,"[""Household"", ""Medicine"", ""Personal Care""]","[0.8760164976119995, 0.8755306005477905, 0.8745251893997192]",True,True
persil_gel,PersiI GeI,Household,en,ocr_noise,E5_STATIC_QDQ_MATMUL_S8S8_PER_CHANNEL,HYBRID_PROTOTYPE,Groceries,0.8710364103317261,Restaurants,0.8698680400848389,0.001168370246887207,"[""Groceries"", ""Restaurants"", ""Entertainment""]","[0.8710364103317261, 0.8698680400848389, 0.8673572540283203]",False,False
panadol_extra,Panadol Extra,Medicine,en,clean,E5_STATIC_QDQ_MATMUL_S8S8_PER_CHANNEL,HYBRID_PROTOTYPE,Groceries,0.8763408064842224,Fruits & Vegetables,0.8714956045150757,0.0048452019691467285,"[""Groceries"", ""Fruits & Vegetables"", ""Medicine""]","[0.8763408064842224, 0.8714956045150757, 0.868739902973175]",False,True
brufen_400,Brufen 400,Medicine,en,clean,E5_STATIC_QDQ_MATMUL_S8S8_PER_CHANNEL,HYBRID_PROTOTYPE,Personal Care,0.8632097840309143,Shopping,0.8625620007514954,0.0006477832794189453,"[""Personal Care"", ""Shopping"", ""Books""]","[0.8632097840309143, 0.8625620007514954, 0.8602948188781738]",False,False
folic_acid_600_mcg,Folic Acid 600 MCG,Medicine,en,clean,E5_STATIC_QDQ_MATMUL_S8S8_PER_CHANNEL,HYBRID_PROTOTYPE,Medicine,0.8703669309616089,Groceries,0.8608850240707397,0.00948190689086914,"[""Medicine"", ""Groceries"", ""Household""]","[0.8703669309616089, 0.8608850240707397, 0.8555839657783508]",True,True
immulant_plus_20_cap,Immulant Plus 20 Cap,Medicine,en,clean,E5_STATIC_QDQ_MATMUL_S8S8_PER_CHANNEL,HYBRID_PROTOTYPE,Medicine,0.8673485517501831,Groceries,0.8558597564697266,0.011488795280456543,"[""Medicine"", ""Groceries"", ""Household""]","[0.8673485517501831, 0.8558597564697266, 0.8521983027458191]",True,True
panadol_extra,بنادول إكسترا,Medicine,ar,clean,E5_STATIC_QDQ_MATMUL_S8S8_PER_CHANNEL,HYBRID_PROTOTYPE,Groceries,0.8680102825164795,Books,0.8674384355545044,0.0005718469619750977,"[""Groceries"", ""Books"", ""Shopping""]","[0.8680102825164795, 0.8674384355545044, 0.8656083345413208]",False,False
brufen_400,بروفين 400,Medicine,ar,clean,E5_STATIC_QDQ_MATMUL_S8S8_PER_CHANNEL,HYBRID_PROTOTYPE,Medicine,0.8685311675071716,Personal Care,0.8651781678199768,0.0033529996871948242,"[""Medicine"", ""Personal Care"", ""Transport""]","[0.8685311675071716, 0.8651781678199768, 0.8650566339492798]",True,True
folic_acid_600_mcg,حمض الفوليك,Medicine,ar,clean,E5_STATIC_QDQ_MATMUL_S8S8_PER_CHANNEL,HYBRID_PROTOTYPE,Medicine,0.884911060333252,Groceries,0.8809777498245239,0.003933310508728027,"[""Medicine"", ""Groceries"", ""Personal Care""]","[0.884911060333252, 0.8809777498245239, 0.8808553218841553]",True,True
medicine_68,فيتامين سي,Medicine,ar,clean,E5_STATIC_QDQ_MATMUL_S8S8_PER_CHANNEL,HYBRID_PROTOTYPE,Medicine,0.8779590129852295,Groceries,0.8480229377746582,0.02993607521057129,"[""Medicine"", ""Groceries"", ""Fruits & Vegetables""]","[0.8779590129852295, 0.8480229377746582, 0.8461846113204956]",True,True
panadol_extra,Panadol مسكن,Medicine,mixed,mixed_language,E5_STATIC_QDQ_MATMUL_S8S8_PER_CHANNEL,HYBRID_PROTOTYPE,Groceries,0.8745049238204956,Restaurants,0.872991681098938,0.0015132427215576172,"[""Groceries"", ""Restaurants"", ""Fruits & Vegetables""]","[0.8745049238204956, 0.872991681098938, 0.8726416826248169]",False,False
vitamin_d,Vitamin D فيتامين,Medicine,mixed,mixed_language,E5_STATIC_QDQ_MATMUL_S8S8_PER_CHANNEL,HYBRID_PROTOTYPE,Medicine,0.9149869680404663,Personal Care,0.8763694167137146,0.03861755132675171,"[""Medicine"", ""Personal Care"", ""Groceries""]","[0.9149869680404663, 0.8763694167137146, 0.8717318773269653]",True,True
panadol_extra,PANAD0L EXTRA,Medicine,en,ocr_noise,E5_STATIC_QDQ_MATMUL_S8S8_PER_CHANNEL,HYBRID_PROTOTYPE,Groceries,0.8699483871459961,Fruits & Vegetables,0.8679354786872864,0.002012908458709717,"[""Groceries"", ""Fruits & Vegetables"", ""Shopping""]","[0.8699483871459961, 0.8679354786872864, 0.8616111278533936]",False,False
folic_acid_600_mcg,F0LIC ACID 600 MCG,Medicine,en,ocr_noise,E5_STATIC_QDQ_MATMUL_S8S8_PER_CHANNEL,HYBRID_PROTOTYPE,Medicine,0.8600690364837646,Groceries,0.852592945098877,0.007476091384887695,"[""Medicine"", ""Groceries"", ""Household""]","[0.8600690364837646, 0.852592945098877, 0.8459972143173218]",True,True
immulant_plus_20_cap,MLANT PLUS 20 CAP,Medicine,en,ocr_noise,E5_STATIC_QDQ_MATMUL_S8S8_PER_CHANNEL,HYBRID_PROTOTYPE,Medicine,0.8595418930053711,Groceries,0.8533485531806946,0.006193339824676514,"[""Medicine"", ""Groceries"", ""Restaurants""]","[0.8595418930053711, 0.8533485531806946, 0.850439190864563]",True,True
folic_acid_600_mcg,FoLic AciD 600 McG,Medicine,en,ocr_noise,E5_STATIC_QDQ_MATMUL_S8S8_PER_CHANNEL,HYBRID_PROTOTYPE,Medicine,0.8624494075775146,Groceries,0.8569672107696533,0.005482196807861328,"[""Medicine"", ""Groceries"", ""Household""]","[0.8624494075775146, 0.8569672107696533, 0.8514404296875]",True,True
cotton_tshirt,Cotton T Shirt,Shopping,en,clean,E5_STATIC_QDQ_MATMUL_S8S8_PER_CHANNEL,HYBRID_PROTOTYPE,Shopping,0.8675930500030518,Groceries,0.8560919761657715,0.011501073837280273,"[""Shopping"", ""Groceries"", ""Medicine""]","[0.8675930500030518, 0.8560919761657715, 0.8531820774078369]",True,True
running_shoes,Running Shoes,Shopping,en,clean,E5_STATIC_QDQ_MATMUL_S8S8_PER_CHANNEL,HYBRID_PROTOTYPE,Shopping,0.8679524064064026,Personal Care,0.849198579788208,0.01875382661819458,"[""Shopping"", ""Personal Care"", ""Books""]","[0.8679524064064026, 0.849198579788208, 0.8480246067047119]",True,True
wireless_headphones,Wireless Headphones,Shopping,en,clean,E5_STATIC_QDQ_MATMUL_S8S8_PER_CHANNEL,HYBRID_PROTOTYPE,Shopping,0.8627004623413086,Bills,0.850511908531189,0.012188553810119629,"[""Shopping"", ""Bills"", ""Medicine""]","[0.8627004623413086, 0.850511908531189, 0.848176121711731]",True,True
phone_charger,Phone Charger,Shopping,en,clean,E5_STATIC_QDQ_MATMUL_S8S8_PER_CHANNEL,HYBRID_PROTOTYPE,Shopping,0.8823610544204712,Bills,0.8766806125640869,0.005680441856384277,"[""Shopping"", ""Bills"", ""Personal Care""]","[0.8823610544204712, 0.8766806125640869, 0.8630868196487427]",True,True
cotton_tshirt,تيشيرت قطن,Shopping,ar,clean,E5_STATIC_QDQ_MATMUL_S8S8_PER_CHANNEL,HYBRID_PROTOTYPE,Restaurants,0.8779201507568359,Groceries,0.8775111436843872,0.00040900707244873047,"[""Restaurants"", ""Groceries"", ""Transport""]","[0.8779201507568359, 0.8775111436843872, 0.8761272430419922]",False,False
running_shoes,حذاء رياضي,Shopping,ar,clean,E5_STATIC_QDQ_MATMUL_S8S8_PER_CHANNEL,HYBRID_PROTOTYPE,Books,0.8958925008773804,Shopping,0.8919973373413086,0.0038951635360717773,"[""Books"", ""Shopping"", ""Entertainment""]","[0.8958925008773804, 0.8919973373413086, 0.8872907161712646]",False,True
wireless_headphones,سماعات بلوتوث,Shopping,ar,clean,E5_STATIC_QDQ_MATMUL_S8S8_PER_CHANNEL,HYBRID_PROTOTYPE,Books,0.8875612020492554,Entertainment,0.8844261169433594,0.003135085105895996,"[""Books"", ""Entertainment"", ""Groceries""]","[0.8875612020492554, 0.8844261169433594, 0.8827061057090759]",False,False
phone_charger,شاحن موبايل,Shopping,ar,clean,E5_STATIC_QDQ_MATMUL_S8S8_PER_CHANNEL,HYBRID_PROTOTYPE,Shopping,0.8861753940582275,Bills,0.8834549188613892,0.002720475196838379,"[""Shopping"", ""Bills"", ""Restaurants""]","[0.8861753940582275, 0.8834549188613892, 0.8813896179199219]",True,True
running_shoes,Nike حذاء,Shopping,mixed,mixed_language,E5_STATIC_QDQ_MATMUL_S8S8_PER_CHANNEL,HYBRID_PROTOTYPE,Shopping,0.888697624206543,Books,0.884319007396698,0.004378616809844971,"[""Shopping"", ""Books"", ""Fruits & Vegetables""]","[0.888697624206543, 0.884319007396698, 0.8832906484603882]",True,True
wireless_headphones,Headphones سماعات,Shopping,mixed,mixed_language,E5_STATIC_QDQ_MATMUL_S8S8_PER_CHANNEL,HYBRID_PROTOTYPE,Shopping,0.8955862522125244,Personal Care,0.8915961384773254,0.003990113735198975,"[""Shopping"", ""Personal Care"", ""Entertainment""]","[0.8955862522125244, 0.8915961384773254, 0.8902456164360046]",True,True
wireless_headphones,W1RELESS HEADPH0NES,Shopping,en,ocr_noise,E5_STATIC_QDQ_MATMUL_S8S8_PER_CHANNEL,HYBRID_PROTOTYPE,Shopping,0.8543509244918823,Groceries,0.8475605249404907,0.0067903995513916016,"[""Shopping"", ""Groceries"", ""Entertainment""]","[0.8543509244918823, 0.8475605249404907, 0.8459038734436035]",True,True
phone_charger,PH0NE CHARGER,Shopping,en,ocr_noise,E5_STATIC_QDQ_MATMUL_S8S8_PER_CHANNEL,HYBRID_PROTOTYPE,Shopping,0.8586685657501221,Personal Care,0.8585304021835327,0.00013816356658935547,"[""Shopping"", ""Personal Care"", ""Groceries""]","[0.8586685657501221, 0.8585304021835327, 0.8550871014595032]",True,True
electricity_bill,Electricity Bill,Bills,en,clean,E5_STATIC_QDQ_MATMUL_S8S8_PER_CHANNEL,HYBRID_PROTOTYPE,Bills,0.90717613697052,Shopping,0.8664308190345764,0.040745317935943604,"[""Bills"", ""Shopping"", ""Other""]","[0.90717613697052, 0.8664308190345764, 0.864081621170044]",True,True
internet_bill,WE Internet Bill,Bills,en,clean,E5_STATIC_QDQ_MATMUL_S8S8_PER_CHANNEL,HYBRID_PROTOTYPE,Bills,0.9003697633743286,Shopping,0.8684459924697876,0.031923770904541016,"[""Bills"", ""Shopping"", ""Restaurants""]","[0.9003697633743286, 0.8684459924697876, 0.8663649559020996]",True,True
water_bill,Water Utility Bill,Bills,en,clean,E5_STATIC_QDQ_MATMUL_S8S8_PER_CHANNEL,HYBRID_PROTOTYPE,Bills,0.9166016578674316,Other,0.8746671080589294,0.0419345498085022,"[""Bills"", ""Other"", ""Household""]","[0.9166016578674316, 0.8746671080589294, 0.8714302182197571]",True,True
mobile_bill,Mobile Phone Bill,Bills,en,clean,E5_STATIC_QDQ_MATMUL_S8S8_PER_CHANNEL,HYBRID_PROTOTYPE,Bills,0.9015093445777893,Shopping,0.8739402890205383,0.027569055557250977,"[""Bills"", ""Shopping"", ""Other""]","[0.9015093445777893, 0.8739402890205383, 0.8613355159759521]",True,True
electricity_bill,فاتورة كهرباء,Bills,ar,clean,E5_STATIC_QDQ_MATMUL_S8S8_PER_CHANNEL,HYBRID_PROTOTYPE,Bills,0.9142992496490479,Books,0.9000038504600525,0.014295399188995361,"[""Bills"", ""Books"", ""Shopping""]","[0.9142992496490479, 0.9000038504600525, 0.8998515605926514]",True,True
internet_bill,فاتورة انترنت WE,Bills,mixed,mixed_language,E5_STATIC_QDQ_MATMUL_S8S8_PER_CHANNEL,HYBRID_PROTOTYPE,Bills,0.9131232500076294,Books,0.8955954909324646,0.017527759075164795,"[""Bills"", ""Books"", ""Other""]","[0.9131232500076294, 0.8955954909324646, 0.8880118131637573]",True,True
water_bill,فاتورة مياه,Bills,ar,clean,E5_STATIC_QDQ_MATMUL_S8S8_PER_CHANNEL,HYBRID_PROTOTYPE,Bills,0.9169635772705078,Books,0.9001172780990601,0.016846299171447754,"[""Bills"", ""Books"", ""Medicine""]","[0.9169635772705078, 0.9001172780990601, 0.8974127769470215]",True,True
gas_bill,فاتورة غاز,Bills,ar,clean,E5_STATIC_QDQ_MATMUL_S8S8_PER_CHANNEL,HYBRID_PROTOTYPE,Bills,0.8991719484329224,Medicine,0.8866799473762512,0.012492001056671143,"[""Bills"", ""Medicine"", ""Books""]","[0.8991719484329224, 0.8866799473762512, 0.8849161863327026]",True,True
mobile_bill,Orange فاتورة موبايل,Bills,mixed,mixed_language,E5_STATIC_QDQ_MATMUL_S8S8_PER_CHANNEL,HYBRID_PROTOTYPE,Bills,0.9082561135292053,Shopping,0.9036310911178589,0.0046250224113464355,"[""Bills"", ""Shopping"", ""Transport""]","[0.9082561135292053, 0.9036310911178589, 0.8930670619010925]",True,True
internet_bill,Internet فاتورة شهرية,Bills,mixed,mixed_language,E5_STATIC_QDQ_MATMUL_S8S8_PER_CHANNEL,HYBRID_PROTOTYPE,Bills,0.9232411980628967,Books,0.8983772397041321,0.02486395835876465,"[""Bills"", ""Books"", ""Shopping""]","[0.9232411980628967, 0.8983772397041321, 0.8945385217666626]",True,True
electricity_bill,ELECTR1C1TY B1LL,Bills,en,ocr_noise,E5_STATIC_QDQ_MATMUL_S8S8_PER_CHANNEL,HYBRID_PROTOTYPE,Groceries,0.8686622381210327,Shopping,0.866621732711792,0.0020405054092407227,"[""Groceries"", ""Shopping"", ""Bills""]","[0.8686622381210327, 0.866621732711792, 0.863408088684082]",False,True
internet_bill,WE 1NTERNET B1LL,Bills,en,ocr_noise,E5_STATIC_QDQ_MATMUL_S8S8_PER_CHANNEL,HYBRID_PROTOTYPE,Groceries,0.8604340553283691,Bills,0.8556548357009888,0.004779219627380371,"[""Groceries"", ""Bills"", ""Household""]","[0.8604340553283691, 0.8556548357009888, 0.8509708642959595]",False,True
netflix,Netflix,Entertainment,en,clean,E5_STATIC_QDQ_MATMUL_S8S8_PER_CHANNEL,HYBRID_PROTOTYPE,Entertainment,0.8776851296424866,Restaurants,0.8738313913345337,0.003853738307952881,"[""Entertainment"", ""Restaurants"", ""Shopping""]","[0.8776851296424866, 0.8738313913345337, 0.8708896636962891]",True,True
cinema_ticket,Cinema Ticket,Entertainment,en,clean,E5_STATIC_QDQ_MATMUL_S8S8_PER_CHANNEL,HYBRID_PROTOTYPE,Entertainment,0.894315242767334,Transport,0.8693641424179077,0.02495110034942627,"[""Entertainment"", ""Transport"", ""Shopping""]","[0.894315242767334, 0.8693641424179077, 0.8648172616958618]",True,True
playstation_game,PlayStation Game,Entertainment,en,clean,E5_STATIC_QDQ_MATMUL_S8S8_PER_CHANNEL,HYBRID_PROTOTYPE,Entertainment,0.8598638772964478,Shopping,0.8564897179603577,0.003374159336090088,"[""Entertainment"", ""Shopping"", ""Fruits & Vegetables""]","[0.8598638772964478, 0.8564897179603577, 0.8509511947631836]",True,True
concert_ticket,Concert Ticket,Entertainment,en,clean,E5_STATIC_QDQ_MATMUL_S8S8_PER_CHANNEL,HYBRID_PROTOTYPE,Entertainment,0.8575860261917114,Other,0.847705066204071,0.00988095998764038,"[""Entertainment"", ""Other"", ""Shopping""]","[0.8575860261917114, 0.847705066204071, 0.8471850156784058]",True,True
cinema_ticket,تذكرة سينما,Entertainment,ar,clean,E5_STATIC_QDQ_MATMUL_S8S8_PER_CHANNEL,HYBRID_PROTOTYPE,Entertainment,0.9029483795166016,Transport,0.8840112090110779,0.01893717050552368,"[""Entertainment"", ""Transport"", ""Restaurants""]","[0.9029483795166016, 0.8840112090110779, 0.8750419020652771]",True,True
netflix,اشتراك مشاهدة أفلام,Entertainment,ar,clean,E5_STATIC_QDQ_MATMUL_S8S8_PER_CHANNEL,HYBRID_PROTOTYPE,Entertainment,0.9182698726654053,Books,0.8941662311553955,0.024103641510009766,"[""Entertainment"", ""Books"", ""Shopping""]","[0.9182698726654053, 0.8941662311553955, 0.8889075517654419]",True,True
playstation_game,لعبة بلايستيشن,Entertainment,ar,clean,E5_STATIC_QDQ_MATMUL_S8S8_PER_CHANNEL,HYBRID_PROTOTYPE,Entertainment,0.8862630724906921,Shopping,0.8774901628494263,0.00877290964126587,"[""Entertainment"", ""Shopping"", ""Books""]","[0.8862630724906921, 0.8774901628494263, 0.8754884600639343]",True,True
concert_ticket,تذكرة حفلة,Entertainment,ar,clean,E5_STATIC_QDQ_MATMUL_S8S8_PER_CHANNEL,HYBRID_PROTOTYPE,Entertainment,0.895176887512207,Restaurants,0.8903124332427979,0.00486445426940918,"[""Entertainment"", ""Restaurants"", ""Transport""]","[0.895176887512207, 0.8903124332427979, 0.887761652469635]",True,True
netflix,Netflix اشتراك,Entertainment,mixed,mixed_language,E5_STATIC_QDQ_MATMUL_S8S8_PER_CHANNEL,HYBRID_PROTOTYPE,Entertainment,0.8995151519775391,Restaurants,0.8862887024879456,0.013226449489593506,"[""Entertainment"", ""Restaurants"", ""Books""]","[0.8995151519775391, 0.8862887024879456, 0.8859580159187317]",True,True
cinema_ticket,Cinema تذكرة,Entertainment,mixed,mixed_language,E5_STATIC_QDQ_MATMUL_S8S8_PER_CHANNEL,HYBRID_PROTOTYPE,Entertainment,0.9284037351608276,Transport,0.9096032381057739,0.01880049705505371,"[""Entertainment"", ""Transport"", ""Restaurants""]","[0.9284037351608276, 0.9096032381057739, 0.9063228368759155]",True,True
netflix,NETFL1X,Entertainment,en,ocr_noise,E5_STATIC_QDQ_MATMUL_S8S8_PER_CHANNEL,HYBRID_PROTOTYPE,Shopping,0.8541427254676819,Groceries,0.8537012338638306,0.00044149160385131836,"[""Shopping"", ""Groceries"", ""Bills""]","[0.8541427254676819, 0.8537012338638306, 0.850554883480072]",False,False
cinema_ticket,C1NEMA T1CKET,Entertainment,en,ocr_noise,E5_STATIC_QDQ_MATMUL_S8S8_PER_CHANNEL,HYBRID_PROTOTYPE,Entertainment,0.8583588600158691,Shopping,0.856476902961731,0.0018819570541381836,"[""Entertainment"", ""Shopping"", ""Groceries""]","[0.8583588600158691, 0.856476902961731, 0.8540853261947632]",True,True
dove_shampoo,Dove Shampoo,Personal Care,en,clean,E5_STATIC_QDQ_MATMUL_S8S8_PER_CHANNEL,HYBRID_PROTOTYPE,Personal Care,0.8773835897445679,Shopping,0.8613912463188171,0.015992343425750732,"[""Personal Care"", ""Shopping"", ""Household""]","[0.8773835897445679, 0.8613912463188171, 0.8591719269752502]",True,True
nivea_face_cream,Nivea Face Cream,Personal Care,en,clean,E5_STATIC_QDQ_MATMUL_S8S8_PER_CHANNEL,HYBRID_PROTOTYPE,Personal Care,0.8857845067977905,Medicine,0.8765872716903687,0.009197235107421875,"[""Personal Care"", ""Medicine"", ""Restaurants""]","[0.8857845067977905, 0.8765872716903687, 0.8757028579711914]",True,True
gillette_razor,Gillette Razor,Personal Care,en,clean,E5_STATIC_QDQ_MATMUL_S8S8_PER_CHANNEL,HYBRID_PROTOTYPE,Household,0.863534152507782,Personal Care,0.8621417284011841,0.0013924241065979004,"[""Household"", ""Personal Care"", ""Groceries""]","[0.863534152507782, 0.8621417284011841, 0.8588927984237671]",False,True
haircut,Haircut,Personal Care,en,clean,E5_STATIC_QDQ_MATMUL_S8S8_PER_CHANNEL,HYBRID_PROTOTYPE,Shopping,0.8547148704528809,Personal Care,0.8515621423721313,0.0031527280807495117,"[""Shopping"", ""Personal Care"", ""Restaurants""]","[0.8547148704528809, 0.8515621423721313, 0.841616153717041]",False,True
dove_shampoo,شامبو دوف,Personal Care,ar,clean,E5_STATIC_QDQ_MATMUL_S8S8_PER_CHANNEL,HYBRID_PROTOTYPE,Personal Care,0.8860735893249512,Groceries,0.8828089833259583,0.00326460599899292,"[""Personal Care"", ""Groceries"", ""Restaurants""]","[0.8860735893249512, 0.8828089833259583, 0.8821481466293335]",True,True
nivea_face_cream,كريم نيفيا للوجه,Personal Care,ar,clean,E5_STATIC_QDQ_MATMUL_S8S8_PER_CHANNEL,HYBRID_PROTOTYPE,Restaurants,0.8908858299255371,Groceries,0.8907574415206909,0.0001283884048461914,"[""Restaurants"", ""Groceries"", ""Personal Care""]","[0.8908858299255371, 0.8907574415206909, 0.8905404210090637]",False,True
gillette_razor,شفرة حلاقة,Personal Care,ar,clean,E5_STATIC_QDQ_MATMUL_S8S8_PER_CHANNEL,HYBRID_PROTOTYPE,Personal Care,0.9061161279678345,Shopping,0.8918901085853577,0.014226019382476807,"[""Personal Care"", ""Shopping"", ""Books""]","[0.9061161279678345, 0.8918901085853577, 0.890099287033081]",True,True
haircut,قص شعر,Personal Care,ar,clean,E5_STATIC_QDQ_MATMUL_S8S8_PER_CHANNEL,HYBRID_PROTOTYPE,Shopping,0.894987940788269,Personal Care,0.8911067247390747,0.003881216049194336,"[""Shopping"", ""Personal Care"", ""Restaurants""]","[0.894987940788269, 0.8911067247390747, 0.8888088464736938]",False,True
dove_shampoo,Shampoo شامبو,Personal Care,mixed,mixed_language,E5_STATIC_QDQ_MATMUL_S8S8_PER_CHANNEL,HYBRID_PROTOTYPE,Personal Care,0.9118853807449341,Household,0.8894649744033813,0.022420406341552734,"[""Personal Care"", ""Household"", ""Restaurants""]","[0.9118853807449341, 0.8894649744033813, 0.8881373405456543]",True,True
nivea_face_cream,Nivea كريم بشرة,Personal Care,mixed,mixed_language,E5_STATIC_QDQ_MATMUL_S8S8_PER_CHANNEL,HYBRID_PROTOTYPE,Personal Care,0.9135386347770691,Medicine,0.9048213362693787,0.00871729850769043,"[""Personal Care"", ""Medicine"", ""Groceries""]","[0.9135386347770691, 0.9048213362693787, 0.9033282995223999]",True,True
dove_shampoo,شامبو D0VE,Personal Care,mixed,ocr_noise,E5_STATIC_QDQ_MATMUL_S8S8_PER_CHANNEL,HYBRID_PROTOTYPE,Personal Care,0.8953114748001099,Restaurants,0.8915284872055054,0.003782987594604492,"[""Personal Care"", ""Restaurants"", ""Groceries""]","[0.8953114748001099, 0.8915284872055054, 0.8905109167098999]",True,True
gillette_razor,G1LLETTE RAZ0R,Personal Care,en,ocr_noise,E5_STATIC_QDQ_MATMUL_S8S8_PER_CHANNEL,HYBRID_PROTOTYPE,Groceries,0.8611345887184143,Shopping,0.8531200885772705,0.008014500141143799,"[""Groceries"", ""Shopping"", ""Medicine""]","[0.8611345887184143, 0.8531200885772705, 0.8527635335922241]",False,False
service_fee,Service Fee,Other,en,clean,E5_STATIC_QDQ_MATMUL_S8S8_PER_CHANNEL,HYBRID_PROTOTYPE,Other,0.9158703088760376,Shopping,0.8912518620491028,0.024618446826934814,"[""Other"", ""Shopping"", ""Bills""]","[0.9158703088760376, 0.8912518620491028, 0.8904228210449219]",True,True
charity_donation,Charity Donation,Other,en,clean,E5_STATIC_QDQ_MATMUL_S8S8_PER_CHANNEL,HYBRID_PROTOTYPE,Other,0.8646453619003296,Medicine,0.84889817237854,0.01574718952178955,"[""Other"", ""Medicine"", ""Shopping""]","[0.8646453619003296, 0.84889817237854, 0.8472976684570312]",True,True
document_printing,Document Printing,Other,en,clean,E5_STATIC_QDQ_MATMUL_S8S8_PER_CHANNEL,HYBRID_PROTOTYPE,Shopping,0.8720035552978516,Medicine,0.8705852627754211,0.00141829252243042,"[""Shopping"", ""Medicine"", ""Bills""]","[0.8720035552978516, 0.8705852627754211, 0.8655670285224915]",False,False
delivery_fee,Delivery Fee,Other,en,clean,E5_STATIC_QDQ_MATMUL_S8S8_PER_CHANNEL,HYBRID_PROTOTYPE,Other,0.9046297669410706,Restaurants,0.889451801776886,0.01517796516418457,"[""Other"", ""Restaurants"", ""Shopping""]","[0.9046297669410706, 0.889451801776886, 0.8849020600318909]",True,True
service_fee,رسوم خدمة,Other,ar,clean,E5_STATIC_QDQ_MATMUL_S8S8_PER_CHANNEL,HYBRID_PROTOTYPE,Other,0.910173773765564,Bills,0.8961412906646729,0.014032483100891113,"[""Other"", ""Bills"", ""Transport""]","[0.910173773765564, 0.8961412906646729, 0.8916423320770264]",True,True
charity_donation,تبرع خيري,Other,ar,clean,E5_STATIC_QDQ_MATMUL_S8S8_PER_CHANNEL,HYBRID_PROTOTYPE,Other,0.8968026638031006,Books,0.8833003044128418,0.013502359390258789,"[""Other"", ""Books"", ""Groceries""]","[0.8968026638031006, 0.8833003044128418, 0.8799598217010498]",True,True
document_printing,طباعة مستندات,Other,ar,clean,E5_STATIC_QDQ_MATMUL_S8S8_PER_CHANNEL,HYBRID_PROTOTYPE,Books,0.895313024520874,Other,0.8895747661590576,0.005738258361816406,"[""Books"", ""Other"", ""Medicine""]","[0.895313024520874, 0.8895747661590576, 0.8868284225463867]",False,True
misc_expense,مصاريف متنوعة,Other,ar,clean,E5_STATIC_QDQ_MATMUL_S8S8_PER_CHANNEL,HYBRID_PROTOTYPE,Other,0.8963322639465332,Groceries,0.8866466283798218,0.009685635566711426,"[""Other"", ""Groceries"", ""Medicine""]","[0.8963322639465332, 0.8866466283798218, 0.8834137916564941]",True,True
delivery_fee,Delivery رسوم,Other,mixed,mixed_language,E5_STATIC_QDQ_MATMUL_S8S8_PER_CHANNEL,HYBRID_PROTOTYPE,Other,0.9122805595397949,Restaurants,0.9100728034973145,0.0022077560424804688,"[""Other"", ""Restaurants"", ""Groceries""]","[0.9122805595397949, 0.9100728034973145, 0.9098802804946899]",True,True
service_fee,Service مصاريف,Other,mixed,mixed_language,E5_STATIC_QDQ_MATMUL_S8S8_PER_CHANNEL,HYBRID_PROTOTYPE,Other,0.9158507585525513,Groceries,0.8993749022483826,0.0164758563041687,"[""Other"", ""Groceries"", ""Bills""]","[0.9158507585525513, 0.8993749022483826, 0.8953254222869873]",True,True
service_fee,SERV1CE FEE,Other,en,ocr_noise,E5_STATIC_QDQ_MATMUL_S8S8_PER_CHANNEL,HYBRID_PROTOTYPE,Other,0.8757902383804321,Groceries,0.8666619062423706,0.009128332138061523,"[""Other"", ""Groceries"", ""Shopping""]","[0.8757902383804321, 0.8666619062423706, 0.8650387525558472]",True,True
misc_expense,M1SC EXPENSE,Other,en,ocr_noise,E5_STATIC_QDQ_MATMUL_S8S8_PER_CHANNEL,HYBRID_PROTOTYPE,Medicine,0.8568800687789917,Other,0.8554269075393677,0.0014531612396240234,"[""Medicine"", ""Other"", ""Shopping""]","[0.8568800687789917, 0.8554269075393677, 0.8525755405426025]",False,True
atomic_habits,Atomic Habits,Books,en,clean,E5_STATIC_QDQ_MATMUL_S8S8_PER_CHANNEL,HYBRID_PROTOTYPE,Shopping,0.8732894659042358,Books,0.8663443922996521,0.00694507360458374,"[""Shopping"", ""Books"", ""Medicine""]","[0.8732894659042358, 0.8663443922996521, 0.8613566160202026]",False,True
clean_code,Clean Code,Books,en,clean,E5_STATIC_QDQ_MATMUL_S8S8_PER_CHANNEL,HYBRID_PROTOTYPE,Household,0.8814966082572937,Shopping,0.8767240047454834,0.004772603511810303,"[""Household"", ""Shopping"", ""Personal Care""]","[0.8814966082572937, 0.8767240047454834, 0.8651714324951172]",False,False
psychology_of_money,The Psychology of Money,Books,en,clean,E5_STATIC_QDQ_MATMUL_S8S8_PER_CHANNEL,HYBRID_PROTOTYPE,Other,0.8757189512252808,Bills,0.8682548999786377,0.007464051246643066,"[""Other"", ""Bills"", ""Shopping""]","[0.8757189512252808, 0.8682548999786377, 0.8671765327453613]",False,False
pragmatic_programmer,The Pragmatic Programmer,Books,en,clean,E5_STATIC_QDQ_MATMUL_S8S8_PER_CHANNEL,HYBRID_PROTOTYPE,Shopping,0.8678582906723022,Medicine,0.8611153364181519,0.006742954254150391,"[""Shopping"", ""Medicine"", ""Groceries""]","[0.8678582906723022, 0.8611153364181519, 0.8610650300979614]",False,False
atomic_habits,العادات الذرية,Books,ar,clean,E5_STATIC_QDQ_MATMUL_S8S8_PER_CHANNEL,HYBRID_PROTOTYPE,Medicine,0.8738322854042053,Books,0.8730137348175049,0.0008185505867004395,"[""Medicine"", ""Books"", ""Groceries""]","[0.8738322854042053, 0.8730137348175049, 0.8714742660522461]",False,True
art_of_not_caring,كتاب فن اللامبالاة,Books,ar,clean,E5_STATIC_QDQ_MATMUL_S8S8_PER_CHANNEL,HYBRID_PROTOTYPE,Books,0.8843318223953247,Personal Care,0.8624727725982666,0.021859049797058105,"[""Books"", ""Personal Care"", ""Restaurants""]","[0.8843318223953247, 0.8624727725982666, 0.8603571653366089]",True,True
awlad_haretna,رواية أولاد حارتنا,Books,ar,clean,E5_STATIC_QDQ_MATMUL_S8S8_PER_CHANNEL,HYBRID_PROTOTYPE,Books,0.8819571137428284,Fruits & Vegetables,0.87017422914505,0.01178288459777832,"[""Books"", ""Fruits & Vegetables"", ""Groceries""]","[0.8819571137428284, 0.87017422914505, 0.8700470924377441]",True,True
learn_python_book,كتاب تعلم بايثون,Books,ar,clean,E5_STATIC_QDQ_MATMUL_S8S8_PER_CHANNEL,HYBRID_PROTOTYPE,Books,0.9024152159690857,Restaurants,0.8744519948959351,0.027963221073150635,"[""Books"", ""Restaurants"", ""Groceries""]","[0.9024152159690857, 0.8744519948959351, 0.8704348802566528]",True,True
clean_code,Clean Code كتاب,Books,mixed,mixed_language,E5_STATIC_QDQ_MATMUL_S8S8_PER_CHANNEL,HYBRID_PROTOTYPE,Books,0.9028922319412231,Household,0.8938249349594116,0.009067296981811523,"[""Books"", ""Household"", ""Bills""]","[0.9028922319412231, 0.8938249349594116, 0.8859420418739319]",True,True
atomic_habits,Atomic Habits نسخة عربية,Books,mixed,mixed_language,E5_STATIC_QDQ_MATMUL_S8S8_PER_CHANNEL,HYBRID_PROTOTYPE,Books,0.8841695189476013,Transport,0.8800512552261353,0.0041182637214660645,"[""Books"", ""Transport"", ""Shopping""]","[0.8841695189476013, 0.8800512552261353, 0.878604531288147]",True,True
atomic_habits,AT0MIC HAB1TS,Books,en,ocr_noise,E5_STATIC_QDQ_MATMUL_S8S8_PER_CHANNEL,HYBRID_PROTOTYPE,Medicine,0.8692514896392822,Groceries,0.8637205362319946,0.005530953407287598,"[""Medicine"", ""Groceries"", ""Shopping""]","[0.8692514896392822, 0.8637205362319946, 0.8609447479248047]",False,False
clean_code,CLEAN C0DE,Books,en,ocr_noise,E5_STATIC_QDQ_MATMUL_S8S8_PER_CHANNEL,HYBRID_PROTOTYPE,Household,0.8739125728607178,Shopping,0.8699972629547119,0.003915309906005859,"[""Household"", ""Shopping"", ""Personal Care""]","[0.8739125728607178, 0.8699972629547119, 0.8656334280967712]",False,False
chicken_breast,Chicken Breast,Groceries,en,clean,ARABIC_TRIMMED_E5_FP32,HYBRID_PROTOTYPE,Groceries,0.841815710067749,Restaurants,0.8385303616523743,0.003285348415374756,"[""Groceries"", ""Restaurants"", ""Fruits & Vegetables""]","[0.841815710067749, 0.8385303616523743, 0.8335636854171753]",True,True
milk_1l,Milk 1L,Groceries,en,clean,ARABIC_TRIMMED_E5_FP32,HYBRID_PROTOTYPE,Groceries,0.8915932178497314,Medicine,0.8692010641098022,0.0223921537399292,"[""Groceries"", ""Medicine"", ""Restaurants""]","[0.8915932178497314, 0.8692010641098022, 0.865612268447876]",True,True
rice_1kg,Rice 1KG,Groceries,en,clean,ARABIC_TRIMMED_E5_FP32,HYBRID_PROTOTYPE,Groceries,0.8885767459869385,Medicine,0.8741476535797119,0.014429092407226562,"[""Groceries"", ""Medicine"", ""Restaurants""]","[0.8885767459869385, 0.8741476535797119, 0.8714892864227295]",True,True
groceries_egyptian_white_cheese,Egyptian White Cheese,Groceries,en,clean,ARABIC_TRIMMED_E5_FP32,HYBRID_PROTOTYPE,Restaurants,0.8696559071540833,Fruits & Vegetables,0.8624637126922607,0.00719219446182251,"[""Restaurants"", ""Fruits & Vegetables"", ""Groceries""]","[0.8696559071540833, 0.8624637126922607, 0.8567259311676025]",False,True
chicken_breast,صدور فراخ,Groceries,ar,clean,ARABIC_TRIMMED_E5_FP32,HYBRID_PROTOTYPE,Restaurants,0.8571791648864746,Fruits & Vegetables,0.8512425422668457,0.005936622619628906,"[""Restaurants"", ""Fruits & Vegetables"", ""Groceries""]","[0.8571791648864746, 0.8512425422668457, 0.8493202924728394]",False,True
milk_1l,لبن كامل الدسم,Groceries,ar,clean,ARABIC_TRIMMED_E5_FP32,HYBRID_PROTOTYPE,Groceries,0.8626832962036133,Household,0.8563718795776367,0.0063114166259765625,"[""Groceries"", ""Household"", ""Personal Care""]","[0.8626832962036133, 0.8563718795776367, 0.8556427955627441]",True,True
rice_1kg,كيس أرز 1 كيلو,Groceries,ar,clean,ARABIC_TRIMMED_E5_FP32,HYBRID_PROTOTYPE,Groceries,0.8952462077140808,Restaurants,0.8822854161262512,0.01296079158782959,"[""Groceries"", ""Restaurants"", ""Medicine""]","[0.8952462077140808, 0.8822854161262512, 0.8766446113586426]",True,True
groceries_8,علبة تونة,Groceries,ar,clean,ARABIC_TRIMMED_E5_FP32,HYBRID_PROTOTYPE,Household,0.8638563752174377,Shopping,0.8636021018028259,0.0002542734146118164,"[""Household"", ""Shopping"", ""Medicine""]","[0.8638563752174377, 0.8636021018028259, 0.8621009588241577]",False,False
milk_1l,Fresh Milk لبن,Groceries,mixed,mixed_language,ARABIC_TRIMMED_E5_FP32,HYBRID_PROTOTYPE,Groceries,0.9093429446220398,Fruits & Vegetables,0.8993430137634277,0.00999993085861206,"[""Groceries"", ""Fruits & Vegetables"", ""Restaurants""]","[0.9093429446220398, 0.8993430137634277, 0.8873950839042664]",True,True
chicken_breast,Chicken فراخ مجمدة,Groceries,mixed,mixed_language,ARABIC_TRIMMED_E5_FP32,HYBRID_PROTOTYPE,Groceries,0.9031848907470703,Restaurants,0.9024671316146851,0.0007177591323852539,"[""Groceries"", ""Restaurants"", ""Household""]","[0.9031848907470703, 0.9024671316146851, 0.8886332511901855]",True,True
milk_1l,M1LK 1L,Groceries,en,ocr_noise,ARABIC_TRIMMED_E5_FP32,HYBRID_PROTOTYPE,Groceries,0.8594300746917725,Medicine,0.8559374213218689,0.0034926533699035645,"[""Groceries"", ""Medicine"", ""Household""]","[0.8594300746917725, 0.8559374213218689, 0.848621129989624]",True,True
rice_1kg,R1CE 1KG,Groceries,en,ocr_noise,ARABIC_TRIMMED_E5_FP32,HYBRID_PROTOTYPE,Groceries,0.8730039000511169,Medicine,0.8700713515281677,0.0029325485229492188,"[""Groceries"", ""Medicine"", ""Restaurants""]","[0.8730039000511169, 0.8700713515281677, 0.8648982048034668]",True,True
banana,Banana,Fruits & Vegetables,en,clean,ARABIC_TRIMMED_E5_FP32,HYBRID_PROTOTYPE,Fruits & Vegetables,0.859792172908783,Groceries,0.847568929195404,0.012223243713378906,"[""Fruits & Vegetables"", ""Groceries"", ""Shopping""]","[0.859792172908783, 0.847568929195404, 0.845228910446167]",True,True
tomatoes,Fresh Tomatoes,Fruits & Vegetables,en,clean,ARABIC_TRIMMED_E5_FP32,HYBRID_PROTOTYPE,Fruits & Vegetables,0.8845255970954895,Restaurants,0.8604713678359985,0.024054229259490967,"[""Fruits & Vegetables"", ""Restaurants"", ""Groceries""]","[0.8845255970954895, 0.8604713678359985, 0.8563439846038818]",True,True
apples,Green Apples,Fruits & Vegetables,en,clean,ARABIC_TRIMMED_E5_FP32,HYBRID_PROTOTYPE,Fruits & Vegetables,0.855437695980072,Restaurants,0.8391081094741821,0.016329586505889893,"[""Fruits & Vegetables"", ""Restaurants"", ""Groceries""]","[0.855437695980072, 0.8391081094741821, 0.8318020701408386]",True,True
cucumber,Cucumber Pack,Fruits & Vegetables,en,clean,ARABIC_TRIMMED_E5_FP32,HYBRID_PROTOTYPE,Groceries,0.8664523363113403,Restaurants,0.860950231552124,0.005502104759216309,"[""Groceries"", ""Restaurants"", ""Fruits & Vegetables""]","[0.8664523363113403, 0.860950231552124, 0.8534349203109741]",False,True
tomatoes,طماطم,Fruits & Vegetables,ar,clean,ARABIC_TRIMMED_E5_FP32,HYBRID_PROTOTYPE,Fruits & Vegetables,0.8824439644813538,Groceries,0.852177619934082,0.03026634454727173,"[""Fruits & Vegetables"", ""Groceries"", ""Restaurants""]","[0.8824439644813538, 0.852177619934082, 0.8497169613838196]",True,True
apples,تفاح,Fruits & Vegetables,ar,clean,ARABIC_TRIMMED_E5_FP32,HYBRID_PROTOTYPE,Fruits & Vegetables,0.8714630603790283,Restaurants,0.8474733233451843,0.023989737033843994,"[""Fruits & Vegetables"", ""Restaurants"", ""Groceries""]","[0.8714630603790283, 0.8474733233451843, 0.8469984531402588]",True,True
banana,موز بلدي,Fruits & Vegetables,ar,clean,ARABIC_TRIMMED_E5_FP32,HYBRID_PROTOTYPE,Fruits & Vegetables,0.872607946395874,Transport,0.8707350492477417,0.0018728971481323242,"[""Fruits & Vegetables"", ""Transport"", ""Groceries""]","[0.872607946395874, 0.8707350492477417, 0.8695574402809143]",True,True
cucumber,خيار طازج,Fruits & Vegetables,ar,clean,ARABIC_TRIMMED_E5_FP32,HYBRID_PROTOTYPE,Groceries,0.8790925145149231,Restaurants,0.8777192831039429,0.0013732314109802246,"[""Groceries"", ""Restaurants"", ""Books""]","[0.8790925145149231, 0.8777192831039429, 0.8755009174346924]",False,False
banana,Banana موز,Fruits & Vegetables,mixed,mixed_language,ARABIC_TRIMMED_E5_FP32,HYBRID_PROTOTYPE,Fruits & Vegetables,0.8841807842254639,Groceries,0.8681157827377319,0.016065001487731934,"[""Fruits & Vegetables"", ""Groceries"", ""Restaurants""]","[0.8841807842254639, 0.8681157827377319, 0.8564205169677734]",True,True
tomatoes,Fresh طماطم,Fruits & Vegetables,mixed,mixed_language,ARABIC_TRIMMED_E5_FP32,HYBRID_PROTOTYPE,Fruits & Vegetables,0.9195582270622253,Groceries,0.8941214680671692,0.025436758995056152,"[""Fruits & Vegetables"", ""Groceries"", ""Restaurants""]","[0.9195582270622253, 0.8941214680671692, 0.890328049659729]",True,True
tomatoes,T0MAT0ES,Fruits & Vegetables,en,ocr_noise,ARABIC_TRIMMED_E5_FP32,HYBRID_PROTOTYPE,Books,0.8600149750709534,Shopping,0.8581275939941406,0.0018873810768127441,"[""Books"", ""Shopping"", ""Transport""]","[0.8600149750709534, 0.8581275939941406, 0.8552860021591187]",False,False
apples,تفـاح,Fruits & Vegetables,ar,ocr_noise,ARABIC_TRIMMED_E5_FP32,HYBRID_PROTOTYPE,Books,0.8717533349990845,Restaurants,0.8634099364280701,0.008343398571014404,"[""Books"", ""Restaurants"", ""Transport""]","[0.8717533349990845, 0.8634099364280701, 0.8609980344772339]",False,False
mcchicken_meal,McChicken Meal,Restaurants,en,clean,ARABIC_TRIMMED_E5_FP32,HYBRID_PROTOTYPE,Restaurants,0.8720179796218872,Groceries,0.8652385473251343,0.00677943229675293,"[""Restaurants"", ""Groceries"", ""Household""]","[0.8720179796218872, 0.8652385473251343, 0.8446922302246094]",True,True
margherita_pizza,Margherita Pizza,Restaurants,en,clean,ARABIC_TRIMMED_E5_FP32,HYBRID_PROTOTYPE,Restaurants,0.848196268081665,Groceries,0.8394891023635864,0.008707165718078613,"[""Restaurants"", ""Groceries"", ""Household""]","[0.848196268081665, 0.8394891023635864, 0.831908106803894]",True,True
coffee,Cappuccino,Restaurants,en,clean,ARABIC_TRIMMED_E5_FP32,HYBRID_PROTOTYPE,Restaurants,0.8277643322944641,Fruits & Vegetables,0.8140453100204468,0.013719022274017334,"[""Restaurants"", ""Fruits & Vegetables"", ""Shopping""]","[0.8277643322944641, 0.8140453100204468, 0.8120284676551819]",True,True
restaurants_kfc_family_meal,KFC Family Meal,Restaurants,en,clean,ARABIC_TRIMMED_E5_FP32,HYBRID_PROTOTYPE,Restaurants,0.8672399520874023,Groceries,0.8668472766876221,0.00039267539978027344,"[""Restaurants"", ""Groceries"", ""Household""]","[0.8672399520874023, 0.8668472766876221, 0.8441615104675293]",True,True
margherita_pizza,بيتزا مارجريتا,Restaurants,ar,clean,ARABIC_TRIMMED_E5_FP32,HYBRID_PROTOTYPE,Restaurants,0.8208732604980469,Groceries,0.81714928150177,0.0037239789962768555,"[""Restaurants"", ""Groceries"", ""Transport""]","[0.8208732604980469, 0.81714928150177, 0.8162636160850525]",True,True
burger_meal,وجبة برجر,Restaurants,ar,clean,ARABIC_TRIMMED_E5_FP32,HYBRID_PROTOTYPE,Restaurants,0.8652846813201904,Groceries,0.8580502271652222,0.007234454154968262,"[""Restaurants"", ""Groceries"", ""Fruits & Vegetables""]","[0.8652846813201904, 0.8580502271652222, 0.8512572646141052]",True,True
coffee,قهوة لاتيه,Restaurants,ar,clean,ARABIC_TRIMMED_E5_FP32,HYBRID_PROTOTYPE,Restaurants,0.8852536678314209,Groceries,0.8724702596664429,0.012783408164978027,"[""Restaurants"", ""Groceries"", ""Personal Care""]","[0.8852536678314209, 0.8724702596664429, 0.8674502372741699]",True,True
restaurants_32,ساندوتش شاورما,Restaurants,ar,clean,ARABIC_TRIMMED_E5_FP32,HYBRID_PROTOTYPE,Books,0.8079308271408081,Groceries,0.8048163056373596,0.0031145215034484863,"[""Books"", ""Groceries"", ""Personal Care""]","[0.8079308271408081, 0.8048163056373596, 0.803899884223938]",False,False
coffee,Coffee قهوة,Restaurants,mixed,mixed_language,ARABIC_TRIMMED_E5_FP32,HYBRID_PROTOTYPE,Restaurants,0.9188249111175537,Groceries,0.8975274562835693,0.021297454833984375,"[""Restaurants"", ""Groceries"", ""Fruits & Vegetables""]","[0.9188249111175537, 0.8975274562835693, 0.8942378759384155]",True,True
burger_meal,Burger وجبة,Restaurants,mixed,mixed_language,ARABIC_TRIMMED_E5_FP32,HYBRID_PROTOTYPE,Restaurants,0.904332160949707,Groceries,0.8946132063865662,0.00971895456314087,"[""Restaurants"", ""Groceries"", ""Fruits & Vegetables""]","[0.904332160949707, 0.8946132063865662, 0.8812295794487]",True,True
mcchicken_meal,McCh1cken MeaI,Restaurants,en,ocr_noise,ARABIC_TRIMMED_E5_FP32,HYBRID_PROTOTYPE,Books,0.8695132732391357,Restaurants,0.869340181350708,0.00017309188842773438,"[""Books"", ""Restaurants"", ""Groceries""]","[0.8695132732391357, 0.869340181350708, 0.8674173355102539]",False,True
margherita_pizza,P1ZZA MARGHER1TA,Restaurants,en,ocr_noise,ARABIC_TRIMMED_E5_FP32,HYBRID_PROTOTYPE,Groceries,0.846064567565918,Restaurants,0.8426616787910461,0.003402888774871826,"[""Groceries"", ""Restaurants"", ""Personal Care""]","[0.846064567565918, 0.8426616787910461, 0.8419478535652161]",False,True
uber_trip,Uber Trip,Transport,en,clean,ARABIC_TRIMMED_E5_FP32,HYBRID_PROTOTYPE,Transport,0.8636515140533447,Entertainment,0.8495157957077026,0.01413571834564209,"[""Transport"", ""Entertainment"", ""Restaurants""]","[0.8636515140533447, 0.8495157957077026, 0.849101185798645]",True,True
careem_ride,Careem Ride,Transport,en,clean,ARABIC_TRIMMED_E5_FP32,HYBRID_PROTOTYPE,Transport,0.8604668378829956,Shopping,0.8495076298713684,0.010959208011627197,"[""Transport"", ""Shopping"", ""Entertainment""]","[0.8604668378829956, 0.8495076298713684, 0.8482778668403625]",True,True
metro_ticket,Cairo Metro Ticket,Transport,en,clean,ARABIC_TRIMMED_E5_FP32,HYBRID_PROTOTYPE,Transport,0.8589792847633362,Entertainment,0.8375903367996216,0.0213889479637146,"[""Transport"", ""Entertainment"", ""Shopping""]","[0.8589792847633362, 0.8375903367996216, 0.8322455286979675]",True,True
gasoline_92,Gasoline 92,Transport,en,clean,ARABIC_TRIMMED_E5_FP32,HYBRID_PROTOTYPE,Shopping,0.8346883058547974,Household,0.8339382410049438,0.0007500648498535156,"[""Shopping"", ""Household"", ""Bills""]","[0.8346883058547974, 0.8339382410049438, 0.8333076238632202]",False,False
uber_trip,رحلة أوبر,Transport,ar,clean,ARABIC_TRIMMED_E5_FP32,HYBRID_PROTOTYPE,Transport,0.8589651584625244,Books,0.849583089351654,0.009382069110870361,"[""Transport"", ""Books"", ""Restaurants""]","[0.8589651584625244, 0.849583089351654, 0.8422142267227173]",True,True
careem_ride,مشوار كريم,Transport,ar,clean,ARABIC_TRIMMED_E5_FP32,HYBRID_PROTOTYPE,Personal Care,0.877740740776062,Transport,0.8733142018318176,0.004426538944244385,"[""Personal Care"", ""Transport"", ""Books""]","[0.877740740776062, 0.8733142018318176, 0.8681225180625916]",False,True
metro_ticket,تذكرة مترو,Transport,ar,clean,ARABIC_TRIMMED_E5_FP32,HYBRID_PROTOTYPE,Transport,0.9002814292907715,Entertainment,0.8766065835952759,0.023674845695495605,"[""Transport"", ""Entertainment"", ""Shopping""]","[0.9002814292907715, 0.8766065835952759, 0.8678205609321594]",True,True
gasoline_92,بنزين 92,Transport,ar,clean,ARABIC_TRIMMED_E5_FP32,HYBRID_PROTOTYPE,Transport,0.8589878082275391,Groceries,0.8580018877983093,0.0009859204292297363,"[""Transport"", ""Groceries"", ""Books""]","[0.8589878082275391, 0.8580018877983093, 0.8549028635025024]",True,True
uber_trip,Uber مشوار,Transport,mixed,mixed_language,ARABIC_TRIMMED_E5_FP32,HYBRID_PROTOTYPE,Transport,0.8698476552963257,Shopping,0.8531930446624756,0.016654610633850098,"[""Transport"", ""Shopping"", ""Books""]","[0.8698476552963257, 0.8531930446624756, 0.852471113204956]",True,True
careem_ride,Careem رحلة,Transport,mixed,mixed_language,ARABIC_TRIMMED_E5_FP32,HYBRID_PROTOTYPE,Transport,0.8929877281188965,Personal Care,0.8792731761932373,0.01371455192565918,"[""Transport"", ""Personal Care"", ""Restaurants""]","[0.8929877281188965, 0.8792731761932373, 0.8766171932220459]",True,True
uber_trip,UBER TR1P,Transport,en,ocr_noise,ARABIC_TRIMMED_E5_FP32,HYBRID_PROTOTYPE,Medicine,0.851475715637207,Transport,0.8480794429779053,0.003396272659301758,"[""Medicine"", ""Transport"", ""Restaurants""]","[0.851475715637207, 0.8480794429779053, 0.847822904586792]",False,True
careem_ride,CAR EEM R1DE,Transport,en,ocr_noise,ARABIC_TRIMMED_E5_FP32,HYBRID_PROTOTYPE,Transport,0.869412899017334,Shopping,0.8685295581817627,0.0008833408355712891,"[""Transport"", ""Shopping"", ""Groceries""]","[0.869412899017334, 0.8685295581817627, 0.8609698414802551]",True,True
dettol_floor_cleaner,Dettol Floor Cleaner,Household,en,clean,ARABIC_TRIMMED_E5_FP32,HYBRID_PROTOTYPE,Household,0.8894508481025696,Personal Care,0.8633138537406921,0.02613699436187744,"[""Household"", ""Personal Care"", ""Medicine""]","[0.8894508481025696, 0.8633138537406921, 0.8529999256134033]",True,True
fairy_dish_liquid,Fairy Dishwashing Liquid,Household,en,clean,ARABIC_TRIMMED_E5_FP32,HYBRID_PROTOTYPE,Household,0.8826421499252319,Groceries,0.8650470972061157,0.01759505271911621,"[""Household"", ""Groceries"", ""Personal Care""]","[0.8826421499252319, 0.8650470972061157, 0.860069751739502]",True,True
persil_gel,Persil Gel,Household,en,clean,ARABIC_TRIMMED_E5_FP32,HYBRID_PROTOTYPE,Personal Care,0.8650855422019958,Household,0.8600845336914062,0.0050010085105896,"[""Personal Care"", ""Household"", ""Medicine""]","[0.8650855422019958, 0.8600845336914062, 0.8542168140411377]",False,True
clorox_bleach,Clorox Bleach,Household,en,clean,ARABIC_TRIMMED_E5_FP32,HYBRID_PROTOTYPE,Household,0.860278308391571,Medicine,0.8520331382751465,0.00824517011642456,"[""Household"", ""Medicine"", ""Personal Care""]","[0.860278308391571, 0.8520331382751465, 0.850652813911438]",True,True
dettol_floor_cleaner,منظف أرضيات ديتول,Household,ar,clean,ARABIC_TRIMMED_E5_FP32,HYBRID_PROTOTYPE,Household,0.8810334205627441,Personal Care,0.8551093339920044,0.025924086570739746,"[""Household"", ""Personal Care"", ""Medicine""]","[0.8810334205627441, 0.8551093339920044, 0.8507711887359619]",True,True
fairy_dish_liquid,سائل غسيل أطباق,Household,ar,clean,ARABIC_TRIMMED_E5_FP32,HYBRID_PROTOTYPE,Household,0.913077712059021,Groceries,0.9007425308227539,0.01233518123626709,"[""Household"", ""Groceries"", ""Restaurants""]","[0.913077712059021, 0.9007425308227539, 0.8883733749389648]",True,True
persil_gel,مسحوق غسيل برسيل,Household,ar,clean,ARABIC_TRIMMED_E5_FP32,HYBRID_PROTOTYPE,Household,0.8923819661140442,Personal Care,0.8704997301101685,0.021882236003875732,"[""Household"", ""Personal Care"", ""Groceries""]","[0.8923819661140442, 0.8704997301101685, 0.870132565498352]",True,True
clorox_bleach,كلور مبيض,Household,ar,clean,ARABIC_TRIMMED_E5_FP32,HYBRID_PROTOTYPE,Personal Care,0.8198010921478271,Books,0.8165627717971802,0.0032383203506469727,"[""Personal Care"", ""Books"", ""Household""]","[0.8198010921478271, 0.8165627717971802, 0.8126319646835327]",False,True
dettol_floor_cleaner,Dettol منظف أرضيات,Household,mixed,mixed_language,ARABIC_TRIMMED_E5_FP32,HYBRID_PROTOTYPE,Household,0.9014887809753418,Personal Care,0.8796464204788208,0.021842360496520996,"[""Household"", ""Personal Care"", ""Transport""]","[0.9014887809753418, 0.8796464204788208, 0.8724450469017029]",True,True
fairy_dish_liquid,Fairy صابون أطباق,Household,mixed,mixed_language,ARABIC_TRIMMED_E5_FP32,HYBRID_PROTOTYPE,Personal Care,0.9112323522567749,Restaurants,0.9101190567016602,0.001113295555114746,"[""Personal Care"", ""Restaurants"", ""Household""]","[0.9112323522567749, 0.9101190567016602, 0.9096413850784302]",False,True
dettol_floor_cleaner,DettoI Floor C1eaner,Household,en,ocr_noise,ARABIC_TRIMMED_E5_FP32,HYBRID_PROTOTYPE,Household,0.8688385486602783,Books,0.8670982718467712,0.00174027681350708,"[""Household"", ""Books"", ""Personal Care""]","[0.8688385486602783, 0.8670982718467712, 0.8660458922386169]",True,True
persil_gel,PersiI GeI,Household,en,ocr_noise,ARABIC_TRIMMED_E5_FP32,HYBRID_PROTOTYPE,Books,0.8553931713104248,Transport,0.8530587553977966,0.002334415912628174,"[""Books"", ""Transport"", ""Groceries""]","[0.8553931713104248, 0.8530587553977966, 0.8522026538848877]",False,False
panadol_extra,Panadol Extra,Medicine,en,clean,ARABIC_TRIMMED_E5_FP32,HYBRID_PROTOTYPE,Medicine,0.8635956048965454,Groceries,0.8630947470664978,0.0005008578300476074,"[""Medicine"", ""Groceries"", ""Fruits & Vegetables""]","[0.8635956048965454, 0.8630947470664978, 0.8622168302536011]",True,True
brufen_400,Brufen 400,Medicine,en,clean,ARABIC_TRIMMED_E5_FP32,HYBRID_PROTOTYPE,Shopping,0.8454704880714417,Books,0.8437884449958801,0.0016820430755615234,"[""Shopping"", ""Books"", ""Personal Care""]","[0.8454704880714417, 0.8437884449958801, 0.8425078392028809]",False,False
folic_acid_600_mcg,Folic Acid 600 MCG,Medicine,en,clean,ARABIC_TRIMMED_E5_FP32,HYBRID_PROTOTYPE,Medicine,0.8695579171180725,Groceries,0.8610389232635498,0.008518993854522705,"[""Medicine"", ""Groceries"", ""Household""]","[0.8695579171180725, 0.8610389232635498, 0.8553109765052795]",True,True
immulant_plus_20_cap,Immulant Plus 20 Cap,Medicine,en,clean,ARABIC_TRIMMED_E5_FP32,HYBRID_PROTOTYPE,Medicine,0.8615266680717468,Household,0.8571937084197998,0.0043329596519470215,"[""Medicine"", ""Household"", ""Groceries""]","[0.8615266680717468, 0.8571937084197998, 0.8548527956008911]",True,True
panadol_extra,بنادول إكسترا,Medicine,ar,clean,ARABIC_TRIMMED_E5_FP32,HYBRID_PROTOTYPE,Medicine,0.8346567153930664,Groceries,0.8324809074401855,0.0021758079528808594,"[""Medicine"", ""Groceries"", ""Fruits & Vegetables""]","[0.8346567153930664, 0.8324809074401855, 0.8321632742881775]",True,True
brufen_400,بروفين 400,Medicine,ar,clean,ARABIC_TRIMMED_E5_FP32,HYBRID_PROTOTYPE,Medicine,0.8575475215911865,Transport,0.8531717658042908,0.004375755786895752,"[""Medicine"", ""Transport"", ""Personal Care""]","[0.8575475215911865, 0.8531717658042908, 0.8522095680236816]",True,True
folic_acid_600_mcg,حمض الفوليك,Medicine,ar,clean,ARABIC_TRIMMED_E5_FP32,HYBRID_PROTOTYPE,Medicine,0.8552876114845276,Household,0.8485809564590454,0.006706655025482178,"[""Medicine"", ""Household"", ""Groceries""]","[0.8552876114845276, 0.8485809564590454, 0.8484175801277161]",True,True
medicine_68,فيتامين سي,Medicine,ar,clean,ARABIC_TRIMMED_E5_FP32,HYBRID_PROTOTYPE,Medicine,0.8684804439544678,Groceries,0.849481463432312,0.01899898052215576,"[""Medicine"", ""Groceries"", ""Personal Care""]","[0.8684804439544678, 0.849481463432312, 0.8468873500823975]",True,True
panadol_extra,Panadol مسكن,Medicine,mixed,mixed_language,ARABIC_TRIMMED_E5_FP32,HYBRID_PROTOTYPE,Groceries,0.8693147897720337,Household,0.8681846857070923,0.0011301040649414062,"[""Groceries"", ""Household"", ""Medicine""]","[0.8693147897720337, 0.8681846857070923, 0.86680006980896]",False,True
vitamin_d,Vitamin D فيتامين,Medicine,mixed,mixed_language,ARABIC_TRIMMED_E5_FP32,HYBRID_PROTOTYPE,Medicine,0.8878840208053589,Personal Care,0.8648836016654968,0.02300041913986206,"[""Medicine"", ""Personal Care"", ""Groceries""]","[0.8878840208053589, 0.8648836016654968, 0.8636269569396973]",True,True
panadol_extra,PANAD0L EXTRA,Medicine,en,ocr_noise,ARABIC_TRIMMED_E5_FP32,HYBRID_PROTOTYPE,Groceries,0.8552390933036804,Fruits & Vegetables,0.8519783020019531,0.003260791301727295,"[""Groceries"", ""Fruits & Vegetables"", ""Shopping""]","[0.8552390933036804, 0.8519783020019531, 0.8453016877174377]",False,False
folic_acid_600_mcg,F0LIC ACID 600 MCG,Medicine,en,ocr_noise,ARABIC_TRIMMED_E5_FP32,HYBRID_PROTOTYPE,Medicine,0.862790584564209,Groceries,0.856706976890564,0.0060836076736450195,"[""Medicine"", ""Groceries"", ""Household""]","[0.862790584564209, 0.856706976890564, 0.8542780876159668]",True,True
immulant_plus_20_cap,MLANT PLUS 20 CAP,Medicine,en,ocr_noise,ARABIC_TRIMMED_E5_FP32,HYBRID_PROTOTYPE,Medicine,0.8450522422790527,Household,0.8433670997619629,0.0016851425170898438,"[""Medicine"", ""Household"", ""Groceries""]","[0.8450522422790527, 0.8433670997619629, 0.8412479162216187]",True,True
folic_acid_600_mcg,FoLic AciD 600 McG,Medicine,en,ocr_noise,ARABIC_TRIMMED_E5_FP32,HYBRID_PROTOTYPE,Medicine,0.8614659905433655,Groceries,0.8564715385437012,0.004994451999664307,"[""Medicine"", ""Groceries"", ""Household""]","[0.8614659905433655, 0.8564715385437012, 0.852231502532959]",True,True
cotton_tshirt,Cotton T Shirt,Shopping,en,clean,ARABIC_TRIMMED_E5_FP32,HYBRID_PROTOTYPE,Shopping,0.8477615714073181,Groceries,0.8410912156105042,0.006670355796813965,"[""Shopping"", ""Groceries"", ""Household""]","[0.8477615714073181, 0.8410912156105042, 0.8386139273643494]",True,True
running_shoes,Running Shoes,Shopping,en,clean,ARABIC_TRIMMED_E5_FP32,HYBRID_PROTOTYPE,Shopping,0.8454663753509521,Restaurants,0.8242048621177673,0.021261513233184814,"[""Shopping"", ""Restaurants"", ""Books""]","[0.8454663753509521, 0.8242048621177673, 0.8240426778793335]",True,True
wireless_headphones,Wireless Headphones,Shopping,en,clean,ARABIC_TRIMMED_E5_FP32,HYBRID_PROTOTYPE,Shopping,0.8566199541091919,Medicine,0.8414202928543091,0.015199661254882812,"[""Shopping"", ""Medicine"", ""Entertainment""]","[0.8566199541091919, 0.8414202928543091, 0.8403192758560181]",True,True
phone_charger,Phone Charger,Shopping,en,clean,ARABIC_TRIMMED_E5_FP32,HYBRID_PROTOTYPE,Shopping,0.8680825233459473,Bills,0.8665784597396851,0.001504063606262207,"[""Shopping"", ""Bills"", ""Transport""]","[0.8680825233459473, 0.8665784597396851, 0.8535023927688599]",True,True
cotton_tshirt,تيشيرت قطن,Shopping,ar,clean,ARABIC_TRIMMED_E5_FP32,HYBRID_PROTOTYPE,Transport,0.8851380944252014,Groceries,0.8731192946434021,0.012018799781799316,"[""Transport"", ""Groceries"", ""Books""]","[0.8851380944252014, 0.8731192946434021, 0.870421290397644]",False,False
running_shoes,حذاء رياضي,Shopping,ar,clean,ARABIC_TRIMMED_E5_FP32,HYBRID_PROTOTYPE,Shopping,0.8799910545349121,Books,0.8724269866943359,0.007564067840576172,"[""Shopping"", ""Books"", ""Entertainment""]","[0.8799910545349121, 0.8724269866943359, 0.8617255091667175]",True,True
wireless_headphones,سماعات بلوتوث,Shopping,ar,clean,ARABIC_TRIMMED_E5_FP32,HYBRID_PROTOTYPE,Entertainment,0.8525943160057068,Personal Care,0.8504118323326111,0.002182483673095703,"[""Entertainment"", ""Personal Care"", ""Books""]","[0.8525943160057068, 0.8504118323326111, 0.8503524661064148]",False,False
phone_charger,شاحن موبايل,Shopping,ar,clean,ARABIC_TRIMMED_E5_FP32,HYBRID_PROTOTYPE,Shopping,0.8543247580528259,Books,0.8506694436073303,0.0036553144454956055,"[""Shopping"", ""Books"", ""Transport""]","[0.8543247580528259, 0.8506694436073303, 0.8503391742706299]",True,True
running_shoes,Nike حذاء,Shopping,mixed,mixed_language,ARABIC_TRIMMED_E5_FP32,HYBRID_PROTOTYPE,Shopping,0.8927011489868164,Books,0.8834741115570068,0.00922703742980957,"[""Shopping"", ""Books"", ""Personal Care""]","[0.8927011489868164, 0.8834741115570068, 0.8805344104766846]",True,True
wireless_headphones,Headphones سماعات,Shopping,mixed,mixed_language,ARABIC_TRIMMED_E5_FP32,HYBRID_PROTOTYPE,Personal Care,0.894386887550354,Shopping,0.8925422430038452,0.001844644546508789,"[""Personal Care"", ""Shopping"", ""Entertainment""]","[0.894386887550354, 0.8925422430038452, 0.8871815204620361]",False,True
wireless_headphones,W1RELESS HEADPH0NES,Shopping,en,ocr_noise,ARABIC_TRIMMED_E5_FP32,HYBRID_PROTOTYPE,Shopping,0.8455761671066284,Medicine,0.8347856998443604,0.010790467262268066,"[""Shopping"", ""Medicine"", ""Entertainment""]","[0.8455761671066284, 0.8347856998443604, 0.8312321901321411]",True,True
phone_charger,PH0NE CHARGER,Shopping,en,ocr_noise,ARABIC_TRIMMED_E5_FP32,HYBRID_PROTOTYPE,Shopping,0.8247889280319214,Medicine,0.8192012310028076,0.0055876970291137695,"[""Shopping"", ""Medicine"", ""Personal Care""]","[0.8247889280319214, 0.8192012310028076, 0.8189533948898315]",True,True
electricity_bill,Electricity Bill,Bills,en,clean,ARABIC_TRIMMED_E5_FP32,HYBRID_PROTOTYPE,Bills,0.8939740061759949,Shopping,0.8455266952514648,0.04844731092453003,"[""Bills"", ""Shopping"", ""Other""]","[0.8939740061759949, 0.8455266952514648, 0.8434178829193115]",True,True
internet_bill,WE Internet Bill,Bills,en,clean,ARABIC_TRIMMED_E5_FP32,HYBRID_PROTOTYPE,Bills,0.8804821968078613,Shopping,0.8418992757797241,0.03858292102813721,"[""Bills"", ""Shopping"", ""Books""]","[0.8804821968078613, 0.8418992757797241, 0.8413110971450806]",True,True
water_bill,Water Utility Bill,Bills,en,clean,ARABIC_TRIMMED_E5_FP32,HYBRID_PROTOTYPE,Bills,0.9016140699386597,Household,0.8548797369003296,0.04673433303833008,"[""Bills"", ""Household"", ""Other""]","[0.9016140699386597, 0.8548797369003296, 0.854060709476471]",True,True
mobile_bill,Mobile Phone Bill,Bills,en,clean,ARABIC_TRIMMED_E5_FP32,HYBRID_PROTOTYPE,Bills,0.9005274176597595,Shopping,0.8660704493522644,0.03445696830749512,"[""Bills"", ""Shopping"", ""Other""]","[0.9005274176597595, 0.8660704493522644, 0.8606457710266113]",True,True
electricity_bill,فاتورة كهرباء,Bills,ar,clean,ARABIC_TRIMMED_E5_FP32,HYBRID_PROTOTYPE,Bills,0.9133238792419434,Other,0.8842012882232666,0.029122591018676758,"[""Bills"", ""Other"", ""Shopping""]","[0.9133238792419434, 0.8842012882232666, 0.8817080855369568]",True,True
internet_bill,فاتورة انترنت WE,Bills,mixed,mixed_language,ARABIC_TRIMMED_E5_FP32,HYBRID_PROTOTYPE,Bills,0.9157519340515137,Books,0.8964565992355347,0.019295334815979004,"[""Bills"", ""Books"", ""Other""]","[0.9157519340515137, 0.8964565992355347, 0.8893115520477295]",True,True
water_bill,فاتورة مياه,Bills,ar,clean,ARABIC_TRIMMED_E5_FP32,HYBRID_PROTOTYPE,Bills,0.9104281663894653,Other,0.8882858753204346,0.02214229106903076,"[""Bills"", ""Other"", ""Household""]","[0.9104281663894653, 0.8882858753204346, 0.8798919916152954]",True,True
gas_bill,فاتورة غاز,Bills,ar,clean,ARABIC_TRIMMED_E5_FP32,HYBRID_PROTOTYPE,Bills,0.90769362449646,Transport,0.8920782804489136,0.015615344047546387,"[""Bills"", ""Transport"", ""Other""]","[0.90769362449646, 0.8920782804489136, 0.8886586427688599]",True,True
mobile_bill,Orange فاتورة موبايل,Bills,mixed,mixed_language,ARABIC_TRIMMED_E5_FP32,HYBRID_PROTOTYPE,Bills,0.9015757441520691,Transport,0.8921173214912415,0.009458422660827637,"[""Bills"", ""Transport"", ""Shopping""]","[0.9015757441520691, 0.8921173214912415, 0.8915746808052063]",True,True
internet_bill,Internet فاتورة شهرية,Bills,mixed,mixed_language,ARABIC_TRIMMED_E5_FP32,HYBRID_PROTOTYPE,Bills,0.9095026254653931,Other,0.8814018964767456,0.02810072898864746,"[""Bills"", ""Other"", ""Shopping""]","[0.9095026254653931, 0.8814018964767456, 0.8790594339370728]",True,True
electricity_bill,ELECTR1C1TY B1LL,Bills,en,ocr_noise,ARABIC_TRIMMED_E5_FP32,HYBRID_PROTOTYPE,Shopping,0.8656445741653442,Books,0.8628667593002319,0.0027778148651123047,"[""Shopping"", ""Books"", ""Bills""]","[0.8656445741653442, 0.8628667593002319, 0.8620744943618774]",False,True
internet_bill,WE 1NTERNET B1LL,Bills,en,ocr_noise,ARABIC_TRIMMED_E5_FP32,HYBRID_PROTOTYPE,Groceries,0.851413369178772,Books,0.8454163074493408,0.005997061729431152,"[""Groceries"", ""Books"", ""Household""]","[0.851413369178772, 0.8454163074493408, 0.843652069568634]",False,False
netflix,Netflix,Entertainment,en,clean,ARABIC_TRIMMED_E5_FP32,HYBRID_PROTOTYPE,Entertainment,0.8592256307601929,Books,0.8562354445457458,0.0029901862144470215,"[""Entertainment"", ""Books"", ""Restaurants""]","[0.8592256307601929, 0.8562354445457458, 0.8498649597167969]",True,True
cinema_ticket,Cinema Ticket,Entertainment,en,clean,ARABIC_TRIMMED_E5_FP32,HYBRID_PROTOTYPE,Entertainment,0.8833771347999573,Transport,0.8532333970069885,0.03014373779296875,"[""Entertainment"", ""Transport"", ""Restaurants""]","[0.8833771347999573, 0.8532333970069885, 0.8422315120697021]",True,True
playstation_game,PlayStation Game,Entertainment,en,clean,ARABIC_TRIMMED_E5_FP32,HYBRID_PROTOTYPE,Entertainment,0.8474032878875732,Shopping,0.8455747365951538,0.0018285512924194336,"[""Entertainment"", ""Shopping"", ""Restaurants""]","[0.8474032878875732, 0.8455747365951538, 0.8332768082618713]",True,True
concert_ticket,Concert Ticket,Entertainment,en,clean,ARABIC_TRIMMED_E5_FP32,HYBRID_PROTOTYPE,Entertainment,0.8587893843650818,Transport,0.8440107107162476,0.014778673648834229,"[""Entertainment"", ""Transport"", ""Shopping""]","[0.8587893843650818, 0.8440107107162476, 0.8434852361679077]",True,True
cinema_ticket,تذكرة سينما,Entertainment,ar,clean,ARABIC_TRIMMED_E5_FP32,HYBRID_PROTOTYPE,Entertainment,0.8975570797920227,Transport,0.8820312023162842,0.015525877475738525,"[""Entertainment"", ""Transport"", ""Restaurants""]","[0.8975570797920227, 0.8820312023162842, 0.865953803062439]",True,True
netflix,اشتراك مشاهدة أفلام,Entertainment,ar,clean,ARABIC_TRIMMED_E5_FP32,HYBRID_PROTOTYPE,Entertainment,0.904179573059082,Books,0.8761229515075684,0.028056621551513672,"[""Entertainment"", ""Books"", ""Shopping""]","[0.904179573059082, 0.8761229515075684, 0.8714767098426819]",True,True
playstation_game,لعبة بلايستيشن,Entertainment,ar,clean,ARABIC_TRIMMED_E5_FP32,HYBRID_PROTOTYPE,Shopping,0.8641602396965027,Entertainment,0.8609894514083862,0.003170788288116455,"[""Shopping"", ""Entertainment"", ""Books""]","[0.8641602396965027, 0.8609894514083862, 0.8590669631958008]",False,True
concert_ticket,تذكرة حفلة,Entertainment,ar,clean,ARABIC_TRIMMED_E5_FP32,HYBRID_PROTOTYPE,Entertainment,0.8853905200958252,Transport,0.8831150531768799,0.0022754669189453125,"[""Entertainment"", ""Transport"", ""Restaurants""]","[0.8853905200958252, 0.8831150531768799, 0.8756680488586426]",True,True
netflix,Netflix اشتراك,Entertainment,mixed,mixed_language,ARABIC_TRIMMED_E5_FP32,HYBRID_PROTOTYPE,Entertainment,0.8906865119934082,Shopping,0.8775125741958618,0.013173937797546387,"[""Entertainment"", ""Shopping"", ""Groceries""]","[0.8906865119934082, 0.8775125741958618, 0.8739988803863525]",True,True
cinema_ticket,Cinema تذكرة,Entertainment,mixed,mixed_language,ARABIC_TRIMMED_E5_FP32,HYBRID_PROTOTYPE,Entertainment,0.9179196357727051,Transport,0.8988939523696899,0.019025683403015137,"[""Entertainment"", ""Transport"", ""Restaurants""]","[0.9179196357727051, 0.8988939523696899, 0.8888123035430908]",True,True
netflix,NETFL1X,Entertainment,en,ocr_noise,ARABIC_TRIMMED_E5_FP32,HYBRID_PROTOTYPE,Shopping,0.8309565782546997,Groceries,0.8274663686752319,0.0034902095794677734,"[""Shopping"", ""Groceries"", ""Medicine""]","[0.8309565782546997, 0.8274663686752319, 0.8271276950836182]",False,False
cinema_ticket,C1NEMA T1CKET,Entertainment,en,ocr_noise,ARABIC_TRIMMED_E5_FP32,HYBRID_PROTOTYPE,Shopping,0.8499706983566284,Entertainment,0.8491266965866089,0.0008440017700195312,"[""Shopping"", ""Entertainment"", ""Restaurants""]","[0.8499706983566284, 0.8491266965866089, 0.8478518724441528]",False,True
dove_shampoo,Dove Shampoo,Personal Care,en,clean,ARABIC_TRIMMED_E5_FP32,HYBRID_PROTOTYPE,Personal Care,0.8681813478469849,Household,0.8516666889190674,0.01651465892791748,"[""Personal Care"", ""Household"", ""Shopping""]","[0.8681813478469849, 0.8516666889190674, 0.8405637741088867]",True,True
nivea_face_cream,Nivea Face Cream,Personal Care,en,clean,ARABIC_TRIMMED_E5_FP32,HYBRID_PROTOTYPE,Personal Care,0.8811260461807251,Medicine,0.8657783269882202,0.015347719192504883,"[""Personal Care"", ""Medicine"", ""Household""]","[0.8811260461807251, 0.8657783269882202, 0.8634228706359863]",True,True
gillette_razor,Gillette Razor,Personal Care,en,clean,ARABIC_TRIMMED_E5_FP32,HYBRID_PROTOTYPE,Household,0.8516404628753662,Personal Care,0.851457417011261,0.0001830458641052246,"[""Household"", ""Personal Care"", ""Shopping""]","[0.8516404628753662, 0.851457417011261, 0.8464844226837158]",False,True
haircut,Haircut,Personal Care,en,clean,ARABIC_TRIMMED_E5_FP32,HYBRID_PROTOTYPE,Shopping,0.8471015095710754,Restaurants,0.8450801372528076,0.0020213723182678223,"[""Shopping"", ""Restaurants"", ""Personal Care""]","[0.8471015095710754, 0.8450801372528076, 0.8405225872993469]",False,True
dove_shampoo,شامبو دوف,Personal Care,ar,clean,ARABIC_TRIMMED_E5_FP32,HYBRID_PROTOTYPE,Personal Care,0.8869730234146118,Household,0.8723864555358887,0.014586567878723145,"[""Personal Care"", ""Household"", ""Groceries""]","[0.8869730234146118, 0.8723864555358887, 0.8637164831161499]",True,True
nivea_face_cream,كريم نيفيا للوجه,Personal Care,ar,clean,ARABIC_TRIMMED_E5_FP32,HYBRID_PROTOTYPE,Personal Care,0.8784655928611755,Medicine,0.8630646467208862,0.015400946140289307,"[""Personal Care"", ""Medicine"", ""Household""]","[0.8784655928611755, 0.8630646467208862, 0.8601939082145691]",True,True
gillette_razor,شفرة حلاقة,Personal Care,ar,clean,ARABIC_TRIMMED_E5_FP32,HYBRID_PROTOTYPE,Personal Care,0.8894143104553223,Books,0.862671971321106,0.02674233913421631,"[""Personal Care"", ""Books"", ""Shopping""]","[0.8894143104553223, 0.862671971321106, 0.8614563345909119]",True,True
haircut,قص شعر,Personal Care,ar,clean,ARABIC_TRIMMED_E5_FP32,HYBRID_PROTOTYPE,Books,0.8742740154266357,Restaurants,0.8730702996253967,0.0012037158012390137,"[""Books"", ""Restaurants"", ""Shopping""]","[0.8742740154266357, 0.8730702996253967, 0.8726922273635864]",False,False
dove_shampoo,Shampoo شامبو,Personal Care,mixed,mixed_language,ARABIC_TRIMMED_E5_FP32,HYBRID_PROTOTYPE,Personal Care,0.9047456383705139,Household,0.885767936706543,0.018977701663970947,"[""Personal Care"", ""Household"", ""Shopping""]","[0.9047456383705139, 0.885767936706543, 0.8737797737121582]",True,True
nivea_face_cream,Nivea كريم بشرة,Personal Care,mixed,mixed_language,ARABIC_TRIMMED_E5_FP32,HYBRID_PROTOTYPE,Personal Care,0.9028394818305969,Medicine,0.8942775726318359,0.008561909198760986,"[""Personal Care"", ""Medicine"", ""Household""]","[0.9028394818305969, 0.8942775726318359, 0.8880816698074341]",True,True
dove_shampoo,شامبو D0VE,Personal Care,mixed,ocr_noise,ARABIC_TRIMMED_E5_FP32,HYBRID_PROTOTYPE,Personal Care,0.8955787420272827,Household,0.8835045099258423,0.01207423210144043,"[""Personal Care"", ""Household"", ""Shopping""]","[0.8955787420272827, 0.8835045099258423, 0.8755252361297607]",True,True
gillette_razor,G1LLETTE RAZ0R,Personal Care,en,ocr_noise,ARABIC_TRIMMED_E5_FP32,HYBRID_PROTOTYPE,Groceries,0.8495842218399048,Books,0.8488949537277222,0.0006892681121826172,"[""Groceries"", ""Books"", ""Shopping""]","[0.8495842218399048, 0.8488949537277222, 0.8465197086334229]",False,False
service_fee,Service Fee,Other,en,clean,ARABIC_TRIMMED_E5_FP32,HYBRID_PROTOTYPE,Other,0.8915354013442993,Bills,0.8851877450942993,0.00634765625,"[""Other"", ""Bills"", ""Shopping""]","[0.8915354013442993, 0.8851877450942993, 0.8696268796920776]",True,True
charity_donation,Charity Donation,Other,en,clean,ARABIC_TRIMMED_E5_FP32,HYBRID_PROTOTYPE,Other,0.8337084054946899,Restaurants,0.8286281824111938,0.005080223083496094,"[""Other"", ""Restaurants"", ""Groceries""]","[0.8337084054946899, 0.8286281824111938, 0.828422486782074]",True,True
document_printing,Document Printing,Other,en,clean,ARABIC_TRIMMED_E5_FP32,HYBRID_PROTOTYPE,Books,0.8398916125297546,Shopping,0.8340085744857788,0.00588303804397583,"[""Books"", ""Shopping"", ""Bills""]","[0.8398916125297546, 0.8340085744857788, 0.8328502178192139]",False,False
delivery_fee,Delivery Fee,Other,en,clean,ARABIC_TRIMMED_E5_FP32,HYBRID_PROTOTYPE,Other,0.877001166343689,Bills,0.8585555553436279,0.018445611000061035,"[""Other"", ""Bills"", ""Restaurants""]","[0.877001166343689, 0.8585555553436279, 0.8563271760940552]",True,True
service_fee,رسوم خدمة,Other,ar,clean,ARABIC_TRIMMED_E5_FP32,HYBRID_PROTOTYPE,Bills,0.8835818767547607,Other,0.8818455934524536,0.001736283302307129,"[""Bills"", ""Other"", ""Transport""]","[0.8835818767547607, 0.8818455934524536, 0.8686056137084961]",False,True
charity_donation,تبرع خيري,Other,ar,clean,ARABIC_TRIMMED_E5_FP32,HYBRID_PROTOTYPE,Other,0.8745572566986084,Groceries,0.8728184700012207,0.0017387866973876953,"[""Other"", ""Groceries"", ""Books""]","[0.8745572566986084, 0.8728184700012207, 0.8699754476547241]",True,True
document_printing,طباعة مستندات,Other,ar,clean,ARABIC_TRIMMED_E5_FP32,HYBRID_PROTOTYPE,Books,0.8754711747169495,Other,0.8673020601272583,0.008169114589691162,"[""Books"", ""Other"", ""Medicine""]","[0.8754711747169495, 0.8673020601272583, 0.8636063933372498]",False,True
misc_expense,مصاريف متنوعة,Other,ar,clean,ARABIC_TRIMMED_E5_FP32,HYBRID_PROTOTYPE,Other,0.8978803157806396,Bills,0.8864051103591919,0.011475205421447754,"[""Other"", ""Bills"", ""Shopping""]","[0.8978803157806396, 0.8864051103591919, 0.8833673000335693]",True,True
delivery_fee,Delivery رسوم,Other,mixed,mixed_language,ARABIC_TRIMMED_E5_FP32,HYBRID_PROTOTYPE,Other,0.8963767290115356,Restaurants,0.8852968215942383,0.011079907417297363,"[""Other"", ""Restaurants"", ""Groceries""]","[0.8963767290115356, 0.8852968215942383, 0.8837205767631531]",True,True
service_fee,Service مصاريف,Other,mixed,mixed_language,ARABIC_TRIMMED_E5_FP32,HYBRID_PROTOTYPE,Other,0.9027323722839355,Bills,0.8952924609184265,0.007439911365509033,"[""Other"", ""Bills"", ""Transport""]","[0.9027323722839355, 0.8952924609184265, 0.8896462321281433]",True,True
service_fee,SERV1CE FEE,Other,en,ocr_noise,ARABIC_TRIMMED_E5_FP32,HYBRID_PROTOTYPE,Other,0.8555329442024231,Bills,0.8472100496292114,0.00832289457321167,"[""Other"", ""Bills"", ""Restaurants""]","[0.8555329442024231, 0.8472100496292114, 0.84617018699646]",True,True
misc_expense,M1SC EXPENSE,Other,en,ocr_noise,ARABIC_TRIMMED_E5_FP32,HYBRID_PROTOTYPE,Medicine,0.8474518656730652,Other,0.8427916765213013,0.004660189151763916,"[""Medicine"", ""Other"", ""Shopping""]","[0.8474518656730652, 0.8427916765213013, 0.8417339324951172]",False,True
atomic_habits,Atomic Habits,Books,en,clean,ARABIC_TRIMMED_E5_FP32,HYBRID_PROTOTYPE,Shopping,0.8594375848770142,Books,0.8580341339111328,0.0014034509658813477,"[""Shopping"", ""Books"", ""Restaurants""]","[0.8594375848770142, 0.8580341339111328, 0.8536824584007263]",False,True
clean_code,Clean Code,Books,en,clean,ARABIC_TRIMMED_E5_FP32,HYBRID_PROTOTYPE,Household,0.8579467535018921,Personal Care,0.8475738763809204,0.01037287712097168,"[""Household"", ""Personal Care"", ""Shopping""]","[0.8579467535018921, 0.8475738763809204, 0.8464534282684326]",False,False
psychology_of_money,The Psychology of Money,Books,en,clean,ARABIC_TRIMMED_E5_FP32,HYBRID_PROTOTYPE,Bills,0.8636000752449036,Other,0.8586408495903015,0.004959225654602051,"[""Bills"", ""Other"", ""Books""]","[0.8636000752449036, 0.8586408495903015, 0.8577759265899658]",False,True
pragmatic_programmer,The Pragmatic Programmer,Books,en,clean,ARABIC_TRIMMED_E5_FP32,HYBRID_PROTOTYPE,Restaurants,0.8405920267105103,Shopping,0.8402708172798157,0.0003212094306945801,"[""Restaurants"", ""Shopping"", ""Household""]","[0.8405920267105103, 0.8402708172798157, 0.8391158580780029]",False,False
atomic_habits,العادات الذرية,Books,ar,clean,ARABIC_TRIMMED_E5_FP32,HYBRID_PROTOTYPE,Books,0.8577522039413452,Restaurants,0.8567817211151123,0.0009704828262329102,"[""Books"", ""Restaurants"", ""Groceries""]","[0.8577522039413452, 0.8567817211151123, 0.8540897369384766]",True,True
art_of_not_caring,كتاب فن اللامبالاة,Books,ar,clean,ARABIC_TRIMMED_E5_FP32,HYBRID_PROTOTYPE,Books,0.8701852560043335,Personal Care,0.8495143055915833,0.020670950412750244,"[""Books"", ""Personal Care"", ""Restaurants""]","[0.8701852560043335, 0.8495143055915833, 0.8470316529273987]",True,True
awlad_haretna,رواية أولاد حارتنا,Books,ar,clean,ARABIC_TRIMMED_E5_FP32,HYBRID_PROTOTYPE,Books,0.8493036031723022,Restaurants,0.8311038017272949,0.018199801445007324,"[""Books"", ""Restaurants"", ""Transport""]","[0.8493036031723022, 0.8311038017272949, 0.8290911316871643]",True,True
learn_python_book,كتاب تعلم بايثون,Books,ar,clean,ARABIC_TRIMMED_E5_FP32,HYBRID_PROTOTYPE,Books,0.8927690982818604,Shopping,0.8624354004859924,0.03033369779586792,"[""Books"", ""Shopping"", ""Restaurants""]","[0.8927690982818604, 0.8624354004859924, 0.862322211265564]",True,True
clean_code,Clean Code كتاب,Books,mixed,mixed_language,ARABIC_TRIMMED_E5_FP32,HYBRID_PROTOTYPE,Books,0.9165221452713013,Household,0.8925307989120483,0.02399134635925293,"[""Books"", ""Household"", ""Restaurants""]","[0.9165221452713013, 0.8925307989120483, 0.8895711302757263]",True,True
atomic_habits,Atomic Habits نسخة عربية,Books,mixed,mixed_language,ARABIC_TRIMMED_E5_FP32,HYBRID_PROTOTYPE,Transport,0.8738027215003967,Books,0.8736203908920288,0.00018233060836791992,"[""Transport"", ""Books"", ""Shopping""]","[0.8738027215003967, 0.8736203908920288, 0.8691433668136597]",False,True
atomic_habits,AT0MIC HAB1TS,Books,en,ocr_noise,ARABIC_TRIMMED_E5_FP32,HYBRID_PROTOTYPE,Medicine,0.8484510183334351,Shopping,0.8452102541923523,0.0032407641410827637,"[""Medicine"", ""Shopping"", ""Groceries""]","[0.8484510183334351, 0.8452102541923523, 0.8424553275108337]",False,False
clean_code,CLEAN C0DE,Books,en,ocr_noise,ARABIC_TRIMMED_E5_FP32,HYBRID_PROTOTYPE,Household,0.8614510297775269,Personal Care,0.8528326749801636,0.008618354797363281,"[""Household"", ""Personal Care"", ""Shopping""]","[0.8614510297775269, 0.8528326749801636, 0.8495480418205261]",False,False
chicken_breast,Chicken Breast,Groceries,en,clean,ARABIC_TRIMMED_E5_DYNAMIC_INT8_PER_CHANNEL,HYBRID_PROTOTYPE,Groceries,0.8437374830245972,Restaurants,0.8382498025894165,0.005487680435180664,"[""Groceries"", ""Restaurants"", ""Fruits & Vegetables""]","[0.8437374830245972, 0.8382498025894165, 0.8358784914016724]",True,True
milk_1l,Milk 1L,Groceries,en,clean,ARABIC_TRIMMED_E5_DYNAMIC_INT8_PER_CHANNEL,HYBRID_PROTOTYPE,Groceries,0.8825695514678955,Medicine,0.862179160118103,0.02039039134979248,"[""Groceries"", ""Medicine"", ""Restaurants""]","[0.8825695514678955, 0.862179160118103, 0.8595626950263977]",True,True
rice_1kg,Rice 1KG,Groceries,en,clean,ARABIC_TRIMMED_E5_DYNAMIC_INT8_PER_CHANNEL,HYBRID_PROTOTYPE,Groceries,0.8915634155273438,Medicine,0.8757120370864868,0.015851378440856934,"[""Groceries"", ""Medicine"", ""Restaurants""]","[0.8915634155273438, 0.8757120370864868, 0.8729826807975769]",True,True
groceries_egyptian_white_cheese,Egyptian White Cheese,Groceries,en,clean,ARABIC_TRIMMED_E5_DYNAMIC_INT8_PER_CHANNEL,HYBRID_PROTOTYPE,Restaurants,0.8756899833679199,Fruits & Vegetables,0.8682833909988403,0.00740659236907959,"[""Restaurants"", ""Fruits & Vegetables"", ""Groceries""]","[0.8756899833679199, 0.8682833909988403, 0.862263023853302]",False,True
chicken_breast,صدور فراخ,Groceries,ar,clean,ARABIC_TRIMMED_E5_DYNAMIC_INT8_PER_CHANNEL,HYBRID_PROTOTYPE,Restaurants,0.8611621856689453,Fruits & Vegetables,0.8554600477218628,0.0057021379470825195,"[""Restaurants"", ""Fruits & Vegetables"", ""Household""]","[0.8611621856689453, 0.8554600477218628, 0.8543701171875]",False,False
milk_1l,لبن كامل الدسم,Groceries,ar,clean,ARABIC_TRIMMED_E5_DYNAMIC_INT8_PER_CHANNEL,HYBRID_PROTOTYPE,Groceries,0.8617284297943115,Books,0.8595515489578247,0.0021768808364868164,"[""Groceries"", ""Books"", ""Personal Care""]","[0.8617284297943115, 0.8595515489578247, 0.8594871759414673]",True,True
rice_1kg,كيس أرز 1 كيلو,Groceries,ar,clean,ARABIC_TRIMMED_E5_DYNAMIC_INT8_PER_CHANNEL,HYBRID_PROTOTYPE,Groceries,0.9027725458145142,Restaurants,0.8907021880149841,0.01207035779953003,"[""Groceries"", ""Restaurants"", ""Medicine""]","[0.9027725458145142, 0.8907021880149841, 0.8844830989837646]",True,True
groceries_8,علبة تونة,Groceries,ar,clean,ARABIC_TRIMMED_E5_DYNAMIC_INT8_PER_CHANNEL,HYBRID_PROTOTYPE,Shopping,0.8725584149360657,Household,0.871493399143219,0.0010650157928466797,"[""Shopping"", ""Household"", ""Personal Care""]","[0.8725584149360657, 0.871493399143219, 0.8693395853042603]",False,False
milk_1l,Fresh Milk لبن,Groceries,mixed,mixed_language,ARABIC_TRIMMED_E5_DYNAMIC_INT8_PER_CHANNEL,HYBRID_PROTOTYPE,Groceries,0.9043035507202148,Fruits & Vegetables,0.8938280344009399,0.010475516319274902,"[""Groceries"", ""Fruits & Vegetables"", ""Restaurants""]","[0.9043035507202148, 0.8938280344009399, 0.882801353931427]",True,True
chicken_breast,Chicken فراخ مجمدة,Groceries,mixed,mixed_language,ARABIC_TRIMMED_E5_DYNAMIC_INT8_PER_CHANNEL,HYBRID_PROTOTYPE,Groceries,0.9021756052970886,Restaurants,0.9016317129135132,0.0005438923835754395,"[""Groceries"", ""Restaurants"", ""Household""]","[0.9021756052970886, 0.9016317129135132, 0.8913265466690063]",True,True
milk_1l,M1LK 1L,Groceries,en,ocr_noise,ARABIC_TRIMMED_E5_DYNAMIC_INT8_PER_CHANNEL,HYBRID_PROTOTYPE,Medicine,0.8582106828689575,Groceries,0.8581651449203491,4.553794860839844e-05,"[""Medicine"", ""Groceries"", ""Shopping""]","[0.8582106828689575, 0.8581651449203491, 0.8517708778381348]",False,True
rice_1kg,R1CE 1KG,Groceries,en,ocr_noise,ARABIC_TRIMMED_E5_DYNAMIC_INT8_PER_CHANNEL,HYBRID_PROTOTYPE,Groceries,0.8765117526054382,Medicine,0.8710618019104004,0.005449950695037842,"[""Groceries"", ""Medicine"", ""Restaurants""]","[0.8765117526054382, 0.8710618019104004, 0.8696967959403992]",True,True
banana,Banana,Fruits & Vegetables,en,clean,ARABIC_TRIMMED_E5_DYNAMIC_INT8_PER_CHANNEL,HYBRID_PROTOTYPE,Fruits & Vegetables,0.8655826449394226,Groceries,0.8563401699066162,0.009242475032806396,"[""Fruits & Vegetables"", ""Groceries"", ""Shopping""]","[0.8655826449394226, 0.8563401699066162, 0.8532683253288269]",True,True
tomatoes,Fresh Tomatoes,Fruits & Vegetables,en,clean,ARABIC_TRIMMED_E5_DYNAMIC_INT8_PER_CHANNEL,HYBRID_PROTOTYPE,Fruits & Vegetables,0.8981679677963257,Groceries,0.8686082363128662,0.029559731483459473,"[""Fruits & Vegetables"", ""Groceries"", ""Restaurants""]","[0.8981679677963257, 0.8686082363128662, 0.8685075640678406]",True,True
apples,Green Apples,Fruits & Vegetables,en,clean,ARABIC_TRIMMED_E5_DYNAMIC_INT8_PER_CHANNEL,HYBRID_PROTOTYPE,Fruits & Vegetables,0.8586913347244263,Restaurants,0.8425711393356323,0.016120195388793945,"[""Fruits & Vegetables"", ""Restaurants"", ""Shopping""]","[0.8586913347244263, 0.8425711393356323, 0.8367855548858643]",True,True
cucumber,Cucumber Pack,Fruits & Vegetables,en,clean,ARABIC_TRIMMED_E5_DYNAMIC_INT8_PER_CHANNEL,HYBRID_PROTOTYPE,Groceries,0.8686116337776184,Restaurants,0.8620308637619019,0.006580770015716553,"[""Groceries"", ""Restaurants"", ""Fruits & Vegetables""]","[0.8686116337776184, 0.8620308637619019, 0.8556972146034241]",False,True
tomatoes,طماطم,Fruits & Vegetables,ar,clean,ARABIC_TRIMMED_E5_DYNAMIC_INT8_PER_CHANNEL,HYBRID_PROTOTYPE,Fruits & Vegetables,0.8841516971588135,Groceries,0.8565919399261475,0.027559757232666016,"[""Fruits & Vegetables"", ""Groceries"", ""Restaurants""]","[0.8841516971588135, 0.8565919399261475, 0.8524693250656128]",True,True
apples,تفاح,Fruits & Vegetables,ar,clean,ARABIC_TRIMMED_E5_DYNAMIC_INT8_PER_CHANNEL,HYBRID_PROTOTYPE,Fruits & Vegetables,0.8723678588867188,Restaurants,0.8512910604476929,0.02107679843902588,"[""Fruits & Vegetables"", ""Restaurants"", ""Groceries""]","[0.8723678588867188, 0.8512910604476929, 0.8493380546569824]",True,True
banana,موز بلدي,Fruits & Vegetables,ar,clean,ARABIC_TRIMMED_E5_DYNAMIC_INT8_PER_CHANNEL,HYBRID_PROTOTYPE,Fruits & Vegetables,0.8787516355514526,Transport,0.8755615949630737,0.0031900405883789062,"[""Fruits & Vegetables"", ""Transport"", ""Restaurants""]","[0.8787516355514526, 0.8755615949630737, 0.8744727373123169]",True,True
cucumber,خيار طازج,Fruits & Vegetables,ar,clean,ARABIC_TRIMMED_E5_DYNAMIC_INT8_PER_CHANNEL,HYBRID_PROTOTYPE,Restaurants,0.8833335638046265,Books,0.8819636702537537,0.0013698935508728027,"[""Restaurants"", ""Books"", ""Groceries""]","[0.8833335638046265, 0.8819636702537537, 0.8814191818237305]",False,False
banana,Banana موز,Fruits & Vegetables,mixed,mixed_language,ARABIC_TRIMMED_E5_DYNAMIC_INT8_PER_CHANNEL,HYBRID_PROTOTYPE,Fruits & Vegetables,0.8853123188018799,Groceries,0.8677138686180115,0.017598450183868408,"[""Fruits & Vegetables"", ""Groceries"", ""Restaurants""]","[0.8853123188018799, 0.8677138686180115, 0.8540672063827515]",True,True
tomatoes,Fresh طماطم,Fruits & Vegetables,mixed,mixed_language,ARABIC_TRIMMED_E5_DYNAMIC_INT8_PER_CHANNEL,HYBRID_PROTOTYPE,Fruits & Vegetables,0.9195155501365662,Groceries,0.8935444355010986,0.02597111463546753,"[""Fruits & Vegetables"", ""Groceries"", ""Restaurants""]","[0.9195155501365662, 0.8935444355010986, 0.8891730904579163]",True,True
tomatoes,T0MAT0ES,Fruits & Vegetables,en,ocr_noise,ARABIC_TRIMMED_E5_DYNAMIC_INT8_PER_CHANNEL,HYBRID_PROTOTYPE,Books,0.8612130284309387,Shopping,0.8580925464630127,0.0031204819679260254,"[""Books"", ""Shopping"", ""Transport""]","[0.8612130284309387, 0.8580925464630127, 0.8553621172904968]",False,False
apples,تفـاح,Fruits & Vegetables,ar,ocr_noise,ARABIC_TRIMMED_E5_DYNAMIC_INT8_PER_CHANNEL,HYBRID_PROTOTYPE,Books,0.8763318061828613,Restaurants,0.8744395971298218,0.0018922090530395508,"[""Books"", ""Restaurants"", ""Transport""]","[0.8763318061828613, 0.8744395971298218, 0.8703058958053589]",False,False
mcchicken_meal,McChicken Meal,Restaurants,en,clean,ARABIC_TRIMMED_E5_DYNAMIC_INT8_PER_CHANNEL,HYBRID_PROTOTYPE,Restaurants,0.8839114308357239,Groceries,0.874858558177948,0.009052872657775879,"[""Restaurants"", ""Groceries"", ""Household""]","[0.8839114308357239, 0.874858558177948, 0.8562303781509399]",True,True
margherita_pizza,Margherita Pizza,Restaurants,en,clean,ARABIC_TRIMMED_E5_DYNAMIC_INT8_PER_CHANNEL,HYBRID_PROTOTYPE,Restaurants,0.8521666526794434,Groceries,0.847935140132904,0.004231512546539307,"[""Restaurants"", ""Groceries"", ""Personal Care""]","[0.8521666526794434, 0.847935140132904, 0.838637113571167]",True,True
coffee,Cappuccino,Restaurants,en,clean,ARABIC_TRIMMED_E5_DYNAMIC_INT8_PER_CHANNEL,HYBRID_PROTOTYPE,Restaurants,0.836243212223053,Fruits & Vegetables,0.8227214813232422,0.013521730899810791,"[""Restaurants"", ""Fruits & Vegetables"", ""Groceries""]","[0.836243212223053, 0.8227214813232422, 0.8211405277252197]",True,True
restaurants_kfc_family_meal,KFC Family Meal,Restaurants,en,clean,ARABIC_TRIMMED_E5_DYNAMIC_INT8_PER_CHANNEL,HYBRID_PROTOTYPE,Groceries,0.8671737909317017,Restaurants,0.8670530319213867,0.0001207590103149414,"[""Groceries"", ""Restaurants"", ""Household""]","[0.8671737909317017, 0.8670530319213867, 0.8447397947311401]",False,True
margherita_pizza,بيتزا مارجريتا,Restaurants,ar,clean,ARABIC_TRIMMED_E5_DYNAMIC_INT8_PER_CHANNEL,HYBRID_PROTOTYPE,Restaurants,0.8180028200149536,Transport,0.8163277506828308,0.0016750693321228027,"[""Restaurants"", ""Transport"", ""Personal Care""]","[0.8180028200149536, 0.8163277506828308, 0.8139872550964355]",True,True
burger_meal,وجبة برجر,Restaurants,ar,clean,ARABIC_TRIMMED_E5_DYNAMIC_INT8_PER_CHANNEL,HYBRID_PROTOTYPE,Restaurants,0.8846705555915833,Groceries,0.8763147592544556,0.008355796337127686,"[""Restaurants"", ""Groceries"", ""Fruits & Vegetables""]","[0.8846705555915833, 0.8763147592544556, 0.867431640625]",True,True
coffee,قهوة لاتيه,Restaurants,ar,clean,ARABIC_TRIMMED_E5_DYNAMIC_INT8_PER_CHANNEL,HYBRID_PROTOTYPE,Restaurants,0.890985906124115,Groceries,0.8756752014160156,0.015310704708099365,"[""Restaurants"", ""Groceries"", ""Personal Care""]","[0.890985906124115, 0.8756752014160156, 0.8731484413146973]",True,True
restaurants_32,ساندوتش شاورما,Restaurants,ar,clean,ARABIC_TRIMMED_E5_DYNAMIC_INT8_PER_CHANNEL,HYBRID_PROTOTYPE,Books,0.8346936702728271,Personal Care,0.830363392829895,0.004330277442932129,"[""Books"", ""Personal Care"", ""Groceries""]","[0.8346936702728271, 0.830363392829895, 0.827893853187561]",False,False
coffee,Coffee قهوة,Restaurants,mixed,mixed_language,ARABIC_TRIMMED_E5_DYNAMIC_INT8_PER_CHANNEL,HYBRID_PROTOTYPE,Restaurants,0.9151116609573364,Groceries,0.8874498009681702,0.02766185998916626,"[""Restaurants"", ""Groceries"", ""Fruits & Vegetables""]","[0.9151116609573364, 0.8874498009681702, 0.8855617046356201]",True,True
burger_meal,Burger وجبة,Restaurants,mixed,mixed_language,ARABIC_TRIMMED_E5_DYNAMIC_INT8_PER_CHANNEL,HYBRID_PROTOTYPE,Restaurants,0.9077072143554688,Groceries,0.8966481685638428,0.011059045791625977,"[""Restaurants"", ""Groceries"", ""Fruits & Vegetables""]","[0.9077072143554688, 0.8966481685638428, 0.8850983381271362]",True,True
mcchicken_meal,McCh1cken MeaI,Restaurants,en,ocr_noise,ARABIC_TRIMMED_E5_DYNAMIC_INT8_PER_CHANNEL,HYBRID_PROTOTYPE,Restaurants,0.8744010329246521,Groceries,0.8724696636199951,0.0019313693046569824,"[""Restaurants"", ""Groceries"", ""Books""]","[0.8744010329246521, 0.8724696636199951, 0.8713666200637817]",True,True
margherita_pizza,P1ZZA MARGHER1TA,Restaurants,en,ocr_noise,ARABIC_TRIMMED_E5_DYNAMIC_INT8_PER_CHANNEL,HYBRID_PROTOTYPE,Groceries,0.8504577875137329,Personal Care,0.8446536064147949,0.005804181098937988,"[""Groceries"", ""Personal Care"", ""Restaurants""]","[0.8504577875137329, 0.8446536064147949, 0.8444920182228088]",False,True
uber_trip,Uber Trip,Transport,en,clean,ARABIC_TRIMMED_E5_DYNAMIC_INT8_PER_CHANNEL,HYBRID_PROTOTYPE,Transport,0.8644378185272217,Entertainment,0.8541618585586548,0.010275959968566895,"[""Transport"", ""Entertainment"", ""Restaurants""]","[0.8644378185272217, 0.8541618585586548, 0.8523836135864258]",True,True
careem_ride,Careem Ride,Transport,en,clean,ARABIC_TRIMMED_E5_DYNAMIC_INT8_PER_CHANNEL,HYBRID_PROTOTYPE,Transport,0.8634176254272461,Entertainment,0.8513527512550354,0.012064874172210693,"[""Transport"", ""Entertainment"", ""Shopping""]","[0.8634176254272461, 0.8513527512550354, 0.8501673936843872]",True,True
metro_ticket,Cairo Metro Ticket,Transport,en,clean,ARABIC_TRIMMED_E5_DYNAMIC_INT8_PER_CHANNEL,HYBRID_PROTOTYPE,Transport,0.8659899234771729,Entertainment,0.842731237411499,0.023258686065673828,"[""Transport"", ""Entertainment"", ""Bills""]","[0.8659899234771729, 0.842731237411499, 0.8401516675949097]",True,True
gasoline_92,Gasoline 92,Transport,en,clean,ARABIC_TRIMMED_E5_DYNAMIC_INT8_PER_CHANNEL,HYBRID_PROTOTYPE,Bills,0.8299390077590942,Shopping,0.8293390274047852,0.000599980354309082,"[""Bills"", ""Shopping"", ""Transport""]","[0.8299390077590942, 0.8293390274047852, 0.8282852172851562]",False,True
uber_trip,رحلة أوبر,Transport,ar,clean,ARABIC_TRIMMED_E5_DYNAMIC_INT8_PER_CHANNEL,HYBRID_PROTOTYPE,Transport,0.8616040349006653,Books,0.8534898161888123,0.008114218711853027,"[""Transport"", ""Books"", ""Restaurants""]","[0.8616040349006653, 0.8534898161888123, 0.8480819463729858]",True,True
careem_ride,مشوار كريم,Transport,ar,clean,ARABIC_TRIMMED_E5_DYNAMIC_INT8_PER_CHANNEL,HYBRID_PROTOTYPE,Personal Care,0.8900055885314941,Transport,0.8819160461425781,0.008089542388916016,"[""Personal Care"", ""Transport"", ""Books""]","[0.8900055885314941, 0.8819160461425781, 0.8790460228919983]",False,True
metro_ticket,تذكرة مترو,Transport,ar,clean,ARABIC_TRIMMED_E5_DYNAMIC_INT8_PER_CHANNEL,HYBRID_PROTOTYPE,Transport,0.9040324687957764,Entertainment,0.878337025642395,0.025695443153381348,"[""Transport"", ""Entertainment"", ""Shopping""]","[0.9040324687957764, 0.878337025642395, 0.8715680837631226]",True,True
gasoline_92,بنزين 92,Transport,ar,clean,ARABIC_TRIMMED_E5_DYNAMIC_INT8_PER_CHANNEL,HYBRID_PROTOTYPE,Transport,0.8548210859298706,Medicine,0.8522190451622009,0.0026020407676696777,"[""Transport"", ""Medicine"", ""Books""]","[0.8548210859298706, 0.8522190451622009, 0.8512755632400513]",True,True
uber_trip,Uber مشوار,Transport,mixed,mixed_language,ARABIC_TRIMMED_E5_DYNAMIC_INT8_PER_CHANNEL,HYBRID_PROTOTYPE,Transport,0.8752586841583252,Books,0.8608324527740479,0.014426231384277344,"[""Transport"", ""Books"", ""Restaurants""]","[0.8752586841583252, 0.8608324527740479, 0.8594251871109009]",True,True
careem_ride,Careem رحلة,Transport,mixed,mixed_language,ARABIC_TRIMMED_E5_DYNAMIC_INT8_PER_CHANNEL,HYBRID_PROTOTYPE,Transport,0.8969388008117676,Personal Care,0.8882478475570679,0.008690953254699707,"[""Transport"", ""Personal Care"", ""Restaurants""]","[0.8969388008117676, 0.8882478475570679, 0.885433554649353]",True,True
uber_trip,UBER TR1P,Transport,en,ocr_noise,ARABIC_TRIMMED_E5_DYNAMIC_INT8_PER_CHANNEL,HYBRID_PROTOTYPE,Medicine,0.8491455316543579,Transport,0.8473362326622009,0.0018092989921569824,"[""Medicine"", ""Transport"", ""Restaurants""]","[0.8491455316543579, 0.8473362326622009, 0.8452831506729126]",False,True
careem_ride,CAR EEM R1DE,Transport,en,ocr_noise,ARABIC_TRIMMED_E5_DYNAMIC_INT8_PER_CHANNEL,HYBRID_PROTOTYPE,Transport,0.877998948097229,Shopping,0.8734419941902161,0.0045569539070129395,"[""Transport"", ""Shopping"", ""Groceries""]","[0.877998948097229, 0.8734419941902161, 0.8676548004150391]",True,True
dettol_floor_cleaner,Dettol Floor Cleaner,Household,en,clean,ARABIC_TRIMMED_E5_DYNAMIC_INT8_PER_CHANNEL,HYBRID_PROTOTYPE,Household,0.8891016840934753,Personal Care,0.8690084218978882,0.020093262195587158,"[""Household"", ""Personal Care"", ""Groceries""]","[0.8891016840934753, 0.8690084218978882, 0.8570550084114075]",True,True
fairy_dish_liquid,Fairy Dishwashing Liquid,Household,en,clean,ARABIC_TRIMMED_E5_DYNAMIC_INT8_PER_CHANNEL,HYBRID_PROTOTYPE,Household,0.8875105381011963,Groceries,0.8729490041732788,0.01456153392791748,"[""Household"", ""Groceries"", ""Personal Care""]","[0.8875105381011963, 0.8729490041732788, 0.8659502267837524]",True,True
persil_gel,Persil Gel,Household,en,clean,ARABIC_TRIMMED_E5_DYNAMIC_INT8_PER_CHANNEL,HYBRID_PROTOTYPE,Personal Care,0.8616893291473389,Household,0.852961540222168,0.008727788925170898,"[""Personal Care"", ""Household"", ""Medicine""]","[0.8616893291473389, 0.852961540222168, 0.848680317401886]",False,True
clorox_bleach,Clorox Bleach,Household,en,clean,ARABIC_TRIMMED_E5_DYNAMIC_INT8_PER_CHANNEL,HYBRID_PROTOTYPE,Household,0.8593555688858032,Personal Care,0.8547902703285217,0.004565298557281494,"[""Household"", ""Personal Care"", ""Medicine""]","[0.8593555688858032, 0.8547902703285217, 0.8539881706237793]",True,True
dettol_floor_cleaner,منظف أرضيات ديتول,Household,ar,clean,ARABIC_TRIMMED_E5_DYNAMIC_INT8_PER_CHANNEL,HYBRID_PROTOTYPE,Household,0.8851550817489624,Personal Care,0.8639650940895081,0.021189987659454346,"[""Household"", ""Personal Care"", ""Medicine""]","[0.8851550817489624, 0.8639650940895081, 0.8576011657714844]",True,True
fairy_dish_liquid,سائل غسيل أطباق,Household,ar,clean,ARABIC_TRIMMED_E5_DYNAMIC_INT8_PER_CHANNEL,HYBRID_PROTOTYPE,Household,0.9141075611114502,Groceries,0.9009965658187866,0.013110995292663574,"[""Household"", ""Groceries"", ""Restaurants""]","[0.9141075611114502, 0.9009965658187866, 0.8949854969978333]",True,True
persil_gel,مسحوق غسيل برسيل,Household,ar,clean,ARABIC_TRIMMED_E5_DYNAMIC_INT8_PER_CHANNEL,HYBRID_PROTOTYPE,Household,0.896596372127533,Personal Care,0.8789564371109009,0.01763993501663208,"[""Household"", ""Personal Care"", ""Groceries""]","[0.896596372127533, 0.8789564371109009, 0.8767734169960022]",True,True
clorox_bleach,كلور مبيض,Household,ar,clean,ARABIC_TRIMMED_E5_DYNAMIC_INT8_PER_CHANNEL,HYBRID_PROTOTYPE,Personal Care,0.8357575535774231,Household,0.8292106986045837,0.0065468549728393555,"[""Personal Care"", ""Household"", ""Books""]","[0.8357575535774231, 0.8292106986045837, 0.8283312320709229]",False,True
dettol_floor_cleaner,Dettol منظف أرضيات,Household,mixed,mixed_language,ARABIC_TRIMMED_E5_DYNAMIC_INT8_PER_CHANNEL,HYBRID_PROTOTYPE,Household,0.9011458158493042,Personal Care,0.8811284303665161,0.020017385482788086,"[""Household"", ""Personal Care"", ""Restaurants""]","[0.9011458158493042, 0.8811284303665161, 0.8746967911720276]",True,True
fairy_dish_liquid,Fairy صابون أطباق,Household,mixed,mixed_language,ARABIC_TRIMMED_E5_DYNAMIC_INT8_PER_CHANNEL,HYBRID_PROTOTYPE,Restaurants,0.9164220690727234,Household,0.9145587682723999,0.0018633008003234863,"[""Restaurants"", ""Household"", ""Groceries""]","[0.9164220690727234, 0.9145587682723999, 0.91209876537323]",False,True
dettol_floor_cleaner,DettoI Floor C1eaner,Household,en,ocr_noise,ARABIC_TRIMMED_E5_DYNAMIC_INT8_PER_CHANNEL,HYBRID_PROTOTYPE,Household,0.8678551316261292,Personal Care,0.865822970867157,0.002032160758972168,"[""Household"", ""Personal Care"", ""Books""]","[0.8678551316261292, 0.865822970867157, 0.8653870820999146]",True,True
persil_gel,PersiI GeI,Household,en,ocr_noise,ARABIC_TRIMMED_E5_DYNAMIC_INT8_PER_CHANNEL,HYBRID_PROTOTYPE,Transport,0.8588461875915527,Books,0.8585712313652039,0.00027495622634887695,"[""Transport"", ""Books"", ""Restaurants""]","[0.8588461875915527, 0.8585712313652039, 0.856429934501648]",False,False
panadol_extra,Panadol Extra,Medicine,en,clean,ARABIC_TRIMMED_E5_DYNAMIC_INT8_PER_CHANNEL,HYBRID_PROTOTYPE,Groceries,0.8686689138412476,Fruits & Vegetables,0.8662313222885132,0.002437591552734375,"[""Groceries"", ""Fruits & Vegetables"", ""Medicine""]","[0.8686689138412476, 0.8662313222885132, 0.8635733127593994]",False,True
brufen_400,Brufen 400,Medicine,en,clean,ARABIC_TRIMMED_E5_DYNAMIC_INT8_PER_CHANNEL,HYBRID_PROTOTYPE,Shopping,0.8376287221908569,Books,0.8354502320289612,0.002178490161895752,"[""Shopping"", ""Books"", ""Restaurants""]","[0.8376287221908569, 0.8354502320289612, 0.8350604176521301]",False,False
folic_acid_600_mcg,Folic Acid 600 MCG,Medicine,en,clean,ARABIC_TRIMMED_E5_DYNAMIC_INT8_PER_CHANNEL,HYBRID_PROTOTYPE,Medicine,0.8641917705535889,Groceries,0.8575876951217651,0.0066040754318237305,"[""Medicine"", ""Groceries"", ""Personal Care""]","[0.8641917705535889, 0.8575876951217651, 0.8512753248214722]",True,True
immulant_plus_20_cap,Immulant Plus 20 Cap,Medicine,en,clean,ARABIC_TRIMMED_E5_DYNAMIC_INT8_PER_CHANNEL,HYBRID_PROTOTYPE,Medicine,0.8630330562591553,Household,0.8586390614509583,0.0043939948081970215,"[""Medicine"", ""Household"", ""Groceries""]","[0.8630330562591553, 0.8586390614509583, 0.8564766645431519]",True,True
panadol_extra,بنادول إكسترا,Medicine,ar,clean,ARABIC_TRIMMED_E5_DYNAMIC_INT8_PER_CHANNEL,HYBRID_PROTOTYPE,Medicine,0.8459387421607971,Household,0.8424261808395386,0.003512561321258545,"[""Medicine"", ""Household"", ""Groceries""]","[0.8459387421607971, 0.8424261808395386, 0.8418433666229248]",True,True
brufen_400,بروفين 400,Medicine,ar,clean,ARABIC_TRIMMED_E5_DYNAMIC_INT8_PER_CHANNEL,HYBRID_PROTOTYPE,Medicine,0.864272952079773,Personal Care,0.8601959347724915,0.004077017307281494,"[""Medicine"", ""Personal Care"", ""Transport""]","[0.864272952079773, 0.8601959347724915, 0.859259843826294]",True,True
folic_acid_600_mcg,حمض الفوليك,Medicine,ar,clean,ARABIC_TRIMMED_E5_DYNAMIC_INT8_PER_CHANNEL,HYBRID_PROTOTYPE,Medicine,0.8660860657691956,Personal Care,0.8607389330863953,0.005347132682800293,"[""Medicine"", ""Personal Care"", ""Groceries""]","[0.8660860657691956, 0.8607389330863953, 0.8593562841415405]",True,True
medicine_68,فيتامين سي,Medicine,ar,clean,ARABIC_TRIMMED_E5_DYNAMIC_INT8_PER_CHANNEL,HYBRID_PROTOTYPE,Medicine,0.8743451833724976,Personal Care,0.8510153293609619,0.023329854011535645,"[""Medicine"", ""Personal Care"", ""Groceries""]","[0.8743451833724976, 0.8510153293609619, 0.8498349189758301]",True,True
panadol_extra,Panadol مسكن,Medicine,mixed,mixed_language,ARABIC_TRIMMED_E5_DYNAMIC_INT8_PER_CHANNEL,HYBRID_PROTOTYPE,Groceries,0.8716803789138794,Personal Care,0.8689247369766235,0.0027556419372558594,"[""Groceries"", ""Personal Care"", ""Transport""]","[0.8716803789138794, 0.8689247369766235, 0.8688431978225708]",False,False
vitamin_d,Vitamin D فيتامين,Medicine,mixed,mixed_language,ARABIC_TRIMMED_E5_DYNAMIC_INT8_PER_CHANNEL,HYBRID_PROTOTYPE,Medicine,0.8925018310546875,Personal Care,0.8688607215881348,0.023641109466552734,"[""Medicine"", ""Personal Care"", ""Groceries""]","[0.8925018310546875, 0.8688607215881348, 0.8665095567703247]",True,True
panadol_extra,PANAD0L EXTRA,Medicine,en,ocr_noise,ARABIC_TRIMMED_E5_DYNAMIC_INT8_PER_CHANNEL,HYBRID_PROTOTYPE,Groceries,0.8611608743667603,Fruits & Vegetables,0.855148434638977,0.006012439727783203,"[""Groceries"", ""Fruits & Vegetables"", ""Shopping""]","[0.8611608743667603, 0.855148434638977, 0.8506723046302795]",False,False
folic_acid_600_mcg,F0LIC ACID 600 MCG,Medicine,en,ocr_noise,ARABIC_TRIMMED_E5_DYNAMIC_INT8_PER_CHANNEL,HYBRID_PROTOTYPE,Medicine,0.8630248308181763,Groceries,0.8596569299697876,0.003367900848388672,"[""Medicine"", ""Groceries"", ""Household""]","[0.8630248308181763, 0.8596569299697876, 0.852436900138855]",True,True
immulant_plus_20_cap,MLANT PLUS 20 CAP,Medicine,en,ocr_noise,ARABIC_TRIMMED_E5_DYNAMIC_INT8_PER_CHANNEL,HYBRID_PROTOTYPE,Medicine,0.8461525440216064,Household,0.8434352874755859,0.002717256546020508,"[""Medicine"", ""Household"", ""Groceries""]","[0.8461525440216064, 0.8434352874755859, 0.8423592448234558]",True,True
folic_acid_600_mcg,FoLic AciD 600 McG,Medicine,en,ocr_noise,ARABIC_TRIMMED_E5_DYNAMIC_INT8_PER_CHANNEL,HYBRID_PROTOTYPE,Medicine,0.8579033613204956,Groceries,0.8548259735107422,0.003077387809753418,"[""Medicine"", ""Groceries"", ""Household""]","[0.8579033613204956, 0.8548259735107422, 0.849179744720459]",True,True
cotton_tshirt,Cotton T Shirt,Shopping,en,clean,ARABIC_TRIMMED_E5_DYNAMIC_INT8_PER_CHANNEL,HYBRID_PROTOTYPE,Shopping,0.8506935834884644,Groceries,0.8445642590522766,0.006129324436187744,"[""Shopping"", ""Groceries"", ""Household""]","[0.8506935834884644, 0.8445642590522766, 0.8408792614936829]",True,True
running_shoes,Running Shoes,Shopping,en,clean,ARABIC_TRIMMED_E5_DYNAMIC_INT8_PER_CHANNEL,HYBRID_PROTOTYPE,Shopping,0.847265362739563,Transport,0.8289915919303894,0.018273770809173584,"[""Shopping"", ""Transport"", ""Restaurants""]","[0.847265362739563, 0.8289915919303894, 0.8289783000946045]",True,True
wireless_headphones,Wireless Headphones,Shopping,en,clean,ARABIC_TRIMMED_E5_DYNAMIC_INT8_PER_CHANNEL,HYBRID_PROTOTYPE,Shopping,0.8584955334663391,Bills,0.8480821251869202,0.010413408279418945,"[""Shopping"", ""Bills"", ""Entertainment""]","[0.8584955334663391, 0.8480821251869202, 0.847786545753479]",True,True
phone_charger,Phone Charger,Shopping,en,clean,ARABIC_TRIMMED_E5_DYNAMIC_INT8_PER_CHANNEL,HYBRID_PROTOTYPE,Shopping,0.8652029037475586,Bills,0.8646395206451416,0.0005633831024169922,"[""Shopping"", ""Bills"", ""Personal Care""]","[0.8652029037475586, 0.8646395206451416, 0.8537454605102539]",True,True
cotton_tshirt,تيشيرت قطن,Shopping,ar,clean,ARABIC_TRIMMED_E5_DYNAMIC_INT8_PER_CHANNEL,HYBRID_PROTOTYPE,Transport,0.8904919028282166,Groceries,0.8814437389373779,0.009048163890838623,"[""Transport"", ""Groceries"", ""Restaurants""]","[0.8904919028282166, 0.8814437389373779, 0.881072998046875]",False,False
running_shoes,حذاء رياضي,Shopping,ar,clean,ARABIC_TRIMMED_E5_DYNAMIC_INT8_PER_CHANNEL,HYBRID_PROTOTYPE,Shopping,0.8841129541397095,Books,0.8800305128097534,0.004082441329956055,"[""Shopping"", ""Books"", ""Entertainment""]","[0.8841129541397095, 0.8800305128097534, 0.8684877157211304]",True,True
wireless_headphones,سماعات بلوتوث,Shopping,ar,clean,ARABIC_TRIMMED_E5_DYNAMIC_INT8_PER_CHANNEL,HYBRID_PROTOTYPE,Personal Care,0.8642827868461609,Household,0.8591973781585693,0.005085408687591553,"[""Personal Care"", ""Household"", ""Entertainment""]","[0.8642827868461609, 0.8591973781585693, 0.8591146469116211]",False,False
phone_charger,شاحن موبايل,Shopping,ar,clean,ARABIC_TRIMMED_E5_DYNAMIC_INT8_PER_CHANNEL,HYBRID_PROTOTYPE,Books,0.8584474325180054,Shopping,0.8577004671096802,0.0007469654083251953,"[""Books"", ""Shopping"", ""Transport""]","[0.8584474325180054, 0.8577004671096802, 0.8574045896530151]",False,True
running_shoes,Nike حذاء,Shopping,mixed,mixed_language,ARABIC_TRIMMED_E5_DYNAMIC_INT8_PER_CHANNEL,HYBRID_PROTOTYPE,Shopping,0.894565224647522,Personal Care,0.8854126930236816,0.009152531623840332,"[""Shopping"", ""Personal Care"", ""Books""]","[0.894565224647522, 0.8854126930236816, 0.8850750923156738]",True,True
wireless_headphones,Headphones سماعات,Shopping,mixed,mixed_language,ARABIC_TRIMMED_E5_DYNAMIC_INT8_PER_CHANNEL,HYBRID_PROTOTYPE,Personal Care,0.9022154808044434,Shopping,0.9004882574081421,0.0017272233963012695,"[""Personal Care"", ""Shopping"", ""Books""]","[0.9022154808044434, 0.9004882574081421, 0.8941375613212585]",False,True
wireless_headphones,W1RELESS HEADPH0NES,Shopping,en,ocr_noise,ARABIC_TRIMMED_E5_DYNAMIC_INT8_PER_CHANNEL,HYBRID_PROTOTYPE,Shopping,0.8505504727363586,Medicine,0.8428991436958313,0.007651329040527344,"[""Shopping"", ""Medicine"", ""Bills""]","[0.8505504727363586, 0.8428991436958313, 0.8396298885345459]",True,True
phone_charger,PH0NE CHARGER,Shopping,en,ocr_noise,ARABIC_TRIMMED_E5_DYNAMIC_INT8_PER_CHANNEL,HYBRID_PROTOTYPE,Medicine,0.8224067687988281,Personal Care,0.8217473030090332,0.0006594657897949219,"[""Medicine"", ""Personal Care"", ""Shopping""]","[0.8224067687988281, 0.8217473030090332, 0.8207685947418213]",False,True
electricity_bill,Electricity Bill,Bills,en,clean,ARABIC_TRIMMED_E5_DYNAMIC_INT8_PER_CHANNEL,HYBRID_PROTOTYPE,Bills,0.8992288708686829,Shopping,0.8489474058151245,0.05028146505355835,"[""Bills"", ""Shopping"", ""Other""]","[0.8992288708686829, 0.8489474058151245, 0.8482290506362915]",True,True
internet_bill,WE Internet Bill,Bills,en,clean,ARABIC_TRIMMED_E5_DYNAMIC_INT8_PER_CHANNEL,HYBRID_PROTOTYPE,Bills,0.8897461295127869,Books,0.8491208553314209,0.04062527418136597,"[""Bills"", ""Books"", ""Shopping""]","[0.8897461295127869, 0.8491208553314209, 0.8483637571334839]",True,True
water_bill,Water Utility Bill,Bills,en,clean,ARABIC_TRIMMED_E5_DYNAMIC_INT8_PER_CHANNEL,HYBRID_PROTOTYPE,Bills,0.9063664674758911,Household,0.8521449565887451,0.054221510887145996,"[""Bills"", ""Household"", ""Other""]","[0.9063664674758911, 0.8521449565887451, 0.8521115183830261]",True,True
mobile_bill,Mobile Phone Bill,Bills,en,clean,ARABIC_TRIMMED_E5_DYNAMIC_INT8_PER_CHANNEL,HYBRID_PROTOTYPE,Bills,0.9034746885299683,Shopping,0.8640286922454834,0.03944599628448486,"[""Bills"", ""Shopping"", ""Other""]","[0.9034746885299683, 0.8640286922454834, 0.8632363677024841]",True,True
electricity_bill,فاتورة كهرباء,Bills,ar,clean,ARABIC_TRIMMED_E5_DYNAMIC_INT8_PER_CHANNEL,HYBRID_PROTOTYPE,Bills,0.9156570434570312,Other,0.8879278898239136,0.027729153633117676,"[""Bills"", ""Other"", ""Restaurants""]","[0.9156570434570312, 0.8879278898239136, 0.8870090842247009]",True,True
internet_bill,فاتورة انترنت WE,Bills,mixed,mixed_language,ARABIC_TRIMMED_E5_DYNAMIC_INT8_PER_CHANNEL,HYBRID_PROTOTYPE,Bills,0.9161315560340881,Books,0.8994544744491577,0.01667708158493042,"[""Bills"", ""Books"", ""Shopping""]","[0.9161315560340881, 0.8994544744491577, 0.8891208171844482]",True,True
water_bill,فاتورة مياه,Bills,ar,clean,ARABIC_TRIMMED_E5_DYNAMIC_INT8_PER_CHANNEL,HYBRID_PROTOTYPE,Bills,0.9124935865402222,Other,0.8879367113113403,0.024556875228881836,"[""Bills"", ""Other"", ""Household""]","[0.9124935865402222, 0.8879367113113403, 0.8854787349700928]",True,True
gas_bill,فاتورة غاز,Bills,ar,clean,ARABIC_TRIMMED_E5_DYNAMIC_INT8_PER_CHANNEL,HYBRID_PROTOTYPE,Bills,0.9082907438278198,Transport,0.8918156623840332,0.01647508144378662,"[""Bills"", ""Transport"", ""Other""]","[0.9082907438278198, 0.8918156623840332, 0.8892648816108704]",True,True
mobile_bill,Orange فاتورة موبايل,Bills,mixed,mixed_language,ARABIC_TRIMMED_E5_DYNAMIC_INT8_PER_CHANNEL,HYBRID_PROTOTYPE,Bills,0.9007828235626221,Transport,0.890170693397522,0.010612130165100098,"[""Bills"", ""Transport"", ""Shopping""]","[0.9007828235626221, 0.890170693397522, 0.8879857063293457]",True,True
internet_bill,Internet فاتورة شهرية,Bills,mixed,mixed_language,ARABIC_TRIMMED_E5_DYNAMIC_INT8_PER_CHANNEL,HYBRID_PROTOTYPE,Bills,0.9101812243461609,Other,0.880563497543335,0.029617726802825928,"[""Bills"", ""Other"", ""Books""]","[0.9101812243461609, 0.880563497543335, 0.8789712190628052]",True,True
electricity_bill,ELECTR1C1TY B1LL,Bills,en,ocr_noise,ARABIC_TRIMMED_E5_DYNAMIC_INT8_PER_CHANNEL,HYBRID_PROTOTYPE,Shopping,0.8701326847076416,Books,0.8687840700149536,0.0013486146926879883,"[""Shopping"", ""Books"", ""Bills""]","[0.8701326847076416, 0.8687840700149536, 0.8678552508354187]",False,True
internet_bill,WE 1NTERNET B1LL,Bills,en,ocr_noise,ARABIC_TRIMMED_E5_DYNAMIC_INT8_PER_CHANNEL,HYBRID_PROTOTYPE,Groceries,0.8541874885559082,Books,0.8488954305648804,0.005292057991027832,"[""Groceries"", ""Books"", ""Household""]","[0.8541874885559082, 0.8488954305648804, 0.8479775190353394]",False,False
netflix,Netflix,Entertainment,en,clean,ARABIC_TRIMMED_E5_DYNAMIC_INT8_PER_CHANNEL,HYBRID_PROTOTYPE,Entertainment,0.8679002523422241,Books,0.860429048538208,0.007471203804016113,"[""Entertainment"", ""Books"", ""Restaurants""]","[0.8679002523422241, 0.860429048538208, 0.8538997769355774]",True,True
cinema_ticket,Cinema Ticket,Entertainment,en,clean,ARABIC_TRIMMED_E5_DYNAMIC_INT8_PER_CHANNEL,HYBRID_PROTOTYPE,Entertainment,0.8830982446670532,Transport,0.8540949821472168,0.029003262519836426,"[""Entertainment"", ""Transport"", ""Restaurants""]","[0.8830982446670532, 0.8540949821472168, 0.8427516222000122]",True,True
playstation_game,PlayStation Game,Entertainment,en,clean,ARABIC_TRIMMED_E5_DYNAMIC_INT8_PER_CHANNEL,HYBRID_PROTOTYPE,Entertainment,0.8526400327682495,Shopping,0.8480179309844971,0.004622101783752441,"[""Entertainment"", ""Shopping"", ""Restaurants""]","[0.8526400327682495, 0.8480179309844971, 0.837020754814148]",True,True
concert_ticket,Concert Ticket,Entertainment,en,clean,ARABIC_TRIMMED_E5_DYNAMIC_INT8_PER_CHANNEL,HYBRID_PROTOTYPE,Entertainment,0.8537858128547668,Transport,0.8398950099945068,0.01389080286026001,"[""Entertainment"", ""Transport"", ""Shopping""]","[0.8537858128547668, 0.8398950099945068, 0.838790774345398]",True,True
cinema_ticket,تذكرة سينما,Entertainment,ar,clean,ARABIC_TRIMMED_E5_DYNAMIC_INT8_PER_CHANNEL,HYBRID_PROTOTYPE,Entertainment,0.8947204351425171,Transport,0.8809211850166321,0.01379925012588501,"[""Entertainment"", ""Transport"", ""Restaurants""]","[0.8947204351425171, 0.8809211850166321, 0.8688771724700928]",True,True
netflix,اشتراك مشاهدة أفلام,Entertainment,ar,clean,ARABIC_TRIMMED_E5_DYNAMIC_INT8_PER_CHANNEL,HYBRID_PROTOTYPE,Entertainment,0.9150152206420898,Books,0.8891463279724121,0.025868892669677734,"[""Entertainment"", ""Books"", ""Shopping""]","[0.9150152206420898, 0.8891463279724121, 0.8868935108184814]",True,True
playstation_game,لعبة بلايستيشن,Entertainment,ar,clean,ARABIC_TRIMMED_E5_DYNAMIC_INT8_PER_CHANNEL,HYBRID_PROTOTYPE,Shopping,0.8710740804672241,Entertainment,0.8703047037124634,0.0007693767547607422,"[""Shopping"", ""Entertainment"", ""Books""]","[0.8710740804672241, 0.8703047037124634, 0.8671420216560364]",False,True
concert_ticket,تذكرة حفلة,Entertainment,ar,clean,ARABIC_TRIMMED_E5_DYNAMIC_INT8_PER_CHANNEL,HYBRID_PROTOTYPE,Entertainment,0.8890330791473389,Transport,0.8857065439224243,0.0033265352249145508,"[""Entertainment"", ""Transport"", ""Restaurants""]","[0.8890330791473389, 0.8857065439224243, 0.8811430931091309]",True,True
netflix,Netflix اشتراك,Entertainment,mixed,mixed_language,ARABIC_TRIMMED_E5_DYNAMIC_INT8_PER_CHANNEL,HYBRID_PROTOTYPE,Entertainment,0.8994446992874146,Shopping,0.8853070735931396,0.014137625694274902,"[""Entertainment"", ""Shopping"", ""Books""]","[0.8994446992874146, 0.8853070735931396, 0.8844380378723145]",True,True
cinema_ticket,Cinema تذكرة,Entertainment,mixed,mixed_language,ARABIC_TRIMMED_E5_DYNAMIC_INT8_PER_CHANNEL,HYBRID_PROTOTYPE,Entertainment,0.9161087274551392,Transport,0.9023936986923218,0.013715028762817383,"[""Entertainment"", ""Transport"", ""Restaurants""]","[0.9161087274551392, 0.9023936986923218, 0.890418529510498]",True,True
netflix,NETFL1X,Entertainment,en,ocr_noise,ARABIC_TRIMMED_E5_DYNAMIC_INT8_PER_CHANNEL,HYBRID_PROTOTYPE,Shopping,0.8395843505859375,Medicine,0.836097002029419,0.0034873485565185547,"[""Shopping"", ""Medicine"", ""Entertainment""]","[0.8395843505859375, 0.836097002029419, 0.8357051014900208]",False,True
cinema_ticket,C1NEMA T1CKET,Entertainment,en,ocr_noise,ARABIC_TRIMMED_E5_DYNAMIC_INT8_PER_CHANNEL,HYBRID_PROTOTYPE,Restaurants,0.856186032295227,Shopping,0.8545970916748047,0.0015889406204223633,"[""Restaurants"", ""Shopping"", ""Groceries""]","[0.856186032295227, 0.8545970916748047, 0.8537706732749939]",False,False
dove_shampoo,Dove Shampoo,Personal Care,en,clean,ARABIC_TRIMMED_E5_DYNAMIC_INT8_PER_CHANNEL,HYBRID_PROTOTYPE,Personal Care,0.8677479028701782,Household,0.8483226895332336,0.01942521333694458,"[""Personal Care"", ""Household"", ""Shopping""]","[0.8677479028701782, 0.8483226895332336, 0.8410038948059082]",True,True
nivea_face_cream,Nivea Face Cream,Personal Care,en,clean,ARABIC_TRIMMED_E5_DYNAMIC_INT8_PER_CHANNEL,HYBRID_PROTOTYPE,Personal Care,0.8863829970359802,Medicine,0.8709620237350464,0.015420973300933838,"[""Personal Care"", ""Medicine"", ""Restaurants""]","[0.8863829970359802, 0.8709620237350464, 0.8703364133834839]",True,True
gillette_razor,Gillette Razor,Personal Care,en,clean,ARABIC_TRIMMED_E5_DYNAMIC_INT8_PER_CHANNEL,HYBRID_PROTOTYPE,Household,0.8550053834915161,Personal Care,0.853938102722168,0.0010672807693481445,"[""Household"", ""Personal Care"", ""Groceries""]","[0.8550053834915161, 0.853938102722168, 0.8507808446884155]",False,True
haircut,Haircut,Personal Care,en,clean,ARABIC_TRIMMED_E5_DYNAMIC_INT8_PER_CHANNEL,HYBRID_PROTOTYPE,Restaurants,0.843746542930603,Shopping,0.8431847095489502,0.000561833381652832,"[""Restaurants"", ""Shopping"", ""Personal Care""]","[0.843746542930603, 0.8431847095489502, 0.8404238224029541]",False,True
dove_shampoo,شامبو دوف,Personal Care,ar,clean,ARABIC_TRIMMED_E5_DYNAMIC_INT8_PER_CHANNEL,HYBRID_PROTOTYPE,Personal Care,0.8857314586639404,Household,0.869647741317749,0.016083717346191406,"[""Personal Care"", ""Household"", ""Restaurants""]","[0.8857314586639404, 0.869647741317749, 0.8694739937782288]",True,True
nivea_face_cream,كريم نيفيا للوجه,Personal Care,ar,clean,ARABIC_TRIMMED_E5_DYNAMIC_INT8_PER_CHANNEL,HYBRID_PROTOTYPE,Personal Care,0.8892256617546082,Medicine,0.8708447217941284,0.018380939960479736,"[""Personal Care"", ""Medicine"", ""Household""]","[0.8892256617546082, 0.8708447217941284, 0.8698522448539734]",True,True
gillette_razor,شفرة حلاقة,Personal Care,ar,clean,ARABIC_TRIMMED_E5_DYNAMIC_INT8_PER_CHANNEL,HYBRID_PROTOTYPE,Personal Care,0.8921073079109192,Books,0.8695772886276245,0.022530019283294678,"[""Personal Care"", ""Books"", ""Household""]","[0.8921073079109192, 0.8695772886276245, 0.8689844012260437]",True,True
haircut,قص شعر,Personal Care,ar,clean,ARABIC_TRIMMED_E5_DYNAMIC_INT8_PER_CHANNEL,HYBRID_PROTOTYPE,Restaurants,0.8761913180351257,Books,0.8728147745132446,0.0033765435218811035,"[""Restaurants"", ""Books"", ""Shopping""]","[0.8761913180351257, 0.8728147745132446, 0.8722683191299438]",False,False
dove_shampoo,Shampoo شامبو,Personal Care,mixed,mixed_language,ARABIC_TRIMMED_E5_DYNAMIC_INT8_PER_CHANNEL,HYBRID_PROTOTYPE,Personal Care,0.9074138402938843,Household,0.8868432641029358,0.020570576190948486,"[""Personal Care"", ""Household"", ""Shopping""]","[0.9074138402938843, 0.8868432641029358, 0.8772983551025391]",True,True
nivea_face_cream,Nivea كريم بشرة,Personal Care,mixed,mixed_language,ARABIC_TRIMMED_E5_DYNAMIC_INT8_PER_CHANNEL,HYBRID_PROTOTYPE,Personal Care,0.9025788307189941,Medicine,0.894074559211731,0.008504271507263184,"[""Personal Care"", ""Medicine"", ""Household""]","[0.9025788307189941, 0.894074559211731, 0.8873337507247925]",True,True
dove_shampoo,شامبو D0VE,Personal Care,mixed,ocr_noise,ARABIC_TRIMMED_E5_DYNAMIC_INT8_PER_CHANNEL,HYBRID_PROTOTYPE,Personal Care,0.8947705030441284,Household,0.8825976848602295,0.012172818183898926,"[""Personal Care"", ""Household"", ""Shopping""]","[0.8947705030441284, 0.8825976848602295, 0.87241131067276]",True,True
gillette_razor,G1LLETTE RAZ0R,Personal Care,en,ocr_noise,ARABIC_TRIMMED_E5_DYNAMIC_INT8_PER_CHANNEL,HYBRID_PROTOTYPE,Groceries,0.859400749206543,Books,0.8563809394836426,0.0030198097229003906,"[""Groceries"", ""Books"", ""Shopping""]","[0.859400749206543, 0.8563809394836426, 0.8552413582801819]",False,False
service_fee,Service Fee,Other,en,clean,ARABIC_TRIMMED_E5_DYNAMIC_INT8_PER_CHANNEL,HYBRID_PROTOTYPE,Other,0.8918113708496094,Bills,0.8827970027923584,0.009014368057250977,"[""Other"", ""Bills"", ""Restaurants""]","[0.8918113708496094, 0.8827970027923584, 0.86580491065979]",True,True
charity_donation,Charity Donation,Other,en,clean,ARABIC_TRIMMED_E5_DYNAMIC_INT8_PER_CHANNEL,HYBRID_PROTOTYPE,Other,0.8317151069641113,Bills,0.8291032314300537,0.002611875534057617,"[""Other"", ""Bills"", ""Medicine""]","[0.8317151069641113, 0.8291032314300537, 0.8290789127349854]",True,True
document_printing,Document Printing,Other,en,clean,ARABIC_TRIMMED_E5_DYNAMIC_INT8_PER_CHANNEL,HYBRID_PROTOTYPE,Books,0.8420261740684509,Medicine,0.8394210338592529,0.002605140209197998,"[""Books"", ""Medicine"", ""Bills""]","[0.8420261740684509, 0.8394210338592529, 0.8390889763832092]",False,False
delivery_fee,Delivery Fee,Other,en,clean,ARABIC_TRIMMED_E5_DYNAMIC_INT8_PER_CHANNEL,HYBRID_PROTOTYPE,Other,0.8790534138679504,Bills,0.8599082231521606,0.019145190715789795,"[""Other"", ""Bills"", ""Restaurants""]","[0.8790534138679504, 0.8599082231521606, 0.8559215068817139]",True,True
service_fee,رسوم خدمة,Other,ar,clean,ARABIC_TRIMMED_E5_DYNAMIC_INT8_PER_CHANNEL,HYBRID_PROTOTYPE,Other,0.8862050175666809,Bills,0.8833716511726379,0.0028333663940429688,"[""Other"", ""Bills"", ""Transport""]","[0.8862050175666809, 0.8833716511726379, 0.8660868406295776]",True,True
charity_donation,تبرع خيري,Other,ar,clean,ARABIC_TRIMMED_E5_DYNAMIC_INT8_PER_CHANNEL,HYBRID_PROTOTYPE,Other,0.8736189603805542,Groceries,0.8721082806587219,0.0015106797218322754,"[""Other"", ""Groceries"", ""Transport""]","[0.8736189603805542, 0.8721082806587219, 0.8694920539855957]",True,True
document_printing,طباعة مستندات,Other,ar,clean,ARABIC_TRIMMED_E5_DYNAMIC_INT8_PER_CHANNEL,HYBRID_PROTOTYPE,Books,0.8794592618942261,Other,0.8744020462036133,0.005057215690612793,"[""Books"", ""Other"", ""Medicine""]","[0.8794592618942261, 0.8744020462036133, 0.8718079328536987]",False,True
misc_expense,مصاريف متنوعة,Other,ar,clean,ARABIC_TRIMMED_E5_DYNAMIC_INT8_PER_CHANNEL,HYBRID_PROTOTYPE,Other,0.8986631631851196,Bills,0.8879569172859192,0.01070624589920044,"[""Other"", ""Bills"", ""Shopping""]","[0.8986631631851196, 0.8879569172859192, 0.8859015107154846]",True,True
delivery_fee,Delivery رسوم,Other,mixed,mixed_language,ARABIC_TRIMMED_E5_DYNAMIC_INT8_PER_CHANNEL,HYBRID_PROTOTYPE,Other,0.8938207030296326,Restaurants,0.8835777044296265,0.010242998600006104,"[""Other"", ""Restaurants"", ""Transport""]","[0.8938207030296326, 0.8835777044296265, 0.8825274705886841]",True,True
service_fee,Service مصاريف,Other,mixed,mixed_language,ARABIC_TRIMMED_E5_DYNAMIC_INT8_PER_CHANNEL,HYBRID_PROTOTYPE,Other,0.9063242673873901,Bills,0.8958411812782288,0.010483086109161377,"[""Other"", ""Bills"", ""Restaurants""]","[0.9063242673873901, 0.8958411812782288, 0.8927009105682373]",True,True
service_fee,SERV1CE FEE,Other,en,ocr_noise,ARABIC_TRIMMED_E5_DYNAMIC_INT8_PER_CHANNEL,HYBRID_PROTOTYPE,Other,0.8611800670623779,Bills,0.8524194955825806,0.008760571479797363,"[""Other"", ""Bills"", ""Restaurants""]","[0.8611800670623779, 0.8524194955825806, 0.8485128879547119]",True,True
misc_expense,M1SC EXPENSE,Other,en,ocr_noise,ARABIC_TRIMMED_E5_DYNAMIC_INT8_PER_CHANNEL,HYBRID_PROTOTYPE,Medicine,0.8497083187103271,Other,0.8473714590072632,0.002336859703063965,"[""Medicine"", ""Other"", ""Entertainment""]","[0.8497083187103271, 0.8473714590072632, 0.8446975946426392]",False,True
atomic_habits,Atomic Habits,Books,en,clean,ARABIC_TRIMMED_E5_DYNAMIC_INT8_PER_CHANNEL,HYBRID_PROTOTYPE,Shopping,0.8682370781898499,Books,0.8669529557228088,0.0012841224670410156,"[""Shopping"", ""Books"", ""Restaurants""]","[0.8682370781898499, 0.8669529557228088, 0.8609330058097839]",False,True
clean_code,Clean Code,Books,en,clean,ARABIC_TRIMMED_E5_DYNAMIC_INT8_PER_CHANNEL,HYBRID_PROTOTYPE,Household,0.8614383339881897,Personal Care,0.8514107465744019,0.010027587413787842,"[""Household"", ""Personal Care"", ""Shopping""]","[0.8614383339881897, 0.8514107465744019, 0.8492076396942139]",False,False
psychology_of_money,The Psychology of Money,Books,en,clean,ARABIC_TRIMMED_E5_DYNAMIC_INT8_PER_CHANNEL,HYBRID_PROTOTYPE,Bills,0.8685605525970459,Other,0.8650840520858765,0.0034765005111694336,"[""Bills"", ""Other"", ""Books""]","[0.8685605525970459, 0.8650840520858765, 0.8635528087615967]",False,True
pragmatic_programmer,The Pragmatic Programmer,Books,en,clean,ARABIC_TRIMMED_E5_DYNAMIC_INT8_PER_CHANNEL,HYBRID_PROTOTYPE,Household,0.840578556060791,Restaurants,0.8395879864692688,0.0009905695915222168,"[""Household"", ""Restaurants"", ""Medicine""]","[0.840578556060791, 0.8395879864692688, 0.8367273807525635]",False,False
atomic_habits,العادات الذرية,Books,ar,clean,ARABIC_TRIMMED_E5_DYNAMIC_INT8_PER_CHANNEL,HYBRID_PROTOTYPE,Books,0.8692672252655029,Restaurants,0.8673081398010254,0.001959085464477539,"[""Books"", ""Restaurants"", ""Groceries""]","[0.8692672252655029, 0.8673081398010254, 0.8628473281860352]",True,True
art_of_not_caring,كتاب فن اللامبالاة,Books,ar,clean,ARABIC_TRIMMED_E5_DYNAMIC_INT8_PER_CHANNEL,HYBRID_PROTOTYPE,Books,0.870819628238678,Personal Care,0.85137939453125,0.01944023370742798,"[""Books"", ""Personal Care"", ""Restaurants""]","[0.870819628238678, 0.85137939453125, 0.847847580909729]",True,True
awlad_haretna,رواية أولاد حارتنا,Books,ar,clean,ARABIC_TRIMMED_E5_DYNAMIC_INT8_PER_CHANNEL,HYBRID_PROTOTYPE,Books,0.8530231714248657,Restaurants,0.8341795206069946,0.018843650817871094,"[""Books"", ""Restaurants"", ""Transport""]","[0.8530231714248657, 0.8341795206069946, 0.8316328525543213]",True,True
learn_python_book,كتاب تعلم بايثون,Books,ar,clean,ARABIC_TRIMMED_E5_DYNAMIC_INT8_PER_CHANNEL,HYBRID_PROTOTYPE,Books,0.8925344944000244,Restaurants,0.8656842708587646,0.026850223541259766,"[""Books"", ""Restaurants"", ""Shopping""]","[0.8925344944000244, 0.8656842708587646, 0.8631012439727783]",True,True
clean_code,Clean Code كتاب,Books,mixed,mixed_language,ARABIC_TRIMMED_E5_DYNAMIC_INT8_PER_CHANNEL,HYBRID_PROTOTYPE,Books,0.9161125421524048,Household,0.8900598287582397,0.02605271339416504,"[""Books"", ""Household"", ""Shopping""]","[0.9161125421524048, 0.8900598287582397, 0.8874419927597046]",True,True
atomic_habits,Atomic Habits نسخة عربية,Books,mixed,mixed_language,ARABIC_TRIMMED_E5_DYNAMIC_INT8_PER_CHANNEL,HYBRID_PROTOTYPE,Transport,0.8843274116516113,Books,0.8829219937324524,0.0014054179191589355,"[""Transport"", ""Books"", ""Shopping""]","[0.8843274116516113, 0.8829219937324524, 0.877129077911377]",False,True
atomic_habits,AT0MIC HAB1TS,Books,en,ocr_noise,ARABIC_TRIMMED_E5_DYNAMIC_INT8_PER_CHANNEL,HYBRID_PROTOTYPE,Medicine,0.8541347980499268,Shopping,0.8517692685127258,0.0023655295372009277,"[""Medicine"", ""Shopping"", ""Groceries""]","[0.8541347980499268, 0.8517692685127258, 0.8492916822433472]",False,False
clean_code,CLEAN C0DE,Books,en,ocr_noise,ARABIC_TRIMMED_E5_DYNAMIC_INT8_PER_CHANNEL,HYBRID_PROTOTYPE,Household,0.8736417889595032,Personal Care,0.86444091796875,0.009200870990753174,"[""Household"", ""Personal Care"", ""Shopping""]","[0.8736417889595032, 0.86444091796875, 0.8614007234573364]",False,False
chicken_breast,Chicken Breast,Groceries,en,clean,FIHRIS_MINILM_FP32,HYBRID_PROTOTYPE,Groceries,0.4654170870780945,Restaurants,0.3340684771537781,0.1313486099243164,"[""Groceries"", ""Restaurants"", ""Fruits & Vegetables""]","[0.4654170870780945, 0.3340684771537781, 0.28529882431030273]",True,True
milk_1l,Milk 1L,Groceries,en,clean,FIHRIS_MINILM_FP32,HYBRID_PROTOTYPE,Groceries,0.5484210848808289,Restaurants,0.2946503162384033,0.25377076864242554,"[""Groceries"", ""Restaurants"", ""Bills""]","[0.5484210848808289, 0.2946503162384033, 0.26464444398880005]",True,True
rice_1kg,Rice 1KG,Groceries,en,clean,FIHRIS_MINILM_FP32,HYBRID_PROTOTYPE,Groceries,0.3030086159706116,Medicine,0.273576945066452,0.029431670904159546,"[""Groceries"", ""Medicine"", ""Transport""]","[0.3030086159706116, 0.273576945066452, 0.25384292006492615]",True,True
groceries_egyptian_white_cheese,Egyptian White Cheese,Groceries,en,clean,FIHRIS_MINILM_FP32,HYBRID_PROTOTYPE,Restaurants,0.42518913745880127,Groceries,0.3289123773574829,0.09627676010131836,"[""Restaurants"", ""Groceries"", ""Personal Care""]","[0.42518913745880127, 0.3289123773574829, 0.26739710569381714]",False,True
chicken_breast,صدور فراخ,Groceries,ar,clean,FIHRIS_MINILM_FP32,HYBRID_PROTOTYPE,Other,0.571799635887146,Bills,0.3676556944847107,0.2041439414024353,"[""Other"", ""Bills"", ""Groceries""]","[0.571799635887146, 0.3676556944847107, 0.3611745536327362]",False,True
milk_1l,لبن كامل الدسم,Groceries,ar,clean,FIHRIS_MINILM_FP32,HYBRID_PROTOTYPE,Groceries,0.4993075728416443,Personal Care,0.43867623805999756,0.06063133478164673,"[""Groceries"", ""Personal Care"", ""Medicine""]","[0.4993075728416443, 0.43867623805999756, 0.40375423431396484]",True,True
rice_1kg,كيس أرز 1 كيلو,Groceries,ar,clean,FIHRIS_MINILM_FP32,HYBRID_PROTOTYPE,Groceries,0.4725532829761505,Restaurants,0.34238335490226746,0.13016992807388306,"[""Groceries"", ""Restaurants"", ""Fruits & Vegetables""]","[0.4725532829761505, 0.34238335490226746, 0.3123021125793457]",True,True
groceries_8,علبة تونة,Groceries,ar,clean,FIHRIS_MINILM_FP32,HYBRID_PROTOTYPE,Shopping,0.5156530737876892,Transport,0.421085923910141,0.09456714987754822,"[""Shopping"", ""Transport"", ""Entertainment""]","[0.5156530737876892, 0.421085923910141, 0.3661121428012848]",False,False
milk_1l,Fresh Milk لبن,Groceries,mixed,mixed_language,FIHRIS_MINILM_FP32,HYBRID_PROTOTYPE,Groceries,0.5506371259689331,Fruits & Vegetables,0.35730183124542236,0.19333529472351074,"[""Groceries"", ""Fruits & Vegetables"", ""Restaurants""]","[0.5506371259689331, 0.35730183124542236, 0.3461320996284485]",True,True
chicken_breast,Chicken فراخ مجمدة,Groceries,mixed,mixed_language,FIHRIS_MINILM_FP32,HYBRID_PROTOTYPE,Groceries,0.5409989356994629,Restaurants,0.43905892968177795,0.10194000601768494,"[""Groceries"", ""Restaurants"", ""Household""]","[0.5409989356994629, 0.43905892968177795, 0.2992616295814514]",True,True
milk_1l,M1LK 1L,Groceries,en,ocr_noise,FIHRIS_MINILM_FP32,HYBRID_PROTOTYPE,Groceries,0.3224676847457886,Transport,0.26850712299346924,0.053960561752319336,"[""Groceries"", ""Transport"", ""Medicine""]","[0.3224676847457886, 0.26850712299346924, 0.25810733437538147]",True,True
rice_1kg,R1CE 1KG,Groceries,en,ocr_noise,FIHRIS_MINILM_FP32,HYBRID_PROTOTYPE,Transport,0.16621333360671997,Groceries,0.15854521095752716,0.00766812264919281,"[""Transport"", ""Groceries"", ""Medicine""]","[0.16621333360671997, 0.15854521095752716, 0.15350006520748138]",False,True
banana,Banana,Fruits & Vegetables,en,clean,FIHRIS_MINILM_FP32,HYBRID_PROTOTYPE,Fruits & Vegetables,0.41934090852737427,Personal Care,0.22648930549621582,0.19285160303115845,"[""Fruits & Vegetables"", ""Personal Care"", ""Groceries""]","[0.41934090852737427, 0.22648930549621582, 0.21900181472301483]",True,True
tomatoes,Fresh Tomatoes,Fruits & Vegetables,en,clean,FIHRIS_MINILM_FP32,HYBRID_PROTOTYPE,Fruits & Vegetables,0.6664681434631348,Medicine,0.3236277401447296,0.34284040331840515,"[""Fruits & Vegetables"", ""Medicine"", ""Groceries""]","[0.6664681434631348, 0.3236277401447296, 0.2570335268974304]",True,True
apples,Green Apples,Fruits & Vegetables,en,clean,FIHRIS_MINILM_FP32,HYBRID_PROTOTYPE,Fruits & Vegetables,0.5708743333816528,Groceries,0.3217311203479767,0.24914321303367615,"[""Fruits & Vegetables"", ""Groceries"", ""Shopping""]","[0.5708743333816528, 0.3217311203479767, 0.2343643307685852]",True,True
cucumber,Cucumber Pack,Fruits & Vegetables,en,clean,FIHRIS_MINILM_FP32,HYBRID_PROTOTYPE,Fruits & Vegetables,0.5108050107955933,Groceries,0.34255415201187134,0.16825085878372192,"[""Fruits & Vegetables"", ""Groceries"", ""Medicine""]","[0.5108050107955933, 0.34255415201187134, 0.314899742603302]",True,True
tomatoes,طماطم,Fruits & Vegetables,ar,clean,FIHRIS_MINILM_FP32,HYBRID_PROTOTYPE,Fruits & Vegetables,0.7109116315841675,Groceries,0.3738410770893097,0.3370705544948578,"[""Fruits & Vegetables"", ""Groceries"", ""Medicine""]","[0.7109116315841675, 0.3738410770893097, 0.3482787013053894]",True,True
apples,تفاح,Fruits & Vegetables,ar,clean,FIHRIS_MINILM_FP32,HYBRID_PROTOTYPE,Fruits & Vegetables,0.44891828298568726,Groceries,0.2650565803050995,0.18386170268058777,"[""Fruits & Vegetables"", ""Groceries"", ""Shopping""]","[0.44891828298568726, 0.2650565803050995, 0.18354065716266632]",True,True
banana,موز بلدي,Fruits & Vegetables,ar,clean,FIHRIS_MINILM_FP32,HYBRID_PROTOTYPE,Fruits & Vegetables,0.29398298263549805,Groceries,0.24736198782920837,0.04662099480628967,"[""Fruits & Vegetables"", ""Groceries"", ""Personal Care""]","[0.29398298263549805, 0.24736198782920837, 0.22378145158290863]",True,True
cucumber,خيار طازج,Fruits & Vegetables,ar,clean,FIHRIS_MINILM_FP32,HYBRID_PROTOTYPE,Groceries,0.36714696884155273,Transport,0.3452771306037903,0.02186983823776245,"[""Groceries"", ""Transport"", ""Restaurants""]","[0.36714696884155273, 0.3452771306037903, 0.32644587755203247]",False,False
banana,Banana موز,Fruits & Vegetables,mixed,mixed_language,FIHRIS_MINILM_FP32,HYBRID_PROTOTYPE,Fruits & Vegetables,0.43674468994140625,Groceries,0.1927180141210556,0.24402667582035065,"[""Fruits & Vegetables"", ""Groceries"", ""Personal Care""]","[0.43674468994140625, 0.1927180141210556, 0.19244450330734253]",True,True
tomatoes,Fresh طماطم,Fruits & Vegetables,mixed,mixed_language,FIHRIS_MINILM_FP32,HYBRID_PROTOTYPE,Fruits & Vegetables,0.7337405681610107,Medicine,0.35356348752975464,0.3801770806312561,"[""Fruits & Vegetables"", ""Medicine"", ""Groceries""]","[0.7337405681610107, 0.35356348752975464, 0.3479480445384979]",True,True
tomatoes,T0MAT0ES,Fruits & Vegetables,en,ocr_noise,FIHRIS_MINILM_FP32,HYBRID_PROTOTYPE,Shopping,0.28384464979171753,Medicine,0.2400839924812317,0.04376065731048584,"[""Shopping"", ""Medicine"", ""Groceries""]","[0.28384464979171753, 0.2400839924812317, 0.23758883774280548]",False,False
apples,تفـاح,Fruits & Vegetables,ar,ocr_noise,FIHRIS_MINILM_FP32,HYBRID_PROTOTYPE,Fruits & Vegetables,0.4840778410434723,Groceries,0.4209568500518799,0.06312099099159241,"[""Fruits & Vegetables"", ""Groceries"", ""Personal Care""]","[0.4840778410434723, 0.4209568500518799, 0.39101123809814453]",True,True
mcchicken_meal,McChicken Meal,Restaurants,en,clean,FIHRIS_MINILM_FP32,HYBRID_PROTOTYPE,Restaurants,0.6760890483856201,Groceries,0.5769075155258179,0.09918153285980225,"[""Restaurants"", ""Groceries"", ""Medicine""]","[0.6760890483856201, 0.5769075155258179, 0.39367368817329407]",True,True
margherita_pizza,Margherita Pizza,Restaurants,en,clean,FIHRIS_MINILM_FP32,HYBRID_PROTOTYPE,Restaurants,0.5109549760818481,Groceries,0.39391595125198364,0.1170390248298645,"[""Restaurants"", ""Groceries"", ""Medicine""]","[0.5109549760818481, 0.39391595125198364, 0.298035204410553]",True,True
coffee,Cappuccino,Restaurants,en,clean,FIHRIS_MINILM_FP32,HYBRID_PROTOTYPE,Restaurants,0.44888073205947876,Groceries,0.40311890840530396,0.045761823654174805,"[""Restaurants"", ""Groceries"", ""Medicine""]","[0.44888073205947876, 0.40311890840530396, 0.3774135112762451]",True,True
restaurants_kfc_family_meal,KFC Family Meal,Restaurants,en,clean,FIHRIS_MINILM_FP32,HYBRID_PROTOTYPE,Restaurants,0.5569257736206055,Groceries,0.4829860031604767,0.07393977046012878,"[""Restaurants"", ""Groceries"", ""Fruits & Vegetables""]","[0.5569257736206055, 0.4829860031604767, 0.2678949236869812]",True,True
margherita_pizza,بيتزا مارجريتا,Restaurants,ar,clean,FIHRIS_MINILM_FP32,HYBRID_PROTOTYPE,Restaurants,0.5704665780067444,Groceries,0.42115461826324463,0.14931195974349976,"[""Restaurants"", ""Groceries"", ""Medicine""]","[0.5704665780067444, 0.42115461826324463, 0.2907165586948395]",True,True
burger_meal,وجبة برجر,Restaurants,ar,clean,FIHRIS_MINILM_FP32,HYBRID_PROTOTYPE,Restaurants,0.67433762550354,Groceries,0.5784337520599365,0.09590387344360352,"[""Restaurants"", ""Groceries"", ""Medicine""]","[0.67433762550354, 0.5784337520599365, 0.37203365564346313]",True,True
coffee,قهوة لاتيه,Restaurants,ar,clean,FIHRIS_MINILM_FP32,HYBRID_PROTOTYPE,Restaurants,0.5139544010162354,Transport,0.3988133668899536,0.11514103412628174,"[""Restaurants"", ""Transport"", ""Groceries""]","[0.5139544010162354, 0.3988133668899536, 0.36474552750587463]",True,True
restaurants_32,ساندوتش شاورما,Restaurants,ar,clean,FIHRIS_MINILM_FP32,HYBRID_PROTOTYPE,Personal Care,0.3726111352443695,Groceries,0.2762101888656616,0.09640094637870789,"[""Personal Care"", ""Groceries"", ""Restaurants""]","[0.3726111352443695, 0.2762101888656616, 0.2611193060874939]",False,True
coffee,Coffee قهوة,Restaurants,mixed,mixed_language,FIHRIS_MINILM_FP32,HYBRID_PROTOTYPE,Restaurants,0.46678972244262695,Transport,0.3540465235710144,0.11274319887161255,"[""Restaurants"", ""Transport"", ""Groceries""]","[0.46678972244262695, 0.3540465235710144, 0.2799774408340454]",True,True
burger_meal,Burger وجبة,Restaurants,mixed,mixed_language,FIHRIS_MINILM_FP32,HYBRID_PROTOTYPE,Groceries,0.4054332375526428,Restaurants,0.40128403902053833,0.004149198532104492,"[""Groceries"", ""Restaurants"", ""Transport""]","[0.4054332375526428, 0.40128403902053833, 0.3765312433242798]",False,True
mcchicken_meal,McCh1cken MeaI,Restaurants,en,ocr_noise,FIHRIS_MINILM_FP32,HYBRID_PROTOTYPE,Groceries,0.3116617798805237,Medicine,0.26480063796043396,0.04686114192008972,"[""Groceries"", ""Medicine"", ""Restaurants""]","[0.3116617798805237, 0.26480063796043396, 0.25480249524116516]",False,True
margherita_pizza,P1ZZA MARGHER1TA,Restaurants,en,ocr_noise,FIHRIS_MINILM_FP32,HYBRID_PROTOTYPE,Groceries,0.30160805583000183,Restaurants,0.23036105930805206,0.07124699652194977,"[""Groceries"", ""Restaurants"", ""Personal Care""]","[0.30160805583000183, 0.23036105930805206, 0.21245892345905304]",False,True
uber_trip,Uber Trip,Transport,en,clean,FIHRIS_MINILM_FP32,HYBRID_PROTOTYPE,Transport,0.49585047364234924,Entertainment,0.28711989521980286,0.2087305784225464,"[""Transport"", ""Entertainment"", ""Shopping""]","[0.49585047364234924, 0.28711989521980286, 0.23677580058574677]",True,True
careem_ride,Careem Ride,Transport,en,clean,FIHRIS_MINILM_FP32,HYBRID_PROTOTYPE,Transport,0.4773693084716797,Entertainment,0.37436580657958984,0.10300350189208984,"[""Transport"", ""Entertainment"", ""Personal Care""]","[0.4773693084716797, 0.37436580657958984, 0.3443537950515747]",True,True
metro_ticket,Cairo Metro Ticket,Transport,en,clean,FIHRIS_MINILM_FP32,HYBRID_PROTOTYPE,Transport,0.4550633728504181,Entertainment,0.3398158848285675,0.11524748802185059,"[""Transport"", ""Entertainment"", ""Shopping""]","[0.4550633728504181, 0.3398158848285675, 0.251614511013031]",True,True
gasoline_92,Gasoline 92,Transport,en,clean,FIHRIS_MINILM_FP32,HYBRID_PROTOTYPE,Bills,0.4488242566585541,Transport,0.2644754648208618,0.18434879183769226,"[""Bills"", ""Transport"", ""Medicine""]","[0.4488242566585541, 0.2644754648208618, 0.24224036931991577]",False,True
uber_trip,رحلة أوبر,Transport,ar,clean,FIHRIS_MINILM_FP32,HYBRID_PROTOTYPE,Transport,0.5025527477264404,Entertainment,0.33494704961776733,0.1676056981086731,"[""Transport"", ""Entertainment"", ""Groceries""]","[0.5025527477264404, 0.33494704961776733, 0.29936668276786804]",True,True
careem_ride,مشوار كريم,Transport,ar,clean,FIHRIS_MINILM_FP32,HYBRID_PROTOTYPE,Personal Care,0.5620092153549194,Groceries,0.44941383600234985,0.11259537935256958,"[""Personal Care"", ""Groceries"", ""Medicine""]","[0.5620092153549194, 0.44941383600234985, 0.44203171133995056]",False,False
metro_ticket,تذكرة مترو,Transport,ar,clean,FIHRIS_MINILM_FP32,HYBRID_PROTOTYPE,Transport,0.5070776343345642,Entertainment,0.4091598689556122,0.09791776537895203,"[""Transport"", ""Entertainment"", ""Shopping""]","[0.5070776343345642, 0.4091598689556122, 0.3005446493625641]",True,True
gasoline_92,بنزين 92,Transport,ar,clean,FIHRIS_MINILM_FP32,HYBRID_PROTOTYPE,Medicine,0.34718361496925354,Bills,0.30669963359832764,0.0404839813709259,"[""Medicine"", ""Bills"", ""Transport""]","[0.34718361496925354, 0.30669963359832764, 0.2990421950817108]",False,True
uber_trip,Uber مشوار,Transport,mixed,mixed_language,FIHRIS_MINILM_FP32,HYBRID_PROTOTYPE,Transport,0.4100681245326996,Shopping,0.3480505347251892,0.062017589807510376,"[""Transport"", ""Shopping"", ""Groceries""]","[0.4100681245326996, 0.3480505347251892, 0.3274413049221039]",True,True
careem_ride,Careem رحلة,Transport,mixed,mixed_language,FIHRIS_MINILM_FP32,HYBRID_PROTOTYPE,Transport,0.4849814772605896,Entertainment,0.35901036858558655,0.12597110867500305,"[""Transport"", ""Entertainment"", ""Personal Care""]","[0.4849814772605896, 0.35901036858558655, 0.345609188079834]",True,True
uber_trip,UBER TR1P,Transport,en,ocr_noise,FIHRIS_MINILM_FP32,HYBRID_PROTOTYPE,Transport,0.24322396516799927,Groceries,0.22524034976959229,0.017983615398406982,"[""Transport"", ""Groceries"", ""Other""]","[0.24322396516799927, 0.22524034976959229, 0.1988963633775711]",True,True
careem_ride,CAR EEM R1DE,Transport,en,ocr_noise,FIHRIS_MINILM_FP32,HYBRID_PROTOTYPE,Transport,0.29485729336738586,Shopping,0.2158167064189911,0.07904058694839478,"[""Transport"", ""Shopping"", ""Groceries""]","[0.29485729336738586, 0.2158167064189911, 0.18338347971439362]",True,True
dettol_floor_cleaner,Dettol Floor Cleaner,Household,en,clean,FIHRIS_MINILM_FP32,HYBRID_PROTOTYPE,Household,0.570427656173706,Personal Care,0.3325086534023285,0.23791900277137756,"[""Household"", ""Personal Care"", ""Medicine""]","[0.570427656173706, 0.3325086534023285, 0.32000651955604553]",True,True
fairy_dish_liquid,Fairy Dishwashing Liquid,Household,en,clean,FIHRIS_MINILM_FP32,HYBRID_PROTOTYPE,Household,0.6114912629127502,Personal Care,0.45358729362487793,0.15790396928787231,"[""Household"", ""Personal Care"", ""Groceries""]","[0.6114912629127502, 0.45358729362487793, 0.36564022302627563]",True,True
persil_gel,Persil Gel,Household,en,clean,FIHRIS_MINILM_FP32,HYBRID_PROTOTYPE,Personal Care,0.466924250125885,Medicine,0.4162786602973938,0.05064558982849121,"[""Personal Care"", ""Medicine"", ""Household""]","[0.466924250125885, 0.4162786602973938, 0.33665862679481506]",False,True
clorox_bleach,Clorox Bleach,Household,en,clean,FIHRIS_MINILM_FP32,HYBRID_PROTOTYPE,Personal Care,0.3557248115539551,Household,0.33390963077545166,0.021815180778503418,"[""Personal Care"", ""Household"", ""Medicine""]","[0.3557248115539551, 0.33390963077545166, 0.3259071707725525]",False,True
dettol_floor_cleaner,منظف أرضيات ديتول,Household,ar,clean,FIHRIS_MINILM_FP32,HYBRID_PROTOTYPE,Household,0.4956723153591156,Shopping,0.3253023624420166,0.170369952917099,"[""Household"", ""Shopping"", ""Transport""]","[0.4956723153591156, 0.3253023624420166, 0.3184696435928345]",True,True
fairy_dish_liquid,سائل غسيل أطباق,Household,ar,clean,FIHRIS_MINILM_FP32,HYBRID_PROTOTYPE,Household,0.7168508172035217,Personal Care,0.5345975756645203,0.18225324153900146,"[""Household"", ""Personal Care"", ""Groceries""]","[0.7168508172035217, 0.5345975756645203, 0.41435742378234863]",True,True
persil_gel,مسحوق غسيل برسيل,Household,ar,clean,FIHRIS_MINILM_FP32,HYBRID_PROTOTYPE,Household,0.744492769241333,Personal Care,0.6861188411712646,0.05837392807006836,"[""Household"", ""Personal Care"", ""Medicine""]","[0.744492769241333, 0.6861188411712646, 0.3661987781524658]",True,True
clorox_bleach,كلور مبيض,Household,ar,clean,FIHRIS_MINILM_FP32,HYBRID_PROTOTYPE,Groceries,0.3242291808128357,Personal Care,0.27875012159347534,0.04547905921936035,"[""Groceries"", ""Personal Care"", ""Fruits & Vegetables""]","[0.3242291808128357, 0.27875012159347534, 0.2337924838066101]",False,False
dettol_floor_cleaner,Dettol منظف أرضيات,Household,mixed,mixed_language,FIHRIS_MINILM_FP32,HYBRID_PROTOTYPE,Transport,0.34996533393859863,Household,0.3446474075317383,0.0053179264068603516,"[""Transport"", ""Household"", ""Shopping""]","[0.34996533393859863, 0.3446474075317383, 0.29381614923477173]",False,True
fairy_dish_liquid,Fairy صابون أطباق,Household,mixed,mixed_language,FIHRIS_MINILM_FP32,HYBRID_PROTOTYPE,Household,0.5205819606781006,Personal Care,0.5164762735366821,0.004105687141418457,"[""Household"", ""Personal Care"", ""Groceries""]","[0.5205819606781006, 0.5164762735366821, 0.33774396777153015]",True,True
dettol_floor_cleaner,DettoI Floor C1eaner,Household,en,ocr_noise,FIHRIS_MINILM_FP32,HYBRID_PROTOTYPE,Shopping,0.26567333936691284,Household,0.2604801058769226,0.005193233489990234,"[""Shopping"", ""Household"", ""Transport""]","[0.26567333936691284, 0.2604801058769226, 0.24524465203285217]",False,True
persil_gel,PersiI GeI,Household,en,ocr_noise,FIHRIS_MINILM_FP32,HYBRID_PROTOTYPE,Personal Care,0.2695978879928589,Transport,0.2622288465499878,0.007369041442871094,"[""Personal Care"", ""Transport"", ""Medicine""]","[0.2695978879928589, 0.2622288465499878, 0.2583233118057251]",False,False
panadol_extra,Panadol Extra,Medicine,en,clean,FIHRIS_MINILM_FP32,HYBRID_PROTOTYPE,Medicine,0.3517959415912628,Household,0.3318901062011719,0.019905835390090942,"[""Medicine"", ""Household"", ""Groceries""]","[0.3517959415912628, 0.3318901062011719, 0.307792603969574]",True,True
brufen_400,Brufen 400,Medicine,en,clean,FIHRIS_MINILM_FP32,HYBRID_PROTOTYPE,Groceries,0.3194935917854309,Household,0.3112174868583679,0.008276104927062988,"[""Groceries"", ""Household"", ""Medicine""]","[0.3194935917854309, 0.3112174868583679, 0.2945251762866974]",False,True
folic_acid_600_mcg,Folic Acid 600 MCG,Medicine,en,clean,FIHRIS_MINILM_FP32,HYBRID_PROTOTYPE,Groceries,0.31510838866233826,Medicine,0.3121739625930786,0.0029344260692596436,"[""Groceries"", ""Medicine"", ""Household""]","[0.31510838866233826, 0.3121739625930786, 0.24002033472061157]",False,True
immulant_plus_20_cap,Immulant Plus 20 Cap,Medicine,en,clean,FIHRIS_MINILM_FP32,HYBRID_PROTOTYPE,Groceries,0.33107227087020874,Medicine,0.3265793025493622,0.004492968320846558,"[""Groceries"", ""Medicine"", ""Shopping""]","[0.33107227087020874, 0.3265793025493622, 0.26328200101852417]",False,True
panadol_extra,بنادول إكسترا,Medicine,ar,clean,FIHRIS_MINILM_FP32,HYBRID_PROTOTYPE,Transport,0.3804110884666443,Medicine,0.3485034108161926,0.03190767765045166,"[""Transport"", ""Medicine"", ""Shopping""]","[0.3804110884666443, 0.3485034108161926, 0.33699649572372437]",False,True
brufen_400,بروفين 400,Medicine,ar,clean,FIHRIS_MINILM_FP32,HYBRID_PROTOTYPE,Medicine,0.3391234278678894,Household,0.30375537276268005,0.03536805510520935,"[""Medicine"", ""Household"", ""Personal Care""]","[0.3391234278678894, 0.30375537276268005, 0.2984274625778198]",True,True
folic_acid_600_mcg,حمض الفوليك,Medicine,ar,clean,FIHRIS_MINILM_FP32,HYBRID_PROTOTYPE,Personal Care,0.4459768831729889,Groceries,0.3744925260543823,0.07148435711860657,"[""Personal Care"", ""Groceries"", ""Transport""]","[0.4459768831729889, 0.3744925260543823, 0.333706796169281]",False,False
medicine_68,فيتامين سي,Medicine,ar,clean,FIHRIS_MINILM_FP32,HYBRID_PROTOTYPE,Medicine,0.5458852052688599,Personal Care,0.23222844302654266,0.3136567622423172,"[""Medicine"", ""Personal Care"", ""Fruits & Vegetables""]","[0.5458852052688599, 0.23222844302654266, 0.22860901057720184]",True,True
panadol_extra,Panadol مسكن,Medicine,mixed,mixed_language,FIHRIS_MINILM_FP32,HYBRID_PROTOTYPE,Restaurants,0.39275822043418884,Household,0.3247997760772705,0.06795844435691833,"[""Restaurants"", ""Household"", ""Transport""]","[0.39275822043418884, 0.3247997760772705, 0.32354041934013367]",False,False
vitamin_d,Vitamin D فيتامين,Medicine,mixed,mixed_language,FIHRIS_MINILM_FP32,HYBRID_PROTOTYPE,Medicine,0.5103027820587158,Other,0.17277736961841583,0.3375254124403,"[""Medicine"", ""Other"", ""Fruits & Vegetables""]","[0.5103027820587158, 0.17277736961841583, 0.1676976978778839]",True,True
panadol_extra,PANAD0L EXTRA,Medicine,en,ocr_noise,FIHRIS_MINILM_FP32,HYBRID_PROTOTYPE,Groceries,0.3054656386375427,Other,0.29689228534698486,0.008573353290557861,"[""Groceries"", ""Other"", ""Medicine""]","[0.3054656386375427, 0.29689228534698486, 0.2917747497558594]",False,True
folic_acid_600_mcg,F0LIC ACID 600 MCG,Medicine,en,ocr_noise,FIHRIS_MINILM_FP32,HYBRID_PROTOTYPE,Groceries,0.3234662115573883,Medicine,0.3040264844894409,0.019439727067947388,"[""Groceries"", ""Medicine"", ""Restaurants""]","[0.3234662115573883, 0.3040264844894409, 0.238754540681839]",False,True
immulant_plus_20_cap,MLANT PLUS 20 CAP,Medicine,en,ocr_noise,FIHRIS_MINILM_FP32,HYBRID_PROTOTYPE,Groceries,0.3859044909477234,Medicine,0.35347625613212585,0.032428234815597534,"[""Groceries"", ""Medicine"", ""Other""]","[0.3859044909477234, 0.35347625613212585, 0.26004722714424133]",False,True
folic_acid_600_mcg,FoLic AciD 600 McG,Medicine,en,ocr_noise,FIHRIS_MINILM_FP32,HYBRID_PROTOTYPE,Medicine,0.29649707674980164,Groceries,0.2877492606639862,0.00874781608581543,"[""Medicine"", ""Groceries"", ""Household""]","[0.29649707674980164, 0.2877492606639862, 0.28035950660705566]",True,True
cotton_tshirt,Cotton T Shirt,Shopping,en,clean,FIHRIS_MINILM_FP32,HYBRID_PROTOTYPE,Shopping,0.30741074681282043,Groceries,0.2771068215370178,0.030303925275802612,"[""Shopping"", ""Groceries"", ""Medicine""]","[0.30741074681282043, 0.2771068215370178, 0.26856595277786255]",True,True
running_shoes,Running Shoes,Shopping,en,clean,FIHRIS_MINILM_FP32,HYBRID_PROTOTYPE,Shopping,0.29129886627197266,Transport,0.154221311211586,0.13707755506038666,"[""Shopping"", ""Transport"", ""Restaurants""]","[0.29129886627197266, 0.154221311211586, 0.12631359696388245]",True,True
wireless_headphones,Wireless Headphones,Shopping,en,clean,FIHRIS_MINILM_FP32,HYBRID_PROTOTYPE,Shopping,0.4204387664794922,Transport,0.2102070152759552,0.210231751203537,"[""Shopping"", ""Transport"", ""Bills""]","[0.4204387664794922, 0.2102070152759552, 0.20042544603347778]",True,True
phone_charger,Phone Charger,Shopping,en,clean,FIHRIS_MINILM_FP32,HYBRID_PROTOTYPE,Bills,0.44526031613349915,Shopping,0.24845527112483978,0.19680504500865936,"[""Bills"", ""Shopping"", ""Other""]","[0.44526031613349915, 0.24845527112483978, 0.22804589569568634]",False,True
cotton_tshirt,تيشيرت قطن,Shopping,ar,clean,FIHRIS_MINILM_FP32,HYBRID_PROTOTYPE,Groceries,0.4216318726539612,Medicine,0.39465081691741943,0.026981055736541748,"[""Groceries"", ""Medicine"", ""Transport""]","[0.4216318726539612, 0.39465081691741943, 0.387114942073822]",False,False
running_shoes,حذاء رياضي,Shopping,ar,clean,FIHRIS_MINILM_FP32,HYBRID_PROTOTYPE,Shopping,0.36588403582572937,Personal Care,0.23246777057647705,0.13341626524925232,"[""Shopping"", ""Personal Care"", ""Transport""]","[0.36588403582572937, 0.23246777057647705, 0.2296299785375595]",True,True
wireless_headphones,سماعات بلوتوث,Shopping,ar,clean,FIHRIS_MINILM_FP32,HYBRID_PROTOTYPE,Books,0.3018700182437897,Household,0.28254348039627075,0.01932653784751892,"[""Books"", ""Household"", ""Personal Care""]","[0.3018700182437897, 0.28254348039627075, 0.25846177339553833]",False,False
phone_charger,شاحن موبايل,Shopping,ar,clean,FIHRIS_MINILM_FP32,HYBRID_PROTOTYPE,Transport,0.4699938893318176,Shopping,0.4138990044593811,0.05609488487243652,"[""Transport"", ""Shopping"", ""Bills""]","[0.4699938893318176, 0.4138990044593811, 0.4094104468822479]",False,True
running_shoes,Nike حذاء,Shopping,mixed,mixed_language,FIHRIS_MINILM_FP32,HYBRID_PROTOTYPE,Shopping,0.43919751048088074,Personal Care,0.28030961751937866,0.15888789296150208,"[""Shopping"", ""Personal Care"", ""Transport""]","[0.43919751048088074, 0.28030961751937866, 0.25603538751602173]",True,True
wireless_headphones,Headphones سماعات,Shopping,mixed,mixed_language,FIHRIS_MINILM_FP32,HYBRID_PROTOTYPE,Shopping,0.2762245535850525,Transport,0.2247583568096161,0.0514661967754364,"[""Shopping"", ""Transport"", ""Medicine""]","[0.2762245535850525, 0.2247583568096161, 0.20685309171676636]",True,True
wireless_headphones,W1RELESS HEADPH0NES,Shopping,en,ocr_noise,FIHRIS_MINILM_FP32,HYBRID_PROTOTYPE,Household,0.1818309724330902,Groceries,0.16033601760864258,0.021494954824447632,"[""Household"", ""Groceries"", ""Medicine""]","[0.1818309724330902, 0.16033601760864258, 0.15310969948768616]",False,False
phone_charger,PH0NE CHARGER,Shopping,en,ocr_noise,FIHRIS_MINILM_FP32,HYBRID_PROTOTYPE,Medicine,0.3424566388130188,Household,0.28220313787460327,0.06025350093841553,"[""Medicine"", ""Household"", ""Transport""]","[0.3424566388130188, 0.28220313787460327, 0.25190481543540955]",False,False
electricity_bill,Electricity Bill,Bills,en,clean,FIHRIS_MINILM_FP32,HYBRID_PROTOTYPE,Bills,0.6956055760383606,Shopping,0.23730716109275818,0.4582984149456024,"[""Bills"", ""Shopping"", ""Transport""]","[0.6956055760383606, 0.23730716109275818, 0.2222900241613388]",True,True
internet_bill,WE Internet Bill,Bills,en,clean,FIHRIS_MINILM_FP32,HYBRID_PROTOTYPE,Bills,0.5338859558105469,Shopping,0.30667030811309814,0.22721564769744873,"[""Bills"", ""Shopping"", ""Entertainment""]","[0.5338859558105469, 0.30667030811309814, 0.29289376735687256]",True,True
water_bill,Water Utility Bill,Bills,en,clean,FIHRIS_MINILM_FP32,HYBRID_PROTOTYPE,Bills,0.5595172047615051,Household,0.34772175550460815,0.21179544925689697,"[""Bills"", ""Household"", ""Other""]","[0.5595172047615051, 0.34772175550460815, 0.3061719834804535]",True,True
mobile_bill,Mobile Phone Bill,Bills,en,clean,FIHRIS_MINILM_FP32,HYBRID_PROTOTYPE,Bills,0.5224109292030334,Shopping,0.44682690501213074,0.07558402419090271,"[""Bills"", ""Shopping"", ""Entertainment""]","[0.5224109292030334, 0.44682690501213074, 0.27903124690055847]",True,True
electricity_bill,فاتورة كهرباء,Bills,ar,clean,FIHRIS_MINILM_FP32,HYBRID_PROTOTYPE,Bills,0.6771004796028137,Other,0.4165209233760834,0.26057955622673035,"[""Bills"", ""Other"", ""Shopping""]","[0.6771004796028137, 0.4165209233760834, 0.3255063593387604]",True,True
internet_bill,فاتورة انترنت WE,Bills,mixed,mixed_language,FIHRIS_MINILM_FP32,HYBRID_PROTOTYPE,Bills,0.5201667547225952,Other,0.41936713457107544,0.10079962015151978,"[""Bills"", ""Other"", ""Shopping""]","[0.5201667547225952, 0.41936713457107544, 0.3168718218803406]",True,True
water_bill,فاتورة مياه,Bills,ar,clean,FIHRIS_MINILM_FP32,HYBRID_PROTOTYPE,Bills,0.5717402696609497,Other,0.4373616576194763,0.1343786120414734,"[""Bills"", ""Other"", ""Groceries""]","[0.5717402696609497, 0.4373616576194763, 0.3217269778251648]",True,True
gas_bill,فاتورة غاز,Bills,ar,clean,FIHRIS_MINILM_FP32,HYBRID_PROTOTYPE,Bills,0.5474870204925537,Transport,0.37387794256210327,0.17360907793045044,"[""Bills"", ""Transport"", ""Other""]","[0.5474870204925537, 0.37387794256210327, 0.366502046585083]",True,True
mobile_bill,Orange فاتورة موبايل,Bills,mixed,mixed_language,FIHRIS_MINILM_FP32,HYBRID_PROTOTYPE,Bills,0.4470352530479431,Other,0.36337101459503174,0.08366423845291138,"[""Bills"", ""Other"", ""Shopping""]","[0.4470352530479431, 0.36337101459503174, 0.3599402606487274]",True,True
internet_bill,Internet فاتورة شهرية,Bills,mixed,mixed_language,FIHRIS_MINILM_FP32,HYBRID_PROTOTYPE,Bills,0.5396241545677185,Other,0.4325087368488312,0.10711541771888733,"[""Bills"", ""Other"", ""Shopping""]","[0.5396241545677185, 0.4325087368488312, 0.3113444447517395]",True,True
electricity_bill,ELECTR1C1TY B1LL,Bills,en,ocr_noise,FIHRIS_MINILM_FP32,HYBRID_PROTOTYPE,Bills,0.29790979623794556,Shopping,0.1721891164779663,0.12572067975997925,"[""Bills"", ""Shopping"", ""Transport""]","[0.29790979623794556, 0.1721891164779663, 0.1593066304922104]",True,True
internet_bill,WE 1NTERNET B1LL,Bills,en,ocr_noise,FIHRIS_MINILM_FP32,HYBRID_PROTOTYPE,Groceries,0.27164751291275024,Bills,0.1760283261537552,0.09561918675899506,"[""Groceries"", ""Bills"", ""Transport""]","[0.27164751291275024, 0.1760283261537552, 0.16950762271881104]",False,True
netflix,Netflix,Entertainment,en,clean,FIHRIS_MINILM_FP32,HYBRID_PROTOTYPE,Medicine,0.3763620853424072,Groceries,0.3060363233089447,0.07032576203346252,"[""Medicine"", ""Groceries"", ""Household""]","[0.3763620853424072, 0.3060363233089447, 0.26397567987442017]",False,False
cinema_ticket,Cinema Ticket,Entertainment,en,clean,FIHRIS_MINILM_FP32,HYBRID_PROTOTYPE,Entertainment,0.5833854079246521,Transport,0.4293353259563446,0.1540500819683075,"[""Entertainment"", ""Transport"", ""Shopping""]","[0.5833854079246521, 0.4293353259563446, 0.2350156307220459]",True,True
playstation_game,PlayStation Game,Entertainment,en,clean,FIHRIS_MINILM_FP32,HYBRID_PROTOTYPE,Entertainment,0.26926660537719727,Medicine,0.237589031457901,0.031677573919296265,"[""Entertainment"", ""Medicine"", ""Shopping""]","[0.26926660537719727, 0.237589031457901, 0.20200863480567932]",True,True
concert_ticket,Concert Ticket,Entertainment,en,clean,FIHRIS_MINILM_FP32,HYBRID_PROTOTYPE,Transport,0.5303773880004883,Entertainment,0.30154505372047424,0.22883233428001404,"[""Transport"", ""Entertainment"", ""Shopping""]","[0.5303773880004883, 0.30154505372047424, 0.2652093172073364]",False,True
cinema_ticket,تذكرة سينما,Entertainment,ar,clean,FIHRIS_MINILM_FP32,HYBRID_PROTOTYPE,Entertainment,0.5359128713607788,Transport,0.360331654548645,0.1755812168121338,"[""Entertainment"", ""Transport"", ""Books""]","[0.5359128713607788, 0.360331654548645, 0.27561333775520325]",True,True
netflix,اشتراك مشاهدة أفلام,Entertainment,ar,clean,FIHRIS_MINILM_FP32,HYBRID_PROTOTYPE,Entertainment,0.5380944013595581,Books,0.24080592393875122,0.2972884774208069,"[""Entertainment"", ""Books"", ""Bills""]","[0.5380944013595581, 0.24080592393875122, 0.18530920147895813]",True,True
playstation_game,لعبة بلايستيشن,Entertainment,ar,clean,FIHRIS_MINILM_FP32,HYBRID_PROTOTYPE,Entertainment,0.47617220878601074,Books,0.2955172061920166,0.18065500259399414,"[""Entertainment"", ""Books"", ""Transport""]","[0.47617220878601074, 0.2955172061920166, 0.26650986075401306]",True,True
concert_ticket,تذكرة حفلة,Entertainment,ar,clean,FIHRIS_MINILM_FP32,HYBRID_PROTOTYPE,Entertainment,0.40375518798828125,Restaurants,0.3359109163284302,0.06784427165985107,"[""Entertainment"", ""Restaurants"", ""Transport""]","[0.40375518798828125, 0.3359109163284302, 0.320174902677536]",True,True
netflix,Netflix اشتراك,Entertainment,mixed,mixed_language,FIHRIS_MINILM_FP32,HYBRID_PROTOTYPE,Medicine,0.31655439734458923,Groceries,0.23319578170776367,0.08335861563682556,"[""Medicine"", ""Groceries"", ""Restaurants""]","[0.31655439734458923, 0.23319578170776367, 0.22158408164978027]",False,False
cinema_ticket,Cinema تذكرة,Entertainment,mixed,mixed_language,FIHRIS_MINILM_FP32,HYBRID_PROTOTYPE,Entertainment,0.559325098991394,Transport,0.35312163829803467,0.20620346069335938,"[""Entertainment"", ""Transport"", ""Books""]","[0.559325098991394, 0.35312163829803467, 0.2680074870586395]",True,True
netflix,NETFL1X,Entertainment,en,ocr_noise,FIHRIS_MINILM_FP32,HYBRID_PROTOTYPE,Groceries,0.3351147174835205,Bills,0.30099979043006897,0.03411492705345154,"[""Groceries"", ""Bills"", ""Medicine""]","[0.3351147174835205, 0.30099979043006897, 0.2279738336801529]",False,False
cinema_ticket,C1NEMA T1CKET,Entertainment,en,ocr_noise,FIHRIS_MINILM_FP32,HYBRID_PROTOTYPE,Medicine,0.3059081733226776,Groceries,0.274840772151947,0.03106740117073059,"[""Medicine"", ""Groceries"", ""Shopping""]","[0.3059081733226776, 0.274840772151947, 0.257435142993927]",False,False
dove_shampoo,Dove Shampoo,Personal Care,en,clean,FIHRIS_MINILM_FP32,HYBRID_PROTOTYPE,Personal Care,0.2728559970855713,Household,0.2616341710090637,0.011221826076507568,"[""Personal Care"", ""Household"", ""Medicine""]","[0.2728559970855713, 0.2616341710090637, 0.2212633490562439]",True,True
nivea_face_cream,Nivea Face Cream,Personal Care,en,clean,FIHRIS_MINILM_FP32,HYBRID_PROTOTYPE,Personal Care,0.38225772976875305,Medicine,0.3045610189437866,0.07769671082496643,"[""Personal Care"", ""Medicine"", ""Household""]","[0.38225772976875305, 0.3045610189437866, 0.24306942522525787]",True,True
gillette_razor,Gillette Razor,Personal Care,en,clean,FIHRIS_MINILM_FP32,HYBRID_PROTOTYPE,Personal Care,0.7046399116516113,Household,0.5176453590393066,0.1869945526123047,"[""Personal Care"", ""Household"", ""Medicine""]","[0.7046399116516113, 0.5176453590393066, 0.33643391728401184]",True,True
haircut,Haircut,Personal Care,en,clean,FIHRIS_MINILM_FP32,HYBRID_PROTOTYPE,Personal Care,0.521289050579071,Household,0.32250428199768066,0.19878476858139038,"[""Personal Care"", ""Household"", ""Medicine""]","[0.521289050579071, 0.32250428199768066, 0.19288861751556396]",True,True
dove_shampoo,شامبو دوف,Personal Care,ar,clean,FIHRIS_MINILM_FP32,HYBRID_PROTOTYPE,Groceries,0.33708125352859497,Restaurants,0.262965589761734,0.07411566376686096,"[""Groceries"", ""Restaurants"", ""Fruits & Vegetables""]","[0.33708125352859497, 0.262965589761734, 0.2208973467350006]",False,False
nivea_face_cream,كريم نيفيا للوجه,Personal Care,ar,clean,FIHRIS_MINILM_FP32,HYBRID_PROTOTYPE,Personal Care,0.4032445251941681,Restaurants,0.3349846601486206,0.06825986504554749,"[""Personal Care"", ""Restaurants"", ""Medicine""]","[0.4032445251941681, 0.3349846601486206, 0.3171837329864502]",True,True
gillette_razor,شفرة حلاقة,Personal Care,ar,clean,FIHRIS_MINILM_FP32,HYBRID_PROTOTYPE,Household,0.38628536462783813,Personal Care,0.3354569375514984,0.05082842707633972,"[""Household"", ""Personal Care"", ""Medicine""]","[0.38628536462783813, 0.3354569375514984, 0.30904966592788696]",False,True
haircut,قص شعر,Personal Care,ar,clean,FIHRIS_MINILM_FP32,HYBRID_PROTOTYPE,Personal Care,0.4157564043998718,Household,0.27801641821861267,0.13773998618125916,"[""Personal Care"", ""Household"", ""Medicine""]","[0.4157564043998718, 0.27801641821861267, 0.19301821291446686]",True,True
dove_shampoo,Shampoo شامبو,Personal Care,mixed,mixed_language,FIHRIS_MINILM_FP32,HYBRID_PROTOTYPE,Restaurants,0.2868722975254059,Groceries,0.26994550228118896,0.01692679524421692,"[""Restaurants"", ""Groceries"", ""Household""]","[0.2868722975254059, 0.26994550228118896, 0.22139853239059448]",False,False
nivea_face_cream,Nivea كريم بشرة,Personal Care,mixed,mixed_language,FIHRIS_MINILM_FP32,HYBRID_PROTOTYPE,Personal Care,0.46232903003692627,Medicine,0.3492371439933777,0.11309188604354858,"[""Personal Care"", ""Medicine"", ""Restaurants""]","[0.46232903003692627, 0.3492371439933777, 0.29782241582870483]",True,True
dove_shampoo,شامبو D0VE,Personal Care,mixed,ocr_noise,FIHRIS_MINILM_FP32,HYBRID_PROTOTYPE,Groceries,0.2909429967403412,Medicine,0.2457915097475052,0.045151486992836,"[""Groceries"", ""Medicine"", ""Household""]","[0.2909429967403412, 0.2457915097475052, 0.19708001613616943]",False,False
gillette_razor,G1LLETTE RAZ0R,Personal Care,en,ocr_noise,FIHRIS_MINILM_FP32,HYBRID_PROTOTYPE,Groceries,0.24219228327274323,Shopping,0.16559582948684692,0.0765964537858963,"[""Groceries"", ""Shopping"", ""Medicine""]","[0.24219228327274323, 0.16559582948684692, 0.1618216335773468]",False,False
service_fee,Service Fee,Other,en,clean,FIHRIS_MINILM_FP32,HYBRID_PROTOTYPE,Other,0.5396226644515991,Bills,0.3921196162700653,0.1475030481815338,"[""Other"", ""Bills"", ""Medicine""]","[0.5396226644515991, 0.3921196162700653, 0.19067558646202087]",True,True
charity_donation,Charity Donation,Other,en,clean,FIHRIS_MINILM_FP32,HYBRID_PROTOTYPE,Other,0.5554059743881226,Medicine,0.24493741989135742,0.31046855449676514,"[""Other"", ""Medicine"", ""Bills""]","[0.5554059743881226, 0.24493741989135742, 0.18280000984668732]",True,True
document_printing,Document Printing,Other,en,clean,FIHRIS_MINILM_FP32,HYBRID_PROTOTYPE,Books,0.2796381413936615,Bills,0.2598956227302551,0.019742518663406372,"[""Books"", ""Bills"", ""Other""]","[0.2796381413936615, 0.2598956227302551, 0.25274452567100525]",False,True
delivery_fee,Delivery Fee,Other,en,clean,FIHRIS_MINILM_FP32,HYBRID_PROTOTYPE,Other,0.6206735968589783,Bills,0.38357383012771606,0.2370997667312622,"[""Other"", ""Bills"", ""Groceries""]","[0.6206735968589783, 0.38357383012771606, 0.3157411813735962]",True,True
service_fee,رسوم خدمة,Other,ar,clean,FIHRIS_MINILM_FP32,HYBRID_PROTOTYPE,Other,0.5939956903457642,Bills,0.45361965894699097,0.1403760313987732,"[""Other"", ""Bills"", ""Shopping""]","[0.5939956903457642, 0.45361965894699097, 0.28222715854644775]",True,True
charity_donation,تبرع خيري,Other,ar,clean,FIHRIS_MINILM_FP32,HYBRID_PROTOTYPE,Other,0.5392098426818848,Medicine,0.2470676451921463,0.29214219748973846,"[""Other"", ""Medicine"", ""Bills""]","[0.5392098426818848, 0.2470676451921463, 0.2042032778263092]",True,True
document_printing,طباعة مستندات,Other,ar,clean,FIHRIS_MINILM_FP32,HYBRID_PROTOTYPE,Medicine,0.3975851237773895,Books,0.384942889213562,0.012642234563827515,"[""Medicine"", ""Books"", ""Household""]","[0.3975851237773895, 0.384942889213562, 0.37288618087768555]",False,False
misc_expense,مصاريف متنوعة,Other,ar,clean,FIHRIS_MINILM_FP32,HYBRID_PROTOTYPE,Other,0.6077378988265991,Bills,0.45326143503189087,0.15447646379470825,"[""Other"", ""Bills"", ""Groceries""]","[0.6077378988265991, 0.45326143503189087, 0.36460649967193604]",True,True
delivery_fee,Delivery رسوم,Other,mixed,mixed_language,FIHRIS_MINILM_FP32,HYBRID_PROTOTYPE,Other,0.4975583553314209,Groceries,0.3931150734424591,0.10444328188896179,"[""Other"", ""Groceries"", ""Restaurants""]","[0.4975583553314209, 0.3931150734424591, 0.37138694524765015]",True,True
service_fee,Service مصاريف,Other,mixed,mixed_language,FIHRIS_MINILM_FP32,HYBRID_PROTOTYPE,Other,0.6247774958610535,Bills,0.4736550450325012,0.15112245082855225,"[""Other"", ""Bills"", ""Groceries""]","[0.6247774958610535, 0.4736550450325012, 0.33459052443504333]",True,True
service_fee,SERV1CE FEE,Other,en,ocr_noise,FIHRIS_MINILM_FP32,HYBRID_PROTOTYPE,Groceries,0.25009891390800476,Personal Care,0.1968352347612381,0.05326367914676666,"[""Groceries"", ""Personal Care"", ""Transport""]","[0.25009891390800476, 0.1968352347612381, 0.15334954857826233]",False,False
misc_expense,M1SC EXPENSE,Other,en,ocr_noise,FIHRIS_MINILM_FP32,HYBRID_PROTOTYPE,Other,0.24367468059062958,Medicine,0.17741459608078003,0.06626008450984955,"[""Other"", ""Medicine"", ""Groceries""]","[0.24367468059062958, 0.17741459608078003, 0.1582474559545517]",True,True
atomic_habits,Atomic Habits,Books,en,clean,FIHRIS_MINILM_FP32,HYBRID_PROTOTYPE,Books,0.2184258997440338,Shopping,0.1621740758419037,0.05625182390213013,"[""Books"", ""Shopping"", ""Fruits & Vegetables""]","[0.2184258997440338, 0.1621740758419037, 0.16115960478782654]",True,True
clean_code,Clean Code,Books,en,clean,FIHRIS_MINILM_FP32,HYBRID_PROTOTYPE,Household,0.4145691990852356,Personal Care,0.3486458957195282,0.0659233033657074,"[""Household"", ""Personal Care"", ""Groceries""]","[0.4145691990852356, 0.3486458957195282, 0.2541539669036865]",False,False
psychology_of_money,The Psychology of Money,Books,en,clean,FIHRIS_MINILM_FP32,HYBRID_PROTOTYPE,Other,0.4026574492454529,Bills,0.31664741039276123,0.08601003885269165,"[""Other"", ""Bills"", ""Books""]","[0.4026574492454529, 0.31664741039276123, 0.2362840473651886]",False,True
pragmatic_programmer,The Pragmatic Programmer,Books,en,clean,FIHRIS_MINILM_FP32,HYBRID_PROTOTYPE,Books,0.2966950535774231,Personal Care,0.23835551738739014,0.05833953619003296,"[""Books"", ""Personal Care"", ""Medicine""]","[0.2966950535774231, 0.23835551738739014, 0.1838115155696869]",True,True
atomic_habits,العادات الذرية,Books,ar,clean,FIHRIS_MINILM_FP32,HYBRID_PROTOTYPE,Books,0.23659412562847137,Fruits & Vegetables,0.21806277334690094,0.018531352281570435,"[""Books"", ""Fruits & Vegetables"", ""Shopping""]","[0.23659412562847137, 0.21806277334690094, 0.19919297099113464]",True,True
art_of_not_caring,كتاب فن اللامبالاة,Books,ar,clean,FIHRIS_MINILM_FP32,HYBRID_PROTOTYPE,Books,0.49108225107192993,Personal Care,0.3468218743801117,0.14426037669181824,"[""Books"", ""Personal Care"", ""Entertainment""]","[0.49108225107192993, 0.3468218743801117, 0.24045762419700623]",True,True
awlad_haretna,رواية أولاد حارتنا,Books,ar,clean,FIHRIS_MINILM_FP32,HYBRID_PROTOTYPE,Books,0.287381649017334,Personal Care,0.24048341810703278,0.04689823091030121,"[""Books"", ""Personal Care"", ""Restaurants""]","[0.287381649017334, 0.24048341810703278, 0.2244269847869873]",True,True
learn_python_book,كتاب تعلم بايثون,Books,ar,clean,FIHRIS_MINILM_FP32,HYBRID_PROTOTYPE,Books,0.4853286147117615,Medicine,0.20117394626140594,0.28415466845035553,"[""Books"", ""Medicine"", ""Personal Care""]","[0.4853286147117615, 0.20117394626140594, 0.1524706333875656]",True,True
clean_code,Clean Code كتاب,Books,mixed,mixed_language,FIHRIS_MINILM_FP32,HYBRID_PROTOTYPE,Household,0.32361364364624023,Books,0.3144828677177429,0.009130775928497314,"[""Household"", ""Books"", ""Personal Care""]","[0.32361364364624023, 0.3144828677177429, 0.2743918001651764]",False,True
atomic_habits,Atomic Habits نسخة عربية,Books,mixed,mixed_language,FIHRIS_MINILM_FP32,HYBRID_PROTOTYPE,Fruits & Vegetables,0.1570766568183899,Books,0.149466872215271,0.0076097846031188965,"[""Fruits & Vegetables"", ""Books"", ""Household""]","[0.1570766568183899, 0.149466872215271, 0.11493760347366333]",False,True
atomic_habits,AT0MIC HAB1TS,Books,en,ocr_noise,FIHRIS_MINILM_FP32,HYBRID_PROTOTYPE,Transport,0.1599062979221344,Groceries,0.15216420590877533,0.00774209201335907,"[""Transport"", ""Groceries"", ""Medicine""]","[0.1599062979221344, 0.15216420590877533, 0.09674109518527985]",False,False
clean_code,CLEAN C0DE,Books,en,ocr_noise,FIHRIS_MINILM_FP32,HYBRID_PROTOTYPE,Household,0.5338363647460938,Personal Care,0.385755717754364,0.14808064699172974,"[""Household"", ""Personal Care"", ""Medicine""]","[0.5338363647460938, 0.385755717754364, 0.24705654382705688]",False,False
chicken_breast,Chicken Breast,Groceries,en,clean,FIHRIS_MINILM_DYNAMIC_INT8_PER_CHANNEL,HYBRID_PROTOTYPE,Groceries,0.46521979570388794,Restaurants,0.3280144929885864,0.1372053027153015,"[""Groceries"", ""Restaurants"", ""Fruits & Vegetables""]","[0.46521979570388794, 0.3280144929885864, 0.2974582314491272]",True,True
milk_1l,Milk 1L,Groceries,en,clean,FIHRIS_MINILM_DYNAMIC_INT8_PER_CHANNEL,HYBRID_PROTOTYPE,Groceries,0.5383069515228271,Restaurants,0.3102516829967499,0.22805526852607727,"[""Groceries"", ""Restaurants"", ""Bills""]","[0.5383069515228271, 0.3102516829967499, 0.25966721773147583]",True,True
rice_1kg,Rice 1KG,Groceries,en,clean,FIHRIS_MINILM_DYNAMIC_INT8_PER_CHANNEL,HYBRID_PROTOTYPE,Groceries,0.3110279142856598,Medicine,0.2695757746696472,0.04145213961601257,"[""Groceries"", ""Medicine"", ""Restaurants""]","[0.3110279142856598, 0.2695757746696472, 0.24512580037117004]",True,True
groceries_egyptian_white_cheese,Egyptian White Cheese,Groceries,en,clean,FIHRIS_MINILM_DYNAMIC_INT8_PER_CHANNEL,HYBRID_PROTOTYPE,Restaurants,0.431667685508728,Groceries,0.32631051540374756,0.10535717010498047,"[""Restaurants"", ""Groceries"", ""Medicine""]","[0.431667685508728, 0.32631051540374756, 0.2744297385215759]",False,True
chicken_breast,صدور فراخ,Groceries,ar,clean,FIHRIS_MINILM_DYNAMIC_INT8_PER_CHANNEL,HYBRID_PROTOTYPE,Other,0.5965573787689209,Bills,0.4068219065666199,0.18973547220230103,"[""Other"", ""Bills"", ""Groceries""]","[0.5965573787689209, 0.4068219065666199, 0.33034151792526245]",False,True
milk_1l,لبن كامل الدسم,Groceries,ar,clean,FIHRIS_MINILM_DYNAMIC_INT8_PER_CHANNEL,HYBRID_PROTOTYPE,Groceries,0.46269285678863525,Personal Care,0.4483345150947571,0.014358341693878174,"[""Groceries"", ""Personal Care"", ""Medicine""]","[0.46269285678863525, 0.4483345150947571, 0.39399948716163635]",True,True
rice_1kg,كيس أرز 1 كيلو,Groceries,ar,clean,FIHRIS_MINILM_DYNAMIC_INT8_PER_CHANNEL,HYBRID_PROTOTYPE,Groceries,0.4624790549278259,Restaurants,0.3571506142616272,0.10532844066619873,"[""Groceries"", ""Restaurants"", ""Fruits & Vegetables""]","[0.4624790549278259, 0.3571506142616272, 0.3202444314956665]",True,True
groceries_8,علبة تونة,Groceries,ar,clean,FIHRIS_MINILM_DYNAMIC_INT8_PER_CHANNEL,HYBRID_PROTOTYPE,Shopping,0.49968814849853516,Transport,0.4136585593223572,0.08602958917617798,"[""Shopping"", ""Transport"", ""Entertainment""]","[0.49968814849853516, 0.4136585593223572, 0.3467444181442261]",False,False
milk_1l,Fresh Milk لبن,Groceries,mixed,mixed_language,FIHRIS_MINILM_DYNAMIC_INT8_PER_CHANNEL,HYBRID_PROTOTYPE,Groceries,0.5576753616333008,Fruits & Vegetables,0.3766762614250183,0.18099910020828247,"[""Groceries"", ""Fruits & Vegetables"", ""Restaurants""]","[0.5576753616333008, 0.3766762614250183, 0.3628767132759094]",True,True
chicken_breast,Chicken فراخ مجمدة,Groceries,mixed,mixed_language,FIHRIS_MINILM_DYNAMIC_INT8_PER_CHANNEL,HYBRID_PROTOTYPE,Groceries,0.5314584970474243,Restaurants,0.42870277166366577,0.10275572538375854,"[""Groceries"", ""Restaurants"", ""Fruits & Vegetables""]","[0.5314584970474243, 0.42870277166366577, 0.29635217785835266]",True,True
milk_1l,M1LK 1L,Groceries,en,ocr_noise,FIHRIS_MINILM_DYNAMIC_INT8_PER_CHANNEL,HYBRID_PROTOTYPE,Groceries,0.33297255635261536,Medicine,0.3022865355014801,0.030686020851135254,"[""Groceries"", ""Medicine"", ""Transport""]","[0.33297255635261536, 0.3022865355014801, 0.2931075096130371]",True,True
rice_1kg,R1CE 1KG,Groceries,en,ocr_noise,FIHRIS_MINILM_DYNAMIC_INT8_PER_CHANNEL,HYBRID_PROTOTYPE,Groceries,0.1713399589061737,Transport,0.16590172052383423,0.0054382383823394775,"[""Groceries"", ""Transport"", ""Medicine""]","[0.1713399589061737, 0.16590172052383423, 0.16046977043151855]",True,True
banana,Banana,Fruits & Vegetables,en,clean,FIHRIS_MINILM_DYNAMIC_INT8_PER_CHANNEL,HYBRID_PROTOTYPE,Fruits & Vegetables,0.41080397367477417,Personal Care,0.23117168247699738,0.1796322911977768,"[""Fruits & Vegetables"", ""Personal Care"", ""Groceries""]","[0.41080397367477417, 0.23117168247699738, 0.22396552562713623]",True,True
tomatoes,Fresh Tomatoes,Fruits & Vegetables,en,clean,FIHRIS_MINILM_DYNAMIC_INT8_PER_CHANNEL,HYBRID_PROTOTYPE,Fruits & Vegetables,0.6611987352371216,Medicine,0.3257714509963989,0.33542728424072266,"[""Fruits & Vegetables"", ""Medicine"", ""Groceries""]","[0.6611987352371216, 0.3257714509963989, 0.23911592364311218]",True,True
apples,Green Apples,Fruits & Vegetables,en,clean,FIHRIS_MINILM_DYNAMIC_INT8_PER_CHANNEL,HYBRID_PROTOTYPE,Fruits & Vegetables,0.5532468557357788,Groceries,0.31158268451690674,0.24166417121887207,"[""Fruits & Vegetables"", ""Groceries"", ""Shopping""]","[0.5532468557357788, 0.31158268451690674, 0.22486507892608643]",True,True
cucumber,Cucumber Pack,Fruits & Vegetables,en,clean,FIHRIS_MINILM_DYNAMIC_INT8_PER_CHANNEL,HYBRID_PROTOTYPE,Fruits & Vegetables,0.50766921043396,Groceries,0.3368425965309143,0.17082661390304565,"[""Fruits & Vegetables"", ""Groceries"", ""Medicine""]","[0.50766921043396, 0.3368425965309143, 0.33675312995910645]",True,True
tomatoes,طماطم,Fruits & Vegetables,ar,clean,FIHRIS_MINILM_DYNAMIC_INT8_PER_CHANNEL,HYBRID_PROTOTYPE,Fruits & Vegetables,0.7014932632446289,Groceries,0.35187482833862305,0.34961843490600586,"[""Fruits & Vegetables"", ""Groceries"", ""Medicine""]","[0.7014932632446289, 0.35187482833862305, 0.3445657789707184]",True,True
apples,تفاح,Fruits & Vegetables,ar,clean,FIHRIS_MINILM_DYNAMIC_INT8_PER_CHANNEL,HYBRID_PROTOTYPE,Fruits & Vegetables,0.4334293603897095,Groceries,0.257252037525177,0.17617732286453247,"[""Fruits & Vegetables"", ""Groceries"", ""Shopping""]","[0.4334293603897095, 0.257252037525177, 0.17412416636943817]",True,True
banana,موز بلدي,Fruits & Vegetables,ar,clean,FIHRIS_MINILM_DYNAMIC_INT8_PER_CHANNEL,HYBRID_PROTOTYPE,Fruits & Vegetables,0.3838493227958679,Groceries,0.26052790880203247,0.12332141399383545,"[""Fruits & Vegetables"", ""Groceries"", ""Personal Care""]","[0.3838493227958679, 0.26052790880203247, 0.24345239996910095]",True,True
cucumber,خيار طازج,Fruits & Vegetables,ar,clean,FIHRIS_MINILM_DYNAMIC_INT8_PER_CHANNEL,HYBRID_PROTOTYPE,Groceries,0.3684588670730591,Transport,0.35069793462753296,0.017760932445526123,"[""Groceries"", ""Transport"", ""Restaurants""]","[0.3684588670730591, 0.35069793462753296, 0.34347909688949585]",False,False
banana,Banana موز,Fruits & Vegetables,mixed,mixed_language,FIHRIS_MINILM_DYNAMIC_INT8_PER_CHANNEL,HYBRID_PROTOTYPE,Fruits & Vegetables,0.44438251852989197,Groceries,0.19078730046749115,0.2535952180624008,"[""Fruits & Vegetables"", ""Groceries"", ""Personal Care""]","[0.44438251852989197, 0.19078730046749115, 0.1840408891439438]",True,True
tomatoes,Fresh طماطم,Fruits & Vegetables,mixed,mixed_language,FIHRIS_MINILM_DYNAMIC_INT8_PER_CHANNEL,HYBRID_PROTOTYPE,Fruits & Vegetables,0.7359017729759216,Medicine,0.34641313552856445,0.3894886374473572,"[""Fruits & Vegetables"", ""Medicine"", ""Groceries""]","[0.7359017729759216, 0.34641313552856445, 0.3428923487663269]",True,True
tomatoes,T0MAT0ES,Fruits & Vegetables,en,ocr_noise,FIHRIS_MINILM_DYNAMIC_INT8_PER_CHANNEL,HYBRID_PROTOTYPE,Shopping,0.28569692373275757,Medicine,0.2507118880748749,0.03498503565788269,"[""Shopping"", ""Medicine"", ""Groceries""]","[0.28569692373275757, 0.2507118880748749, 0.22789053618907928]",False,False
apples,تفـاح,Fruits & Vegetables,ar,ocr_noise,FIHRIS_MINILM_DYNAMIC_INT8_PER_CHANNEL,HYBRID_PROTOTYPE,Fruits & Vegetables,0.513791561126709,Groceries,0.4101937413215637,0.10359781980514526,"[""Fruits & Vegetables"", ""Groceries"", ""Personal Care""]","[0.513791561126709, 0.4101937413215637, 0.38929760456085205]",True,True
mcchicken_meal,McChicken Meal,Restaurants,en,clean,FIHRIS_MINILM_DYNAMIC_INT8_PER_CHANNEL,HYBRID_PROTOTYPE,Restaurants,0.6589052081108093,Groceries,0.5813437700271606,0.07756143808364868,"[""Restaurants"", ""Groceries"", ""Medicine""]","[0.6589052081108093, 0.5813437700271606, 0.40875065326690674]",True,True
margherita_pizza,Margherita Pizza,Restaurants,en,clean,FIHRIS_MINILM_DYNAMIC_INT8_PER_CHANNEL,HYBRID_PROTOTYPE,Restaurants,0.4854086935520172,Groceries,0.37262290716171265,0.11278578639030457,"[""Restaurants"", ""Groceries"", ""Medicine""]","[0.4854086935520172, 0.37262290716171265, 0.31163203716278076]",True,True
coffee,Cappuccino,Restaurants,en,clean,FIHRIS_MINILM_DYNAMIC_INT8_PER_CHANNEL,HYBRID_PROTOTYPE,Restaurants,0.42546215653419495,Medicine,0.3867514133453369,0.03871074318885803,"[""Restaurants"", ""Medicine"", ""Groceries""]","[0.42546215653419495, 0.3867514133453369, 0.38571059703826904]",True,True
restaurants_kfc_family_meal,KFC Family Meal,Restaurants,en,clean,FIHRIS_MINILM_DYNAMIC_INT8_PER_CHANNEL,HYBRID_PROTOTYPE,Restaurants,0.5406131744384766,Groceries,0.46071797609329224,0.07989519834518433,"[""Restaurants"", ""Groceries"", ""Fruits & Vegetables""]","[0.5406131744384766, 0.46071797609329224, 0.26419582962989807]",True,True
margherita_pizza,بيتزا مارجريتا,Restaurants,ar,clean,FIHRIS_MINILM_DYNAMIC_INT8_PER_CHANNEL,HYBRID_PROTOTYPE,Restaurants,0.5832834243774414,Groceries,0.4383082985877991,0.14497512578964233,"[""Restaurants"", ""Groceries"", ""Medicine""]","[0.5832834243774414, 0.4383082985877991, 0.3067821264266968]",True,True
burger_meal,وجبة برجر,Restaurants,ar,clean,FIHRIS_MINILM_DYNAMIC_INT8_PER_CHANNEL,HYBRID_PROTOTYPE,Restaurants,0.6305274963378906,Groceries,0.5793359279632568,0.05119156837463379,"[""Restaurants"", ""Groceries"", ""Fruits & Vegetables""]","[0.6305274963378906, 0.5793359279632568, 0.3960608243942261]",True,True
coffee,قهوة لاتيه,Restaurants,ar,clean,FIHRIS_MINILM_DYNAMIC_INT8_PER_CHANNEL,HYBRID_PROTOTYPE,Restaurants,0.5496475696563721,Transport,0.4106636643409729,0.13898390531539917,"[""Restaurants"", ""Transport"", ""Groceries""]","[0.5496475696563721, 0.4106636643409729, 0.3743478059768677]",True,True
restaurants_32,ساندوتش شاورما,Restaurants,ar,clean,FIHRIS_MINILM_DYNAMIC_INT8_PER_CHANNEL,HYBRID_PROTOTYPE,Personal Care,0.39134663343429565,Groceries,0.2854224741458893,0.10592415928840637,"[""Personal Care"", ""Groceries"", ""Restaurants""]","[0.39134663343429565, 0.2854224741458893, 0.28309887647628784]",False,True
coffee,Coffee قهوة,Restaurants,mixed,mixed_language,FIHRIS_MINILM_DYNAMIC_INT8_PER_CHANNEL,HYBRID_PROTOTYPE,Restaurants,0.480064332485199,Transport,0.3594093322753906,0.12065500020980835,"[""Restaurants"", ""Transport"", ""Groceries""]","[0.480064332485199, 0.3594093322753906, 0.2862013578414917]",True,True
burger_meal,Burger وجبة,Restaurants,mixed,mixed_language,FIHRIS_MINILM_DYNAMIC_INT8_PER_CHANNEL,HYBRID_PROTOTYPE,Transport,0.4303608536720276,Groceries,0.39238831400871277,0.03797253966331482,"[""Transport"", ""Groceries"", ""Restaurants""]","[0.4303608536720276, 0.39238831400871277, 0.36713987588882446]",False,True
mcchicken_meal,McCh1cken MeaI,Restaurants,en,ocr_noise,FIHRIS_MINILM_DYNAMIC_INT8_PER_CHANNEL,HYBRID_PROTOTYPE,Groceries,0.3270607590675354,Medicine,0.29055601358413696,0.03650474548339844,"[""Groceries"", ""Medicine"", ""Restaurants""]","[0.3270607590675354, 0.29055601358413696, 0.2766358256340027]",False,True
margherita_pizza,P1ZZA MARGHER1TA,Restaurants,en,ocr_noise,FIHRIS_MINILM_DYNAMIC_INT8_PER_CHANNEL,HYBRID_PROTOTYPE,Groceries,0.30424585938453674,Restaurants,0.25245940685272217,0.051786452531814575,"[""Groceries"", ""Restaurants"", ""Personal Care""]","[0.30424585938453674, 0.25245940685272217, 0.23071610927581787]",False,True
uber_trip,Uber Trip,Transport,en,clean,FIHRIS_MINILM_DYNAMIC_INT8_PER_CHANNEL,HYBRID_PROTOTYPE,Transport,0.4828346371650696,Entertainment,0.288445383310318,0.1943892538547516,"[""Transport"", ""Entertainment"", ""Shopping""]","[0.4828346371650696, 0.288445383310318, 0.24457266926765442]",True,True
careem_ride,Careem Ride,Transport,en,clean,FIHRIS_MINILM_DYNAMIC_INT8_PER_CHANNEL,HYBRID_PROTOTYPE,Transport,0.47909626364707947,Entertainment,0.38499486446380615,0.09410139918327332,"[""Transport"", ""Entertainment"", ""Personal Care""]","[0.47909626364707947, 0.38499486446380615, 0.35212743282318115]",True,True
metro_ticket,Cairo Metro Ticket,Transport,en,clean,FIHRIS_MINILM_DYNAMIC_INT8_PER_CHANNEL,HYBRID_PROTOTYPE,Transport,0.4530656337738037,Entertainment,0.3492000102996826,0.1038656234741211,"[""Transport"", ""Entertainment"", ""Shopping""]","[0.4530656337738037, 0.3492000102996826, 0.24182121455669403]",True,True
gasoline_92,Gasoline 92,Transport,en,clean,FIHRIS_MINILM_DYNAMIC_INT8_PER_CHANNEL,HYBRID_PROTOTYPE,Bills,0.4433195888996124,Transport,0.26021552085876465,0.18310406804084778,"[""Bills"", ""Transport"", ""Medicine""]","[0.4433195888996124, 0.26021552085876465, 0.25021660327911377]",False,True
uber_trip,رحلة أوبر,Transport,ar,clean,FIHRIS_MINILM_DYNAMIC_INT8_PER_CHANNEL,HYBRID_PROTOTYPE,Transport,0.5055689811706543,Entertainment,0.3331526219844818,0.17241635918617249,"[""Transport"", ""Entertainment"", ""Groceries""]","[0.5055689811706543, 0.3331526219844818, 0.3220750093460083]",True,True
careem_ride,مشوار كريم,Transport,ar,clean,FIHRIS_MINILM_DYNAMIC_INT8_PER_CHANNEL,HYBRID_PROTOTYPE,Personal Care,0.540353000164032,Groceries,0.4520278573036194,0.0883251428604126,"[""Personal Care"", ""Groceries"", ""Restaurants""]","[0.540353000164032, 0.4520278573036194, 0.4494498670101166]",False,False
metro_ticket,تذكرة مترو,Transport,ar,clean,FIHRIS_MINILM_DYNAMIC_INT8_PER_CHANNEL,HYBRID_PROTOTYPE,Transport,0.49886181950569153,Entertainment,0.41346463561058044,0.08539718389511108,"[""Transport"", ""Entertainment"", ""Shopping""]","[0.49886181950569153, 0.41346463561058044, 0.2940027713775635]",True,True
gasoline_92,بنزين 92,Transport,ar,clean,FIHRIS_MINILM_DYNAMIC_INT8_PER_CHANNEL,HYBRID_PROTOTYPE,Medicine,0.3558482825756073,Bills,0.30995824933052063,0.04589003324508667,"[""Medicine"", ""Bills"", ""Transport""]","[0.3558482825756073, 0.30995824933052063, 0.3053706884384155]",False,True
uber_trip,Uber مشوار,Transport,mixed,mixed_language,FIHRIS_MINILM_DYNAMIC_INT8_PER_CHANNEL,HYBRID_PROTOTYPE,Transport,0.42077362537384033,Shopping,0.3831305503845215,0.03764307498931885,"[""Transport"", ""Shopping"", ""Groceries""]","[0.42077362537384033, 0.3831305503845215, 0.33091431856155396]",True,True
careem_ride,Careem رحلة,Transport,mixed,mixed_language,FIHRIS_MINILM_DYNAMIC_INT8_PER_CHANNEL,HYBRID_PROTOTYPE,Transport,0.4930375814437866,Entertainment,0.3700513243675232,0.12298625707626343,"[""Transport"", ""Entertainment"", ""Personal Care""]","[0.4930375814437866, 0.3700513243675232, 0.3571675419807434]",True,True
uber_trip,UBER TR1P,Transport,en,ocr_noise,FIHRIS_MINILM_DYNAMIC_INT8_PER_CHANNEL,HYBRID_PROTOTYPE,Transport,0.2460446059703827,Groceries,0.22650118172168732,0.019543424248695374,"[""Transport"", ""Groceries"", ""Other""]","[0.2460446059703827, 0.22650118172168732, 0.19478796422481537]",True,True
careem_ride,CAR EEM R1DE,Transport,en,ocr_noise,FIHRIS_MINILM_DYNAMIC_INT8_PER_CHANNEL,HYBRID_PROTOTYPE,Transport,0.3006574213504791,Shopping,0.22366994619369507,0.07698747515678406,"[""Transport"", ""Shopping"", ""Groceries""]","[0.3006574213504791, 0.22366994619369507, 0.1931571364402771]",True,True
dettol_floor_cleaner,Dettol Floor Cleaner,Household,en,clean,FIHRIS_MINILM_DYNAMIC_INT8_PER_CHANNEL,HYBRID_PROTOTYPE,Household,0.5511611700057983,Medicine,0.3142102360725403,0.23695093393325806,"[""Household"", ""Medicine"", ""Personal Care""]","[0.5511611700057983, 0.3142102360725403, 0.2880723476409912]",True,True
fairy_dish_liquid,Fairy Dishwashing Liquid,Household,en,clean,FIHRIS_MINILM_DYNAMIC_INT8_PER_CHANNEL,HYBRID_PROTOTYPE,Household,0.6095179319381714,Personal Care,0.4339633584022522,0.1755545735359192,"[""Household"", ""Personal Care"", ""Groceries""]","[0.6095179319381714, 0.4339633584022522, 0.34534358978271484]",True,True
persil_gel,Persil Gel,Household,en,clean,FIHRIS_MINILM_DYNAMIC_INT8_PER_CHANNEL,HYBRID_PROTOTYPE,Personal Care,0.47002553939819336,Medicine,0.4243016242980957,0.045723915100097656,"[""Personal Care"", ""Medicine"", ""Household""]","[0.47002553939819336, 0.4243016242980957, 0.3493732511997223]",False,True
clorox_bleach,Clorox Bleach,Household,en,clean,FIHRIS_MINILM_DYNAMIC_INT8_PER_CHANNEL,HYBRID_PROTOTYPE,Personal Care,0.3491775393486023,Medicine,0.3357766270637512,0.013400912284851074,"[""Personal Care"", ""Medicine"", ""Household""]","[0.3491775393486023, 0.3357766270637512, 0.330889493227005]",False,True
dettol_floor_cleaner,منظف أرضيات ديتول,Household,ar,clean,FIHRIS_MINILM_DYNAMIC_INT8_PER_CHANNEL,HYBRID_PROTOTYPE,Household,0.4786694645881653,Shopping,0.3175466060638428,0.1611228585243225,"[""Household"", ""Shopping"", ""Transport""]","[0.4786694645881653, 0.3175466060638428, 0.3045966625213623]",True,True
fairy_dish_liquid,سائل غسيل أطباق,Household,ar,clean,FIHRIS_MINILM_DYNAMIC_INT8_PER_CHANNEL,HYBRID_PROTOTYPE,Household,0.704201340675354,Personal Care,0.48801013827323914,0.21619120240211487,"[""Household"", ""Personal Care"", ""Groceries""]","[0.704201340675354, 0.48801013827323914, 0.3880475163459778]",True,True
persil_gel,مسحوق غسيل برسيل,Household,ar,clean,FIHRIS_MINILM_DYNAMIC_INT8_PER_CHANNEL,HYBRID_PROTOTYPE,Household,0.7234682440757751,Personal Care,0.6553044319152832,0.06816381216049194,"[""Household"", ""Personal Care"", ""Medicine""]","[0.7234682440757751, 0.6553044319152832, 0.3836880922317505]",True,True
clorox_bleach,كلور مبيض,Household,ar,clean,FIHRIS_MINILM_DYNAMIC_INT8_PER_CHANNEL,HYBRID_PROTOTYPE,Groceries,0.3080713748931885,Personal Care,0.25329679250717163,0.054774582386016846,"[""Groceries"", ""Personal Care"", ""Transport""]","[0.3080713748931885, 0.25329679250717163, 0.21973758935928345]",False,False
dettol_floor_cleaner,Dettol منظف أرضيات,Household,mixed,mixed_language,FIHRIS_MINILM_DYNAMIC_INT8_PER_CHANNEL,HYBRID_PROTOTYPE,Household,0.372402161359787,Transport,0.3417264223098755,0.0306757390499115,"[""Household"", ""Transport"", ""Shopping""]","[0.372402161359787, 0.3417264223098755, 0.29848402738571167]",True,True
fairy_dish_liquid,Fairy صابون أطباق,Household,mixed,mixed_language,FIHRIS_MINILM_DYNAMIC_INT8_PER_CHANNEL,HYBRID_PROTOTYPE,Household,0.5085779428482056,Personal Care,0.49166160821914673,0.016916334629058838,"[""Household"", ""Personal Care"", ""Fruits & Vegetables""]","[0.5085779428482056, 0.49166160821914673, 0.33312344551086426]",True,True
dettol_floor_cleaner,DettoI Floor C1eaner,Household,en,ocr_noise,FIHRIS_MINILM_DYNAMIC_INT8_PER_CHANNEL,HYBRID_PROTOTYPE,Household,0.2552574872970581,Shopping,0.24763281643390656,0.00762467086315155,"[""Household"", ""Shopping"", ""Transport""]","[0.2552574872970581, 0.24763281643390656, 0.22673878073692322]",True,True
persil_gel,PersiI GeI,Household,en,ocr_noise,FIHRIS_MINILM_DYNAMIC_INT8_PER_CHANNEL,HYBRID_PROTOTYPE,Personal Care,0.24614393711090088,Transport,0.23637062311172485,0.009773313999176025,"[""Personal Care"", ""Transport"", ""Medicine""]","[0.24614393711090088, 0.23637062311172485, 0.22686247527599335]",False,False
panadol_extra,Panadol Extra,Medicine,en,clean,FIHRIS_MINILM_DYNAMIC_INT8_PER_CHANNEL,HYBRID_PROTOTYPE,Medicine,0.36640918254852295,Household,0.345330148935318,0.021079033613204956,"[""Medicine"", ""Household"", ""Groceries""]","[0.36640918254852295, 0.345330148935318, 0.31054991483688354]",True,True
brufen_400,Brufen 400,Medicine,en,clean,FIHRIS_MINILM_DYNAMIC_INT8_PER_CHANNEL,HYBRID_PROTOTYPE,Household,0.32384201884269714,Medicine,0.31598183512687683,0.007860183715820312,"[""Household"", ""Medicine"", ""Groceries""]","[0.32384201884269714, 0.31598183512687683, 0.3060357868671417]",False,True
folic_acid_600_mcg,Folic Acid 600 MCG,Medicine,en,clean,FIHRIS_MINILM_DYNAMIC_INT8_PER_CHANNEL,HYBRID_PROTOTYPE,Groceries,0.3361266851425171,Medicine,0.32028189301490784,0.015844792127609253,"[""Groceries"", ""Medicine"", ""Household""]","[0.3361266851425171, 0.32028189301490784, 0.252388060092926]",False,True
immulant_plus_20_cap,Immulant Plus 20 Cap,Medicine,en,clean,FIHRIS_MINILM_DYNAMIC_INT8_PER_CHANNEL,HYBRID_PROTOTYPE,Medicine,0.34220269322395325,Groceries,0.3398094177246094,0.002393275499343872,"[""Medicine"", ""Groceries"", ""Household""]","[0.34220269322395325, 0.3398094177246094, 0.28110846877098083]",True,True
panadol_extra,بنادول إكسترا,Medicine,ar,clean,FIHRIS_MINILM_DYNAMIC_INT8_PER_CHANNEL,HYBRID_PROTOTYPE,Transport,0.3736048936843872,Medicine,0.33806073665618896,0.03554415702819824,"[""Transport"", ""Medicine"", ""Shopping""]","[0.3736048936843872, 0.33806073665618896, 0.3324763774871826]",False,True
brufen_400,بروفين 400,Medicine,ar,clean,FIHRIS_MINILM_DYNAMIC_INT8_PER_CHANNEL,HYBRID_PROTOTYPE,Medicine,0.3734148144721985,Household,0.3298814296722412,0.043533384799957275,"[""Medicine"", ""Household"", ""Groceries""]","[0.3734148144721985, 0.3298814296722412, 0.3116424083709717]",True,True
folic_acid_600_mcg,حمض الفوليك,Medicine,ar,clean,FIHRIS_MINILM_DYNAMIC_INT8_PER_CHANNEL,HYBRID_PROTOTYPE,Personal Care,0.44859838485717773,Groceries,0.39582809805870056,0.05277028679847717,"[""Personal Care"", ""Groceries"", ""Transport""]","[0.44859838485717773, 0.39582809805870056, 0.367496132850647]",False,False
medicine_68,فيتامين سي,Medicine,ar,clean,FIHRIS_MINILM_DYNAMIC_INT8_PER_CHANNEL,HYBRID_PROTOTYPE,Medicine,0.5293812155723572,Personal Care,0.23286712169647217,0.296514093875885,"[""Medicine"", ""Personal Care"", ""Fruits & Vegetables""]","[0.5293812155723572, 0.23286712169647217, 0.22728344798088074]",True,True
panadol_extra,Panadol مسكن,Medicine,mixed,mixed_language,FIHRIS_MINILM_DYNAMIC_INT8_PER_CHANNEL,HYBRID_PROTOTYPE,Restaurants,0.384934663772583,Household,0.3404090106487274,0.04452565312385559,"[""Restaurants"", ""Household"", ""Transport""]","[0.384934663772583, 0.3404090106487274, 0.31008315086364746]",False,False
vitamin_d,Vitamin D فيتامين,Medicine,mixed,mixed_language,FIHRIS_MINILM_DYNAMIC_INT8_PER_CHANNEL,HYBRID_PROTOTYPE,Medicine,0.4895246624946594,Fruits & Vegetables,0.18169701099395752,0.3078276515007019,"[""Medicine"", ""Fruits & Vegetables"", ""Other""]","[0.4895246624946594, 0.18169701099395752, 0.17742814123630524]",True,True
panadol_extra,PANAD0L EXTRA,Medicine,en,ocr_noise,FIHRIS_MINILM_DYNAMIC_INT8_PER_CHANNEL,HYBRID_PROTOTYPE,Groceries,0.31738078594207764,Medicine,0.31315287947654724,0.0042279064655303955,"[""Groceries"", ""Medicine"", ""Other""]","[0.31738078594207764, 0.31315287947654724, 0.29173743724823]",False,True
folic_acid_600_mcg,F0LIC ACID 600 MCG,Medicine,en,ocr_noise,FIHRIS_MINILM_DYNAMIC_INT8_PER_CHANNEL,HYBRID_PROTOTYPE,Groceries,0.31920427083969116,Medicine,0.30408206582069397,0.015122205018997192,"[""Groceries"", ""Medicine"", ""Restaurants""]","[0.31920427083969116, 0.30408206582069397, 0.2319483458995819]",False,True
immulant_plus_20_cap,MLANT PLUS 20 CAP,Medicine,en,ocr_noise,FIHRIS_MINILM_DYNAMIC_INT8_PER_CHANNEL,HYBRID_PROTOTYPE,Groceries,0.3892437815666199,Medicine,0.37259209156036377,0.016651690006256104,"[""Groceries"", ""Medicine"", ""Other""]","[0.3892437815666199, 0.37259209156036377, 0.27219000458717346]",False,True
folic_acid_600_mcg,FoLic AciD 600 McG,Medicine,en,ocr_noise,FIHRIS_MINILM_DYNAMIC_INT8_PER_CHANNEL,HYBRID_PROTOTYPE,Medicine,0.33105069398880005,Groceries,0.305752158164978,0.02529853582382202,"[""Medicine"", ""Groceries"", ""Household""]","[0.33105069398880005, 0.305752158164978, 0.2751558721065521]",True,True
cotton_tshirt,Cotton T Shirt,Shopping,en,clean,FIHRIS_MINILM_DYNAMIC_INT8_PER_CHANNEL,HYBRID_PROTOTYPE,Shopping,0.30942922830581665,Medicine,0.28077152371406555,0.0286577045917511,"[""Shopping"", ""Medicine"", ""Groceries""]","[0.30942922830581665, 0.28077152371406555, 0.27501532435417175]",True,True
running_shoes,Running Shoes,Shopping,en,clean,FIHRIS_MINILM_DYNAMIC_INT8_PER_CHANNEL,HYBRID_PROTOTYPE,Shopping,0.2975882291793823,Transport,0.16041353344917297,0.13717469573020935,"[""Shopping"", ""Transport"", ""Restaurants""]","[0.2975882291793823, 0.16041353344917297, 0.14355382323265076]",True,True
wireless_headphones,Wireless Headphones,Shopping,en,clean,FIHRIS_MINILM_DYNAMIC_INT8_PER_CHANNEL,HYBRID_PROTOTYPE,Shopping,0.39302051067352295,Transport,0.19916847348213196,0.193852037191391,"[""Shopping"", ""Transport"", ""Medicine""]","[0.39302051067352295, 0.19916847348213196, 0.19129779934883118]",True,True
phone_charger,Phone Charger,Shopping,en,clean,FIHRIS_MINILM_DYNAMIC_INT8_PER_CHANNEL,HYBRID_PROTOTYPE,Bills,0.46107611060142517,Shopping,0.22482767701148987,0.2362484335899353,"[""Bills"", ""Shopping"", ""Other""]","[0.46107611060142517, 0.22482767701148987, 0.2182624191045761]",False,True
cotton_tshirt,تيشيرت قطن,Shopping,ar,clean,FIHRIS_MINILM_DYNAMIC_INT8_PER_CHANNEL,HYBRID_PROTOTYPE,Medicine,0.40587419271469116,Groceries,0.40458008646965027,0.0012941062450408936,"[""Medicine"", ""Groceries"", ""Transport""]","[0.40587419271469116, 0.40458008646965027, 0.3836250901222229]",False,False
running_shoes,حذاء رياضي,Shopping,ar,clean,FIHRIS_MINILM_DYNAMIC_INT8_PER_CHANNEL,HYBRID_PROTOTYPE,Shopping,0.35789933800697327,Personal Care,0.2528940439224243,0.10500529408454895,"[""Shopping"", ""Personal Care"", ""Entertainment""]","[0.35789933800697327, 0.2528940439224243, 0.2495553344488144]",True,True
wireless_headphones,سماعات بلوتوث,Shopping,ar,clean,FIHRIS_MINILM_DYNAMIC_INT8_PER_CHANNEL,HYBRID_PROTOTYPE,Books,0.28530895709991455,Personal Care,0.259354829788208,0.025954127311706543,"[""Books"", ""Personal Care"", ""Entertainment""]","[0.28530895709991455, 0.259354829788208, 0.25652846693992615]",False,False
phone_charger,شاحن موبايل,Shopping,ar,clean,FIHRIS_MINILM_DYNAMIC_INT8_PER_CHANNEL,HYBRID_PROTOTYPE,Transport,0.4643528461456299,Bills,0.42421990633010864,0.04013293981552124,"[""Transport"", ""Bills"", ""Shopping""]","[0.4643528461456299, 0.42421990633010864, 0.42226463556289673]",False,True
running_shoes,Nike حذاء,Shopping,mixed,mixed_language,FIHRIS_MINILM_DYNAMIC_INT8_PER_CHANNEL,HYBRID_PROTOTYPE,Shopping,0.41700756549835205,Personal Care,0.28731071949005127,0.12969684600830078,"[""Shopping"", ""Personal Care"", ""Transport""]","[0.41700756549835205, 0.28731071949005127, 0.2375536859035492]",True,True
wireless_headphones,Headphones سماعات,Shopping,mixed,mixed_language,FIHRIS_MINILM_DYNAMIC_INT8_PER_CHANNEL,HYBRID_PROTOTYPE,Shopping,0.27745378017425537,Transport,0.23235461115837097,0.0450991690158844,"[""Shopping"", ""Transport"", ""Other""]","[0.27745378017425537, 0.23235461115837097, 0.21662843227386475]",True,True
wireless_headphones,W1RELESS HEADPH0NES,Shopping,en,ocr_noise,FIHRIS_MINILM_DYNAMIC_INT8_PER_CHANNEL,HYBRID_PROTOTYPE,Groceries,0.16503863036632538,Medicine,0.15242062509059906,0.012618005275726318,"[""Groceries"", ""Medicine"", ""Household""]","[0.16503863036632538, 0.15242062509059906, 0.14859993755817413]",False,False
phone_charger,PH0NE CHARGER,Shopping,en,ocr_noise,FIHRIS_MINILM_DYNAMIC_INT8_PER_CHANNEL,HYBRID_PROTOTYPE,Medicine,0.3769685626029968,Household,0.29580867290496826,0.08115988969802856,"[""Medicine"", ""Household"", ""Transport""]","[0.3769685626029968, 0.29580867290496826, 0.24736616015434265]",False,False
electricity_bill,Electricity Bill,Bills,en,clean,FIHRIS_MINILM_DYNAMIC_INT8_PER_CHANNEL,HYBRID_PROTOTYPE,Bills,0.6826914548873901,Transport,0.23151543736457825,0.4511760175228119,"[""Bills"", ""Transport"", ""Shopping""]","[0.6826914548873901, 0.23151543736457825, 0.23101495206356049]",True,True
internet_bill,WE Internet Bill,Bills,en,clean,FIHRIS_MINILM_DYNAMIC_INT8_PER_CHANNEL,HYBRID_PROTOTYPE,Bills,0.5043864250183105,Shopping,0.3011110723018646,0.20327535271644592,"[""Bills"", ""Shopping"", ""Entertainment""]","[0.5043864250183105, 0.3011110723018646, 0.2880949079990387]",True,True
water_bill,Water Utility Bill,Bills,en,clean,FIHRIS_MINILM_DYNAMIC_INT8_PER_CHANNEL,HYBRID_PROTOTYPE,Bills,0.5547356009483337,Household,0.3245978057384491,0.23013779520988464,"[""Bills"", ""Household"", ""Other""]","[0.5547356009483337, 0.3245978057384491, 0.299996018409729]",True,True
mobile_bill,Mobile Phone Bill,Bills,en,clean,FIHRIS_MINILM_DYNAMIC_INT8_PER_CHANNEL,HYBRID_PROTOTYPE,Bills,0.526439368724823,Shopping,0.4266257882118225,0.09981358051300049,"[""Bills"", ""Shopping"", ""Other""]","[0.526439368724823, 0.4266257882118225, 0.28520074486732483]",True,True
electricity_bill,فاتورة كهرباء,Bills,ar,clean,FIHRIS_MINILM_DYNAMIC_INT8_PER_CHANNEL,HYBRID_PROTOTYPE,Bills,0.6642570495605469,Other,0.4244617223739624,0.23979532718658447,"[""Bills"", ""Other"", ""Shopping""]","[0.6642570495605469, 0.4244617223739624, 0.32035738229751587]",True,True
internet_bill,فاتورة انترنت WE,Bills,mixed,mixed_language,FIHRIS_MINILM_DYNAMIC_INT8_PER_CHANNEL,HYBRID_PROTOTYPE,Bills,0.5163894295692444,Other,0.4251461923122406,0.09124323725700378,"[""Bills"", ""Other"", ""Shopping""]","[0.5163894295692444, 0.4251461923122406, 0.3135329782962799]",True,True
water_bill,فاتورة مياه,Bills,ar,clean,FIHRIS_MINILM_DYNAMIC_INT8_PER_CHANNEL,HYBRID_PROTOTYPE,Bills,0.5009245872497559,Household,0.3770511746406555,0.12387341260910034,"[""Bills"", ""Household"", ""Other""]","[0.5009245872497559, 0.3770511746406555, 0.3683580160140991]",True,True
gas_bill,فاتورة غاز,Bills,ar,clean,FIHRIS_MINILM_DYNAMIC_INT8_PER_CHANNEL,HYBRID_PROTOTYPE,Bills,0.5072457790374756,Transport,0.3913710117340088,0.1158747673034668,"[""Bills"", ""Transport"", ""Other""]","[0.5072457790374756, 0.3913710117340088, 0.3399434983730316]",True,True
mobile_bill,Orange فاتورة موبايل,Bills,mixed,mixed_language,FIHRIS_MINILM_DYNAMIC_INT8_PER_CHANNEL,HYBRID_PROTOTYPE,Bills,0.4232790768146515,Other,0.34915682673454285,0.07412225008010864,"[""Bills"", ""Other"", ""Shopping""]","[0.4232790768146515, 0.34915682673454285, 0.3136235475540161]",True,True
internet_bill,Internet فاتورة شهرية,Bills,mixed,mixed_language,FIHRIS_MINILM_DYNAMIC_INT8_PER_CHANNEL,HYBRID_PROTOTYPE,Bills,0.49918287992477417,Other,0.4217875301837921,0.07739534974098206,"[""Bills"", ""Other"", ""Shopping""]","[0.49918287992477417, 0.4217875301837921, 0.30441802740097046]",True,True
electricity_bill,ELECTR1C1TY B1LL,Bills,en,ocr_noise,FIHRIS_MINILM_DYNAMIC_INT8_PER_CHANNEL,HYBRID_PROTOTYPE,Bills,0.2944360077381134,Shopping,0.1604275107383728,0.1340084969997406,"[""Bills"", ""Shopping"", ""Transport""]","[0.2944360077381134, 0.1604275107383728, 0.1451237052679062]",True,True
internet_bill,WE 1NTERNET B1LL,Bills,en,ocr_noise,FIHRIS_MINILM_DYNAMIC_INT8_PER_CHANNEL,HYBRID_PROTOTYPE,Groceries,0.28748422861099243,Bills,0.1902141571044922,0.09727007150650024,"[""Groceries"", ""Bills"", ""Transport""]","[0.28748422861099243, 0.1902141571044922, 0.1793798953294754]",False,True
netflix,Netflix,Entertainment,en,clean,FIHRIS_MINILM_DYNAMIC_INT8_PER_CHANNEL,HYBRID_PROTOTYPE,Medicine,0.37784409523010254,Groceries,0.2728627324104309,0.10498136281967163,"[""Medicine"", ""Groceries"", ""Household""]","[0.37784409523010254, 0.2728627324104309, 0.26434096693992615]",False,False
cinema_ticket,Cinema Ticket,Entertainment,en,clean,FIHRIS_MINILM_DYNAMIC_INT8_PER_CHANNEL,HYBRID_PROTOTYPE,Entertainment,0.5772815942764282,Transport,0.43122798204421997,0.14605361223220825,"[""Entertainment"", ""Transport"", ""Shopping""]","[0.5772815942764282, 0.43122798204421997, 0.24823597073554993]",True,True
playstation_game,PlayStation Game,Entertainment,en,clean,FIHRIS_MINILM_DYNAMIC_INT8_PER_CHANNEL,HYBRID_PROTOTYPE,Entertainment,0.27725842595100403,Medicine,0.25690245628356934,0.020355969667434692,"[""Entertainment"", ""Medicine"", ""Restaurants""]","[0.27725842595100403, 0.25690245628356934, 0.21746256947517395]",True,True
concert_ticket,Concert Ticket,Entertainment,en,clean,FIHRIS_MINILM_DYNAMIC_INT8_PER_CHANNEL,HYBRID_PROTOTYPE,Transport,0.5243121385574341,Entertainment,0.30090147256851196,0.22341066598892212,"[""Transport"", ""Entertainment"", ""Shopping""]","[0.5243121385574341, 0.30090147256851196, 0.2746765911579132]",False,True
cinema_ticket,تذكرة سينما,Entertainment,ar,clean,FIHRIS_MINILM_DYNAMIC_INT8_PER_CHANNEL,HYBRID_PROTOTYPE,Entertainment,0.5012065172195435,Transport,0.3439018130302429,0.15730470418930054,"[""Entertainment"", ""Transport"", ""Books""]","[0.5012065172195435, 0.3439018130302429, 0.29115885496139526]",True,True
netflix,اشتراك مشاهدة أفلام,Entertainment,ar,clean,FIHRIS_MINILM_DYNAMIC_INT8_PER_CHANNEL,HYBRID_PROTOTYPE,Entertainment,0.5335671305656433,Books,0.26223134994506836,0.27133578062057495,"[""Entertainment"", ""Books"", ""Bills""]","[0.5335671305656433, 0.26223134994506836, 0.19650208950042725]",True,True
playstation_game,لعبة بلايستيشن,Entertainment,ar,clean,FIHRIS_MINILM_DYNAMIC_INT8_PER_CHANNEL,HYBRID_PROTOTYPE,Entertainment,0.4817989468574524,Transport,0.29100438952445984,0.19079455733299255,"[""Entertainment"", ""Transport"", ""Books""]","[0.4817989468574524, 0.29100438952445984, 0.2819737195968628]",True,True
concert_ticket,تذكرة حفلة,Entertainment,ar,clean,FIHRIS_MINILM_DYNAMIC_INT8_PER_CHANNEL,HYBRID_PROTOTYPE,Entertainment,0.41740092635154724,Restaurants,0.34958744049072266,0.06781348586082458,"[""Entertainment"", ""Restaurants"", ""Transport""]","[0.41740092635154724, 0.34958744049072266, 0.34798485040664673]",True,True
netflix,Netflix اشتراك,Entertainment,mixed,mixed_language,FIHRIS_MINILM_DYNAMIC_INT8_PER_CHANNEL,HYBRID_PROTOTYPE,Medicine,0.3209937512874603,Groceries,0.24403153359889984,0.07696221768856049,"[""Medicine"", ""Groceries"", ""Other""]","[0.3209937512874603, 0.24403153359889984, 0.21618787944316864]",False,False
cinema_ticket,Cinema تذكرة,Entertainment,mixed,mixed_language,FIHRIS_MINILM_DYNAMIC_INT8_PER_CHANNEL,HYBRID_PROTOTYPE,Entertainment,0.5176391005516052,Transport,0.3287779688835144,0.18886113166809082,"[""Entertainment"", ""Transport"", ""Books""]","[0.5176391005516052, 0.3287779688835144, 0.2957058250904083]",True,True
netflix,NETFL1X,Entertainment,en,ocr_noise,FIHRIS_MINILM_DYNAMIC_INT8_PER_CHANNEL,HYBRID_PROTOTYPE,Groceries,0.33081385493278503,Bills,0.300312876701355,0.030500978231430054,"[""Groceries"", ""Bills"", ""Medicine""]","[0.33081385493278503, 0.300312876701355, 0.20843352377414703]",False,False
cinema_ticket,C1NEMA T1CKET,Entertainment,en,ocr_noise,FIHRIS_MINILM_DYNAMIC_INT8_PER_CHANNEL,HYBRID_PROTOTYPE,Medicine,0.3022319972515106,Groceries,0.2820432186126709,0.02018877863883972,"[""Medicine"", ""Groceries"", ""Shopping""]","[0.3022319972515106, 0.2820432186126709, 0.2611194849014282]",False,False
dove_shampoo,Dove Shampoo,Personal Care,en,clean,FIHRIS_MINILM_DYNAMIC_INT8_PER_CHANNEL,HYBRID_PROTOTYPE,Personal Care,0.27440881729125977,Household,0.262891560792923,0.011517256498336792,"[""Personal Care"", ""Household"", ""Medicine""]","[0.27440881729125977, 0.262891560792923, 0.21611127257347107]",True,True
nivea_face_cream,Nivea Face Cream,Personal Care,en,clean,FIHRIS_MINILM_DYNAMIC_INT8_PER_CHANNEL,HYBRID_PROTOTYPE,Personal Care,0.3767145872116089,Medicine,0.3092556595802307,0.06745892763137817,"[""Personal Care"", ""Medicine"", ""Household""]","[0.3767145872116089, 0.3092556595802307, 0.2443598508834839]",True,True
gillette_razor,Gillette Razor,Personal Care,en,clean,FIHRIS_MINILM_DYNAMIC_INT8_PER_CHANNEL,HYBRID_PROTOTYPE,Personal Care,0.6738219857215881,Household,0.49179643392562866,0.18202555179595947,"[""Personal Care"", ""Household"", ""Medicine""]","[0.6738219857215881, 0.49179643392562866, 0.35063251852989197]",True,True
haircut,Haircut,Personal Care,en,clean,FIHRIS_MINILM_DYNAMIC_INT8_PER_CHANNEL,HYBRID_PROTOTYPE,Personal Care,0.5001816153526306,Household,0.3184727728366852,0.18170884251594543,"[""Personal Care"", ""Household"", ""Medicine""]","[0.5001816153526306, 0.3184727728366852, 0.22028400003910065]",True,True
dove_shampoo,شامبو دوف,Personal Care,ar,clean,FIHRIS_MINILM_DYNAMIC_INT8_PER_CHANNEL,HYBRID_PROTOTYPE,Groceries,0.2613852024078369,Restaurants,0.21667695045471191,0.044708251953125,"[""Groceries"", ""Restaurants"", ""Fruits & Vegetables""]","[0.2613852024078369, 0.21667695045471191, 0.21418458223342896]",False,False
nivea_face_cream,كريم نيفيا للوجه,Personal Care,ar,clean,FIHRIS_MINILM_DYNAMIC_INT8_PER_CHANNEL,HYBRID_PROTOTYPE,Personal Care,0.3929678201675415,Restaurants,0.3347960114479065,0.05817180871963501,"[""Personal Care"", ""Restaurants"", ""Medicine""]","[0.3929678201675415, 0.3347960114479065, 0.3098621368408203]",True,True
gillette_razor,شفرة حلاقة,Personal Care,ar,clean,FIHRIS_MINILM_DYNAMIC_INT8_PER_CHANNEL,HYBRID_PROTOTYPE,Household,0.36207008361816406,Personal Care,0.3072090148925781,0.05486106872558594,"[""Household"", ""Personal Care"", ""Groceries""]","[0.36207008361816406, 0.3072090148925781, 0.30540838837623596]",False,True
haircut,قص شعر,Personal Care,ar,clean,FIHRIS_MINILM_DYNAMIC_INT8_PER_CHANNEL,HYBRID_PROTOTYPE,Personal Care,0.4602000117301941,Household,0.3078145682811737,0.15238544344902039,"[""Personal Care"", ""Household"", ""Medicine""]","[0.4602000117301941, 0.3078145682811737, 0.22267460823059082]",True,True
dove_shampoo,Shampoo شامبو,Personal Care,mixed,mixed_language,FIHRIS_MINILM_DYNAMIC_INT8_PER_CHANNEL,HYBRID_PROTOTYPE,Personal Care,0.23146697878837585,Restaurants,0.22185012698173523,0.009616851806640625,"[""Personal Care"", ""Restaurants"", ""Household""]","[0.23146697878837585, 0.22185012698173523, 0.21538664400577545]",True,True
nivea_face_cream,Nivea كريم بشرة,Personal Care,mixed,mixed_language,FIHRIS_MINILM_DYNAMIC_INT8_PER_CHANNEL,HYBRID_PROTOTYPE,Personal Care,0.4473782777786255,Medicine,0.341200590133667,0.1061776876449585,"[""Personal Care"", ""Medicine"", ""Restaurants""]","[0.4473782777786255, 0.341200590133667, 0.29397839307785034]",True,True
dove_shampoo,شامبو D0VE,Personal Care,mixed,ocr_noise,FIHRIS_MINILM_DYNAMIC_INT8_PER_CHANNEL,HYBRID_PROTOTYPE,Groceries,0.2671006917953491,Medicine,0.23641106486320496,0.030689626932144165,"[""Groceries"", ""Medicine"", ""Household""]","[0.2671006917953491, 0.23641106486320496, 0.21301397681236267]",False,False
gillette_razor,G1LLETTE RAZ0R,Personal Care,en,ocr_noise,FIHRIS_MINILM_DYNAMIC_INT8_PER_CHANNEL,HYBRID_PROTOTYPE,Groceries,0.24890075623989105,Medicine,0.16173920035362244,0.08716155588626862,"[""Groceries"", ""Medicine"", ""Shopping""]","[0.24890075623989105, 0.16173920035362244, 0.16020172834396362]",False,False
service_fee,Service Fee,Other,en,clean,FIHRIS_MINILM_DYNAMIC_INT8_PER_CHANNEL,HYBRID_PROTOTYPE,Other,0.5305658578872681,Bills,0.3958466649055481,0.13471919298171997,"[""Other"", ""Bills"", ""Groceries""]","[0.5305658578872681, 0.3958466649055481, 0.2138969898223877]",True,True
charity_donation,Charity Donation,Other,en,clean,FIHRIS_MINILM_DYNAMIC_INT8_PER_CHANNEL,HYBRID_PROTOTYPE,Other,0.5687047243118286,Medicine,0.2581440210342407,0.3105607032775879,"[""Other"", ""Medicine"", ""Bills""]","[0.5687047243118286, 0.2581440210342407, 0.1841006875038147]",True,True
document_printing,Document Printing,Other,en,clean,FIHRIS_MINILM_DYNAMIC_INT8_PER_CHANNEL,HYBRID_PROTOTYPE,Books,0.2805299758911133,Other,0.259552538394928,0.020977437496185303,"[""Books"", ""Other"", ""Bills""]","[0.2805299758911133, 0.259552538394928, 0.25245532393455505]",False,True
delivery_fee,Delivery Fee,Other,en,clean,FIHRIS_MINILM_DYNAMIC_INT8_PER_CHANNEL,HYBRID_PROTOTYPE,Other,0.6023803949356079,Bills,0.3852544128894806,0.21712598204612732,"[""Other"", ""Bills"", ""Groceries""]","[0.6023803949356079, 0.3852544128894806, 0.30015313625335693]",True,True
service_fee,رسوم خدمة,Other,ar,clean,FIHRIS_MINILM_DYNAMIC_INT8_PER_CHANNEL,HYBRID_PROTOTYPE,Other,0.5663985013961792,Bills,0.4543648362159729,0.1120336651802063,"[""Other"", ""Bills"", ""Shopping""]","[0.5663985013961792, 0.4543648362159729, 0.27122581005096436]",True,True
charity_donation,تبرع خيري,Other,ar,clean,FIHRIS_MINILM_DYNAMIC_INT8_PER_CHANNEL,HYBRID_PROTOTYPE,Other,0.5577486753463745,Medicine,0.26370900869369507,0.29403966665267944,"[""Other"", ""Medicine"", ""Books""]","[0.5577486753463745, 0.26370900869369507, 0.21451541781425476]",True,True
document_printing,طباعة مستندات,Other,ar,clean,FIHRIS_MINILM_DYNAMIC_INT8_PER_CHANNEL,HYBRID_PROTOTYPE,Medicine,0.39703524112701416,Books,0.37356749176979065,0.02346774935722351,"[""Medicine"", ""Books"", ""Household""]","[0.39703524112701416, 0.37356749176979065, 0.35326385498046875]",False,False
misc_expense,مصاريف متنوعة,Other,ar,clean,FIHRIS_MINILM_DYNAMIC_INT8_PER_CHANNEL,HYBRID_PROTOTYPE,Other,0.589292049407959,Bills,0.4341753125190735,0.1551167368888855,"[""Other"", ""Bills"", ""Groceries""]","[0.589292049407959, 0.4341753125190735, 0.3647594153881073]",True,True
delivery_fee,Delivery رسوم,Other,mixed,mixed_language,FIHRIS_MINILM_DYNAMIC_INT8_PER_CHANNEL,HYBRID_PROTOTYPE,Other,0.5007283687591553,Groceries,0.3867264986038208,0.11400187015533447,"[""Other"", ""Groceries"", ""Restaurants""]","[0.5007283687591553, 0.3867264986038208, 0.3706337511539459]",True,True
service_fee,Service مصاريف,Other,mixed,mixed_language,FIHRIS_MINILM_DYNAMIC_INT8_PER_CHANNEL,HYBRID_PROTOTYPE,Other,0.6029844284057617,Bills,0.4675476551055908,0.1354367733001709,"[""Other"", ""Bills"", ""Groceries""]","[0.6029844284057617, 0.4675476551055908, 0.34572237730026245]",True,True
service_fee,SERV1CE FEE,Other,en,ocr_noise,FIHRIS_MINILM_DYNAMIC_INT8_PER_CHANNEL,HYBRID_PROTOTYPE,Groceries,0.2536291480064392,Personal Care,0.2197616696357727,0.033867478370666504,"[""Groceries"", ""Personal Care"", ""Medicine""]","[0.2536291480064392, 0.2197616696357727, 0.17423716187477112]",False,False
misc_expense,M1SC EXPENSE,Other,en,ocr_noise,FIHRIS_MINILM_DYNAMIC_INT8_PER_CHANNEL,HYBRID_PROTOTYPE,Other,0.27698004245758057,Medicine,0.20253443717956543,0.07444560527801514,"[""Other"", ""Medicine"", ""Groceries""]","[0.27698004245758057, 0.20253443717956543, 0.16541600227355957]",True,True
atomic_habits,Atomic Habits,Books,en,clean,FIHRIS_MINILM_DYNAMIC_INT8_PER_CHANNEL,HYBRID_PROTOTYPE,Books,0.2159428894519806,Fruits & Vegetables,0.1553468108177185,0.060596078634262085,"[""Books"", ""Fruits & Vegetables"", ""Shopping""]","[0.2159428894519806, 0.1553468108177185, 0.1459282636642456]",True,True
clean_code,Clean Code,Books,en,clean,FIHRIS_MINILM_DYNAMIC_INT8_PER_CHANNEL,HYBRID_PROTOTYPE,Household,0.39912545680999756,Personal Care,0.34422263503074646,0.0549028217792511,"[""Household"", ""Personal Care"", ""Groceries""]","[0.39912545680999756, 0.34422263503074646, 0.24960653483867645]",False,False
psychology_of_money,The Psychology of Money,Books,en,clean,FIHRIS_MINILM_DYNAMIC_INT8_PER_CHANNEL,HYBRID_PROTOTYPE,Other,0.409631609916687,Bills,0.3182649612426758,0.09136664867401123,"[""Other"", ""Bills"", ""Books""]","[0.409631609916687, 0.3182649612426758, 0.2623801529407501]",False,True
pragmatic_programmer,The Pragmatic Programmer,Books,en,clean,FIHRIS_MINILM_DYNAMIC_INT8_PER_CHANNEL,HYBRID_PROTOTYPE,Books,0.32635200023651123,Personal Care,0.24737702310085297,0.07897497713565826,"[""Books"", ""Personal Care"", ""Medicine""]","[0.32635200023651123, 0.24737702310085297, 0.20111462473869324]",True,True
atomic_habits,العادات الذرية,Books,ar,clean,FIHRIS_MINILM_DYNAMIC_INT8_PER_CHANNEL,HYBRID_PROTOTYPE,Books,0.2515636384487152,Fruits & Vegetables,0.22745893895626068,0.02410469949245453,"[""Books"", ""Fruits & Vegetables"", ""Shopping""]","[0.2515636384487152, 0.22745893895626068, 0.21483315527439117]",True,True
art_of_not_caring,كتاب فن اللامبالاة,Books,ar,clean,FIHRIS_MINILM_DYNAMIC_INT8_PER_CHANNEL,HYBRID_PROTOTYPE,Books,0.48376569151878357,Personal Care,0.33818575739860535,0.14557993412017822,"[""Books"", ""Personal Care"", ""Entertainment""]","[0.48376569151878357, 0.33818575739860535, 0.23903131484985352]",True,True
awlad_haretna,رواية أولاد حارتنا,Books,ar,clean,FIHRIS_MINILM_DYNAMIC_INT8_PER_CHANNEL,HYBRID_PROTOTYPE,Books,0.31943410634994507,Personal Care,0.23963093757629395,0.07980316877365112,"[""Books"", ""Personal Care"", ""Restaurants""]","[0.31943410634994507, 0.23963093757629395, 0.22580954432487488]",True,True
learn_python_book,كتاب تعلم بايثون,Books,ar,clean,FIHRIS_MINILM_DYNAMIC_INT8_PER_CHANNEL,HYBRID_PROTOTYPE,Books,0.47148916125297546,Medicine,0.22426682710647583,0.24722233414649963,"[""Books"", ""Medicine"", ""Personal Care""]","[0.47148916125297546, 0.22426682710647583, 0.1674702763557434]",True,True
clean_code,Clean Code كتاب,Books,mixed,mixed_language,FIHRIS_MINILM_DYNAMIC_INT8_PER_CHANNEL,HYBRID_PROTOTYPE,Household,0.3298155963420868,Books,0.3157966732978821,0.014018923044204712,"[""Household"", ""Books"", ""Personal Care""]","[0.3298155963420868, 0.3157966732978821, 0.28295737504959106]",False,True
atomic_habits,Atomic Habits نسخة عربية,Books,mixed,mixed_language,FIHRIS_MINILM_DYNAMIC_INT8_PER_CHANNEL,HYBRID_PROTOTYPE,Fruits & Vegetables,0.15727651119232178,Books,0.13779683411121368,0.019479677081108093,"[""Fruits & Vegetables"", ""Books"", ""Groceries""]","[0.15727651119232178, 0.13779683411121368, 0.09833535552024841]",False,True
atomic_habits,AT0MIC HAB1TS,Books,en,ocr_noise,FIHRIS_MINILM_DYNAMIC_INT8_PER_CHANNEL,HYBRID_PROTOTYPE,Transport,0.17713379859924316,Groceries,0.1666640043258667,0.010469794273376465,"[""Transport"", ""Groceries"", ""Medicine""]","[0.17713379859924316, 0.1666640043258667, 0.12165433168411255]",False,False
clean_code,CLEAN C0DE,Books,en,ocr_noise,FIHRIS_MINILM_DYNAMIC_INT8_PER_CHANNEL,HYBRID_PROTOTYPE,Household,0.512202262878418,Personal Care,0.3630605638027191,0.14914169907569885,"[""Household"", ""Personal Care"", ""Medicine""]","[0.512202262878418, 0.3630605638027191, 0.24990305304527283]",False,False
chicken_breast,Chicken Breast,Groceries,en,clean,LEXICAL_FUZZY_BASELINE,LEXICAL_KEYWORD_FUZZY,Restaurants,0.5357142857142857,Groceries,0.425,0.11071428571428571,"[""Restaurants"", ""Groceries"", ""Entertainment""]","[0.5357142857142857, 0.425, 0.3333333333333333]",False,True
milk_1l,Milk 1L,Groceries,en,clean,LEXICAL_FUZZY_BASELINE,LEXICAL_KEYWORD_FUZZY,Groceries,0.425,Bills,0.375,0.04999999999999999,"[""Groceries"", ""Bills"", ""Household""]","[0.425, 0.375, 0.3529411764705882]",True,True
rice_1kg,Rice 1KG,Groceries,en,clean,LEXICAL_FUZZY_BASELINE,LEXICAL_KEYWORD_FUZZY,Groceries,0.425,Other,0.39473684210526316,0.030263157894736825,"[""Groceries"", ""Other"", ""Restaurants""]","[0.425, 0.39473684210526316, 0.3409090909090909]",True,True
groceries_egyptian_white_cheese,Egyptian White Cheese,Groceries,en,clean,LEXICAL_FUZZY_BASELINE,LEXICAL_KEYWORD_FUZZY,Shopping,0.3088235294117647,Personal Care,0.28378378378378377,0.025039745627980947,"[""Shopping"", ""Personal Care"", ""Other""]","[0.3088235294117647, 0.28378378378378377, 0.28125]",False,False
chicken_breast,صدور فراخ,Groceries,ar,clean,LEXICAL_FUZZY_BASELINE,LEXICAL_KEYWORD_FUZZY,Bills,0.3157894736842105,Restaurants,0.2608695652173913,0.05491990846681921,"[""Bills"", ""Restaurants"", ""Books""]","[0.3157894736842105, 0.2608695652173913, 0.16666666666666666]",False,False
milk_1l,لبن كامل الدسم,Groceries,ar,clean,LEXICAL_FUZZY_BASELINE,LEXICAL_KEYWORD_FUZZY,Books,0.28125,Restaurants,0.26785714285714285,0.01339285714285715,"[""Books"", ""Restaurants"", ""Groceries""]","[0.28125, 0.26785714285714285, 0.19565217391304346]",False,True
rice_1kg,كيس أرز 1 كيلو,Groceries,ar,clean,LEXICAL_FUZZY_BASELINE,LEXICAL_KEYWORD_FUZZY,Books,0.1875,Medicine,0.1875,0.0,"[""Books"", ""Medicine"", ""Other""]","[0.1875, 0.1875, 0.16666666666666666]",False,False
groceries_8,علبة تونة,Groceries,ar,clean,LEXICAL_FUZZY_BASELINE,LEXICAL_KEYWORD_FUZZY,Books,0.30000000000000004,Restaurants,0.25,0.050000000000000044,"[""Books"", ""Restaurants"", ""Bills""]","[0.30000000000000004, 0.25, 0.15789473684210525]",False,False
milk_1l,Fresh Milk لبن,Groceries,mixed,mixed_language,LEXICAL_FUZZY_BASELINE,LEXICAL_KEYWORD_FUZZY,Fruits & Vegetables,0.4375,Groceries,0.3409090909090909,0.09659090909090912,"[""Fruits & Vegetables"", ""Groceries"", ""Household""]","[0.4375, 0.3409090909090909, 0.3125]",False,True
chicken_breast,Chicken فراخ مجمدة,Groceries,mixed,mixed_language,LEXICAL_FUZZY_BASELINE,LEXICAL_KEYWORD_FUZZY,Restaurants,0.375,Groceries,0.2833333333333333,0.09166666666666667,"[""Restaurants"", ""Groceries"", ""Entertainment""]","[0.375, 0.2833333333333333, 0.24193548387096775]",False,True
milk_1l,M1LK 1L,Groceries,en,ocr_noise,LEXICAL_FUZZY_BASELINE,LEXICAL_KEYWORD_FUZZY,Restaurants,0.2727272727272727,Household,0.2647058823529412,0.008021390374331527,"[""Restaurants"", ""Household"", ""Bills""]","[0.2727272727272727, 0.2647058823529412, 0.25]",False,False
rice_1kg,R1CE 1KG,Groceries,en,ocr_noise,LEXICAL_FUZZY_BASELINE,LEXICAL_KEYWORD_FUZZY,Household,0.3333333333333333,Other,0.3157894736842105,0.017543859649122806,"[""Household"", ""Other"", ""Groceries""]","[0.3333333333333333, 0.3157894736842105, 0.30000000000000004]",False,True
banana,Banana,Fruits & Vegetables,en,clean,LEXICAL_FUZZY_BASELINE,LEXICAL_KEYWORD_FUZZY,Medicine,0.3157894736842105,Other,0.2727272727272727,0.0430622009569378,"[""Medicine"", ""Other"", ""Entertainment""]","[0.3157894736842105, 0.2727272727272727, 0.20454545454545453]",False,False
tomatoes,Fresh Tomatoes,Fruits & Vegetables,en,clean,LEXICAL_FUZZY_BASELINE,LEXICAL_KEYWORD_FUZZY,Fruits & Vegetables,0.85,Books,0.3333333333333333,0.5166666666666666,"[""Fruits & Vegetables"", ""Books"", ""Shopping""]","[0.85, 0.3333333333333333, 0.3333333333333333]",True,True
apples,Green Apples,Fruits & Vegetables,en,clean,LEXICAL_FUZZY_BASELINE,LEXICAL_KEYWORD_FUZZY,Fruits & Vegetables,0.425,Transport,0.32608695652173914,0.09891304347826085,"[""Fruits & Vegetables"", ""Transport"", ""Groceries""]","[0.425, 0.32608695652173914, 0.2884615384615385]",True,True
cucumber,Cucumber Pack,Fruits & Vegetables,en,clean,LEXICAL_FUZZY_BASELINE,LEXICAL_KEYWORD_FUZZY,Transport,0.40909090909090906,Entertainment,0.38888888888888884,0.02020202020202022,"[""Transport"", ""Entertainment"", ""Restaurants""]","[0.40909090909090906, 0.38888888888888884, 0.3103448275862069]",False,False
tomatoes,طماطم,Fruits & Vegetables,ar,clean,LEXICAL_FUZZY_BASELINE,LEXICAL_KEYWORD_FUZZY,Other,0.25,Restaurants,0.15789473684210525,0.09210526315789475,"[""Other"", ""Restaurants"", ""Books""]","[0.25, 0.15789473684210525, 0.14285714285714285]",False,False
apples,تفاح,Fruits & Vegetables,ar,clean,LEXICAL_FUZZY_BASELINE,LEXICAL_KEYWORD_FUZZY,Bills,0.21428571428571427,Medicine,0.21428571428571427,0.0,"[""Bills"", ""Medicine"", ""Books""]","[0.21428571428571427, 0.21428571428571427, 0.20454545454545453]",False,False
banana,موز بلدي,Fruits & Vegetables,ar,clean,LEXICAL_FUZZY_BASELINE,LEXICAL_KEYWORD_FUZZY,Restaurants,0.2647058823529412,Books,0.25,0.01470588235294118,"[""Restaurants"", ""Books"", ""Medicine""]","[0.2647058823529412, 0.25, 0.25]",False,False
cucumber,خيار طازج,Fruits & Vegetables,ar,clean,LEXICAL_FUZZY_BASELINE,LEXICAL_KEYWORD_FUZZY,Bills,0.39473684210526316,Medicine,0.23684210526315788,0.15789473684210528,"[""Bills"", ""Medicine"", ""Books""]","[0.39473684210526316, 0.23684210526315788, 0.2222222222222222]",False,False
banana,Banana موز,Fruits & Vegetables,mixed,mixed_language,LEXICAL_FUZZY_BASELINE,LEXICAL_KEYWORD_FUZZY,Medicine,0.2608695652173913,Other,0.23076923076923078,0.030100334448160515,"[""Medicine"", ""Other"", ""Books""]","[0.2608695652173913, 0.23076923076923078, 0.22499999999999998]",False,False
tomatoes,Fresh طماطم,Fruits & Vegetables,mixed,mixed_language,LEXICAL_FUZZY_BASELINE,LEXICAL_KEYWORD_FUZZY,Fruits & Vegetables,0.425,Groceries,0.23684210526315788,0.1881578947368421,"[""Fruits & Vegetables"", ""Groceries"", ""Household""]","[0.425, 0.23684210526315788, 0.21428571428571427]",True,True
tomatoes,T0MAT0ES,Fruits & Vegetables,en,ocr_noise,LEXICAL_FUZZY_BASELINE,LEXICAL_KEYWORD_FUZZY,Books,0.42857142857142855,Entertainment,0.3125,0.11607142857142855,"[""Books"", ""Entertainment"", ""Other""]","[0.42857142857142855, 0.3125, 0.3125]",False,False
apples,تفـاح,Fruits & Vegetables,ar,ocr_noise,LEXICAL_FUZZY_BASELINE,LEXICAL_KEYWORD_FUZZY,Bills,0.21428571428571427,Medicine,0.21428571428571427,0.0,"[""Bills"", ""Medicine"", ""Books""]","[0.21428571428571427, 0.21428571428571427, 0.20454545454545453]",False,False
mcchicken_meal,McChicken Meal,Restaurants,en,clean,LEXICAL_FUZZY_BASELINE,LEXICAL_KEYWORD_FUZZY,Groceries,0.5357142857142857,Restaurants,0.4245689655172414,0.11114532019704432,"[""Groceries"", ""Restaurants"", ""Entertainment""]","[0.5357142857142857, 0.4245689655172414, 0.3214285714285714]",False,True
margherita_pizza,Margherita Pizza,Restaurants,en,clean,LEXICAL_FUZZY_BASELINE,LEXICAL_KEYWORD_FUZZY,Fruits & Vegetables,0.3103448275862069,Bills,0.3088235294117647,0.0015212981744421872,"[""Fruits & Vegetables"", ""Bills"", ""Other""]","[0.3103448275862069, 0.3088235294117647, 0.28125]",False,False
coffee,Cappuccino,Restaurants,en,clean,LEXICAL_FUZZY_BASELINE,LEXICAL_KEYWORD_FUZZY,Books,0.30000000000000004,Other,0.2884615384615385,0.011538461538461553,"[""Books"", ""Other"", ""Medicine""]","[0.30000000000000004, 0.2884615384615385, 0.26785714285714285]",False,False
restaurants_kfc_family_meal,KFC Family Meal,Restaurants,en,clean,LEXICAL_FUZZY_BASELINE,LEXICAL_KEYWORD_FUZZY,Restaurants,0.3728448275862069,Groceries,0.3409090909090909,0.03193573667711602,"[""Restaurants"", ""Groceries"", ""Medicine""]","[0.3728448275862069, 0.3409090909090909, 0.3181818181818182]",True,True
margherita_pizza,بيتزا مارجريتا,Restaurants,ar,clean,LEXICAL_FUZZY_BASELINE,LEXICAL_KEYWORD_FUZZY,Books,0.328125,Restaurants,0.32608695652173914,0.0020380434782608647,"[""Books"", ""Restaurants"", ""Other""]","[0.328125, 0.32608695652173914, 0.2222222222222222]",False,True
burger_meal,وجبة برجر,Restaurants,ar,clean,LEXICAL_FUZZY_BASELINE,LEXICAL_KEYWORD_FUZZY,Groceries,0.25,Bills,0.23684210526315788,0.013157894736842118,"[""Groceries"", ""Bills"", ""Books""]","[0.25, 0.23684210526315788, 0.2222222222222222]",False,False
coffee,قهوة لاتيه,Restaurants,ar,clean,LEXICAL_FUZZY_BASELINE,LEXICAL_KEYWORD_FUZZY,Restaurants,0.425,Books,0.3214285714285714,0.10357142857142859,"[""Restaurants"", ""Books"", ""Bills""]","[0.425, 0.3214285714285714, 0.30000000000000004]",True,True
restaurants_32,ساندوتش شاورما,Restaurants,ar,clean,LEXICAL_FUZZY_BASELINE,LEXICAL_KEYWORD_FUZZY,Bills,0.3125,Books,0.28125,0.03125,"[""Bills"", ""Books"", ""Restaurants""]","[0.3125, 0.28125, 0.19565217391304346]",False,True
coffee,Coffee قهوة,Restaurants,mixed,mixed_language,LEXICAL_FUZZY_BASELINE,LEXICAL_KEYWORD_FUZZY,Restaurants,0.85,Other,0.2727272727272727,0.5772727272727273,"[""Restaurants"", ""Other"", ""Transport""]","[0.85, 0.2727272727272727, 0.2727272727272727]",True,True
burger_meal,Burger وجبة,Restaurants,mixed,mixed_language,LEXICAL_FUZZY_BASELINE,LEXICAL_KEYWORD_FUZZY,Transport,0.30000000000000004,Medicine,0.2857142857142857,0.014285714285714346,"[""Transport"", ""Medicine"", ""Restaurants""]","[0.30000000000000004, 0.2857142857142857, 0.2777777777777778]",False,True
mcchicken_meal,McCh1cken MeaI,Restaurants,en,ocr_noise,LEXICAL_FUZZY_BASELINE,LEXICAL_KEYWORD_FUZZY,Groceries,0.4821428571428572,Books,0.375,0.1071428571428572,"[""Groceries"", ""Books"", ""Restaurants""]","[0.4821428571428572, 0.375, 0.3103448275862069]",False,True
margherita_pizza,P1ZZA MARGHER1TA,Restaurants,en,ocr_noise,LEXICAL_FUZZY_BASELINE,LEXICAL_KEYWORD_FUZZY,Shopping,0.3620689655172414,Books,0.30000000000000004,0.06206896551724134,"[""Shopping"", ""Books"", ""Transport""]","[0.3620689655172414, 0.30000000000000004, 0.2647058823529412]",False,False
uber_trip,Uber Trip,Transport,en,clean,LEXICAL_FUZZY_BASELINE,LEXICAL_KEYWORD_FUZZY,Fruits & Vegetables,0.40909090909090906,Entertainment,0.32608695652173914,0.08300395256916993,"[""Fruits & Vegetables"", ""Entertainment"", ""Transport""]","[0.40909090909090906, 0.32608695652173914, 0.30000000000000004]",False,True
careem_ride,Careem Ride,Transport,en,clean,LEXICAL_FUZZY_BASELINE,LEXICAL_KEYWORD_FUZZY,Transport,0.425,Entertainment,0.375,0.04999999999999999,"[""Transport"", ""Entertainment"", ""Books""]","[0.425, 0.375, 0.3571428571428571]",True,True
metro_ticket,Cairo Metro Ticket,Transport,en,clean,LEXICAL_FUZZY_BASELINE,LEXICAL_KEYWORD_FUZZY,Entertainment,0.53125,Other,0.30000000000000004,0.23124999999999996,"[""Entertainment"", ""Other"", ""Medicine""]","[0.53125, 0.30000000000000004, 0.2916666666666667]",False,False
gasoline_92,Gasoline 92,Transport,en,clean,LEXICAL_FUZZY_BASELINE,LEXICAL_KEYWORD_FUZZY,Other,0.2727272727272727,Bills,0.26785714285714285,0.004870129870129858,"[""Other"", ""Bills"", ""Entertainment""]","[0.2727272727272727, 0.26785714285714285, 0.25]",False,False
uber_trip,رحلة أوبر,Transport,ar,clean,LEXICAL_FUZZY_BASELINE,LEXICAL_KEYWORD_FUZZY,Books,0.3333333333333333,Groceries,0.3333333333333333,0.0,"[""Books"", ""Groceries"", ""Restaurants""]","[0.3333333333333333, 0.3333333333333333, 0.3333333333333333]",False,False
careem_ride,مشوار كريم,Transport,ar,clean,LEXICAL_FUZZY_BASELINE,LEXICAL_KEYWORD_FUZZY,Other,0.32608695652173914,Restaurants,0.23684210526315788,0.08924485125858125,"[""Other"", ""Restaurants"", ""Medicine""]","[0.32608695652173914, 0.23684210526315788, 0.22499999999999998]",False,False
metro_ticket,تذكرة مترو,Transport,ar,clean,LEXICAL_FUZZY_BASELINE,LEXICAL_KEYWORD_FUZZY,Other,0.32608695652173914,Groceries,0.3157894736842105,0.010297482837528626,"[""Other"", ""Groceries"", ""Bills""]","[0.32608695652173914, 0.3157894736842105, 0.30000000000000004]",False,False
gasoline_92,بنزين 92,Transport,ar,clean,LEXICAL_FUZZY_BASELINE,LEXICAL_KEYWORD_FUZZY,Medicine,0.25,Groceries,0.1764705882352941,0.0735294117647059,"[""Medicine"", ""Groceries"", ""Restaurants""]","[0.25, 0.1764705882352941, 0.1764705882352941]",False,False
uber_trip,Uber مشوار,Transport,mixed,mixed_language,LEXICAL_FUZZY_BASELINE,LEXICAL_KEYWORD_FUZZY,Fruits & Vegetables,0.32608695652173914,Household,0.22499999999999998,0.10108695652173916,"[""Fruits & Vegetables"", ""Household"", ""Medicine""]","[0.32608695652173914, 0.22499999999999998, 0.22499999999999998]",False,False
careem_ride,Careem رحلة,Transport,mixed,mixed_language,LEXICAL_FUZZY_BASELINE,LEXICAL_KEYWORD_FUZZY,Fruits & Vegetables,0.2608695652173913,Transport,0.25862068965517243,0.002248875562218866,"[""Fruits & Vegetables"", ""Transport"", ""Entertainment""]","[0.2608695652173913, 0.25862068965517243, 0.25]",False,True
uber_trip,UBER TR1P,Transport,en,ocr_noise,LEXICAL_FUZZY_BASELINE,LEXICAL_KEYWORD_FUZZY,Fruits & Vegetables,0.40909090909090906,Household,0.3157894736842105,0.09330143540669855,"[""Fruits & Vegetables"", ""Household"", ""Entertainment""]","[0.40909090909090906, 0.3157894736842105, 0.28125]",False,False
careem_ride,CAR EEM R1DE,Transport,en,ocr_noise,LEXICAL_FUZZY_BASELINE,LEXICAL_KEYWORD_FUZZY,Fruits & Vegetables,0.375,Books,0.3409090909090909,0.034090909090909116,"[""Fruits & Vegetables"", ""Books"", ""Entertainment""]","[0.375, 0.3409090909090909, 0.30000000000000004]",False,False
dettol_floor_cleaner,Dettol Floor Cleaner,Household,en,clean,LEXICAL_FUZZY_BASELINE,LEXICAL_KEYWORD_FUZZY,Other,0.328125,Household,0.3181818181818182,0.009943181818181823,"[""Other"", ""Household"", ""Books""]","[0.328125, 0.3181818181818182, 0.30000000000000004]",False,True
fairy_dish_liquid,Fairy Dishwashing Liquid,Household,en,clean,LEXICAL_FUZZY_BASELINE,LEXICAL_KEYWORD_FUZZY,Restaurants,0.2692307692307692,Other,0.26249999999999996,0.006730769230769262,"[""Restaurants"", ""Other"", ""Fruits & Vegetables""]","[0.2692307692307692, 0.26249999999999996, 0.23684210526315788]",False,False
persil_gel,Persil Gel,Household,en,clean,LEXICAL_FUZZY_BASELINE,LEXICAL_KEYWORD_FUZZY,Other,0.3571428571428571,Groceries,0.3529411764705882,0.004201680672268893,"[""Other"", ""Groceries"", ""Entertainment""]","[0.3571428571428571, 0.3529411764705882, 0.34615384615384615]",False,False
clorox_bleach,Clorox Bleach,Household,en,clean,LEXICAL_FUZZY_BASELINE,LEXICAL_KEYWORD_FUZZY,Books,0.32608695652173914,Household,0.3181818181818182,0.007905138339920958,"[""Books"", ""Household"", ""Transport""]","[0.32608695652173914, 0.3181818181818182, 0.29032258064516125]",False,True
dettol_floor_cleaner,منظف أرضيات ديتول,Household,ar,clean,LEXICAL_FUZZY_BASELINE,LEXICAL_KEYWORD_FUZZY,Other,0.25,Bills,0.2222222222222222,0.02777777777777779,"[""Other"", ""Bills"", ""Groceries""]","[0.25, 0.2222222222222222, 0.17307692307692307]",False,False
fairy_dish_liquid,سائل غسيل أطباق,Household,ar,clean,LEXICAL_FUZZY_BASELINE,LEXICAL_KEYWORD_FUZZY,Books,0.24193548387096775,Bills,0.24,0.001935483870967758,"[""Books"", ""Bills"", ""Medicine""]","[0.24193548387096775, 0.24, 0.24]",False,False
persil_gel,مسحوق غسيل برسيل,Household,ar,clean,LEXICAL_FUZZY_BASELINE,LEXICAL_KEYWORD_FUZZY,Household,0.2833333333333333,Restaurants,0.24,0.043333333333333335,"[""Household"", ""Restaurants"", ""Medicine""]","[0.2833333333333333, 0.24, 0.23076923076923078]",True,True
clorox_bleach,كلور مبيض,Household,ar,clean,LEXICAL_FUZZY_BASELINE,LEXICAL_KEYWORD_FUZZY,Bills,0.23684210526315788,Books,0.2222222222222222,0.014619883040935672,"[""Bills"", ""Books"", ""Other""]","[0.23684210526315788, 0.2222222222222222, 0.20454545454545453]",False,False
dettol_floor_cleaner,Dettol منظف أرضيات,Household,mixed,mixed_language,LEXICAL_FUZZY_BASELINE,LEXICAL_KEYWORD_FUZZY,Shopping,0.234375,Other,0.2,0.03437499999999999,"[""Shopping"", ""Other"", ""Medicine""]","[0.234375, 0.2, 0.1935483870967742]",False,False
fairy_dish_liquid,Fairy صابون أطباق,Household,mixed,mixed_language,LEXICAL_FUZZY_BASELINE,LEXICAL_KEYWORD_FUZZY,Household,0.2833333333333333,Books,0.2571428571428571,0.02619047619047621,"[""Household"", ""Books"", ""Restaurants""]","[0.2833333333333333, 0.2571428571428571, 0.234375]",True,True
dettol_floor_cleaner,DettoI Floor C1eaner,Household,en,ocr_noise,LEXICAL_FUZZY_BASELINE,LEXICAL_KEYWORD_FUZZY,Other,0.328125,Household,0.3181818181818182,0.009943181818181823,"[""Other"", ""Household"", ""Books""]","[0.328125, 0.3181818181818182, 0.30000000000000004]",False,True
persil_gel,PersiI GeI,Household,en,ocr_noise,LEXICAL_FUZZY_BASELINE,LEXICAL_KEYWORD_FUZZY,Other,0.3571428571428571,Bills,0.34615384615384615,0.01098901098901095,"[""Other"", ""Bills"", ""Entertainment""]","[0.3571428571428571, 0.34615384615384615, 0.34615384615384615]",False,False
panadol_extra,Panadol Extra,Medicine,en,clean,LEXICAL_FUZZY_BASELINE,LEXICAL_KEYWORD_FUZZY,Fruits & Vegetables,0.3157894736842105,Transport,0.29032258064516125,0.025466893039049254,"[""Fruits & Vegetables"", ""Transport"", ""Household""]","[0.3157894736842105, 0.29032258064516125, 0.2727272727272727]",False,False
brufen_400,Brufen 400,Medicine,en,clean,LEXICAL_FUZZY_BASELINE,LEXICAL_KEYWORD_FUZZY,Fruits & Vegetables,0.3125,Books,0.30000000000000004,0.012499999999999956,"[""Fruits & Vegetables"", ""Books"", ""Personal Care""]","[0.3125, 0.30000000000000004, 0.2727272727272727]",False,False
folic_acid_600_mcg,Folic Acid 600 MCG,Medicine,en,clean,LEXICAL_FUZZY_BASELINE,LEXICAL_KEYWORD_FUZZY,Restaurants,0.3181818181818182,Books,0.29032258064516125,0.027859237536656922,"[""Restaurants"", ""Books"", ""Household""]","[0.3181818181818182, 0.29032258064516125, 0.2763157894736842]",False,False
immulant_plus_20_cap,Immulant Plus 20 Cap,Medicine,en,clean,LEXICAL_FUZZY_BASELINE,LEXICAL_KEYWORD_FUZZY,Books,0.25,Personal Care,0.25,0.0,"[""Books"", ""Personal Care"", ""Medicine""]","[0.25, 0.25, 0.23684210526315788]",False,True
panadol_extra,بنادول إكسترا,Medicine,ar,clean,LEXICAL_FUZZY_BASELINE,LEXICAL_KEYWORD_FUZZY,Restaurants,0.3333333333333333,Bills,0.2608695652173913,0.07246376811594202,"[""Restaurants"", ""Bills"", ""Books""]","[0.3333333333333333, 0.2608695652173913, 0.24193548387096775]",False,False
brufen_400,بروفين 400,Medicine,ar,clean,LEXICAL_FUZZY_BASELINE,LEXICAL_KEYWORD_FUZZY,Medicine,0.30000000000000004,Groceries,0.23684210526315788,0.06315789473684216,"[""Medicine"", ""Groceries"", ""Books""]","[0.30000000000000004, 0.23684210526315788, 0.21428571428571427]",True,True
folic_acid_600_mcg,حمض الفوليك,Medicine,ar,clean,LEXICAL_FUZZY_BASELINE,LEXICAL_KEYWORD_FUZZY,Books,0.2222222222222222,Medicine,0.21428571428571427,0.007936507936507936,"[""Books"", ""Medicine"", ""Other""]","[0.2222222222222222, 0.21428571428571427, 0.1875]",False,True
medicine_68,فيتامين سي,Medicine,ar,clean,LEXICAL_FUZZY_BASELINE,LEXICAL_KEYWORD_FUZZY,Books,0.2884615384615385,Bills,0.22499999999999998,0.06346153846153851,"[""Books"", ""Bills"", ""Other""]","[0.2884615384615385, 0.22499999999999998, 0.19565217391304346]",False,False
panadol_extra,Panadol مسكن,Medicine,mixed,mixed_language,LEXICAL_FUZZY_BASELINE,LEXICAL_KEYWORD_FUZZY,Transport,0.2608695652173913,Fruits & Vegetables,0.25,0.010869565217391297,"[""Transport"", ""Fruits & Vegetables"", ""Entertainment""]","[0.2608695652173913, 0.25, 0.21428571428571427]",False,False
vitamin_d,Vitamin D فيتامين,Medicine,mixed,mixed_language,LEXICAL_FUZZY_BASELINE,LEXICAL_KEYWORD_FUZZY,Medicine,0.47222222222222215,Books,0.2272727272727273,0.24494949494949486,"[""Medicine"", ""Books"", ""Entertainment""]","[0.47222222222222215, 0.2272727272727273, 0.2272727272727273]",True,True
panadol_extra,PANAD0L EXTRA,Medicine,en,ocr_noise,LEXICAL_FUZZY_BASELINE,LEXICAL_KEYWORD_FUZZY,Fruits & Vegetables,0.3157894736842105,Transport,0.29032258064516125,0.025466893039049254,"[""Fruits & Vegetables"", ""Transport"", ""Household""]","[0.3157894736842105, 0.29032258064516125, 0.2727272727272727]",False,False
folic_acid_600_mcg,F0LIC ACID 600 MCG,Medicine,en,ocr_noise,LEXICAL_FUZZY_BASELINE,LEXICAL_KEYWORD_FUZZY,Restaurants,0.3181818181818182,Books,0.29032258064516125,0.027859237536656922,"[""Restaurants"", ""Books"", ""Household""]","[0.3181818181818182, 0.29032258064516125, 0.2763157894736842]",False,False
immulant_plus_20_cap,MLANT PLUS 20 CAP,Medicine,en,ocr_noise,LEXICAL_FUZZY_BASELINE,LEXICAL_KEYWORD_FUZZY,Books,0.2777777777777778,Restaurants,0.2727272727272727,0.005050505050505083,"[""Books"", ""Restaurants"", ""Medicine""]","[0.2777777777777778, 0.2727272727272727, 0.2571428571428571]",False,True
folic_acid_600_mcg,FoLic AciD 600 McG,Medicine,en,ocr_noise,LEXICAL_FUZZY_BASELINE,LEXICAL_KEYWORD_FUZZY,Restaurants,0.3181818181818182,Books,0.29032258064516125,0.027859237536656922,"[""Restaurants"", ""Books"", ""Household""]","[0.3181818181818182, 0.29032258064516125, 0.2763157894736842]",False,False
cotton_tshirt,Cotton T Shirt,Shopping,en,clean,LEXICAL_FUZZY_BASELINE,LEXICAL_KEYWORD_FUZZY,Entertainment,0.375,Transport,0.375,0.0,"[""Entertainment"", ""Transport"", ""Other""]","[0.375, 0.375, 0.30000000000000004]",False,False
running_shoes,Running Shoes,Shopping,en,clean,LEXICAL_FUZZY_BASELINE,LEXICAL_KEYWORD_FUZZY,Shopping,0.425,Fruits & Vegetables,0.3333333333333333,0.09166666666666667,"[""Shopping"", ""Fruits & Vegetables"", ""Medicine""]","[0.425, 0.3333333333333333, 0.32608695652173914]",True,True
wireless_headphones,Wireless Headphones,Shopping,en,clean,LEXICAL_FUZZY_BASELINE,LEXICAL_KEYWORD_FUZZY,Bills,0.375,Other,0.29032258064516125,0.08467741935483875,"[""Bills"", ""Other"", ""Personal Care""]","[0.375, 0.29032258064516125, 0.29032258064516125]",False,False
phone_charger,Phone Charger,Shopping,en,clean,LEXICAL_FUZZY_BASELINE,LEXICAL_KEYWORD_FUZZY,Bills,0.36250000000000004,Household,0.32608695652173914,0.03641304347826091,"[""Bills"", ""Household"", ""Transport""]","[0.36250000000000004, 0.32608695652173914, 0.3125]",False,False
cotton_tshirt,تيشيرت قطن,Shopping,ar,clean,LEXICAL_FUZZY_BASELINE,LEXICAL_KEYWORD_FUZZY,Bills,0.22499999999999998,Medicine,0.22499999999999998,0.0,"[""Bills"", ""Medicine"", ""Books""]","[0.22499999999999998, 0.22499999999999998, 0.21428571428571427]",False,False
running_shoes,حذاء رياضي,Shopping,ar,clean,LEXICAL_FUZZY_BASELINE,LEXICAL_KEYWORD_FUZZY,Restaurants,0.25,Bills,0.22499999999999998,0.025000000000000022,"[""Restaurants"", ""Bills"", ""Medicine""]","[0.25, 0.22499999999999998, 0.22499999999999998]",False,False
wireless_headphones,سماعات بلوتوث,Shopping,ar,clean,LEXICAL_FUZZY_BASELINE,LEXICAL_KEYWORD_FUZZY,Groceries,0.2727272727272727,Books,0.20689655172413793,0.06583072100313478,"[""Groceries"", ""Books"", ""Bills""]","[0.2727272727272727, 0.20689655172413793, 0.19565217391304346]",False,False
phone_charger,شاحن موبايل,Shopping,ar,clean,LEXICAL_FUZZY_BASELINE,LEXICAL_KEYWORD_FUZZY,Bills,0.425,Books,0.3620689655172414,0.06293103448275861,"[""Bills"", ""Books"", ""Medicine""]","[0.425, 0.3620689655172414, 0.2857142857142857]",False,False
running_shoes,Nike حذاء,Shopping,mixed,mixed_language,LEXICAL_FUZZY_BASELINE,LEXICAL_KEYWORD_FUZZY,Groceries,0.28125,Entertainment,0.2727272727272727,0.008522727272727293,"[""Groceries"", ""Entertainment"", ""Restaurants""]","[0.28125, 0.2727272727272727, 0.2608695652173913]",False,False
wireless_headphones,Headphones سماعات,Shopping,mixed,mixed_language,LEXICAL_FUZZY_BASELINE,LEXICAL_KEYWORD_FUZZY,Bills,0.3088235294117647,Shopping,0.30000000000000004,0.008823529411764675,"[""Bills"", ""Shopping"", ""Transport""]","[0.3088235294117647, 0.30000000000000004, 0.26785714285714285]",False,True
wireless_headphones,W1RELESS HEADPH0NES,Shopping,en,ocr_noise,LEXICAL_FUZZY_BASELINE,LEXICAL_KEYWORD_FUZZY,Bills,0.3333333333333333,Other,0.29032258064516125,0.04301075268817206,"[""Bills"", ""Other"", ""Personal Care""]","[0.3333333333333333, 0.29032258064516125, 0.29032258064516125]",False,False
phone_charger,PH0NE CHARGER,Shopping,en,ocr_noise,LEXICAL_FUZZY_BASELINE,LEXICAL_KEYWORD_FUZZY,Household,0.32608695652173914,Transport,0.3125,0.013586956521739135,"[""Household"", ""Transport"", ""Groceries""]","[0.32608695652173914, 0.3125, 0.3088235294117647]",False,False
electricity_bill,Electricity Bill,Bills,en,clean,LEXICAL_FUZZY_BASELINE,LEXICAL_KEYWORD_FUZZY,Bills,0.5036764705882353,Other,0.328125,0.17555147058823528,"[""Bills"", ""Other"", ""Groceries""]","[0.5036764705882353, 0.328125, 0.3125]",True,True
internet_bill,WE Internet Bill,Bills,en,clean,LEXICAL_FUZZY_BASELINE,LEXICAL_KEYWORD_FUZZY,Bills,0.49117647058823527,Household,0.2884615384615385,0.20271493212669678,"[""Bills"", ""Household"", ""Other""]","[0.49117647058823527, 0.2884615384615385, 0.2727272727272727]",True,True
water_bill,Water Utility Bill,Bills,en,clean,LEXICAL_FUZZY_BASELINE,LEXICAL_KEYWORD_FUZZY,Bills,0.5666666666666667,Household,0.3214285714285714,0.24523809523809526,"[""Bills"", ""Household"", ""Other""]","[0.5666666666666667, 0.3214285714285714, 0.3088235294117647]",True,True
mobile_bill,Mobile Phone Bill,Bills,en,clean,LEXICAL_FUZZY_BASELINE,LEXICAL_KEYWORD_FUZZY,Bills,0.45909090909090905,Groceries,0.375,0.08409090909090905,"[""Bills"", ""Groceries"", ""Shopping""]","[0.45909090909090905, 0.375, 0.375]",True,True
electricity_bill,فاتورة كهرباء,Bills,ar,clean,LEXICAL_FUZZY_BASELINE,LEXICAL_KEYWORD_FUZZY,Bills,0.605072463768116,Restaurants,0.2777777777777778,0.3272946859903382,"[""Bills"", ""Restaurants"", ""Books""]","[0.605072463768116, 0.2777777777777778, 0.25862068965517243]",True,True
internet_bill,فاتورة انترنت WE,Bills,mixed,mixed_language,LEXICAL_FUZZY_BASELINE,LEXICAL_KEYWORD_FUZZY,Bills,0.5240384615384616,Restaurants,0.25,0.27403846153846156,"[""Bills"", ""Restaurants"", ""Books""]","[0.5240384615384616, 0.25, 0.22058823529411764]",True,True
water_bill,فاتورة مياه,Bills,ar,clean,LEXICAL_FUZZY_BASELINE,LEXICAL_KEYWORD_FUZZY,Bills,0.6547619047619048,Restaurants,0.36,0.2947619047619048,"[""Bills"", ""Restaurants"", ""Medicine""]","[0.6547619047619048, 0.36, 0.2857142857142857]",True,True
gas_bill,فاتورة غاز,Bills,ar,clean,LEXICAL_FUZZY_BASELINE,LEXICAL_KEYWORD_FUZZY,Restaurants,0.3125,Other,0.2608695652173913,0.0516304347826087,"[""Restaurants"", ""Other"", ""Groceries""]","[0.3125, 0.2608695652173913, 0.23684210526315788]",False,False
mobile_bill,Orange فاتورة موبايل,Bills,mixed,mixed_language,LEXICAL_FUZZY_BASELINE,LEXICAL_KEYWORD_FUZZY,Bills,0.4625,Books,0.2763157894736842,0.18618421052631584,"[""Bills"", ""Books"", ""Restaurants""]","[0.4625, 0.2763157894736842, 0.2647058823529412]",True,True
internet_bill,Internet فاتورة شهرية,Bills,mixed,mixed_language,LEXICAL_FUZZY_BASELINE,LEXICAL_KEYWORD_FUZZY,Bills,0.4012096774193548,Entertainment,0.22058823529411764,0.18062144212523717,"[""Bills"", ""Entertainment"", ""Groceries""]","[0.4012096774193548, 0.22058823529411764, 0.2]",True,True
electricity_bill,ELECTR1C1TY B1LL,Bills,en,ocr_noise,LEXICAL_FUZZY_BASELINE,LEXICAL_KEYWORD_FUZZY,Bills,0.3529411764705882,Other,0.3214285714285714,0.031512605042016806,"[""Bills"", ""Other"", ""Groceries""]","[0.3529411764705882, 0.3214285714285714, 0.2608695652173913]",True,True
internet_bill,WE 1NTERNET B1LL,Bills,en,ocr_noise,LEXICAL_FUZZY_BASELINE,LEXICAL_KEYWORD_FUZZY,Bills,0.421875,Other,0.2727272727272727,0.1491477272727273,"[""Bills"", ""Other"", ""Entertainment""]","[0.421875, 0.2727272727272727, 0.2608695652173913]",True,True
netflix,Netflix,Entertainment,en,clean,LEXICAL_FUZZY_BASELINE,LEXICAL_KEYWORD_FUZZY,Entertainment,0.30000000000000004,Transport,0.28125,0.018750000000000044,"[""Entertainment"", ""Transport"", ""Bills""]","[0.30000000000000004, 0.28125, 0.2608695652173913]",True,True
cinema_ticket,Cinema Ticket,Entertainment,en,clean,LEXICAL_FUZZY_BASELINE,LEXICAL_KEYWORD_FUZZY,Entertainment,0.638888888888889,Transport,0.5463709677419355,0.09251792114695345,"[""Entertainment"", ""Transport"", ""Groceries""]","[0.638888888888889, 0.5463709677419355, 0.3333333333333333]",True,True
playstation_game,PlayStation Game,Entertainment,en,clean,LEXICAL_FUZZY_BASELINE,LEXICAL_KEYWORD_FUZZY,Books,0.375,Other,0.328125,0.046875,"[""Books"", ""Other"", ""Shopping""]","[0.375, 0.328125, 0.3103448275862069]",False,False
concert_ticket,Concert Ticket,Entertainment,en,clean,LEXICAL_FUZZY_BASELINE,LEXICAL_KEYWORD_FUZZY,Entertainment,0.638888888888889,Transport,0.578125,0.06076388888888895,"[""Entertainment"", ""Transport"", ""Fruits & Vegetables""]","[0.638888888888889, 0.578125, 0.38888888888888884]",True,True
cinema_ticket,تذكرة سينما,Entertainment,ar,clean,LEXICAL_FUZZY_BASELINE,LEXICAL_KEYWORD_FUZZY,Bills,0.3571428571428571,Medicine,0.2857142857142857,0.0714285714285714,"[""Bills"", ""Medicine"", ""Books""]","[0.3571428571428571, 0.2857142857142857, 0.25862068965517243]",False,False
netflix,اشتراك مشاهدة أفلام,Entertainment,ar,clean,LEXICAL_FUZZY_BASELINE,LEXICAL_KEYWORD_FUZZY,Bills,0.3103448275862069,Entertainment,0.2833333333333333,0.02701149425287358,"[""Bills"", ""Entertainment"", ""Restaurants""]","[0.3103448275862069, 0.2833333333333333, 0.2727272727272727]",False,True
playstation_game,لعبة بلايستيشن,Entertainment,ar,clean,LEXICAL_FUZZY_BASELINE,LEXICAL_KEYWORD_FUZZY,Groceries,0.3913043478260869,Books,0.30000000000000004,0.09130434782608687,"[""Groceries"", ""Books"", ""Restaurants""]","[0.3913043478260869, 0.30000000000000004, 0.2608695652173913]",False,False
concert_ticket,تذكرة حفلة,Entertainment,ar,clean,LEXICAL_FUZZY_BASELINE,LEXICAL_KEYWORD_FUZZY,Bills,0.30000000000000004,Groceries,0.23684210526315788,0.06315789473684216,"[""Bills"", ""Groceries"", ""Books""]","[0.30000000000000004, 0.23684210526315788, 0.21428571428571427]",False,False
netflix,Netflix اشتراك,Entertainment,mixed,mixed_language,LEXICAL_FUZZY_BASELINE,LEXICAL_KEYWORD_FUZZY,Bills,0.234375,Other,0.23076923076923078,0.003605769230769218,"[""Bills"", ""Other"", ""Entertainment""]","[0.234375, 0.23076923076923078, 0.2222222222222222]",False,True
cinema_ticket,Cinema تذكرة,Entertainment,mixed,mixed_language,LEXICAL_FUZZY_BASELINE,LEXICAL_KEYWORD_FUZZY,Entertainment,0.425,Groceries,0.2884615384615385,0.1365384615384615,"[""Entertainment"", ""Groceries"", ""Restaurants""]","[0.425, 0.2884615384615385, 0.2884615384615385]",True,True
netflix,NETFL1X,Entertainment,en,ocr_noise,LEXICAL_FUZZY_BASELINE,LEXICAL_KEYWORD_FUZZY,Bills,0.32608695652173914,Household,0.2647058823529412,0.061381074168797956,"[""Bills"", ""Household"", ""Entertainment""]","[0.32608695652173914, 0.2647058823529412, 0.22499999999999998]",False,True
cinema_ticket,C1NEMA T1CKET,Entertainment,en,ocr_noise,LEXICAL_FUZZY_BASELINE,LEXICAL_KEYWORD_FUZZY,Entertainment,0.5,Transport,0.3870967741935484,0.11290322580645162,"[""Entertainment"", ""Transport"", ""Personal Care""]","[0.5, 0.3870967741935484, 0.3103448275862069]",True,True
dove_shampoo,Dove Shampoo,Personal Care,en,clean,LEXICAL_FUZZY_BASELINE,LEXICAL_KEYWORD_FUZZY,Personal Care,0.425,Shopping,0.30000000000000004,0.12499999999999994,"[""Personal Care"", ""Shopping"", ""Fruits & Vegetables""]","[0.425, 0.30000000000000004, 0.2884615384615385]",True,True
nivea_face_cream,Nivea Face Cream,Personal Care,en,clean,LEXICAL_FUZZY_BASELINE,LEXICAL_KEYWORD_FUZZY,Other,0.375,Entertainment,0.3103448275862069,0.0646551724137931,"[""Other"", ""Entertainment"", ""Shopping""]","[0.375, 0.3103448275862069, 0.3103448275862069]",False,False
gillette_razor,Gillette Razor,Personal Care,en,clean,LEXICAL_FUZZY_BASELINE,LEXICAL_KEYWORD_FUZZY,Personal Care,0.30000000000000004,Medicine,0.2777777777777778,0.022222222222222254,"[""Personal Care"", ""Medicine"", ""Books""]","[0.30000000000000004, 0.2777777777777778, 0.2763157894736842]",True,True
haircut,Haircut,Personal Care,en,clean,LEXICAL_FUZZY_BASELINE,LEXICAL_KEYWORD_FUZZY,Books,0.30000000000000004,Entertainment,0.30000000000000004,0.0,"[""Books"", ""Entertainment"", ""Transport""]","[0.30000000000000004, 0.30000000000000004, 0.30000000000000004]",False,False
dove_shampoo,شامبو دوف,Personal Care,ar,clean,LEXICAL_FUZZY_BASELINE,LEXICAL_KEYWORD_FUZZY,Books,0.24,Bills,0.23684210526315788,0.0031578947368421095,"[""Books"", ""Bills"", ""Medicine""]","[0.24, 0.23684210526315788, 0.23684210526315788]",False,False
nivea_face_cream,كريم نيفيا للوجه,Personal Care,ar,clean,LEXICAL_FUZZY_BASELINE,LEXICAL_KEYWORD_FUZZY,Books,0.2647058823529412,Other,0.25862068965517243,0.006085192697768749,"[""Books"", ""Other"", ""Medicine""]","[0.2647058823529412, 0.25862068965517243, 0.23076923076923078]",False,False
gillette_razor,شفرة حلاقة,Personal Care,ar,clean,LEXICAL_FUZZY_BASELINE,LEXICAL_KEYWORD_FUZZY,Bills,0.375,Books,0.26785714285714285,0.10714285714285715,"[""Bills"", ""Books"", ""Groceries""]","[0.375, 0.26785714285714285, 0.23684210526315788]",False,False
haircut,قص شعر,Personal Care,ar,clean,LEXICAL_FUZZY_BASELINE,LEXICAL_KEYWORD_FUZZY,Other,0.23684210526315788,Restaurants,0.22499999999999998,0.011842105263157904,"[""Other"", ""Restaurants"", ""Books""]","[0.23684210526315788, 0.22499999999999998, 0.13636363636363635]",False,False
dove_shampoo,Shampoo شامبو,Personal Care,mixed,mixed_language,LEXICAL_FUZZY_BASELINE,LEXICAL_KEYWORD_FUZZY,Personal Care,0.425,Shopping,0.234375,0.190625,"[""Personal Care"", ""Shopping"", ""Fruits & Vegetables""]","[0.425, 0.234375, 0.2222222222222222]",True,True
nivea_face_cream,Nivea كريم بشرة,Personal Care,mixed,mixed_language,LEXICAL_FUZZY_BASELINE,LEXICAL_KEYWORD_FUZZY,Other,0.2222222222222222,Entertainment,0.21428571428571427,0.007936507936507936,"[""Other"", ""Entertainment"", ""Groceries""]","[0.2222222222222222, 0.21428571428571427, 0.19565217391304346]",False,False
dove_shampoo,شامبو D0VE,Personal Care,mixed,ocr_noise,LEXICAL_FUZZY_BASELINE,LEXICAL_KEYWORD_FUZZY,Books,0.23076923076923078,Bills,0.22499999999999998,0.005769230769230804,"[""Books"", ""Bills"", ""Medicine""]","[0.23076923076923078, 0.22499999999999998, 0.22499999999999998]",False,False
gillette_razor,G1LLETTE RAZ0R,Personal Care,en,ocr_noise,LEXICAL_FUZZY_BASELINE,LEXICAL_KEYWORD_FUZZY,Medicine,0.2777777777777778,Books,0.2763157894736842,0.0014619883040936088,"[""Medicine"", ""Books"", ""Household""]","[0.2777777777777778, 0.2763157894736842, 0.2647058823529412]",False,False
service_fee,Service Fee,Other,en,clean,LEXICAL_FUZZY_BASELINE,LEXICAL_KEYWORD_FUZZY,Other,0.47463768115942023,Groceries,0.39473684210526316,0.07990083905415707,"[""Other"", ""Groceries"", ""Entertainment""]","[0.47463768115942023, 0.39473684210526316, 0.30000000000000004]",True,True
charity_donation,Charity Donation,Other,en,clean,LEXICAL_FUZZY_BASELINE,LEXICAL_KEYWORD_FUZZY,Bills,0.328125,Entertainment,0.328125,0.0,"[""Bills"", ""Entertainment"", ""Other""]","[0.328125, 0.328125, 0.3181818181818182]",False,True
document_printing,Document Printing,Other,en,clean,LEXICAL_FUZZY_BASELINE,LEXICAL_KEYWORD_FUZZY,Entertainment,0.3387096774193548,Fruits & Vegetables,0.30000000000000004,0.03870967741935477,"[""Entertainment"", ""Fruits & Vegetables"", ""Shopping""]","[0.3387096774193548, 0.30000000000000004, 0.30000000000000004]",False,False
delivery_fee,Delivery Fee,Other,en,clean,LEXICAL_FUZZY_BASELINE,LEXICAL_KEYWORD_FUZZY,Other,0.47463768115942023,Personal Care,0.375,0.09963768115942023,"[""Other"", ""Personal Care"", ""Shopping""]","[0.47463768115942023, 0.375, 0.29032258064516125]",True,True
service_fee,رسوم خدمة,Other,ar,clean,LEXICAL_FUZZY_BASELINE,LEXICAL_KEYWORD_FUZZY,Books,0.2222222222222222,Other,0.20454545454545453,0.01767676767676768,"[""Books"", ""Other"", ""Groceries""]","[0.2222222222222222, 0.20454545454545453, 0.16666666666666666]",False,True
charity_donation,تبرع خيري,Other,ar,clean,LEXICAL_FUZZY_BASELINE,LEXICAL_KEYWORD_FUZZY,Books,0.30000000000000004,Restaurants,0.25,0.050000000000000044,"[""Books"", ""Restaurants"", ""Bills""]","[0.30000000000000004, 0.25, 0.23684210526315788]",False,False
document_printing,طباعة مستندات,Other,ar,clean,LEXICAL_FUZZY_BASELINE,LEXICAL_KEYWORD_FUZZY,Groceries,0.3409090909090909,Books,0.29032258064516125,0.05058651026392963,"[""Groceries"", ""Books"", ""Bills""]","[0.3409090909090909, 0.29032258064516125, 0.2608695652173913]",False,False
misc_expense,مصاريف متنوعة,Other,ar,clean,LEXICAL_FUZZY_BASELINE,LEXICAL_KEYWORD_FUZZY,Other,0.425,Groceries,0.2727272727272727,0.15227272727272728,"[""Other"", ""Groceries"", ""Books""]","[0.425, 0.2727272727272727, 0.20689655172413793]",True,True
delivery_fee,Delivery رسوم,Other,mixed,mixed_language,LEXICAL_FUZZY_BASELINE,LEXICAL_KEYWORD_FUZZY,Bills,0.25862068965517243,Transport,0.25,0.008620689655172431,"[""Bills"", ""Transport"", ""Personal Care""]","[0.25862068965517243, 0.25, 0.24]",False,False
service_fee,Service مصاريف,Other,mixed,mixed_language,LEXICAL_FUZZY_BASELINE,LEXICAL_KEYWORD_FUZZY,Other,0.425,Groceries,0.3409090909090909,0.0840909090909091,"[""Other"", ""Groceries"", ""Entertainment""]","[0.425, 0.3409090909090909, 0.26785714285714285]",True,True
service_fee,SERV1CE FEE,Other,en,ocr_noise,LEXICAL_FUZZY_BASELINE,LEXICAL_KEYWORD_FUZZY,Other,0.47463768115942023,Groceries,0.3157894736842105,0.15884820747520972,"[""Other"", ""Groceries"", ""Household""]","[0.47463768115942023, 0.3157894736842105, 0.2857142857142857]",True,True
misc_expense,M1SC EXPENSE,Other,en,ocr_noise,LEXICAL_FUZZY_BASELINE,LEXICAL_KEYWORD_FUZZY,Shopping,0.3387096774193548,Restaurants,0.2884615384615385,0.050248138957816324,"[""Shopping"", ""Restaurants"", ""Household""]","[0.3387096774193548, 0.2884615384615385, 0.2727272727272727]",False,False
atomic_habits,Atomic Habits,Books,en,clean,LEXICAL_FUZZY_BASELINE,LEXICAL_KEYWORD_FUZZY,Bills,0.3103448275862069,Personal Care,0.30000000000000004,0.010344827586206862,"[""Bills"", ""Personal Care"", ""Medicine""]","[0.3103448275862069, 0.30000000000000004, 0.29032258064516125]",False,False
clean_code,Clean Code,Books,en,clean,LEXICAL_FUZZY_BASELINE,LEXICAL_KEYWORD_FUZZY,Entertainment,0.3913043478260869,Transport,0.3571428571428571,0.03416149068322982,"[""Entertainment"", ""Transport"", ""Household""]","[0.3913043478260869, 0.3571428571428571, 0.32608695652173914]",False,False
psychology_of_money,The Psychology of Money,Books,en,clean,LEXICAL_FUZZY_BASELINE,LEXICAL_KEYWORD_FUZZY,Books,0.36081560283687947,Bills,0.26249999999999996,0.09831560283687951,"[""Books"", ""Bills"", ""Other""]","[0.36081560283687947, 0.26249999999999996, 0.2571428571428571]",True,True
pragmatic_programmer,The Pragmatic Programmer,Books,en,clean,LEXICAL_FUZZY_BASELINE,LEXICAL_KEYWORD_FUZZY,Books,0.36081560283687947,Entertainment,0.3375,0.023315602836879445,"[""Books"", ""Entertainment"", ""Shopping""]","[0.36081560283687947, 0.3375, 0.28378378378378377]",True,True
atomic_habits,العادات الذرية,Books,ar,clean,LEXICAL_FUZZY_BASELINE,LEXICAL_KEYWORD_FUZZY,Books,0.328125,Bills,0.25,0.078125,"[""Books"", ""Bills"", ""Other""]","[0.328125, 0.25, 0.2222222222222222]",True,True
art_of_not_caring,كتاب فن اللامبالاة,Books,ar,clean,LEXICAL_FUZZY_BASELINE,LEXICAL_KEYWORD_FUZZY,Books,0.4029411764705882,Medicine,0.21428571428571427,0.18865546218487392,"[""Books"", ""Medicine"", ""Groceries""]","[0.4029411764705882, 0.21428571428571427, 0.16666666666666666]",True,True
awlad_haretna,رواية أولاد حارتنا,Books,ar,clean,LEXICAL_FUZZY_BASELINE,LEXICAL_KEYWORD_FUZZY,Books,0.25,Groceries,0.2222222222222222,0.02777777777777779,"[""Books"", ""Groceries"", ""Restaurants""]","[0.25, 0.2222222222222222, 0.2222222222222222]",True,True
learn_python_book,كتاب تعلم بايثون,Books,ar,clean,LEXICAL_FUZZY_BASELINE,LEXICAL_KEYWORD_FUZZY,Books,0.4470588235294118,Groceries,0.30000000000000004,0.14705882352941174,"[""Books"", ""Groceries"", ""Medicine""]","[0.4470588235294118, 0.30000000000000004, 0.23076923076923078]",True,True
clean_code,Clean Code كتاب,Books,mixed,mixed_language,LEXICAL_FUZZY_BASELINE,LEXICAL_KEYWORD_FUZZY,Entertainment,0.3214285714285714,Transport,0.2884615384615385,0.032967032967032905,"[""Entertainment"", ""Transport"", ""Household""]","[0.3214285714285714, 0.2884615384615385, 0.26785714285714285]",False,False
atomic_habits,Atomic Habits نسخة عربية,Books,mixed,mixed_language,LEXICAL_FUZZY_BASELINE,LEXICAL_KEYWORD_FUZZY,Medicine,0.2857142857142857,Bills,0.22499999999999998,0.06071428571428572,"[""Medicine"", ""Bills"", ""Household""]","[0.2857142857142857, 0.22499999999999998, 0.21875]",False,False
atomic_habits,AT0MIC HAB1TS,Books,en,ocr_noise,LEXICAL_FUZZY_BASELINE,LEXICAL_KEYWORD_FUZZY,Restaurants,0.3333333333333333,Bills,0.3103448275862069,0.02298850574712641,"[""Restaurants"", ""Bills"", ""Groceries""]","[0.3333333333333333, 0.3103448275862069, 0.30000000000000004]",False,False
clean_code,CLEAN C0DE,Books,en,ocr_noise,LEXICAL_FUZZY_BASELINE,LEXICAL_KEYWORD_FUZZY,Entertainment,0.3913043478260869,Transport,0.3571428571428571,0.03416149068322982,"[""Entertainment"", ""Transport"", ""Household""]","[0.3913043478260869, 0.3571428571428571, 0.32608695652173914]",False,False
