approach,strategy,threshold_type,minimum_score,minimum_gap,accepted_suggestions,abstained,coverage_percentage,accepted_accuracy,incorrect_accepted_suggestions
E5_ONNX_FP32,HYBRID_PROTOTYPE,GAP_ONLY,,0.01,63,83,43.15068493150685,0.9523809523809523,3
E5_ONNX_FP32,HYBRID_PROTOTYPE,GAP_ONLY,,0.02,27,119,18.493150684931507,1.0,0
E5_ONNX_FP32,HYBRID_PROTOTYPE,GAP_ONLY,,0.03,6,140,4.109589041095891,1.0,0
E5_ONNX_FP32,HYBRID_PROTOTYPE,GAP_ONLY,,0.04,2,144,1.36986301369863,1.0,0
E5_ONNX_FP32,HYBRID_PROTOTYPE,GAP_ONLY,,0.05,0,146,0.0,,0
E5_ONNX_FP32,HYBRID_PROTOTYPE,GAP_ONLY,,0.06,0,146,0.0,,0
E5_ONNX_FP32,HYBRID_PROTOTYPE,GAP_ONLY,,0.08,0,146,0.0,,0
E5_ONNX_FP32,HYBRID_PROTOTYPE,GAP_ONLY,,0.1,0,146,0.0,,0
E5_ONNX_FP32,HYBRID_PROTOTYPE,GAP_ONLY,,0.12,0,146,0.0,,0
E5_ONNX_FP32,HYBRID_PROTOTYPE,GAP_ONLY,,0.15,0,146,0.0,,0
E5_ONNX_FP32,HYBRID_PROTOTYPE,GAP_ONLY,,0.2,0,146,0.0,,0
E5_ONNX_FP32,HYBRID_PROTOTYPE,SCORE_AND_GAP,0.2,0.01,63,83,43.15068493150685,0.9523809523809523,3
E5_ONNX_FP32,HYBRID_PROTOTYPE,SCORE_AND_GAP,0.2,0.02,27,119,18.493150684931507,1.0,0
E5_ONNX_FP32,HYBRID_PROTOTYPE,SCORE_AND_GAP,0.2,0.03,6,140,4.109589041095891,1.0,0
E5_ONNX_FP32,HYBRID_PROTOTYPE,SCORE_AND_GAP,0.2,0.04,2,144,1.36986301369863,1.0,0
E5_ONNX_FP32,HYBRID_PROTOTYPE,SCORE_AND_GAP,0.2,0.05,0,146,0.0,,0
E5_ONNX_FP32,HYBRID_PROTOTYPE,SCORE_AND_GAP,0.2,0.06,0,146,0.0,,0
E5_ONNX_FP32,HYBRID_PROTOTYPE,SCORE_AND_GAP,0.2,0.08,0,146,0.0,,0
E5_ONNX_FP32,HYBRID_PROTOTYPE,SCORE_AND_GAP,0.2,0.1,0,146,0.0,,0
E5_ONNX_FP32,HYBRID_PROTOTYPE,SCORE_AND_GAP,0.2,0.12,0,146,0.0,,0
E5_ONNX_FP32,HYBRID_PROTOTYPE,SCORE_AND_GAP,0.2,0.15,0,146,0.0,,0
E5_ONNX_FP32,HYBRID_PROTOTYPE,SCORE_AND_GAP,0.2,0.2,0,146,0.0,,0
E5_ONNX_FP32,HYBRID_PROTOTYPE,SCORE_AND_GAP,0.25,0.01,63,83,43.15068493150685,0.9523809523809523,3
E5_ONNX_FP32,HYBRID_PROTOTYPE,SCORE_AND_GAP,0.25,0.02,27,119,18.493150684931507,1.0,0
E5_ONNX_FP32,HYBRID_PROTOTYPE,SCORE_AND_GAP,0.25,0.03,6,140,4.109589041095891,1.0,0
E5_ONNX_FP32,HYBRID_PROTOTYPE,SCORE_AND_GAP,0.25,0.04,2,144,1.36986301369863,1.0,0
E5_ONNX_FP32,HYBRID_PROTOTYPE,SCORE_AND_GAP,0.25,0.05,0,146,0.0,,0
E5_ONNX_FP32,HYBRID_PROTOTYPE,SCORE_AND_GAP,0.25,0.06,0,146,0.0,,0
E5_ONNX_FP32,HYBRID_PROTOTYPE,SCORE_AND_GAP,0.25,0.08,0,146,0.0,,0
E5_ONNX_FP32,HYBRID_PROTOTYPE,SCORE_AND_GAP,0.25,0.1,0,146,0.0,,0
E5_ONNX_FP32,HYBRID_PROTOTYPE,SCORE_AND_GAP,0.25,0.12,0,146,0.0,,0
E5_ONNX_FP32,HYBRID_PROTOTYPE,SCORE_AND_GAP,0.25,0.15,0,146,0.0,,0
E5_ONNX_FP32,HYBRID_PROTOTYPE,SCORE_AND_GAP,0.25,0.2,0,146,0.0,,0
E5_ONNX_FP32,HYBRID_PROTOTYPE,SCORE_AND_GAP,0.3,0.01,63,83,43.15068493150685,0.9523809523809523,3
E5_ONNX_FP32,HYBRID_PROTOTYPE,SCORE_AND_GAP,0.3,0.02,27,119,18.493150684931507,1.0,0
E5_ONNX_FP32,HYBRID_PROTOTYPE,SCORE_AND_GAP,0.3,0.03,6,140,4.109589041095891,1.0,0
E5_ONNX_FP32,HYBRID_PROTOTYPE,SCORE_AND_GAP,0.3,0.04,2,144,1.36986301369863,1.0,0
E5_ONNX_FP32,HYBRID_PROTOTYPE,SCORE_AND_GAP,0.3,0.05,0,146,0.0,,0
E5_ONNX_FP32,HYBRID_PROTOTYPE,SCORE_AND_GAP,0.3,0.06,0,146,0.0,,0
E5_ONNX_FP32,HYBRID_PROTOTYPE,SCORE_AND_GAP,0.3,0.08,0,146,0.0,,0
E5_ONNX_FP32,HYBRID_PROTOTYPE,SCORE_AND_GAP,0.3,0.1,0,146,0.0,,0
E5_ONNX_FP32,HYBRID_PROTOTYPE,SCORE_AND_GAP,0.3,0.12,0,146,0.0,,0
E5_ONNX_FP32,HYBRID_PROTOTYPE,SCORE_AND_GAP,0.3,0.15,0,146,0.0,,0
E5_ONNX_FP32,HYBRID_PROTOTYPE,SCORE_AND_GAP,0.3,0.2,0,146,0.0,,0
E5_ONNX_FP32,HYBRID_PROTOTYPE,SCORE_AND_GAP,0.35,0.01,63,83,43.15068493150685,0.9523809523809523,3
E5_ONNX_FP32,HYBRID_PROTOTYPE,SCORE_AND_GAP,0.35,0.02,27,119,18.493150684931507,1.0,0
E5_ONNX_FP32,HYBRID_PROTOTYPE,SCORE_AND_GAP,0.35,0.03,6,140,4.109589041095891,1.0,0
E5_ONNX_FP32,HYBRID_PROTOTYPE,SCORE_AND_GAP,0.35,0.04,2,144,1.36986301369863,1.0,0
E5_ONNX_FP32,HYBRID_PROTOTYPE,SCORE_AND_GAP,0.35,0.05,0,146,0.0,,0
E5_ONNX_FP32,HYBRID_PROTOTYPE,SCORE_AND_GAP,0.35,0.06,0,146,0.0,,0
E5_ONNX_FP32,HYBRID_PROTOTYPE,SCORE_AND_GAP,0.35,0.08,0,146,0.0,,0
E5_ONNX_FP32,HYBRID_PROTOTYPE,SCORE_AND_GAP,0.35,0.1,0,146,0.0,,0
E5_ONNX_FP32,HYBRID_PROTOTYPE,SCORE_AND_GAP,0.35,0.12,0,146,0.0,,0
E5_ONNX_FP32,HYBRID_PROTOTYPE,SCORE_AND_GAP,0.35,0.15,0,146,0.0,,0
E5_ONNX_FP32,HYBRID_PROTOTYPE,SCORE_AND_GAP,0.35,0.2,0,146,0.0,,0
E5_ONNX_FP32,HYBRID_PROTOTYPE,SCORE_AND_GAP,0.4,0.01,63,83,43.15068493150685,0.9523809523809523,3
E5_ONNX_FP32,HYBRID_PROTOTYPE,SCORE_AND_GAP,0.4,0.02,27,119,18.493150684931507,1.0,0
E5_ONNX_FP32,HYBRID_PROTOTYPE,SCORE_AND_GAP,0.4,0.03,6,140,4.109589041095891,1.0,0
E5_ONNX_FP32,HYBRID_PROTOTYPE,SCORE_AND_GAP,0.4,0.04,2,144,1.36986301369863,1.0,0
E5_ONNX_FP32,HYBRID_PROTOTYPE,SCORE_AND_GAP,0.4,0.05,0,146,0.0,,0
E5_ONNX_FP32,HYBRID_PROTOTYPE,SCORE_AND_GAP,0.4,0.06,0,146,0.0,,0
E5_ONNX_FP32,HYBRID_PROTOTYPE,SCORE_AND_GAP,0.4,0.08,0,146,0.0,,0
E5_ONNX_FP32,HYBRID_PROTOTYPE,SCORE_AND_GAP,0.4,0.1,0,146,0.0,,0
E5_ONNX_FP32,HYBRID_PROTOTYPE,SCORE_AND_GAP,0.4,0.12,0,146,0.0,,0
E5_ONNX_FP32,HYBRID_PROTOTYPE,SCORE_AND_GAP,0.4,0.15,0,146,0.0,,0
E5_ONNX_FP32,HYBRID_PROTOTYPE,SCORE_AND_GAP,0.4,0.2,0,146,0.0,,0
E5_ONNX_FP32,HYBRID_PROTOTYPE,SCORE_AND_GAP,0.45,0.01,63,83,43.15068493150685,0.9523809523809523,3
E5_ONNX_FP32,HYBRID_PROTOTYPE,SCORE_AND_GAP,0.45,0.02,27,119,18.493150684931507,1.0,0
E5_ONNX_FP32,HYBRID_PROTOTYPE,SCORE_AND_GAP,0.45,0.03,6,140,4.109589041095891,1.0,0
E5_ONNX_FP32,HYBRID_PROTOTYPE,SCORE_AND_GAP,0.45,0.04,2,144,1.36986301369863,1.0,0
E5_ONNX_FP32,HYBRID_PROTOTYPE,SCORE_AND_GAP,0.45,0.05,0,146,0.0,,0
E5_ONNX_FP32,HYBRID_PROTOTYPE,SCORE_AND_GAP,0.45,0.06,0,146,0.0,,0
E5_ONNX_FP32,HYBRID_PROTOTYPE,SCORE_AND_GAP,0.45,0.08,0,146,0.0,,0
E5_ONNX_FP32,HYBRID_PROTOTYPE,SCORE_AND_GAP,0.45,0.1,0,146,0.0,,0
E5_ONNX_FP32,HYBRID_PROTOTYPE,SCORE_AND_GAP,0.45,0.12,0,146,0.0,,0
E5_ONNX_FP32,HYBRID_PROTOTYPE,SCORE_AND_GAP,0.45,0.15,0,146,0.0,,0
E5_ONNX_FP32,HYBRID_PROTOTYPE,SCORE_AND_GAP,0.45,0.2,0,146,0.0,,0
E5_ONNX_FP32,HYBRID_PROTOTYPE,SCORE_AND_GAP,0.5,0.01,63,83,43.15068493150685,0.9523809523809523,3
E5_ONNX_FP32,HYBRID_PROTOTYPE,SCORE_AND_GAP,0.5,0.02,27,119,18.493150684931507,1.0,0
E5_ONNX_FP32,HYBRID_PROTOTYPE,SCORE_AND_GAP,0.5,0.03,6,140,4.109589041095891,1.0,0
E5_ONNX_FP32,HYBRID_PROTOTYPE,SCORE_AND_GAP,0.5,0.04,2,144,1.36986301369863,1.0,0
E5_ONNX_FP32,HYBRID_PROTOTYPE,SCORE_AND_GAP,0.5,0.05,0,146,0.0,,0
E5_ONNX_FP32,HYBRID_PROTOTYPE,SCORE_AND_GAP,0.5,0.06,0,146,0.0,,0
E5_ONNX_FP32,HYBRID_PROTOTYPE,SCORE_AND_GAP,0.5,0.08,0,146,0.0,,0
E5_ONNX_FP32,HYBRID_PROTOTYPE,SCORE_AND_GAP,0.5,0.1,0,146,0.0,,0
E5_ONNX_FP32,HYBRID_PROTOTYPE,SCORE_AND_GAP,0.5,0.12,0,146,0.0,,0
E5_ONNX_FP32,HYBRID_PROTOTYPE,SCORE_AND_GAP,0.5,0.15,0,146,0.0,,0
E5_ONNX_FP32,HYBRID_PROTOTYPE,SCORE_AND_GAP,0.5,0.2,0,146,0.0,,0
E5_ONNX_FP32,HYBRID_PROTOTYPE,SCORE_AND_GAP,0.55,0.01,63,83,43.15068493150685,0.9523809523809523,3
E5_ONNX_FP32,HYBRID_PROTOTYPE,SCORE_AND_GAP,0.55,0.02,27,119,18.493150684931507,1.0,0
E5_ONNX_FP32,HYBRID_PROTOTYPE,SCORE_AND_GAP,0.55,0.03,6,140,4.109589041095891,1.0,0
E5_ONNX_FP32,HYBRID_PROTOTYPE,SCORE_AND_GAP,0.55,0.04,2,144,1.36986301369863,1.0,0
E5_ONNX_FP32,HYBRID_PROTOTYPE,SCORE_AND_GAP,0.55,0.05,0,146,0.0,,0
E5_ONNX_FP32,HYBRID_PROTOTYPE,SCORE_AND_GAP,0.55,0.06,0,146,0.0,,0
E5_ONNX_FP32,HYBRID_PROTOTYPE,SCORE_AND_GAP,0.55,0.08,0,146,0.0,,0
E5_ONNX_FP32,HYBRID_PROTOTYPE,SCORE_AND_GAP,0.55,0.1,0,146,0.0,,0
E5_ONNX_FP32,HYBRID_PROTOTYPE,SCORE_AND_GAP,0.55,0.12,0,146,0.0,,0
E5_ONNX_FP32,HYBRID_PROTOTYPE,SCORE_AND_GAP,0.55,0.15,0,146,0.0,,0
E5_ONNX_FP32,HYBRID_PROTOTYPE,SCORE_AND_GAP,0.55,0.2,0,146,0.0,,0
E5_ONNX_FP32,HYBRID_PROTOTYPE,SCORE_AND_GAP,0.6,0.01,63,83,43.15068493150685,0.9523809523809523,3
E5_ONNX_FP32,HYBRID_PROTOTYPE,SCORE_AND_GAP,0.6,0.02,27,119,18.493150684931507,1.0,0
E5_ONNX_FP32,HYBRID_PROTOTYPE,SCORE_AND_GAP,0.6,0.03,6,140,4.109589041095891,1.0,0
E5_ONNX_FP32,HYBRID_PROTOTYPE,SCORE_AND_GAP,0.6,0.04,2,144,1.36986301369863,1.0,0
E5_ONNX_FP32,HYBRID_PROTOTYPE,SCORE_AND_GAP,0.6,0.05,0,146,0.0,,0
E5_ONNX_FP32,HYBRID_PROTOTYPE,SCORE_AND_GAP,0.6,0.06,0,146,0.0,,0
E5_ONNX_FP32,HYBRID_PROTOTYPE,SCORE_AND_GAP,0.6,0.08,0,146,0.0,,0
E5_ONNX_FP32,HYBRID_PROTOTYPE,SCORE_AND_GAP,0.6,0.1,0,146,0.0,,0
E5_ONNX_FP32,HYBRID_PROTOTYPE,SCORE_AND_GAP,0.6,0.12,0,146,0.0,,0
E5_ONNX_FP32,HYBRID_PROTOTYPE,SCORE_AND_GAP,0.6,0.15,0,146,0.0,,0
E5_ONNX_FP32,HYBRID_PROTOTYPE,SCORE_AND_GAP,0.6,0.2,0,146,0.0,,0
E5_ONNX_FP32,HYBRID_PROTOTYPE,SCORE_AND_GAP,0.65,0.01,63,83,43.15068493150685,0.9523809523809523,3
E5_ONNX_FP32,HYBRID_PROTOTYPE,SCORE_AND_GAP,0.65,0.02,27,119,18.493150684931507,1.0,0
E5_ONNX_FP32,HYBRID_PROTOTYPE,SCORE_AND_GAP,0.65,0.03,6,140,4.109589041095891,1.0,0
E5_ONNX_FP32,HYBRID_PROTOTYPE,SCORE_AND_GAP,0.65,0.04,2,144,1.36986301369863,1.0,0
E5_ONNX_FP32,HYBRID_PROTOTYPE,SCORE_AND_GAP,0.65,0.05,0,146,0.0,,0
E5_ONNX_FP32,HYBRID_PROTOTYPE,SCORE_AND_GAP,0.65,0.06,0,146,0.0,,0
E5_ONNX_FP32,HYBRID_PROTOTYPE,SCORE_AND_GAP,0.65,0.08,0,146,0.0,,0
E5_ONNX_FP32,HYBRID_PROTOTYPE,SCORE_AND_GAP,0.65,0.1,0,146,0.0,,0
E5_ONNX_FP32,HYBRID_PROTOTYPE,SCORE_AND_GAP,0.65,0.12,0,146,0.0,,0
E5_ONNX_FP32,HYBRID_PROTOTYPE,SCORE_AND_GAP,0.65,0.15,0,146,0.0,,0
E5_ONNX_FP32,HYBRID_PROTOTYPE,SCORE_AND_GAP,0.65,0.2,0,146,0.0,,0
E5_ONNX_FP32,HYBRID_PROTOTYPE,SCORE_AND_GAP,0.7,0.01,63,83,43.15068493150685,0.9523809523809523,3
E5_ONNX_FP32,HYBRID_PROTOTYPE,SCORE_AND_GAP,0.7,0.02,27,119,18.493150684931507,1.0,0
E5_ONNX_FP32,HYBRID_PROTOTYPE,SCORE_AND_GAP,0.7,0.03,6,140,4.109589041095891,1.0,0
E5_ONNX_FP32,HYBRID_PROTOTYPE,SCORE_AND_GAP,0.7,0.04,2,144,1.36986301369863,1.0,0
E5_ONNX_FP32,HYBRID_PROTOTYPE,SCORE_AND_GAP,0.7,0.05,0,146,0.0,,0
E5_ONNX_FP32,HYBRID_PROTOTYPE,SCORE_AND_GAP,0.7,0.06,0,146,0.0,,0
E5_ONNX_FP32,HYBRID_PROTOTYPE,SCORE_AND_GAP,0.7,0.08,0,146,0.0,,0
E5_ONNX_FP32,HYBRID_PROTOTYPE,SCORE_AND_GAP,0.7,0.1,0,146,0.0,,0
E5_ONNX_FP32,HYBRID_PROTOTYPE,SCORE_AND_GAP,0.7,0.12,0,146,0.0,,0
E5_ONNX_FP32,HYBRID_PROTOTYPE,SCORE_AND_GAP,0.7,0.15,0,146,0.0,,0
E5_ONNX_FP32,HYBRID_PROTOTYPE,SCORE_AND_GAP,0.7,0.2,0,146,0.0,,0
E5_ONNX_FP32,HYBRID_PROTOTYPE,SCORE_AND_GAP,0.75,0.01,63,83,43.15068493150685,0.9523809523809523,3
E5_ONNX_FP32,HYBRID_PROTOTYPE,SCORE_AND_GAP,0.75,0.02,27,119,18.493150684931507,1.0,0
E5_ONNX_FP32,HYBRID_PROTOTYPE,SCORE_AND_GAP,0.75,0.03,6,140,4.109589041095891,1.0,0
E5_ONNX_FP32,HYBRID_PROTOTYPE,SCORE_AND_GAP,0.75,0.04,2,144,1.36986301369863,1.0,0
E5_ONNX_FP32,HYBRID_PROTOTYPE,SCORE_AND_GAP,0.75,0.05,0,146,0.0,,0
E5_ONNX_FP32,HYBRID_PROTOTYPE,SCORE_AND_GAP,0.75,0.06,0,146,0.0,,0
E5_ONNX_FP32,HYBRID_PROTOTYPE,SCORE_AND_GAP,0.75,0.08,0,146,0.0,,0
E5_ONNX_FP32,HYBRID_PROTOTYPE,SCORE_AND_GAP,0.75,0.1,0,146,0.0,,0
E5_ONNX_FP32,HYBRID_PROTOTYPE,SCORE_AND_GAP,0.75,0.12,0,146,0.0,,0
E5_ONNX_FP32,HYBRID_PROTOTYPE,SCORE_AND_GAP,0.75,0.15,0,146,0.0,,0
E5_ONNX_FP32,HYBRID_PROTOTYPE,SCORE_AND_GAP,0.75,0.2,0,146,0.0,,0
E5_ONNX_FP32,HYBRID_PROTOTYPE,SCORE_AND_GAP,0.8,0.01,63,83,43.15068493150685,0.9523809523809523,3
E5_ONNX_FP32,HYBRID_PROTOTYPE,SCORE_AND_GAP,0.8,0.02,27,119,18.493150684931507,1.0,0
E5_ONNX_FP32,HYBRID_PROTOTYPE,SCORE_AND_GAP,0.8,0.03,6,140,4.109589041095891,1.0,0
E5_ONNX_FP32,HYBRID_PROTOTYPE,SCORE_AND_GAP,0.8,0.04,2,144,1.36986301369863,1.0,0
E5_ONNX_FP32,HYBRID_PROTOTYPE,SCORE_AND_GAP,0.8,0.05,0,146,0.0,,0
E5_ONNX_FP32,HYBRID_PROTOTYPE,SCORE_AND_GAP,0.8,0.06,0,146,0.0,,0
E5_ONNX_FP32,HYBRID_PROTOTYPE,SCORE_AND_GAP,0.8,0.08,0,146,0.0,,0
E5_ONNX_FP32,HYBRID_PROTOTYPE,SCORE_AND_GAP,0.8,0.1,0,146,0.0,,0
E5_ONNX_FP32,HYBRID_PROTOTYPE,SCORE_AND_GAP,0.8,0.12,0,146,0.0,,0
E5_ONNX_FP32,HYBRID_PROTOTYPE,SCORE_AND_GAP,0.8,0.15,0,146,0.0,,0
E5_ONNX_FP32,HYBRID_PROTOTYPE,SCORE_AND_GAP,0.8,0.2,0,146,0.0,,0
E5_ONNX_FP32,HYBRID_PROTOTYPE,SCORE_AND_GAP,0.85,0.01,59,87,40.41095890410959,0.9491525423728814,3
E5_ONNX_FP32,HYBRID_PROTOTYPE,SCORE_AND_GAP,0.85,0.02,26,120,17.80821917808219,1.0,0
E5_ONNX_FP32,HYBRID_PROTOTYPE,SCORE_AND_GAP,0.85,0.03,6,140,4.109589041095891,1.0,0
E5_ONNX_FP32,HYBRID_PROTOTYPE,SCORE_AND_GAP,0.85,0.04,2,144,1.36986301369863,1.0,0
E5_ONNX_FP32,HYBRID_PROTOTYPE,SCORE_AND_GAP,0.85,0.05,0,146,0.0,,0
E5_ONNX_FP32,HYBRID_PROTOTYPE,SCORE_AND_GAP,0.85,0.06,0,146,0.0,,0
E5_ONNX_FP32,HYBRID_PROTOTYPE,SCORE_AND_GAP,0.85,0.08,0,146,0.0,,0
E5_ONNX_FP32,HYBRID_PROTOTYPE,SCORE_AND_GAP,0.85,0.1,0,146,0.0,,0
E5_ONNX_FP32,HYBRID_PROTOTYPE,SCORE_AND_GAP,0.85,0.12,0,146,0.0,,0
E5_ONNX_FP32,HYBRID_PROTOTYPE,SCORE_AND_GAP,0.85,0.15,0,146,0.0,,0
E5_ONNX_FP32,HYBRID_PROTOTYPE,SCORE_AND_GAP,0.85,0.2,0,146,0.0,,0
E5_ONNX_FP32,HYBRID_PROTOTYPE,SCORE_AND_GAP,0.9,0.01,17,129,11.643835616438356,1.0,0
E5_ONNX_FP32,HYBRID_PROTOTYPE,SCORE_AND_GAP,0.9,0.02,10,136,6.8493150684931505,1.0,0
E5_ONNX_FP32,HYBRID_PROTOTYPE,SCORE_AND_GAP,0.9,0.03,2,144,1.36986301369863,1.0,0
E5_ONNX_FP32,HYBRID_PROTOTYPE,SCORE_AND_GAP,0.9,0.04,1,145,0.684931506849315,1.0,0
E5_ONNX_FP32,HYBRID_PROTOTYPE,SCORE_AND_GAP,0.9,0.05,0,146,0.0,,0
E5_ONNX_FP32,HYBRID_PROTOTYPE,SCORE_AND_GAP,0.9,0.06,0,146,0.0,,0
E5_ONNX_FP32,HYBRID_PROTOTYPE,SCORE_AND_GAP,0.9,0.08,0,146,0.0,,0
E5_ONNX_FP32,HYBRID_PROTOTYPE,SCORE_AND_GAP,0.9,0.1,0,146,0.0,,0
E5_ONNX_FP32,HYBRID_PROTOTYPE,SCORE_AND_GAP,0.9,0.12,0,146,0.0,,0
E5_ONNX_FP32,HYBRID_PROTOTYPE,SCORE_AND_GAP,0.9,0.15,0,146,0.0,,0
E5_ONNX_FP32,HYBRID_PROTOTYPE,SCORE_AND_GAP,0.9,0.2,0,146,0.0,,0
E5_DYNAMIC_INT8_PER_TENSOR,HYBRID_PROTOTYPE,GAP_ONLY,,0.01,61,85,41.78082191780822,0.9672131147540983,2
E5_DYNAMIC_INT8_PER_TENSOR,HYBRID_PROTOTYPE,GAP_ONLY,,0.02,22,124,15.068493150684931,1.0,0
E5_DYNAMIC_INT8_PER_TENSOR,HYBRID_PROTOTYPE,GAP_ONLY,,0.03,6,140,4.109589041095891,1.0,0
E5_DYNAMIC_INT8_PER_TENSOR,HYBRID_PROTOTYPE,GAP_ONLY,,0.04,2,144,1.36986301369863,1.0,0
E5_DYNAMIC_INT8_PER_TENSOR,HYBRID_PROTOTYPE,GAP_ONLY,,0.05,0,146,0.0,,0
E5_DYNAMIC_INT8_PER_TENSOR,HYBRID_PROTOTYPE,GAP_ONLY,,0.06,0,146,0.0,,0
E5_DYNAMIC_INT8_PER_TENSOR,HYBRID_PROTOTYPE,GAP_ONLY,,0.08,0,146,0.0,,0
E5_DYNAMIC_INT8_PER_TENSOR,HYBRID_PROTOTYPE,GAP_ONLY,,0.1,0,146,0.0,,0
E5_DYNAMIC_INT8_PER_TENSOR,HYBRID_PROTOTYPE,GAP_ONLY,,0.12,0,146,0.0,,0
E5_DYNAMIC_INT8_PER_TENSOR,HYBRID_PROTOTYPE,GAP_ONLY,,0.15,0,146,0.0,,0
E5_DYNAMIC_INT8_PER_TENSOR,HYBRID_PROTOTYPE,GAP_ONLY,,0.2,0,146,0.0,,0
E5_DYNAMIC_INT8_PER_TENSOR,HYBRID_PROTOTYPE,SCORE_AND_GAP,0.2,0.01,61,85,41.78082191780822,0.9672131147540983,2
E5_DYNAMIC_INT8_PER_TENSOR,HYBRID_PROTOTYPE,SCORE_AND_GAP,0.2,0.02,22,124,15.068493150684931,1.0,0
E5_DYNAMIC_INT8_PER_TENSOR,HYBRID_PROTOTYPE,SCORE_AND_GAP,0.2,0.03,6,140,4.109589041095891,1.0,0
E5_DYNAMIC_INT8_PER_TENSOR,HYBRID_PROTOTYPE,SCORE_AND_GAP,0.2,0.04,2,144,1.36986301369863,1.0,0
E5_DYNAMIC_INT8_PER_TENSOR,HYBRID_PROTOTYPE,SCORE_AND_GAP,0.2,0.05,0,146,0.0,,0
E5_DYNAMIC_INT8_PER_TENSOR,HYBRID_PROTOTYPE,SCORE_AND_GAP,0.2,0.06,0,146,0.0,,0
E5_DYNAMIC_INT8_PER_TENSOR,HYBRID_PROTOTYPE,SCORE_AND_GAP,0.2,0.08,0,146,0.0,,0
E5_DYNAMIC_INT8_PER_TENSOR,HYBRID_PROTOTYPE,SCORE_AND_GAP,0.2,0.1,0,146,0.0,,0
E5_DYNAMIC_INT8_PER_TENSOR,HYBRID_PROTOTYPE,SCORE_AND_GAP,0.2,0.12,0,146,0.0,,0
E5_DYNAMIC_INT8_PER_TENSOR,HYBRID_PROTOTYPE,SCORE_AND_GAP,0.2,0.15,0,146,0.0,,0
E5_DYNAMIC_INT8_PER_TENSOR,HYBRID_PROTOTYPE,SCORE_AND_GAP,0.2,0.2,0,146,0.0,,0
E5_DYNAMIC_INT8_PER_TENSOR,HYBRID_PROTOTYPE,SCORE_AND_GAP,0.25,0.01,61,85,41.78082191780822,0.9672131147540983,2
E5_DYNAMIC_INT8_PER_TENSOR,HYBRID_PROTOTYPE,SCORE_AND_GAP,0.25,0.02,22,124,15.068493150684931,1.0,0
E5_DYNAMIC_INT8_PER_TENSOR,HYBRID_PROTOTYPE,SCORE_AND_GAP,0.25,0.03,6,140,4.109589041095891,1.0,0
E5_DYNAMIC_INT8_PER_TENSOR,HYBRID_PROTOTYPE,SCORE_AND_GAP,0.25,0.04,2,144,1.36986301369863,1.0,0
E5_DYNAMIC_INT8_PER_TENSOR,HYBRID_PROTOTYPE,SCORE_AND_GAP,0.25,0.05,0,146,0.0,,0
E5_DYNAMIC_INT8_PER_TENSOR,HYBRID_PROTOTYPE,SCORE_AND_GAP,0.25,0.06,0,146,0.0,,0
E5_DYNAMIC_INT8_PER_TENSOR,HYBRID_PROTOTYPE,SCORE_AND_GAP,0.25,0.08,0,146,0.0,,0
E5_DYNAMIC_INT8_PER_TENSOR,HYBRID_PROTOTYPE,SCORE_AND_GAP,0.25,0.1,0,146,0.0,,0
E5_DYNAMIC_INT8_PER_TENSOR,HYBRID_PROTOTYPE,SCORE_AND_GAP,0.25,0.12,0,146,0.0,,0
E5_DYNAMIC_INT8_PER_TENSOR,HYBRID_PROTOTYPE,SCORE_AND_GAP,0.25,0.15,0,146,0.0,,0
E5_DYNAMIC_INT8_PER_TENSOR,HYBRID_PROTOTYPE,SCORE_AND_GAP,0.25,0.2,0,146,0.0,,0
E5_DYNAMIC_INT8_PER_TENSOR,HYBRID_PROTOTYPE,SCORE_AND_GAP,0.3,0.01,61,85,41.78082191780822,0.9672131147540983,2
E5_DYNAMIC_INT8_PER_TENSOR,HYBRID_PROTOTYPE,SCORE_AND_GAP,0.3,0.02,22,124,15.068493150684931,1.0,0
E5_DYNAMIC_INT8_PER_TENSOR,HYBRID_PROTOTYPE,SCORE_AND_GAP,0.3,0.03,6,140,4.109589041095891,1.0,0
E5_DYNAMIC_INT8_PER_TENSOR,HYBRID_PROTOTYPE,SCORE_AND_GAP,0.3,0.04,2,144,1.36986301369863,1.0,0
E5_DYNAMIC_INT8_PER_TENSOR,HYBRID_PROTOTYPE,SCORE_AND_GAP,0.3,0.05,0,146,0.0,,0
E5_DYNAMIC_INT8_PER_TENSOR,HYBRID_PROTOTYPE,SCORE_AND_GAP,0.3,0.06,0,146,0.0,,0
E5_DYNAMIC_INT8_PER_TENSOR,HYBRID_PROTOTYPE,SCORE_AND_GAP,0.3,0.08,0,146,0.0,,0
E5_DYNAMIC_INT8_PER_TENSOR,HYBRID_PROTOTYPE,SCORE_AND_GAP,0.3,0.1,0,146,0.0,,0
E5_DYNAMIC_INT8_PER_TENSOR,HYBRID_PROTOTYPE,SCORE_AND_GAP,0.3,0.12,0,146,0.0,,0
E5_DYNAMIC_INT8_PER_TENSOR,HYBRID_PROTOTYPE,SCORE_AND_GAP,0.3,0.15,0,146,0.0,,0
E5_DYNAMIC_INT8_PER_TENSOR,HYBRID_PROTOTYPE,SCORE_AND_GAP,0.3,0.2,0,146,0.0,,0
E5_DYNAMIC_INT8_PER_TENSOR,HYBRID_PROTOTYPE,SCORE_AND_GAP,0.35,0.01,61,85,41.78082191780822,0.9672131147540983,2
E5_DYNAMIC_INT8_PER_TENSOR,HYBRID_PROTOTYPE,SCORE_AND_GAP,0.35,0.02,22,124,15.068493150684931,1.0,0
E5_DYNAMIC_INT8_PER_TENSOR,HYBRID_PROTOTYPE,SCORE_AND_GAP,0.35,0.03,6,140,4.109589041095891,1.0,0
E5_DYNAMIC_INT8_PER_TENSOR,HYBRID_PROTOTYPE,SCORE_AND_GAP,0.35,0.04,2,144,1.36986301369863,1.0,0
E5_DYNAMIC_INT8_PER_TENSOR,HYBRID_PROTOTYPE,SCORE_AND_GAP,0.35,0.05,0,146,0.0,,0
E5_DYNAMIC_INT8_PER_TENSOR,HYBRID_PROTOTYPE,SCORE_AND_GAP,0.35,0.06,0,146,0.0,,0
E5_DYNAMIC_INT8_PER_TENSOR,HYBRID_PROTOTYPE,SCORE_AND_GAP,0.35,0.08,0,146,0.0,,0
E5_DYNAMIC_INT8_PER_TENSOR,HYBRID_PROTOTYPE,SCORE_AND_GAP,0.35,0.1,0,146,0.0,,0
E5_DYNAMIC_INT8_PER_TENSOR,HYBRID_PROTOTYPE,SCORE_AND_GAP,0.35,0.12,0,146,0.0,,0
E5_DYNAMIC_INT8_PER_TENSOR,HYBRID_PROTOTYPE,SCORE_AND_GAP,0.35,0.15,0,146,0.0,,0
E5_DYNAMIC_INT8_PER_TENSOR,HYBRID_PROTOTYPE,SCORE_AND_GAP,0.35,0.2,0,146,0.0,,0
E5_DYNAMIC_INT8_PER_TENSOR,HYBRID_PROTOTYPE,SCORE_AND_GAP,0.4,0.01,61,85,41.78082191780822,0.9672131147540983,2
E5_DYNAMIC_INT8_PER_TENSOR,HYBRID_PROTOTYPE,SCORE_AND_GAP,0.4,0.02,22,124,15.068493150684931,1.0,0
E5_DYNAMIC_INT8_PER_TENSOR,HYBRID_PROTOTYPE,SCORE_AND_GAP,0.4,0.03,6,140,4.109589041095891,1.0,0
E5_DYNAMIC_INT8_PER_TENSOR,HYBRID_PROTOTYPE,SCORE_AND_GAP,0.4,0.04,2,144,1.36986301369863,1.0,0
E5_DYNAMIC_INT8_PER_TENSOR,HYBRID_PROTOTYPE,SCORE_AND_GAP,0.4,0.05,0,146,0.0,,0
E5_DYNAMIC_INT8_PER_TENSOR,HYBRID_PROTOTYPE,SCORE_AND_GAP,0.4,0.06,0,146,0.0,,0
E5_DYNAMIC_INT8_PER_TENSOR,HYBRID_PROTOTYPE,SCORE_AND_GAP,0.4,0.08,0,146,0.0,,0
E5_DYNAMIC_INT8_PER_TENSOR,HYBRID_PROTOTYPE,SCORE_AND_GAP,0.4,0.1,0,146,0.0,,0
E5_DYNAMIC_INT8_PER_TENSOR,HYBRID_PROTOTYPE,SCORE_AND_GAP,0.4,0.12,0,146,0.0,,0
E5_DYNAMIC_INT8_PER_TENSOR,HYBRID_PROTOTYPE,SCORE_AND_GAP,0.4,0.15,0,146,0.0,,0
E5_DYNAMIC_INT8_PER_TENSOR,HYBRID_PROTOTYPE,SCORE_AND_GAP,0.4,0.2,0,146,0.0,,0
E5_DYNAMIC_INT8_PER_TENSOR,HYBRID_PROTOTYPE,SCORE_AND_GAP,0.45,0.01,61,85,41.78082191780822,0.9672131147540983,2
E5_DYNAMIC_INT8_PER_TENSOR,HYBRID_PROTOTYPE,SCORE_AND_GAP,0.45,0.02,22,124,15.068493150684931,1.0,0
E5_DYNAMIC_INT8_PER_TENSOR,HYBRID_PROTOTYPE,SCORE_AND_GAP,0.45,0.03,6,140,4.109589041095891,1.0,0
E5_DYNAMIC_INT8_PER_TENSOR,HYBRID_PROTOTYPE,SCORE_AND_GAP,0.45,0.04,2,144,1.36986301369863,1.0,0
E5_DYNAMIC_INT8_PER_TENSOR,HYBRID_PROTOTYPE,SCORE_AND_GAP,0.45,0.05,0,146,0.0,,0
E5_DYNAMIC_INT8_PER_TENSOR,HYBRID_PROTOTYPE,SCORE_AND_GAP,0.45,0.06,0,146,0.0,,0
E5_DYNAMIC_INT8_PER_TENSOR,HYBRID_PROTOTYPE,SCORE_AND_GAP,0.45,0.08,0,146,0.0,,0
E5_DYNAMIC_INT8_PER_TENSOR,HYBRID_PROTOTYPE,SCORE_AND_GAP,0.45,0.1,0,146,0.0,,0
E5_DYNAMIC_INT8_PER_TENSOR,HYBRID_PROTOTYPE,SCORE_AND_GAP,0.45,0.12,0,146,0.0,,0
E5_DYNAMIC_INT8_PER_TENSOR,HYBRID_PROTOTYPE,SCORE_AND_GAP,0.45,0.15,0,146,0.0,,0
E5_DYNAMIC_INT8_PER_TENSOR,HYBRID_PROTOTYPE,SCORE_AND_GAP,0.45,0.2,0,146,0.0,,0
E5_DYNAMIC_INT8_PER_TENSOR,HYBRID_PROTOTYPE,SCORE_AND_GAP,0.5,0.01,61,85,41.78082191780822,0.9672131147540983,2
E5_DYNAMIC_INT8_PER_TENSOR,HYBRID_PROTOTYPE,SCORE_AND_GAP,0.5,0.02,22,124,15.068493150684931,1.0,0
E5_DYNAMIC_INT8_PER_TENSOR,HYBRID_PROTOTYPE,SCORE_AND_GAP,0.5,0.03,6,140,4.109589041095891,1.0,0
E5_DYNAMIC_INT8_PER_TENSOR,HYBRID_PROTOTYPE,SCORE_AND_GAP,0.5,0.04,2,144,1.36986301369863,1.0,0
E5_DYNAMIC_INT8_PER_TENSOR,HYBRID_PROTOTYPE,SCORE_AND_GAP,0.5,0.05,0,146,0.0,,0
E5_DYNAMIC_INT8_PER_TENSOR,HYBRID_PROTOTYPE,SCORE_AND_GAP,0.5,0.06,0,146,0.0,,0
E5_DYNAMIC_INT8_PER_TENSOR,HYBRID_PROTOTYPE,SCORE_AND_GAP,0.5,0.08,0,146,0.0,,0
E5_DYNAMIC_INT8_PER_TENSOR,HYBRID_PROTOTYPE,SCORE_AND_GAP,0.5,0.1,0,146,0.0,,0
E5_DYNAMIC_INT8_PER_TENSOR,HYBRID_PROTOTYPE,SCORE_AND_GAP,0.5,0.12,0,146,0.0,,0
E5_DYNAMIC_INT8_PER_TENSOR,HYBRID_PROTOTYPE,SCORE_AND_GAP,0.5,0.15,0,146,0.0,,0
E5_DYNAMIC_INT8_PER_TENSOR,HYBRID_PROTOTYPE,SCORE_AND_GAP,0.5,0.2,0,146,0.0,,0
E5_DYNAMIC_INT8_PER_TENSOR,HYBRID_PROTOTYPE,SCORE_AND_GAP,0.55,0.01,61,85,41.78082191780822,0.9672131147540983,2
E5_DYNAMIC_INT8_PER_TENSOR,HYBRID_PROTOTYPE,SCORE_AND_GAP,0.55,0.02,22,124,15.068493150684931,1.0,0
E5_DYNAMIC_INT8_PER_TENSOR,HYBRID_PROTOTYPE,SCORE_AND_GAP,0.55,0.03,6,140,4.109589041095891,1.0,0
E5_DYNAMIC_INT8_PER_TENSOR,HYBRID_PROTOTYPE,SCORE_AND_GAP,0.55,0.04,2,144,1.36986301369863,1.0,0
E5_DYNAMIC_INT8_PER_TENSOR,HYBRID_PROTOTYPE,SCORE_AND_GAP,0.55,0.05,0,146,0.0,,0
E5_DYNAMIC_INT8_PER_TENSOR,HYBRID_PROTOTYPE,SCORE_AND_GAP,0.55,0.06,0,146,0.0,,0
E5_DYNAMIC_INT8_PER_TENSOR,HYBRID_PROTOTYPE,SCORE_AND_GAP,0.55,0.08,0,146,0.0,,0
E5_DYNAMIC_INT8_PER_TENSOR,HYBRID_PROTOTYPE,SCORE_AND_GAP,0.55,0.1,0,146,0.0,,0
E5_DYNAMIC_INT8_PER_TENSOR,HYBRID_PROTOTYPE,SCORE_AND_GAP,0.55,0.12,0,146,0.0,,0
E5_DYNAMIC_INT8_PER_TENSOR,HYBRID_PROTOTYPE,SCORE_AND_GAP,0.55,0.15,0,146,0.0,,0
E5_DYNAMIC_INT8_PER_TENSOR,HYBRID_PROTOTYPE,SCORE_AND_GAP,0.55,0.2,0,146,0.0,,0
E5_DYNAMIC_INT8_PER_TENSOR,HYBRID_PROTOTYPE,SCORE_AND_GAP,0.6,0.01,61,85,41.78082191780822,0.9672131147540983,2
E5_DYNAMIC_INT8_PER_TENSOR,HYBRID_PROTOTYPE,SCORE_AND_GAP,0.6,0.02,22,124,15.068493150684931,1.0,0
E5_DYNAMIC_INT8_PER_TENSOR,HYBRID_PROTOTYPE,SCORE_AND_GAP,0.6,0.03,6,140,4.109589041095891,1.0,0
E5_DYNAMIC_INT8_PER_TENSOR,HYBRID_PROTOTYPE,SCORE_AND_GAP,0.6,0.04,2,144,1.36986301369863,1.0,0
E5_DYNAMIC_INT8_PER_TENSOR,HYBRID_PROTOTYPE,SCORE_AND_GAP,0.6,0.05,0,146,0.0,,0
E5_DYNAMIC_INT8_PER_TENSOR,HYBRID_PROTOTYPE,SCORE_AND_GAP,0.6,0.06,0,146,0.0,,0
E5_DYNAMIC_INT8_PER_TENSOR,HYBRID_PROTOTYPE,SCORE_AND_GAP,0.6,0.08,0,146,0.0,,0
E5_DYNAMIC_INT8_PER_TENSOR,HYBRID_PROTOTYPE,SCORE_AND_GAP,0.6,0.1,0,146,0.0,,0
E5_DYNAMIC_INT8_PER_TENSOR,HYBRID_PROTOTYPE,SCORE_AND_GAP,0.6,0.12,0,146,0.0,,0
E5_DYNAMIC_INT8_PER_TENSOR,HYBRID_PROTOTYPE,SCORE_AND_GAP,0.6,0.15,0,146,0.0,,0
E5_DYNAMIC_INT8_PER_TENSOR,HYBRID_PROTOTYPE,SCORE_AND_GAP,0.6,0.2,0,146,0.0,,0
E5_DYNAMIC_INT8_PER_TENSOR,HYBRID_PROTOTYPE,SCORE_AND_GAP,0.65,0.01,61,85,41.78082191780822,0.9672131147540983,2
E5_DYNAMIC_INT8_PER_TENSOR,HYBRID_PROTOTYPE,SCORE_AND_GAP,0.65,0.02,22,124,15.068493150684931,1.0,0
E5_DYNAMIC_INT8_PER_TENSOR,HYBRID_PROTOTYPE,SCORE_AND_GAP,0.65,0.03,6,140,4.109589041095891,1.0,0
E5_DYNAMIC_INT8_PER_TENSOR,HYBRID_PROTOTYPE,SCORE_AND_GAP,0.65,0.04,2,144,1.36986301369863,1.0,0
E5_DYNAMIC_INT8_PER_TENSOR,HYBRID_PROTOTYPE,SCORE_AND_GAP,0.65,0.05,0,146,0.0,,0
E5_DYNAMIC_INT8_PER_TENSOR,HYBRID_PROTOTYPE,SCORE_AND_GAP,0.65,0.06,0,146,0.0,,0
E5_DYNAMIC_INT8_PER_TENSOR,HYBRID_PROTOTYPE,SCORE_AND_GAP,0.65,0.08,0,146,0.0,,0
E5_DYNAMIC_INT8_PER_TENSOR,HYBRID_PROTOTYPE,SCORE_AND_GAP,0.65,0.1,0,146,0.0,,0
E5_DYNAMIC_INT8_PER_TENSOR,HYBRID_PROTOTYPE,SCORE_AND_GAP,0.65,0.12,0,146,0.0,,0
E5_DYNAMIC_INT8_PER_TENSOR,HYBRID_PROTOTYPE,SCORE_AND_GAP,0.65,0.15,0,146,0.0,,0
E5_DYNAMIC_INT8_PER_TENSOR,HYBRID_PROTOTYPE,SCORE_AND_GAP,0.65,0.2,0,146,0.0,,0
E5_DYNAMIC_INT8_PER_TENSOR,HYBRID_PROTOTYPE,SCORE_AND_GAP,0.7,0.01,61,85,41.78082191780822,0.9672131147540983,2
E5_DYNAMIC_INT8_PER_TENSOR,HYBRID_PROTOTYPE,SCORE_AND_GAP,0.7,0.02,22,124,15.068493150684931,1.0,0
E5_DYNAMIC_INT8_PER_TENSOR,HYBRID_PROTOTYPE,SCORE_AND_GAP,0.7,0.03,6,140,4.109589041095891,1.0,0
E5_DYNAMIC_INT8_PER_TENSOR,HYBRID_PROTOTYPE,SCORE_AND_GAP,0.7,0.04,2,144,1.36986301369863,1.0,0
E5_DYNAMIC_INT8_PER_TENSOR,HYBRID_PROTOTYPE,SCORE_AND_GAP,0.7,0.05,0,146,0.0,,0
E5_DYNAMIC_INT8_PER_TENSOR,HYBRID_PROTOTYPE,SCORE_AND_GAP,0.7,0.06,0,146,0.0,,0
E5_DYNAMIC_INT8_PER_TENSOR,HYBRID_PROTOTYPE,SCORE_AND_GAP,0.7,0.08,0,146,0.0,,0
E5_DYNAMIC_INT8_PER_TENSOR,HYBRID_PROTOTYPE,SCORE_AND_GAP,0.7,0.1,0,146,0.0,,0
E5_DYNAMIC_INT8_PER_TENSOR,HYBRID_PROTOTYPE,SCORE_AND_GAP,0.7,0.12,0,146,0.0,,0
E5_DYNAMIC_INT8_PER_TENSOR,HYBRID_PROTOTYPE,SCORE_AND_GAP,0.7,0.15,0,146,0.0,,0
E5_DYNAMIC_INT8_PER_TENSOR,HYBRID_PROTOTYPE,SCORE_AND_GAP,0.7,0.2,0,146,0.0,,0
E5_DYNAMIC_INT8_PER_TENSOR,HYBRID_PROTOTYPE,SCORE_AND_GAP,0.75,0.01,61,85,41.78082191780822,0.9672131147540983,2
E5_DYNAMIC_INT8_PER_TENSOR,HYBRID_PROTOTYPE,SCORE_AND_GAP,0.75,0.02,22,124,15.068493150684931,1.0,0
E5_DYNAMIC_INT8_PER_TENSOR,HYBRID_PROTOTYPE,SCORE_AND_GAP,0.75,0.03,6,140,4.109589041095891,1.0,0
E5_DYNAMIC_INT8_PER_TENSOR,HYBRID_PROTOTYPE,SCORE_AND_GAP,0.75,0.04,2,144,1.36986301369863,1.0,0
E5_DYNAMIC_INT8_PER_TENSOR,HYBRID_PROTOTYPE,SCORE_AND_GAP,0.75,0.05,0,146,0.0,,0
E5_DYNAMIC_INT8_PER_TENSOR,HYBRID_PROTOTYPE,SCORE_AND_GAP,0.75,0.06,0,146,0.0,,0
E5_DYNAMIC_INT8_PER_TENSOR,HYBRID_PROTOTYPE,SCORE_AND_GAP,0.75,0.08,0,146,0.0,,0
E5_DYNAMIC_INT8_PER_TENSOR,HYBRID_PROTOTYPE,SCORE_AND_GAP,0.75,0.1,0,146,0.0,,0
E5_DYNAMIC_INT8_PER_TENSOR,HYBRID_PROTOTYPE,SCORE_AND_GAP,0.75,0.12,0,146,0.0,,0
E5_DYNAMIC_INT8_PER_TENSOR,HYBRID_PROTOTYPE,SCORE_AND_GAP,0.75,0.15,0,146,0.0,,0
E5_DYNAMIC_INT8_PER_TENSOR,HYBRID_PROTOTYPE,SCORE_AND_GAP,0.75,0.2,0,146,0.0,,0
E5_DYNAMIC_INT8_PER_TENSOR,HYBRID_PROTOTYPE,SCORE_AND_GAP,0.8,0.01,61,85,41.78082191780822,0.9672131147540983,2
E5_DYNAMIC_INT8_PER_TENSOR,HYBRID_PROTOTYPE,SCORE_AND_GAP,0.8,0.02,22,124,15.068493150684931,1.0,0
E5_DYNAMIC_INT8_PER_TENSOR,HYBRID_PROTOTYPE,SCORE_AND_GAP,0.8,0.03,6,140,4.109589041095891,1.0,0
E5_DYNAMIC_INT8_PER_TENSOR,HYBRID_PROTOTYPE,SCORE_AND_GAP,0.8,0.04,2,144,1.36986301369863,1.0,0
E5_DYNAMIC_INT8_PER_TENSOR,HYBRID_PROTOTYPE,SCORE_AND_GAP,0.8,0.05,0,146,0.0,,0
E5_DYNAMIC_INT8_PER_TENSOR,HYBRID_PROTOTYPE,SCORE_AND_GAP,0.8,0.06,0,146,0.0,,0
E5_DYNAMIC_INT8_PER_TENSOR,HYBRID_PROTOTYPE,SCORE_AND_GAP,0.8,0.08,0,146,0.0,,0
E5_DYNAMIC_INT8_PER_TENSOR,HYBRID_PROTOTYPE,SCORE_AND_GAP,0.8,0.1,0,146,0.0,,0
E5_DYNAMIC_INT8_PER_TENSOR,HYBRID_PROTOTYPE,SCORE_AND_GAP,0.8,0.12,0,146,0.0,,0
E5_DYNAMIC_INT8_PER_TENSOR,HYBRID_PROTOTYPE,SCORE_AND_GAP,0.8,0.15,0,146,0.0,,0
E5_DYNAMIC_INT8_PER_TENSOR,HYBRID_PROTOTYPE,SCORE_AND_GAP,0.8,0.2,0,146,0.0,,0
E5_DYNAMIC_INT8_PER_TENSOR,HYBRID_PROTOTYPE,SCORE_AND_GAP,0.85,0.01,60,86,41.0958904109589,0.9666666666666667,2
E5_DYNAMIC_INT8_PER_TENSOR,HYBRID_PROTOTYPE,SCORE_AND_GAP,0.85,0.02,22,124,15.068493150684931,1.0,0
E5_DYNAMIC_INT8_PER_TENSOR,HYBRID_PROTOTYPE,SCORE_AND_GAP,0.85,0.03,6,140,4.109589041095891,1.0,0
E5_DYNAMIC_INT8_PER_TENSOR,HYBRID_PROTOTYPE,SCORE_AND_GAP,0.85,0.04,2,144,1.36986301369863,1.0,0
E5_DYNAMIC_INT8_PER_TENSOR,HYBRID_PROTOTYPE,SCORE_AND_GAP,0.85,0.05,0,146,0.0,,0
E5_DYNAMIC_INT8_PER_TENSOR,HYBRID_PROTOTYPE,SCORE_AND_GAP,0.85,0.06,0,146,0.0,,0
E5_DYNAMIC_INT8_PER_TENSOR,HYBRID_PROTOTYPE,SCORE_AND_GAP,0.85,0.08,0,146,0.0,,0
E5_DYNAMIC_INT8_PER_TENSOR,HYBRID_PROTOTYPE,SCORE_AND_GAP,0.85,0.1,0,146,0.0,,0
E5_DYNAMIC_INT8_PER_TENSOR,HYBRID_PROTOTYPE,SCORE_AND_GAP,0.85,0.12,0,146,0.0,,0
E5_DYNAMIC_INT8_PER_TENSOR,HYBRID_PROTOTYPE,SCORE_AND_GAP,0.85,0.15,0,146,0.0,,0
E5_DYNAMIC_INT8_PER_TENSOR,HYBRID_PROTOTYPE,SCORE_AND_GAP,0.85,0.2,0,146,0.0,,0
E5_DYNAMIC_INT8_PER_TENSOR,HYBRID_PROTOTYPE,SCORE_AND_GAP,0.9,0.01,31,115,21.232876712328768,1.0,0
E5_DYNAMIC_INT8_PER_TENSOR,HYBRID_PROTOTYPE,SCORE_AND_GAP,0.9,0.02,14,132,9.58904109589041,1.0,0
E5_DYNAMIC_INT8_PER_TENSOR,HYBRID_PROTOTYPE,SCORE_AND_GAP,0.9,0.03,4,142,2.73972602739726,1.0,0
E5_DYNAMIC_INT8_PER_TENSOR,HYBRID_PROTOTYPE,SCORE_AND_GAP,0.9,0.04,2,144,1.36986301369863,1.0,0
E5_DYNAMIC_INT8_PER_TENSOR,HYBRID_PROTOTYPE,SCORE_AND_GAP,0.9,0.05,0,146,0.0,,0
E5_DYNAMIC_INT8_PER_TENSOR,HYBRID_PROTOTYPE,SCORE_AND_GAP,0.9,0.06,0,146,0.0,,0
E5_DYNAMIC_INT8_PER_TENSOR,HYBRID_PROTOTYPE,SCORE_AND_GAP,0.9,0.08,0,146,0.0,,0
E5_DYNAMIC_INT8_PER_TENSOR,HYBRID_PROTOTYPE,SCORE_AND_GAP,0.9,0.1,0,146,0.0,,0
E5_DYNAMIC_INT8_PER_TENSOR,HYBRID_PROTOTYPE,SCORE_AND_GAP,0.9,0.12,0,146,0.0,,0
E5_DYNAMIC_INT8_PER_TENSOR,HYBRID_PROTOTYPE,SCORE_AND_GAP,0.9,0.15,0,146,0.0,,0
E5_DYNAMIC_INT8_PER_TENSOR,HYBRID_PROTOTYPE,SCORE_AND_GAP,0.9,0.2,0,146,0.0,,0
E5_DYNAMIC_INT8_PER_CHANNEL,HYBRID_PROTOTYPE,GAP_ONLY,,0.01,58,88,39.726027397260275,0.9655172413793104,2
E5_DYNAMIC_INT8_PER_CHANNEL,HYBRID_PROTOTYPE,GAP_ONLY,,0.02,25,121,17.123287671232877,1.0,0
E5_DYNAMIC_INT8_PER_CHANNEL,HYBRID_PROTOTYPE,GAP_ONLY,,0.03,6,140,4.109589041095891,1.0,0
E5_DYNAMIC_INT8_PER_CHANNEL,HYBRID_PROTOTYPE,GAP_ONLY,,0.04,3,143,2.0547945205479454,1.0,0
E5_DYNAMIC_INT8_PER_CHANNEL,HYBRID_PROTOTYPE,GAP_ONLY,,0.05,0,146,0.0,,0
E5_DYNAMIC_INT8_PER_CHANNEL,HYBRID_PROTOTYPE,GAP_ONLY,,0.06,0,146,0.0,,0
E5_DYNAMIC_INT8_PER_CHANNEL,HYBRID_PROTOTYPE,GAP_ONLY,,0.08,0,146,0.0,,0
E5_DYNAMIC_INT8_PER_CHANNEL,HYBRID_PROTOTYPE,GAP_ONLY,,0.1,0,146,0.0,,0
E5_DYNAMIC_INT8_PER_CHANNEL,HYBRID_PROTOTYPE,GAP_ONLY,,0.12,0,146,0.0,,0
E5_DYNAMIC_INT8_PER_CHANNEL,HYBRID_PROTOTYPE,GAP_ONLY,,0.15,0,146,0.0,,0
E5_DYNAMIC_INT8_PER_CHANNEL,HYBRID_PROTOTYPE,GAP_ONLY,,0.2,0,146,0.0,,0
E5_DYNAMIC_INT8_PER_CHANNEL,HYBRID_PROTOTYPE,SCORE_AND_GAP,0.2,0.01,58,88,39.726027397260275,0.9655172413793104,2
E5_DYNAMIC_INT8_PER_CHANNEL,HYBRID_PROTOTYPE,SCORE_AND_GAP,0.2,0.02,25,121,17.123287671232877,1.0,0
E5_DYNAMIC_INT8_PER_CHANNEL,HYBRID_PROTOTYPE,SCORE_AND_GAP,0.2,0.03,6,140,4.109589041095891,1.0,0
E5_DYNAMIC_INT8_PER_CHANNEL,HYBRID_PROTOTYPE,SCORE_AND_GAP,0.2,0.04,3,143,2.0547945205479454,1.0,0
E5_DYNAMIC_INT8_PER_CHANNEL,HYBRID_PROTOTYPE,SCORE_AND_GAP,0.2,0.05,0,146,0.0,,0
E5_DYNAMIC_INT8_PER_CHANNEL,HYBRID_PROTOTYPE,SCORE_AND_GAP,0.2,0.06,0,146,0.0,,0
E5_DYNAMIC_INT8_PER_CHANNEL,HYBRID_PROTOTYPE,SCORE_AND_GAP,0.2,0.08,0,146,0.0,,0
E5_DYNAMIC_INT8_PER_CHANNEL,HYBRID_PROTOTYPE,SCORE_AND_GAP,0.2,0.1,0,146,0.0,,0
E5_DYNAMIC_INT8_PER_CHANNEL,HYBRID_PROTOTYPE,SCORE_AND_GAP,0.2,0.12,0,146,0.0,,0
E5_DYNAMIC_INT8_PER_CHANNEL,HYBRID_PROTOTYPE,SCORE_AND_GAP,0.2,0.15,0,146,0.0,,0
E5_DYNAMIC_INT8_PER_CHANNEL,HYBRID_PROTOTYPE,SCORE_AND_GAP,0.2,0.2,0,146,0.0,,0
E5_DYNAMIC_INT8_PER_CHANNEL,HYBRID_PROTOTYPE,SCORE_AND_GAP,0.25,0.01,58,88,39.726027397260275,0.9655172413793104,2
E5_DYNAMIC_INT8_PER_CHANNEL,HYBRID_PROTOTYPE,SCORE_AND_GAP,0.25,0.02,25,121,17.123287671232877,1.0,0
E5_DYNAMIC_INT8_PER_CHANNEL,HYBRID_PROTOTYPE,SCORE_AND_GAP,0.25,0.03,6,140,4.109589041095891,1.0,0
E5_DYNAMIC_INT8_PER_CHANNEL,HYBRID_PROTOTYPE,SCORE_AND_GAP,0.25,0.04,3,143,2.0547945205479454,1.0,0
E5_DYNAMIC_INT8_PER_CHANNEL,HYBRID_PROTOTYPE,SCORE_AND_GAP,0.25,0.05,0,146,0.0,,0
E5_DYNAMIC_INT8_PER_CHANNEL,HYBRID_PROTOTYPE,SCORE_AND_GAP,0.25,0.06,0,146,0.0,,0
E5_DYNAMIC_INT8_PER_CHANNEL,HYBRID_PROTOTYPE,SCORE_AND_GAP,0.25,0.08,0,146,0.0,,0
E5_DYNAMIC_INT8_PER_CHANNEL,HYBRID_PROTOTYPE,SCORE_AND_GAP,0.25,0.1,0,146,0.0,,0
E5_DYNAMIC_INT8_PER_CHANNEL,HYBRID_PROTOTYPE,SCORE_AND_GAP,0.25,0.12,0,146,0.0,,0
E5_DYNAMIC_INT8_PER_CHANNEL,HYBRID_PROTOTYPE,SCORE_AND_GAP,0.25,0.15,0,146,0.0,,0
E5_DYNAMIC_INT8_PER_CHANNEL,HYBRID_PROTOTYPE,SCORE_AND_GAP,0.25,0.2,0,146,0.0,,0
E5_DYNAMIC_INT8_PER_CHANNEL,HYBRID_PROTOTYPE,SCORE_AND_GAP,0.3,0.01,58,88,39.726027397260275,0.9655172413793104,2
E5_DYNAMIC_INT8_PER_CHANNEL,HYBRID_PROTOTYPE,SCORE_AND_GAP,0.3,0.02,25,121,17.123287671232877,1.0,0
E5_DYNAMIC_INT8_PER_CHANNEL,HYBRID_PROTOTYPE,SCORE_AND_GAP,0.3,0.03,6,140,4.109589041095891,1.0,0
E5_DYNAMIC_INT8_PER_CHANNEL,HYBRID_PROTOTYPE,SCORE_AND_GAP,0.3,0.04,3,143,2.0547945205479454,1.0,0
E5_DYNAMIC_INT8_PER_CHANNEL,HYBRID_PROTOTYPE,SCORE_AND_GAP,0.3,0.05,0,146,0.0,,0
E5_DYNAMIC_INT8_PER_CHANNEL,HYBRID_PROTOTYPE,SCORE_AND_GAP,0.3,0.06,0,146,0.0,,0
E5_DYNAMIC_INT8_PER_CHANNEL,HYBRID_PROTOTYPE,SCORE_AND_GAP,0.3,0.08,0,146,0.0,,0
E5_DYNAMIC_INT8_PER_CHANNEL,HYBRID_PROTOTYPE,SCORE_AND_GAP,0.3,0.1,0,146,0.0,,0
E5_DYNAMIC_INT8_PER_CHANNEL,HYBRID_PROTOTYPE,SCORE_AND_GAP,0.3,0.12,0,146,0.0,,0
E5_DYNAMIC_INT8_PER_CHANNEL,HYBRID_PROTOTYPE,SCORE_AND_GAP,0.3,0.15,0,146,0.0,,0
E5_DYNAMIC_INT8_PER_CHANNEL,HYBRID_PROTOTYPE,SCORE_AND_GAP,0.3,0.2,0,146,0.0,,0
E5_DYNAMIC_INT8_PER_CHANNEL,HYBRID_PROTOTYPE,SCORE_AND_GAP,0.35,0.01,58,88,39.726027397260275,0.9655172413793104,2
E5_DYNAMIC_INT8_PER_CHANNEL,HYBRID_PROTOTYPE,SCORE_AND_GAP,0.35,0.02,25,121,17.123287671232877,1.0,0
E5_DYNAMIC_INT8_PER_CHANNEL,HYBRID_PROTOTYPE,SCORE_AND_GAP,0.35,0.03,6,140,4.109589041095891,1.0,0
E5_DYNAMIC_INT8_PER_CHANNEL,HYBRID_PROTOTYPE,SCORE_AND_GAP,0.35,0.04,3,143,2.0547945205479454,1.0,0
E5_DYNAMIC_INT8_PER_CHANNEL,HYBRID_PROTOTYPE,SCORE_AND_GAP,0.35,0.05,0,146,0.0,,0
E5_DYNAMIC_INT8_PER_CHANNEL,HYBRID_PROTOTYPE,SCORE_AND_GAP,0.35,0.06,0,146,0.0,,0
E5_DYNAMIC_INT8_PER_CHANNEL,HYBRID_PROTOTYPE,SCORE_AND_GAP,0.35,0.08,0,146,0.0,,0
E5_DYNAMIC_INT8_PER_CHANNEL,HYBRID_PROTOTYPE,SCORE_AND_GAP,0.35,0.1,0,146,0.0,,0
E5_DYNAMIC_INT8_PER_CHANNEL,HYBRID_PROTOTYPE,SCORE_AND_GAP,0.35,0.12,0,146,0.0,,0
E5_DYNAMIC_INT8_PER_CHANNEL,HYBRID_PROTOTYPE,SCORE_AND_GAP,0.35,0.15,0,146,0.0,,0
E5_DYNAMIC_INT8_PER_CHANNEL,HYBRID_PROTOTYPE,SCORE_AND_GAP,0.35,0.2,0,146,0.0,,0
E5_DYNAMIC_INT8_PER_CHANNEL,HYBRID_PROTOTYPE,SCORE_AND_GAP,0.4,0.01,58,88,39.726027397260275,0.9655172413793104,2
E5_DYNAMIC_INT8_PER_CHANNEL,HYBRID_PROTOTYPE,SCORE_AND_GAP,0.4,0.02,25,121,17.123287671232877,1.0,0
E5_DYNAMIC_INT8_PER_CHANNEL,HYBRID_PROTOTYPE,SCORE_AND_GAP,0.4,0.03,6,140,4.109589041095891,1.0,0
E5_DYNAMIC_INT8_PER_CHANNEL,HYBRID_PROTOTYPE,SCORE_AND_GAP,0.4,0.04,3,143,2.0547945205479454,1.0,0
E5_DYNAMIC_INT8_PER_CHANNEL,HYBRID_PROTOTYPE,SCORE_AND_GAP,0.4,0.05,0,146,0.0,,0
E5_DYNAMIC_INT8_PER_CHANNEL,HYBRID_PROTOTYPE,SCORE_AND_GAP,0.4,0.06,0,146,0.0,,0
E5_DYNAMIC_INT8_PER_CHANNEL,HYBRID_PROTOTYPE,SCORE_AND_GAP,0.4,0.08,0,146,0.0,,0
E5_DYNAMIC_INT8_PER_CHANNEL,HYBRID_PROTOTYPE,SCORE_AND_GAP,0.4,0.1,0,146,0.0,,0
E5_DYNAMIC_INT8_PER_CHANNEL,HYBRID_PROTOTYPE,SCORE_AND_GAP,0.4,0.12,0,146,0.0,,0
E5_DYNAMIC_INT8_PER_CHANNEL,HYBRID_PROTOTYPE,SCORE_AND_GAP,0.4,0.15,0,146,0.0,,0
E5_DYNAMIC_INT8_PER_CHANNEL,HYBRID_PROTOTYPE,SCORE_AND_GAP,0.4,0.2,0,146,0.0,,0
E5_DYNAMIC_INT8_PER_CHANNEL,HYBRID_PROTOTYPE,SCORE_AND_GAP,0.45,0.01,58,88,39.726027397260275,0.9655172413793104,2
E5_DYNAMIC_INT8_PER_CHANNEL,HYBRID_PROTOTYPE,SCORE_AND_GAP,0.45,0.02,25,121,17.123287671232877,1.0,0
E5_DYNAMIC_INT8_PER_CHANNEL,HYBRID_PROTOTYPE,SCORE_AND_GAP,0.45,0.03,6,140,4.109589041095891,1.0,0
E5_DYNAMIC_INT8_PER_CHANNEL,HYBRID_PROTOTYPE,SCORE_AND_GAP,0.45,0.04,3,143,2.0547945205479454,1.0,0
E5_DYNAMIC_INT8_PER_CHANNEL,HYBRID_PROTOTYPE,SCORE_AND_GAP,0.45,0.05,0,146,0.0,,0
E5_DYNAMIC_INT8_PER_CHANNEL,HYBRID_PROTOTYPE,SCORE_AND_GAP,0.45,0.06,0,146,0.0,,0
E5_DYNAMIC_INT8_PER_CHANNEL,HYBRID_PROTOTYPE,SCORE_AND_GAP,0.45,0.08,0,146,0.0,,0
E5_DYNAMIC_INT8_PER_CHANNEL,HYBRID_PROTOTYPE,SCORE_AND_GAP,0.45,0.1,0,146,0.0,,0
E5_DYNAMIC_INT8_PER_CHANNEL,HYBRID_PROTOTYPE,SCORE_AND_GAP,0.45,0.12,0,146,0.0,,0
E5_DYNAMIC_INT8_PER_CHANNEL,HYBRID_PROTOTYPE,SCORE_AND_GAP,0.45,0.15,0,146,0.0,,0
E5_DYNAMIC_INT8_PER_CHANNEL,HYBRID_PROTOTYPE,SCORE_AND_GAP,0.45,0.2,0,146,0.0,,0
E5_DYNAMIC_INT8_PER_CHANNEL,HYBRID_PROTOTYPE,SCORE_AND_GAP,0.5,0.01,58,88,39.726027397260275,0.9655172413793104,2
E5_DYNAMIC_INT8_PER_CHANNEL,HYBRID_PROTOTYPE,SCORE_AND_GAP,0.5,0.02,25,121,17.123287671232877,1.0,0
E5_DYNAMIC_INT8_PER_CHANNEL,HYBRID_PROTOTYPE,SCORE_AND_GAP,0.5,0.03,6,140,4.109589041095891,1.0,0
E5_DYNAMIC_INT8_PER_CHANNEL,HYBRID_PROTOTYPE,SCORE_AND_GAP,0.5,0.04,3,143,2.0547945205479454,1.0,0
E5_DYNAMIC_INT8_PER_CHANNEL,HYBRID_PROTOTYPE,SCORE_AND_GAP,0.5,0.05,0,146,0.0,,0
E5_DYNAMIC_INT8_PER_CHANNEL,HYBRID_PROTOTYPE,SCORE_AND_GAP,0.5,0.06,0,146,0.0,,0
E5_DYNAMIC_INT8_PER_CHANNEL,HYBRID_PROTOTYPE,SCORE_AND_GAP,0.5,0.08,0,146,0.0,,0
E5_DYNAMIC_INT8_PER_CHANNEL,HYBRID_PROTOTYPE,SCORE_AND_GAP,0.5,0.1,0,146,0.0,,0
E5_DYNAMIC_INT8_PER_CHANNEL,HYBRID_PROTOTYPE,SCORE_AND_GAP,0.5,0.12,0,146,0.0,,0
E5_DYNAMIC_INT8_PER_CHANNEL,HYBRID_PROTOTYPE,SCORE_AND_GAP,0.5,0.15,0,146,0.0,,0
E5_DYNAMIC_INT8_PER_CHANNEL,HYBRID_PROTOTYPE,SCORE_AND_GAP,0.5,0.2,0,146,0.0,,0
E5_DYNAMIC_INT8_PER_CHANNEL,HYBRID_PROTOTYPE,SCORE_AND_GAP,0.55,0.01,58,88,39.726027397260275,0.9655172413793104,2
E5_DYNAMIC_INT8_PER_CHANNEL,HYBRID_PROTOTYPE,SCORE_AND_GAP,0.55,0.02,25,121,17.123287671232877,1.0,0
E5_DYNAMIC_INT8_PER_CHANNEL,HYBRID_PROTOTYPE,SCORE_AND_GAP,0.55,0.03,6,140,4.109589041095891,1.0,0
E5_DYNAMIC_INT8_PER_CHANNEL,HYBRID_PROTOTYPE,SCORE_AND_GAP,0.55,0.04,3,143,2.0547945205479454,1.0,0
E5_DYNAMIC_INT8_PER_CHANNEL,HYBRID_PROTOTYPE,SCORE_AND_GAP,0.55,0.05,0,146,0.0,,0
E5_DYNAMIC_INT8_PER_CHANNEL,HYBRID_PROTOTYPE,SCORE_AND_GAP,0.55,0.06,0,146,0.0,,0
E5_DYNAMIC_INT8_PER_CHANNEL,HYBRID_PROTOTYPE,SCORE_AND_GAP,0.55,0.08,0,146,0.0,,0
E5_DYNAMIC_INT8_PER_CHANNEL,HYBRID_PROTOTYPE,SCORE_AND_GAP,0.55,0.1,0,146,0.0,,0
E5_DYNAMIC_INT8_PER_CHANNEL,HYBRID_PROTOTYPE,SCORE_AND_GAP,0.55,0.12,0,146,0.0,,0
E5_DYNAMIC_INT8_PER_CHANNEL,HYBRID_PROTOTYPE,SCORE_AND_GAP,0.55,0.15,0,146,0.0,,0
E5_DYNAMIC_INT8_PER_CHANNEL,HYBRID_PROTOTYPE,SCORE_AND_GAP,0.55,0.2,0,146,0.0,,0
E5_DYNAMIC_INT8_PER_CHANNEL,HYBRID_PROTOTYPE,SCORE_AND_GAP,0.6,0.01,58,88,39.726027397260275,0.9655172413793104,2
E5_DYNAMIC_INT8_PER_CHANNEL,HYBRID_PROTOTYPE,SCORE_AND_GAP,0.6,0.02,25,121,17.123287671232877,1.0,0
E5_DYNAMIC_INT8_PER_CHANNEL,HYBRID_PROTOTYPE,SCORE_AND_GAP,0.6,0.03,6,140,4.109589041095891,1.0,0
E5_DYNAMIC_INT8_PER_CHANNEL,HYBRID_PROTOTYPE,SCORE_AND_GAP,0.6,0.04,3,143,2.0547945205479454,1.0,0
E5_DYNAMIC_INT8_PER_CHANNEL,HYBRID_PROTOTYPE,SCORE_AND_GAP,0.6,0.05,0,146,0.0,,0
E5_DYNAMIC_INT8_PER_CHANNEL,HYBRID_PROTOTYPE,SCORE_AND_GAP,0.6,0.06,0,146,0.0,,0
E5_DYNAMIC_INT8_PER_CHANNEL,HYBRID_PROTOTYPE,SCORE_AND_GAP,0.6,0.08,0,146,0.0,,0
E5_DYNAMIC_INT8_PER_CHANNEL,HYBRID_PROTOTYPE,SCORE_AND_GAP,0.6,0.1,0,146,0.0,,0
E5_DYNAMIC_INT8_PER_CHANNEL,HYBRID_PROTOTYPE,SCORE_AND_GAP,0.6,0.12,0,146,0.0,,0
E5_DYNAMIC_INT8_PER_CHANNEL,HYBRID_PROTOTYPE,SCORE_AND_GAP,0.6,0.15,0,146,0.0,,0
E5_DYNAMIC_INT8_PER_CHANNEL,HYBRID_PROTOTYPE,SCORE_AND_GAP,0.6,0.2,0,146,0.0,,0
E5_DYNAMIC_INT8_PER_CHANNEL,HYBRID_PROTOTYPE,SCORE_AND_GAP,0.65,0.01,58,88,39.726027397260275,0.9655172413793104,2
E5_DYNAMIC_INT8_PER_CHANNEL,HYBRID_PROTOTYPE,SCORE_AND_GAP,0.65,0.02,25,121,17.123287671232877,1.0,0
E5_DYNAMIC_INT8_PER_CHANNEL,HYBRID_PROTOTYPE,SCORE_AND_GAP,0.65,0.03,6,140,4.109589041095891,1.0,0
E5_DYNAMIC_INT8_PER_CHANNEL,HYBRID_PROTOTYPE,SCORE_AND_GAP,0.65,0.04,3,143,2.0547945205479454,1.0,0
E5_DYNAMIC_INT8_PER_CHANNEL,HYBRID_PROTOTYPE,SCORE_AND_GAP,0.65,0.05,0,146,0.0,,0
E5_DYNAMIC_INT8_PER_CHANNEL,HYBRID_PROTOTYPE,SCORE_AND_GAP,0.65,0.06,0,146,0.0,,0
E5_DYNAMIC_INT8_PER_CHANNEL,HYBRID_PROTOTYPE,SCORE_AND_GAP,0.65,0.08,0,146,0.0,,0
E5_DYNAMIC_INT8_PER_CHANNEL,HYBRID_PROTOTYPE,SCORE_AND_GAP,0.65,0.1,0,146,0.0,,0
E5_DYNAMIC_INT8_PER_CHANNEL,HYBRID_PROTOTYPE,SCORE_AND_GAP,0.65,0.12,0,146,0.0,,0
E5_DYNAMIC_INT8_PER_CHANNEL,HYBRID_PROTOTYPE,SCORE_AND_GAP,0.65,0.15,0,146,0.0,,0
E5_DYNAMIC_INT8_PER_CHANNEL,HYBRID_PROTOTYPE,SCORE_AND_GAP,0.65,0.2,0,146,0.0,,0
E5_DYNAMIC_INT8_PER_CHANNEL,HYBRID_PROTOTYPE,SCORE_AND_GAP,0.7,0.01,58,88,39.726027397260275,0.9655172413793104,2
E5_DYNAMIC_INT8_PER_CHANNEL,HYBRID_PROTOTYPE,SCORE_AND_GAP,0.7,0.02,25,121,17.123287671232877,1.0,0
E5_DYNAMIC_INT8_PER_CHANNEL,HYBRID_PROTOTYPE,SCORE_AND_GAP,0.7,0.03,6,140,4.109589041095891,1.0,0
E5_DYNAMIC_INT8_PER_CHANNEL,HYBRID_PROTOTYPE,SCORE_AND_GAP,0.7,0.04,3,143,2.0547945205479454,1.0,0
E5_DYNAMIC_INT8_PER_CHANNEL,HYBRID_PROTOTYPE,SCORE_AND_GAP,0.7,0.05,0,146,0.0,,0
E5_DYNAMIC_INT8_PER_CHANNEL,HYBRID_PROTOTYPE,SCORE_AND_GAP,0.7,0.06,0,146,0.0,,0
E5_DYNAMIC_INT8_PER_CHANNEL,HYBRID_PROTOTYPE,SCORE_AND_GAP,0.7,0.08,0,146,0.0,,0
E5_DYNAMIC_INT8_PER_CHANNEL,HYBRID_PROTOTYPE,SCORE_AND_GAP,0.7,0.1,0,146,0.0,,0
E5_DYNAMIC_INT8_PER_CHANNEL,HYBRID_PROTOTYPE,SCORE_AND_GAP,0.7,0.12,0,146,0.0,,0
E5_DYNAMIC_INT8_PER_CHANNEL,HYBRID_PROTOTYPE,SCORE_AND_GAP,0.7,0.15,0,146,0.0,,0
E5_DYNAMIC_INT8_PER_CHANNEL,HYBRID_PROTOTYPE,SCORE_AND_GAP,0.7,0.2,0,146,0.0,,0
E5_DYNAMIC_INT8_PER_CHANNEL,HYBRID_PROTOTYPE,SCORE_AND_GAP,0.75,0.01,58,88,39.726027397260275,0.9655172413793104,2
E5_DYNAMIC_INT8_PER_CHANNEL,HYBRID_PROTOTYPE,SCORE_AND_GAP,0.75,0.02,25,121,17.123287671232877,1.0,0
E5_DYNAMIC_INT8_PER_CHANNEL,HYBRID_PROTOTYPE,SCORE_AND_GAP,0.75,0.03,6,140,4.109589041095891,1.0,0
E5_DYNAMIC_INT8_PER_CHANNEL,HYBRID_PROTOTYPE,SCORE_AND_GAP,0.75,0.04,3,143,2.0547945205479454,1.0,0
E5_DYNAMIC_INT8_PER_CHANNEL,HYBRID_PROTOTYPE,SCORE_AND_GAP,0.75,0.05,0,146,0.0,,0
E5_DYNAMIC_INT8_PER_CHANNEL,HYBRID_PROTOTYPE,SCORE_AND_GAP,0.75,0.06,0,146,0.0,,0
E5_DYNAMIC_INT8_PER_CHANNEL,HYBRID_PROTOTYPE,SCORE_AND_GAP,0.75,0.08,0,146,0.0,,0
E5_DYNAMIC_INT8_PER_CHANNEL,HYBRID_PROTOTYPE,SCORE_AND_GAP,0.75,0.1,0,146,0.0,,0
E5_DYNAMIC_INT8_PER_CHANNEL,HYBRID_PROTOTYPE,SCORE_AND_GAP,0.75,0.12,0,146,0.0,,0
E5_DYNAMIC_INT8_PER_CHANNEL,HYBRID_PROTOTYPE,SCORE_AND_GAP,0.75,0.15,0,146,0.0,,0
E5_DYNAMIC_INT8_PER_CHANNEL,HYBRID_PROTOTYPE,SCORE_AND_GAP,0.75,0.2,0,146,0.0,,0
E5_DYNAMIC_INT8_PER_CHANNEL,HYBRID_PROTOTYPE,SCORE_AND_GAP,0.8,0.01,58,88,39.726027397260275,0.9655172413793104,2
E5_DYNAMIC_INT8_PER_CHANNEL,HYBRID_PROTOTYPE,SCORE_AND_GAP,0.8,0.02,25,121,17.123287671232877,1.0,0
E5_DYNAMIC_INT8_PER_CHANNEL,HYBRID_PROTOTYPE,SCORE_AND_GAP,0.8,0.03,6,140,4.109589041095891,1.0,0
E5_DYNAMIC_INT8_PER_CHANNEL,HYBRID_PROTOTYPE,SCORE_AND_GAP,0.8,0.04,3,143,2.0547945205479454,1.0,0
E5_DYNAMIC_INT8_PER_CHANNEL,HYBRID_PROTOTYPE,SCORE_AND_GAP,0.8,0.05,0,146,0.0,,0
E5_DYNAMIC_INT8_PER_CHANNEL,HYBRID_PROTOTYPE,SCORE_AND_GAP,0.8,0.06,0,146,0.0,,0
E5_DYNAMIC_INT8_PER_CHANNEL,HYBRID_PROTOTYPE,SCORE_AND_GAP,0.8,0.08,0,146,0.0,,0
E5_DYNAMIC_INT8_PER_CHANNEL,HYBRID_PROTOTYPE,SCORE_AND_GAP,0.8,0.1,0,146,0.0,,0
E5_DYNAMIC_INT8_PER_CHANNEL,HYBRID_PROTOTYPE,SCORE_AND_GAP,0.8,0.12,0,146,0.0,,0
E5_DYNAMIC_INT8_PER_CHANNEL,HYBRID_PROTOTYPE,SCORE_AND_GAP,0.8,0.15,0,146,0.0,,0
E5_DYNAMIC_INT8_PER_CHANNEL,HYBRID_PROTOTYPE,SCORE_AND_GAP,0.8,0.2,0,146,0.0,,0
E5_DYNAMIC_INT8_PER_CHANNEL,HYBRID_PROTOTYPE,SCORE_AND_GAP,0.85,0.01,56,90,38.35616438356164,0.9642857142857143,2
E5_DYNAMIC_INT8_PER_CHANNEL,HYBRID_PROTOTYPE,SCORE_AND_GAP,0.85,0.02,24,122,16.438356164383563,1.0,0
E5_DYNAMIC_INT8_PER_CHANNEL,HYBRID_PROTOTYPE,SCORE_AND_GAP,0.85,0.03,6,140,4.109589041095891,1.0,0
E5_DYNAMIC_INT8_PER_CHANNEL,HYBRID_PROTOTYPE,SCORE_AND_GAP,0.85,0.04,3,143,2.0547945205479454,1.0,0
E5_DYNAMIC_INT8_PER_CHANNEL,HYBRID_PROTOTYPE,SCORE_AND_GAP,0.85,0.05,0,146,0.0,,0
E5_DYNAMIC_INT8_PER_CHANNEL,HYBRID_PROTOTYPE,SCORE_AND_GAP,0.85,0.06,0,146,0.0,,0
E5_DYNAMIC_INT8_PER_CHANNEL,HYBRID_PROTOTYPE,SCORE_AND_GAP,0.85,0.08,0,146,0.0,,0
E5_DYNAMIC_INT8_PER_CHANNEL,HYBRID_PROTOTYPE,SCORE_AND_GAP,0.85,0.1,0,146,0.0,,0
E5_DYNAMIC_INT8_PER_CHANNEL,HYBRID_PROTOTYPE,SCORE_AND_GAP,0.85,0.12,0,146,0.0,,0
E5_DYNAMIC_INT8_PER_CHANNEL,HYBRID_PROTOTYPE,SCORE_AND_GAP,0.85,0.15,0,146,0.0,,0
E5_DYNAMIC_INT8_PER_CHANNEL,HYBRID_PROTOTYPE,SCORE_AND_GAP,0.85,0.2,0,146,0.0,,0
E5_DYNAMIC_INT8_PER_CHANNEL,HYBRID_PROTOTYPE,SCORE_AND_GAP,0.9,0.01,19,127,13.013698630136986,1.0,0
E5_DYNAMIC_INT8_PER_CHANNEL,HYBRID_PROTOTYPE,SCORE_AND_GAP,0.9,0.02,10,136,6.8493150684931505,1.0,0
E5_DYNAMIC_INT8_PER_CHANNEL,HYBRID_PROTOTYPE,SCORE_AND_GAP,0.9,0.03,2,144,1.36986301369863,1.0,0
E5_DYNAMIC_INT8_PER_CHANNEL,HYBRID_PROTOTYPE,SCORE_AND_GAP,0.9,0.04,1,145,0.684931506849315,1.0,0
E5_DYNAMIC_INT8_PER_CHANNEL,HYBRID_PROTOTYPE,SCORE_AND_GAP,0.9,0.05,0,146,0.0,,0
E5_DYNAMIC_INT8_PER_CHANNEL,HYBRID_PROTOTYPE,SCORE_AND_GAP,0.9,0.06,0,146,0.0,,0
E5_DYNAMIC_INT8_PER_CHANNEL,HYBRID_PROTOTYPE,SCORE_AND_GAP,0.9,0.08,0,146,0.0,,0
E5_DYNAMIC_INT8_PER_CHANNEL,HYBRID_PROTOTYPE,SCORE_AND_GAP,0.9,0.1,0,146,0.0,,0
E5_DYNAMIC_INT8_PER_CHANNEL,HYBRID_PROTOTYPE,SCORE_AND_GAP,0.9,0.12,0,146,0.0,,0
E5_DYNAMIC_INT8_PER_CHANNEL,HYBRID_PROTOTYPE,SCORE_AND_GAP,0.9,0.15,0,146,0.0,,0
E5_DYNAMIC_INT8_PER_CHANNEL,HYBRID_PROTOTYPE,SCORE_AND_GAP,0.9,0.2,0,146,0.0,,0
E5_DYNAMIC_INT8_MATMUL_PER_CHANNEL,HYBRID_PROTOTYPE,GAP_ONLY,,0.01,59,87,40.41095890410959,0.9661016949152542,2
E5_DYNAMIC_INT8_MATMUL_PER_CHANNEL,HYBRID_PROTOTYPE,GAP_ONLY,,0.02,30,116,20.54794520547945,1.0,0
E5_DYNAMIC_INT8_MATMUL_PER_CHANNEL,HYBRID_PROTOTYPE,GAP_ONLY,,0.03,6,140,4.109589041095891,1.0,0
E5_DYNAMIC_INT8_MATMUL_PER_CHANNEL,HYBRID_PROTOTYPE,GAP_ONLY,,0.04,3,143,2.0547945205479454,1.0,0
E5_DYNAMIC_INT8_MATMUL_PER_CHANNEL,HYBRID_PROTOTYPE,GAP_ONLY,,0.05,0,146,0.0,,0
E5_DYNAMIC_INT8_MATMUL_PER_CHANNEL,HYBRID_PROTOTYPE,GAP_ONLY,,0.06,0,146,0.0,,0
E5_DYNAMIC_INT8_MATMUL_PER_CHANNEL,HYBRID_PROTOTYPE,GAP_ONLY,,0.08,0,146,0.0,,0
E5_DYNAMIC_INT8_MATMUL_PER_CHANNEL,HYBRID_PROTOTYPE,GAP_ONLY,,0.1,0,146,0.0,,0
E5_DYNAMIC_INT8_MATMUL_PER_CHANNEL,HYBRID_PROTOTYPE,GAP_ONLY,,0.12,0,146,0.0,,0
E5_DYNAMIC_INT8_MATMUL_PER_CHANNEL,HYBRID_PROTOTYPE,GAP_ONLY,,0.15,0,146,0.0,,0
E5_DYNAMIC_INT8_MATMUL_PER_CHANNEL,HYBRID_PROTOTYPE,GAP_ONLY,,0.2,0,146,0.0,,0
E5_DYNAMIC_INT8_MATMUL_PER_CHANNEL,HYBRID_PROTOTYPE,SCORE_AND_GAP,0.2,0.01,59,87,40.41095890410959,0.9661016949152542,2
E5_DYNAMIC_INT8_MATMUL_PER_CHANNEL,HYBRID_PROTOTYPE,SCORE_AND_GAP,0.2,0.02,30,116,20.54794520547945,1.0,0
E5_DYNAMIC_INT8_MATMUL_PER_CHANNEL,HYBRID_PROTOTYPE,SCORE_AND_GAP,0.2,0.03,6,140,4.109589041095891,1.0,0
E5_DYNAMIC_INT8_MATMUL_PER_CHANNEL,HYBRID_PROTOTYPE,SCORE_AND_GAP,0.2,0.04,3,143,2.0547945205479454,1.0,0
E5_DYNAMIC_INT8_MATMUL_PER_CHANNEL,HYBRID_PROTOTYPE,SCORE_AND_GAP,0.2,0.05,0,146,0.0,,0
E5_DYNAMIC_INT8_MATMUL_PER_CHANNEL,HYBRID_PROTOTYPE,SCORE_AND_GAP,0.2,0.06,0,146,0.0,,0
E5_DYNAMIC_INT8_MATMUL_PER_CHANNEL,HYBRID_PROTOTYPE,SCORE_AND_GAP,0.2,0.08,0,146,0.0,,0
E5_DYNAMIC_INT8_MATMUL_PER_CHANNEL,HYBRID_PROTOTYPE,SCORE_AND_GAP,0.2,0.1,0,146,0.0,,0
E5_DYNAMIC_INT8_MATMUL_PER_CHANNEL,HYBRID_PROTOTYPE,SCORE_AND_GAP,0.2,0.12,0,146,0.0,,0
E5_DYNAMIC_INT8_MATMUL_PER_CHANNEL,HYBRID_PROTOTYPE,SCORE_AND_GAP,0.2,0.15,0,146,0.0,,0
E5_DYNAMIC_INT8_MATMUL_PER_CHANNEL,HYBRID_PROTOTYPE,SCORE_AND_GAP,0.2,0.2,0,146,0.0,,0
E5_DYNAMIC_INT8_MATMUL_PER_CHANNEL,HYBRID_PROTOTYPE,SCORE_AND_GAP,0.25,0.01,59,87,40.41095890410959,0.9661016949152542,2
E5_DYNAMIC_INT8_MATMUL_PER_CHANNEL,HYBRID_PROTOTYPE,SCORE_AND_GAP,0.25,0.02,30,116,20.54794520547945,1.0,0
E5_DYNAMIC_INT8_MATMUL_PER_CHANNEL,HYBRID_PROTOTYPE,SCORE_AND_GAP,0.25,0.03,6,140,4.109589041095891,1.0,0
E5_DYNAMIC_INT8_MATMUL_PER_CHANNEL,HYBRID_PROTOTYPE,SCORE_AND_GAP,0.25,0.04,3,143,2.0547945205479454,1.0,0
E5_DYNAMIC_INT8_MATMUL_PER_CHANNEL,HYBRID_PROTOTYPE,SCORE_AND_GAP,0.25,0.05,0,146,0.0,,0
E5_DYNAMIC_INT8_MATMUL_PER_CHANNEL,HYBRID_PROTOTYPE,SCORE_AND_GAP,0.25,0.06,0,146,0.0,,0
E5_DYNAMIC_INT8_MATMUL_PER_CHANNEL,HYBRID_PROTOTYPE,SCORE_AND_GAP,0.25,0.08,0,146,0.0,,0
E5_DYNAMIC_INT8_MATMUL_PER_CHANNEL,HYBRID_PROTOTYPE,SCORE_AND_GAP,0.25,0.1,0,146,0.0,,0
E5_DYNAMIC_INT8_MATMUL_PER_CHANNEL,HYBRID_PROTOTYPE,SCORE_AND_GAP,0.25,0.12,0,146,0.0,,0
E5_DYNAMIC_INT8_MATMUL_PER_CHANNEL,HYBRID_PROTOTYPE,SCORE_AND_GAP,0.25,0.15,0,146,0.0,,0
E5_DYNAMIC_INT8_MATMUL_PER_CHANNEL,HYBRID_PROTOTYPE,SCORE_AND_GAP,0.25,0.2,0,146,0.0,,0
E5_DYNAMIC_INT8_MATMUL_PER_CHANNEL,HYBRID_PROTOTYPE,SCORE_AND_GAP,0.3,0.01,59,87,40.41095890410959,0.9661016949152542,2
E5_DYNAMIC_INT8_MATMUL_PER_CHANNEL,HYBRID_PROTOTYPE,SCORE_AND_GAP,0.3,0.02,30,116,20.54794520547945,1.0,0
E5_DYNAMIC_INT8_MATMUL_PER_CHANNEL,HYBRID_PROTOTYPE,SCORE_AND_GAP,0.3,0.03,6,140,4.109589041095891,1.0,0
E5_DYNAMIC_INT8_MATMUL_PER_CHANNEL,HYBRID_PROTOTYPE,SCORE_AND_GAP,0.3,0.04,3,143,2.0547945205479454,1.0,0
E5_DYNAMIC_INT8_MATMUL_PER_CHANNEL,HYBRID_PROTOTYPE,SCORE_AND_GAP,0.3,0.05,0,146,0.0,,0
E5_DYNAMIC_INT8_MATMUL_PER_CHANNEL,HYBRID_PROTOTYPE,SCORE_AND_GAP,0.3,0.06,0,146,0.0,,0
E5_DYNAMIC_INT8_MATMUL_PER_CHANNEL,HYBRID_PROTOTYPE,SCORE_AND_GAP,0.3,0.08,0,146,0.0,,0
E5_DYNAMIC_INT8_MATMUL_PER_CHANNEL,HYBRID_PROTOTYPE,SCORE_AND_GAP,0.3,0.1,0,146,0.0,,0
E5_DYNAMIC_INT8_MATMUL_PER_CHANNEL,HYBRID_PROTOTYPE,SCORE_AND_GAP,0.3,0.12,0,146,0.0,,0
E5_DYNAMIC_INT8_MATMUL_PER_CHANNEL,HYBRID_PROTOTYPE,SCORE_AND_GAP,0.3,0.15,0,146,0.0,,0
E5_DYNAMIC_INT8_MATMUL_PER_CHANNEL,HYBRID_PROTOTYPE,SCORE_AND_GAP,0.3,0.2,0,146,0.0,,0
E5_DYNAMIC_INT8_MATMUL_PER_CHANNEL,HYBRID_PROTOTYPE,SCORE_AND_GAP,0.35,0.01,59,87,40.41095890410959,0.9661016949152542,2
E5_DYNAMIC_INT8_MATMUL_PER_CHANNEL,HYBRID_PROTOTYPE,SCORE_AND_GAP,0.35,0.02,30,116,20.54794520547945,1.0,0
E5_DYNAMIC_INT8_MATMUL_PER_CHANNEL,HYBRID_PROTOTYPE,SCORE_AND_GAP,0.35,0.03,6,140,4.109589041095891,1.0,0
E5_DYNAMIC_INT8_MATMUL_PER_CHANNEL,HYBRID_PROTOTYPE,SCORE_AND_GAP,0.35,0.04,3,143,2.0547945205479454,1.0,0
E5_DYNAMIC_INT8_MATMUL_PER_CHANNEL,HYBRID_PROTOTYPE,SCORE_AND_GAP,0.35,0.05,0,146,0.0,,0
E5_DYNAMIC_INT8_MATMUL_PER_CHANNEL,HYBRID_PROTOTYPE,SCORE_AND_GAP,0.35,0.06,0,146,0.0,,0
E5_DYNAMIC_INT8_MATMUL_PER_CHANNEL,HYBRID_PROTOTYPE,SCORE_AND_GAP,0.35,0.08,0,146,0.0,,0
E5_DYNAMIC_INT8_MATMUL_PER_CHANNEL,HYBRID_PROTOTYPE,SCORE_AND_GAP,0.35,0.1,0,146,0.0,,0
E5_DYNAMIC_INT8_MATMUL_PER_CHANNEL,HYBRID_PROTOTYPE,SCORE_AND_GAP,0.35,0.12,0,146,0.0,,0
E5_DYNAMIC_INT8_MATMUL_PER_CHANNEL,HYBRID_PROTOTYPE,SCORE_AND_GAP,0.35,0.15,0,146,0.0,,0
E5_DYNAMIC_INT8_MATMUL_PER_CHANNEL,HYBRID_PROTOTYPE,SCORE_AND_GAP,0.35,0.2,0,146,0.0,,0
E5_DYNAMIC_INT8_MATMUL_PER_CHANNEL,HYBRID_PROTOTYPE,SCORE_AND_GAP,0.4,0.01,59,87,40.41095890410959,0.9661016949152542,2
E5_DYNAMIC_INT8_MATMUL_PER_CHANNEL,HYBRID_PROTOTYPE,SCORE_AND_GAP,0.4,0.02,30,116,20.54794520547945,1.0,0
E5_DYNAMIC_INT8_MATMUL_PER_CHANNEL,HYBRID_PROTOTYPE,SCORE_AND_GAP,0.4,0.03,6,140,4.109589041095891,1.0,0
E5_DYNAMIC_INT8_MATMUL_PER_CHANNEL,HYBRID_PROTOTYPE,SCORE_AND_GAP,0.4,0.04,3,143,2.0547945205479454,1.0,0
E5_DYNAMIC_INT8_MATMUL_PER_CHANNEL,HYBRID_PROTOTYPE,SCORE_AND_GAP,0.4,0.05,0,146,0.0,,0
E5_DYNAMIC_INT8_MATMUL_PER_CHANNEL,HYBRID_PROTOTYPE,SCORE_AND_GAP,0.4,0.06,0,146,0.0,,0
E5_DYNAMIC_INT8_MATMUL_PER_CHANNEL,HYBRID_PROTOTYPE,SCORE_AND_GAP,0.4,0.08,0,146,0.0,,0
E5_DYNAMIC_INT8_MATMUL_PER_CHANNEL,HYBRID_PROTOTYPE,SCORE_AND_GAP,0.4,0.1,0,146,0.0,,0
E5_DYNAMIC_INT8_MATMUL_PER_CHANNEL,HYBRID_PROTOTYPE,SCORE_AND_GAP,0.4,0.12,0,146,0.0,,0
E5_DYNAMIC_INT8_MATMUL_PER_CHANNEL,HYBRID_PROTOTYPE,SCORE_AND_GAP,0.4,0.15,0,146,0.0,,0
E5_DYNAMIC_INT8_MATMUL_PER_CHANNEL,HYBRID_PROTOTYPE,SCORE_AND_GAP,0.4,0.2,0,146,0.0,,0
E5_DYNAMIC_INT8_MATMUL_PER_CHANNEL,HYBRID_PROTOTYPE,SCORE_AND_GAP,0.45,0.01,59,87,40.41095890410959,0.9661016949152542,2
E5_DYNAMIC_INT8_MATMUL_PER_CHANNEL,HYBRID_PROTOTYPE,SCORE_AND_GAP,0.45,0.02,30,116,20.54794520547945,1.0,0
E5_DYNAMIC_INT8_MATMUL_PER_CHANNEL,HYBRID_PROTOTYPE,SCORE_AND_GAP,0.45,0.03,6,140,4.109589041095891,1.0,0
E5_DYNAMIC_INT8_MATMUL_PER_CHANNEL,HYBRID_PROTOTYPE,SCORE_AND_GAP,0.45,0.04,3,143,2.0547945205479454,1.0,0
E5_DYNAMIC_INT8_MATMUL_PER_CHANNEL,HYBRID_PROTOTYPE,SCORE_AND_GAP,0.45,0.05,0,146,0.0,,0
E5_DYNAMIC_INT8_MATMUL_PER_CHANNEL,HYBRID_PROTOTYPE,SCORE_AND_GAP,0.45,0.06,0,146,0.0,,0
E5_DYNAMIC_INT8_MATMUL_PER_CHANNEL,HYBRID_PROTOTYPE,SCORE_AND_GAP,0.45,0.08,0,146,0.0,,0
E5_DYNAMIC_INT8_MATMUL_PER_CHANNEL,HYBRID_PROTOTYPE,SCORE_AND_GAP,0.45,0.1,0,146,0.0,,0
E5_DYNAMIC_INT8_MATMUL_PER_CHANNEL,HYBRID_PROTOTYPE,SCORE_AND_GAP,0.45,0.12,0,146,0.0,,0
E5_DYNAMIC_INT8_MATMUL_PER_CHANNEL,HYBRID_PROTOTYPE,SCORE_AND_GAP,0.45,0.15,0,146,0.0,,0
E5_DYNAMIC_INT8_MATMUL_PER_CHANNEL,HYBRID_PROTOTYPE,SCORE_AND_GAP,0.45,0.2,0,146,0.0,,0
E5_DYNAMIC_INT8_MATMUL_PER_CHANNEL,HYBRID_PROTOTYPE,SCORE_AND_GAP,0.5,0.01,59,87,40.41095890410959,0.9661016949152542,2
E5_DYNAMIC_INT8_MATMUL_PER_CHANNEL,HYBRID_PROTOTYPE,SCORE_AND_GAP,0.5,0.02,30,116,20.54794520547945,1.0,0
E5_DYNAMIC_INT8_MATMUL_PER_CHANNEL,HYBRID_PROTOTYPE,SCORE_AND_GAP,0.5,0.03,6,140,4.109589041095891,1.0,0
E5_DYNAMIC_INT8_MATMUL_PER_CHANNEL,HYBRID_PROTOTYPE,SCORE_AND_GAP,0.5,0.04,3,143,2.0547945205479454,1.0,0
E5_DYNAMIC_INT8_MATMUL_PER_CHANNEL,HYBRID_PROTOTYPE,SCORE_AND_GAP,0.5,0.05,0,146,0.0,,0
E5_DYNAMIC_INT8_MATMUL_PER_CHANNEL,HYBRID_PROTOTYPE,SCORE_AND_GAP,0.5,0.06,0,146,0.0,,0
E5_DYNAMIC_INT8_MATMUL_PER_CHANNEL,HYBRID_PROTOTYPE,SCORE_AND_GAP,0.5,0.08,0,146,0.0,,0
E5_DYNAMIC_INT8_MATMUL_PER_CHANNEL,HYBRID_PROTOTYPE,SCORE_AND_GAP,0.5,0.1,0,146,0.0,,0
E5_DYNAMIC_INT8_MATMUL_PER_CHANNEL,HYBRID_PROTOTYPE,SCORE_AND_GAP,0.5,0.12,0,146,0.0,,0
E5_DYNAMIC_INT8_MATMUL_PER_CHANNEL,HYBRID_PROTOTYPE,SCORE_AND_GAP,0.5,0.15,0,146,0.0,,0
E5_DYNAMIC_INT8_MATMUL_PER_CHANNEL,HYBRID_PROTOTYPE,SCORE_AND_GAP,0.5,0.2,0,146,0.0,,0
E5_DYNAMIC_INT8_MATMUL_PER_CHANNEL,HYBRID_PROTOTYPE,SCORE_AND_GAP,0.55,0.01,59,87,40.41095890410959,0.9661016949152542,2
E5_DYNAMIC_INT8_MATMUL_PER_CHANNEL,HYBRID_PROTOTYPE,SCORE_AND_GAP,0.55,0.02,30,116,20.54794520547945,1.0,0
E5_DYNAMIC_INT8_MATMUL_PER_CHANNEL,HYBRID_PROTOTYPE,SCORE_AND_GAP,0.55,0.03,6,140,4.109589041095891,1.0,0
E5_DYNAMIC_INT8_MATMUL_PER_CHANNEL,HYBRID_PROTOTYPE,SCORE_AND_GAP,0.55,0.04,3,143,2.0547945205479454,1.0,0
E5_DYNAMIC_INT8_MATMUL_PER_CHANNEL,HYBRID_PROTOTYPE,SCORE_AND_GAP,0.55,0.05,0,146,0.0,,0
E5_DYNAMIC_INT8_MATMUL_PER_CHANNEL,HYBRID_PROTOTYPE,SCORE_AND_GAP,0.55,0.06,0,146,0.0,,0
E5_DYNAMIC_INT8_MATMUL_PER_CHANNEL,HYBRID_PROTOTYPE,SCORE_AND_GAP,0.55,0.08,0,146,0.0,,0
E5_DYNAMIC_INT8_MATMUL_PER_CHANNEL,HYBRID_PROTOTYPE,SCORE_AND_GAP,0.55,0.1,0,146,0.0,,0
E5_DYNAMIC_INT8_MATMUL_PER_CHANNEL,HYBRID_PROTOTYPE,SCORE_AND_GAP,0.55,0.12,0,146,0.0,,0
E5_DYNAMIC_INT8_MATMUL_PER_CHANNEL,HYBRID_PROTOTYPE,SCORE_AND_GAP,0.55,0.15,0,146,0.0,,0
E5_DYNAMIC_INT8_MATMUL_PER_CHANNEL,HYBRID_PROTOTYPE,SCORE_AND_GAP,0.55,0.2,0,146,0.0,,0
E5_DYNAMIC_INT8_MATMUL_PER_CHANNEL,HYBRID_PROTOTYPE,SCORE_AND_GAP,0.6,0.01,59,87,40.41095890410959,0.9661016949152542,2
E5_DYNAMIC_INT8_MATMUL_PER_CHANNEL,HYBRID_PROTOTYPE,SCORE_AND_GAP,0.6,0.02,30,116,20.54794520547945,1.0,0
E5_DYNAMIC_INT8_MATMUL_PER_CHANNEL,HYBRID_PROTOTYPE,SCORE_AND_GAP,0.6,0.03,6,140,4.109589041095891,1.0,0
E5_DYNAMIC_INT8_MATMUL_PER_CHANNEL,HYBRID_PROTOTYPE,SCORE_AND_GAP,0.6,0.04,3,143,2.0547945205479454,1.0,0
E5_DYNAMIC_INT8_MATMUL_PER_CHANNEL,HYBRID_PROTOTYPE,SCORE_AND_GAP,0.6,0.05,0,146,0.0,,0
E5_DYNAMIC_INT8_MATMUL_PER_CHANNEL,HYBRID_PROTOTYPE,SCORE_AND_GAP,0.6,0.06,0,146,0.0,,0
E5_DYNAMIC_INT8_MATMUL_PER_CHANNEL,HYBRID_PROTOTYPE,SCORE_AND_GAP,0.6,0.08,0,146,0.0,,0
E5_DYNAMIC_INT8_MATMUL_PER_CHANNEL,HYBRID_PROTOTYPE,SCORE_AND_GAP,0.6,0.1,0,146,0.0,,0
E5_DYNAMIC_INT8_MATMUL_PER_CHANNEL,HYBRID_PROTOTYPE,SCORE_AND_GAP,0.6,0.12,0,146,0.0,,0
E5_DYNAMIC_INT8_MATMUL_PER_CHANNEL,HYBRID_PROTOTYPE,SCORE_AND_GAP,0.6,0.15,0,146,0.0,,0
E5_DYNAMIC_INT8_MATMUL_PER_CHANNEL,HYBRID_PROTOTYPE,SCORE_AND_GAP,0.6,0.2,0,146,0.0,,0
E5_DYNAMIC_INT8_MATMUL_PER_CHANNEL,HYBRID_PROTOTYPE,SCORE_AND_GAP,0.65,0.01,59,87,40.41095890410959,0.9661016949152542,2
E5_DYNAMIC_INT8_MATMUL_PER_CHANNEL,HYBRID_PROTOTYPE,SCORE_AND_GAP,0.65,0.02,30,116,20.54794520547945,1.0,0
E5_DYNAMIC_INT8_MATMUL_PER_CHANNEL,HYBRID_PROTOTYPE,SCORE_AND_GAP,0.65,0.03,6,140,4.109589041095891,1.0,0
E5_DYNAMIC_INT8_MATMUL_PER_CHANNEL,HYBRID_PROTOTYPE,SCORE_AND_GAP,0.65,0.04,3,143,2.0547945205479454,1.0,0
E5_DYNAMIC_INT8_MATMUL_PER_CHANNEL,HYBRID_PROTOTYPE,SCORE_AND_GAP,0.65,0.05,0,146,0.0,,0
E5_DYNAMIC_INT8_MATMUL_PER_CHANNEL,HYBRID_PROTOTYPE,SCORE_AND_GAP,0.65,0.06,0,146,0.0,,0
E5_DYNAMIC_INT8_MATMUL_PER_CHANNEL,HYBRID_PROTOTYPE,SCORE_AND_GAP,0.65,0.08,0,146,0.0,,0
E5_DYNAMIC_INT8_MATMUL_PER_CHANNEL,HYBRID_PROTOTYPE,SCORE_AND_GAP,0.65,0.1,0,146,0.0,,0
E5_DYNAMIC_INT8_MATMUL_PER_CHANNEL,HYBRID_PROTOTYPE,SCORE_AND_GAP,0.65,0.12,0,146,0.0,,0
E5_DYNAMIC_INT8_MATMUL_PER_CHANNEL,HYBRID_PROTOTYPE,SCORE_AND_GAP,0.65,0.15,0,146,0.0,,0
E5_DYNAMIC_INT8_MATMUL_PER_CHANNEL,HYBRID_PROTOTYPE,SCORE_AND_GAP,0.65,0.2,0,146,0.0,,0
E5_DYNAMIC_INT8_MATMUL_PER_CHANNEL,HYBRID_PROTOTYPE,SCORE_AND_GAP,0.7,0.01,59,87,40.41095890410959,0.9661016949152542,2
E5_DYNAMIC_INT8_MATMUL_PER_CHANNEL,HYBRID_PROTOTYPE,SCORE_AND_GAP,0.7,0.02,30,116,20.54794520547945,1.0,0
E5_DYNAMIC_INT8_MATMUL_PER_CHANNEL,HYBRID_PROTOTYPE,SCORE_AND_GAP,0.7,0.03,6,140,4.109589041095891,1.0,0
E5_DYNAMIC_INT8_MATMUL_PER_CHANNEL,HYBRID_PROTOTYPE,SCORE_AND_GAP,0.7,0.04,3,143,2.0547945205479454,1.0,0
E5_DYNAMIC_INT8_MATMUL_PER_CHANNEL,HYBRID_PROTOTYPE,SCORE_AND_GAP,0.7,0.05,0,146,0.0,,0
E5_DYNAMIC_INT8_MATMUL_PER_CHANNEL,HYBRID_PROTOTYPE,SCORE_AND_GAP,0.7,0.06,0,146,0.0,,0
E5_DYNAMIC_INT8_MATMUL_PER_CHANNEL,HYBRID_PROTOTYPE,SCORE_AND_GAP,0.7,0.08,0,146,0.0,,0
E5_DYNAMIC_INT8_MATMUL_PER_CHANNEL,HYBRID_PROTOTYPE,SCORE_AND_GAP,0.7,0.1,0,146,0.0,,0
E5_DYNAMIC_INT8_MATMUL_PER_CHANNEL,HYBRID_PROTOTYPE,SCORE_AND_GAP,0.7,0.12,0,146,0.0,,0
E5_DYNAMIC_INT8_MATMUL_PER_CHANNEL,HYBRID_PROTOTYPE,SCORE_AND_GAP,0.7,0.15,0,146,0.0,,0
E5_DYNAMIC_INT8_MATMUL_PER_CHANNEL,HYBRID_PROTOTYPE,SCORE_AND_GAP,0.7,0.2,0,146,0.0,,0
E5_DYNAMIC_INT8_MATMUL_PER_CHANNEL,HYBRID_PROTOTYPE,SCORE_AND_GAP,0.75,0.01,59,87,40.41095890410959,0.9661016949152542,2
E5_DYNAMIC_INT8_MATMUL_PER_CHANNEL,HYBRID_PROTOTYPE,SCORE_AND_GAP,0.75,0.02,30,116,20.54794520547945,1.0,0
E5_DYNAMIC_INT8_MATMUL_PER_CHANNEL,HYBRID_PROTOTYPE,SCORE_AND_GAP,0.75,0.03,6,140,4.109589041095891,1.0,0
E5_DYNAMIC_INT8_MATMUL_PER_CHANNEL,HYBRID_PROTOTYPE,SCORE_AND_GAP,0.75,0.04,3,143,2.0547945205479454,1.0,0
E5_DYNAMIC_INT8_MATMUL_PER_CHANNEL,HYBRID_PROTOTYPE,SCORE_AND_GAP,0.75,0.05,0,146,0.0,,0
E5_DYNAMIC_INT8_MATMUL_PER_CHANNEL,HYBRID_PROTOTYPE,SCORE_AND_GAP,0.75,0.06,0,146,0.0,,0
E5_DYNAMIC_INT8_MATMUL_PER_CHANNEL,HYBRID_PROTOTYPE,SCORE_AND_GAP,0.75,0.08,0,146,0.0,,0
E5_DYNAMIC_INT8_MATMUL_PER_CHANNEL,HYBRID_PROTOTYPE,SCORE_AND_GAP,0.75,0.1,0,146,0.0,,0
E5_DYNAMIC_INT8_MATMUL_PER_CHANNEL,HYBRID_PROTOTYPE,SCORE_AND_GAP,0.75,0.12,0,146,0.0,,0
E5_DYNAMIC_INT8_MATMUL_PER_CHANNEL,HYBRID_PROTOTYPE,SCORE_AND_GAP,0.75,0.15,0,146,0.0,,0
E5_DYNAMIC_INT8_MATMUL_PER_CHANNEL,HYBRID_PROTOTYPE,SCORE_AND_GAP,0.75,0.2,0,146,0.0,,0
E5_DYNAMIC_INT8_MATMUL_PER_CHANNEL,HYBRID_PROTOTYPE,SCORE_AND_GAP,0.8,0.01,59,87,40.41095890410959,0.9661016949152542,2
E5_DYNAMIC_INT8_MATMUL_PER_CHANNEL,HYBRID_PROTOTYPE,SCORE_AND_GAP,0.8,0.02,30,116,20.54794520547945,1.0,0
E5_DYNAMIC_INT8_MATMUL_PER_CHANNEL,HYBRID_PROTOTYPE,SCORE_AND_GAP,0.8,0.03,6,140,4.109589041095891,1.0,0
E5_DYNAMIC_INT8_MATMUL_PER_CHANNEL,HYBRID_PROTOTYPE,SCORE_AND_GAP,0.8,0.04,3,143,2.0547945205479454,1.0,0
E5_DYNAMIC_INT8_MATMUL_PER_CHANNEL,HYBRID_PROTOTYPE,SCORE_AND_GAP,0.8,0.05,0,146,0.0,,0
E5_DYNAMIC_INT8_MATMUL_PER_CHANNEL,HYBRID_PROTOTYPE,SCORE_AND_GAP,0.8,0.06,0,146,0.0,,0
E5_DYNAMIC_INT8_MATMUL_PER_CHANNEL,HYBRID_PROTOTYPE,SCORE_AND_GAP,0.8,0.08,0,146,0.0,,0
E5_DYNAMIC_INT8_MATMUL_PER_CHANNEL,HYBRID_PROTOTYPE,SCORE_AND_GAP,0.8,0.1,0,146,0.0,,0
E5_DYNAMIC_INT8_MATMUL_PER_CHANNEL,HYBRID_PROTOTYPE,SCORE_AND_GAP,0.8,0.12,0,146,0.0,,0
E5_DYNAMIC_INT8_MATMUL_PER_CHANNEL,HYBRID_PROTOTYPE,SCORE_AND_GAP,0.8,0.15,0,146,0.0,,0
E5_DYNAMIC_INT8_MATMUL_PER_CHANNEL,HYBRID_PROTOTYPE,SCORE_AND_GAP,0.8,0.2,0,146,0.0,,0
E5_DYNAMIC_INT8_MATMUL_PER_CHANNEL,HYBRID_PROTOTYPE,SCORE_AND_GAP,0.85,0.01,58,88,39.726027397260275,0.9655172413793104,2
E5_DYNAMIC_INT8_MATMUL_PER_CHANNEL,HYBRID_PROTOTYPE,SCORE_AND_GAP,0.85,0.02,30,116,20.54794520547945,1.0,0
E5_DYNAMIC_INT8_MATMUL_PER_CHANNEL,HYBRID_PROTOTYPE,SCORE_AND_GAP,0.85,0.03,6,140,4.109589041095891,1.0,0
E5_DYNAMIC_INT8_MATMUL_PER_CHANNEL,HYBRID_PROTOTYPE,SCORE_AND_GAP,0.85,0.04,3,143,2.0547945205479454,1.0,0
E5_DYNAMIC_INT8_MATMUL_PER_CHANNEL,HYBRID_PROTOTYPE,SCORE_AND_GAP,0.85,0.05,0,146,0.0,,0
E5_DYNAMIC_INT8_MATMUL_PER_CHANNEL,HYBRID_PROTOTYPE,SCORE_AND_GAP,0.85,0.06,0,146,0.0,,0
E5_DYNAMIC_INT8_MATMUL_PER_CHANNEL,HYBRID_PROTOTYPE,SCORE_AND_GAP,0.85,0.08,0,146,0.0,,0
E5_DYNAMIC_INT8_MATMUL_PER_CHANNEL,HYBRID_PROTOTYPE,SCORE_AND_GAP,0.85,0.1,0,146,0.0,,0
E5_DYNAMIC_INT8_MATMUL_PER_CHANNEL,HYBRID_PROTOTYPE,SCORE_AND_GAP,0.85,0.12,0,146,0.0,,0
E5_DYNAMIC_INT8_MATMUL_PER_CHANNEL,HYBRID_PROTOTYPE,SCORE_AND_GAP,0.85,0.15,0,146,0.0,,0
E5_DYNAMIC_INT8_MATMUL_PER_CHANNEL,HYBRID_PROTOTYPE,SCORE_AND_GAP,0.85,0.2,0,146,0.0,,0
E5_DYNAMIC_INT8_MATMUL_PER_CHANNEL,HYBRID_PROTOTYPE,SCORE_AND_GAP,0.9,0.01,20,126,13.698630136986301,1.0,0
E5_DYNAMIC_INT8_MATMUL_PER_CHANNEL,HYBRID_PROTOTYPE,SCORE_AND_GAP,0.9,0.02,11,135,7.534246575342466,1.0,0
E5_DYNAMIC_INT8_MATMUL_PER_CHANNEL,HYBRID_PROTOTYPE,SCORE_AND_GAP,0.9,0.03,2,144,1.36986301369863,1.0,0
E5_DYNAMIC_INT8_MATMUL_PER_CHANNEL,HYBRID_PROTOTYPE,SCORE_AND_GAP,0.9,0.04,1,145,0.684931506849315,1.0,0
E5_DYNAMIC_INT8_MATMUL_PER_CHANNEL,HYBRID_PROTOTYPE,SCORE_AND_GAP,0.9,0.05,0,146,0.0,,0
E5_DYNAMIC_INT8_MATMUL_PER_CHANNEL,HYBRID_PROTOTYPE,SCORE_AND_GAP,0.9,0.06,0,146,0.0,,0
E5_DYNAMIC_INT8_MATMUL_PER_CHANNEL,HYBRID_PROTOTYPE,SCORE_AND_GAP,0.9,0.08,0,146,0.0,,0
E5_DYNAMIC_INT8_MATMUL_PER_CHANNEL,HYBRID_PROTOTYPE,SCORE_AND_GAP,0.9,0.1,0,146,0.0,,0
E5_DYNAMIC_INT8_MATMUL_PER_CHANNEL,HYBRID_PROTOTYPE,SCORE_AND_GAP,0.9,0.12,0,146,0.0,,0
E5_DYNAMIC_INT8_MATMUL_PER_CHANNEL,HYBRID_PROTOTYPE,SCORE_AND_GAP,0.9,0.15,0,146,0.0,,0
E5_DYNAMIC_INT8_MATMUL_PER_CHANNEL,HYBRID_PROTOTYPE,SCORE_AND_GAP,0.9,0.2,0,146,0.0,,0
E5_STATIC_QDQ_U8S8_PER_TENSOR,HYBRID_PROTOTYPE,GAP_ONLY,,0.01,2,144,1.36986301369863,0.5,1
E5_STATIC_QDQ_U8S8_PER_TENSOR,HYBRID_PROTOTYPE,GAP_ONLY,,0.02,0,146,0.0,,0
E5_STATIC_QDQ_U8S8_PER_TENSOR,HYBRID_PROTOTYPE,GAP_ONLY,,0.03,0,146,0.0,,0
E5_STATIC_QDQ_U8S8_PER_TENSOR,HYBRID_PROTOTYPE,GAP_ONLY,,0.04,0,146,0.0,,0
E5_STATIC_QDQ_U8S8_PER_TENSOR,HYBRID_PROTOTYPE,GAP_ONLY,,0.05,0,146,0.0,,0
E5_STATIC_QDQ_U8S8_PER_TENSOR,HYBRID_PROTOTYPE,GAP_ONLY,,0.06,0,146,0.0,,0
E5_STATIC_QDQ_U8S8_PER_TENSOR,HYBRID_PROTOTYPE,GAP_ONLY,,0.08,0,146,0.0,,0
E5_STATIC_QDQ_U8S8_PER_TENSOR,HYBRID_PROTOTYPE,GAP_ONLY,,0.1,0,146,0.0,,0
E5_STATIC_QDQ_U8S8_PER_TENSOR,HYBRID_PROTOTYPE,GAP_ONLY,,0.12,0,146,0.0,,0
E5_STATIC_QDQ_U8S8_PER_TENSOR,HYBRID_PROTOTYPE,GAP_ONLY,,0.15,0,146,0.0,,0
E5_STATIC_QDQ_U8S8_PER_TENSOR,HYBRID_PROTOTYPE,GAP_ONLY,,0.2,0,146,0.0,,0
E5_STATIC_QDQ_U8S8_PER_TENSOR,HYBRID_PROTOTYPE,SCORE_AND_GAP,0.2,0.01,2,144,1.36986301369863,0.5,1
E5_STATIC_QDQ_U8S8_PER_TENSOR,HYBRID_PROTOTYPE,SCORE_AND_GAP,0.2,0.02,0,146,0.0,,0
E5_STATIC_QDQ_U8S8_PER_TENSOR,HYBRID_PROTOTYPE,SCORE_AND_GAP,0.2,0.03,0,146,0.0,,0
E5_STATIC_QDQ_U8S8_PER_TENSOR,HYBRID_PROTOTYPE,SCORE_AND_GAP,0.2,0.04,0,146,0.0,,0
E5_STATIC_QDQ_U8S8_PER_TENSOR,HYBRID_PROTOTYPE,SCORE_AND_GAP,0.2,0.05,0,146,0.0,,0
E5_STATIC_QDQ_U8S8_PER_TENSOR,HYBRID_PROTOTYPE,SCORE_AND_GAP,0.2,0.06,0,146,0.0,,0
E5_STATIC_QDQ_U8S8_PER_TENSOR,HYBRID_PROTOTYPE,SCORE_AND_GAP,0.2,0.08,0,146,0.0,,0
E5_STATIC_QDQ_U8S8_PER_TENSOR,HYBRID_PROTOTYPE,SCORE_AND_GAP,0.2,0.1,0,146,0.0,,0
E5_STATIC_QDQ_U8S8_PER_TENSOR,HYBRID_PROTOTYPE,SCORE_AND_GAP,0.2,0.12,0,146,0.0,,0
E5_STATIC_QDQ_U8S8_PER_TENSOR,HYBRID_PROTOTYPE,SCORE_AND_GAP,0.2,0.15,0,146,0.0,,0
E5_STATIC_QDQ_U8S8_PER_TENSOR,HYBRID_PROTOTYPE,SCORE_AND_GAP,0.2,0.2,0,146,0.0,,0
E5_STATIC_QDQ_U8S8_PER_TENSOR,HYBRID_PROTOTYPE,SCORE_AND_GAP,0.25,0.01,2,144,1.36986301369863,0.5,1
E5_STATIC_QDQ_U8S8_PER_TENSOR,HYBRID_PROTOTYPE,SCORE_AND_GAP,0.25,0.02,0,146,0.0,,0
E5_STATIC_QDQ_U8S8_PER_TENSOR,HYBRID_PROTOTYPE,SCORE_AND_GAP,0.25,0.03,0,146,0.0,,0
E5_STATIC_QDQ_U8S8_PER_TENSOR,HYBRID_PROTOTYPE,SCORE_AND_GAP,0.25,0.04,0,146,0.0,,0
E5_STATIC_QDQ_U8S8_PER_TENSOR,HYBRID_PROTOTYPE,SCORE_AND_GAP,0.25,0.05,0,146,0.0,,0
E5_STATIC_QDQ_U8S8_PER_TENSOR,HYBRID_PROTOTYPE,SCORE_AND_GAP,0.25,0.06,0,146,0.0,,0
E5_STATIC_QDQ_U8S8_PER_TENSOR,HYBRID_PROTOTYPE,SCORE_AND_GAP,0.25,0.08,0,146,0.0,,0
E5_STATIC_QDQ_U8S8_PER_TENSOR,HYBRID_PROTOTYPE,SCORE_AND_GAP,0.25,0.1,0,146,0.0,,0
E5_STATIC_QDQ_U8S8_PER_TENSOR,HYBRID_PROTOTYPE,SCORE_AND_GAP,0.25,0.12,0,146,0.0,,0
E5_STATIC_QDQ_U8S8_PER_TENSOR,HYBRID_PROTOTYPE,SCORE_AND_GAP,0.25,0.15,0,146,0.0,,0
E5_STATIC_QDQ_U8S8_PER_TENSOR,HYBRID_PROTOTYPE,SCORE_AND_GAP,0.25,0.2,0,146,0.0,,0
E5_STATIC_QDQ_U8S8_PER_TENSOR,HYBRID_PROTOTYPE,SCORE_AND_GAP,0.3,0.01,2,144,1.36986301369863,0.5,1
E5_STATIC_QDQ_U8S8_PER_TENSOR,HYBRID_PROTOTYPE,SCORE_AND_GAP,0.3,0.02,0,146,0.0,,0
E5_STATIC_QDQ_U8S8_PER_TENSOR,HYBRID_PROTOTYPE,SCORE_AND_GAP,0.3,0.03,0,146,0.0,,0
E5_STATIC_QDQ_U8S8_PER_TENSOR,HYBRID_PROTOTYPE,SCORE_AND_GAP,0.3,0.04,0,146,0.0,,0
E5_STATIC_QDQ_U8S8_PER_TENSOR,HYBRID_PROTOTYPE,SCORE_AND_GAP,0.3,0.05,0,146,0.0,,0
E5_STATIC_QDQ_U8S8_PER_TENSOR,HYBRID_PROTOTYPE,SCORE_AND_GAP,0.3,0.06,0,146,0.0,,0
E5_STATIC_QDQ_U8S8_PER_TENSOR,HYBRID_PROTOTYPE,SCORE_AND_GAP,0.3,0.08,0,146,0.0,,0
E5_STATIC_QDQ_U8S8_PER_TENSOR,HYBRID_PROTOTYPE,SCORE_AND_GAP,0.3,0.1,0,146,0.0,,0
E5_STATIC_QDQ_U8S8_PER_TENSOR,HYBRID_PROTOTYPE,SCORE_AND_GAP,0.3,0.12,0,146,0.0,,0
E5_STATIC_QDQ_U8S8_PER_TENSOR,HYBRID_PROTOTYPE,SCORE_AND_GAP,0.3,0.15,0,146,0.0,,0
E5_STATIC_QDQ_U8S8_PER_TENSOR,HYBRID_PROTOTYPE,SCORE_AND_GAP,0.3,0.2,0,146,0.0,,0
E5_STATIC_QDQ_U8S8_PER_TENSOR,HYBRID_PROTOTYPE,SCORE_AND_GAP,0.35,0.01,2,144,1.36986301369863,0.5,1
E5_STATIC_QDQ_U8S8_PER_TENSOR,HYBRID_PROTOTYPE,SCORE_AND_GAP,0.35,0.02,0,146,0.0,,0
E5_STATIC_QDQ_U8S8_PER_TENSOR,HYBRID_PROTOTYPE,SCORE_AND_GAP,0.35,0.03,0,146,0.0,,0
E5_STATIC_QDQ_U8S8_PER_TENSOR,HYBRID_PROTOTYPE,SCORE_AND_GAP,0.35,0.04,0,146,0.0,,0
E5_STATIC_QDQ_U8S8_PER_TENSOR,HYBRID_PROTOTYPE,SCORE_AND_GAP,0.35,0.05,0,146,0.0,,0
E5_STATIC_QDQ_U8S8_PER_TENSOR,HYBRID_PROTOTYPE,SCORE_AND_GAP,0.35,0.06,0,146,0.0,,0
E5_STATIC_QDQ_U8S8_PER_TENSOR,HYBRID_PROTOTYPE,SCORE_AND_GAP,0.35,0.08,0,146,0.0,,0
E5_STATIC_QDQ_U8S8_PER_TENSOR,HYBRID_PROTOTYPE,SCORE_AND_GAP,0.35,0.1,0,146,0.0,,0
E5_STATIC_QDQ_U8S8_PER_TENSOR,HYBRID_PROTOTYPE,SCORE_AND_GAP,0.35,0.12,0,146,0.0,,0
E5_STATIC_QDQ_U8S8_PER_TENSOR,HYBRID_PROTOTYPE,SCORE_AND_GAP,0.35,0.15,0,146,0.0,,0
E5_STATIC_QDQ_U8S8_PER_TENSOR,HYBRID_PROTOTYPE,SCORE_AND_GAP,0.35,0.2,0,146,0.0,,0
E5_STATIC_QDQ_U8S8_PER_TENSOR,HYBRID_PROTOTYPE,SCORE_AND_GAP,0.4,0.01,2,144,1.36986301369863,0.5,1
E5_STATIC_QDQ_U8S8_PER_TENSOR,HYBRID_PROTOTYPE,SCORE_AND_GAP,0.4,0.02,0,146,0.0,,0
E5_STATIC_QDQ_U8S8_PER_TENSOR,HYBRID_PROTOTYPE,SCORE_AND_GAP,0.4,0.03,0,146,0.0,,0
E5_STATIC_QDQ_U8S8_PER_TENSOR,HYBRID_PROTOTYPE,SCORE_AND_GAP,0.4,0.04,0,146,0.0,,0
E5_STATIC_QDQ_U8S8_PER_TENSOR,HYBRID_PROTOTYPE,SCORE_AND_GAP,0.4,0.05,0,146,0.0,,0
E5_STATIC_QDQ_U8S8_PER_TENSOR,HYBRID_PROTOTYPE,SCORE_AND_GAP,0.4,0.06,0,146,0.0,,0
E5_STATIC_QDQ_U8S8_PER_TENSOR,HYBRID_PROTOTYPE,SCORE_AND_GAP,0.4,0.08,0,146,0.0,,0
E5_STATIC_QDQ_U8S8_PER_TENSOR,HYBRID_PROTOTYPE,SCORE_AND_GAP,0.4,0.1,0,146,0.0,,0
E5_STATIC_QDQ_U8S8_PER_TENSOR,HYBRID_PROTOTYPE,SCORE_AND_GAP,0.4,0.12,0,146,0.0,,0
E5_STATIC_QDQ_U8S8_PER_TENSOR,HYBRID_PROTOTYPE,SCORE_AND_GAP,0.4,0.15,0,146,0.0,,0
E5_STATIC_QDQ_U8S8_PER_TENSOR,HYBRID_PROTOTYPE,SCORE_AND_GAP,0.4,0.2,0,146,0.0,,0
E5_STATIC_QDQ_U8S8_PER_TENSOR,HYBRID_PROTOTYPE,SCORE_AND_GAP,0.45,0.01,2,144,1.36986301369863,0.5,1
E5_STATIC_QDQ_U8S8_PER_TENSOR,HYBRID_PROTOTYPE,SCORE_AND_GAP,0.45,0.02,0,146,0.0,,0
E5_STATIC_QDQ_U8S8_PER_TENSOR,HYBRID_PROTOTYPE,SCORE_AND_GAP,0.45,0.03,0,146,0.0,,0
E5_STATIC_QDQ_U8S8_PER_TENSOR,HYBRID_PROTOTYPE,SCORE_AND_GAP,0.45,0.04,0,146,0.0,,0
E5_STATIC_QDQ_U8S8_PER_TENSOR,HYBRID_PROTOTYPE,SCORE_AND_GAP,0.45,0.05,0,146,0.0,,0
E5_STATIC_QDQ_U8S8_PER_TENSOR,HYBRID_PROTOTYPE,SCORE_AND_GAP,0.45,0.06,0,146,0.0,,0
E5_STATIC_QDQ_U8S8_PER_TENSOR,HYBRID_PROTOTYPE,SCORE_AND_GAP,0.45,0.08,0,146,0.0,,0
E5_STATIC_QDQ_U8S8_PER_TENSOR,HYBRID_PROTOTYPE,SCORE_AND_GAP,0.45,0.1,0,146,0.0,,0
E5_STATIC_QDQ_U8S8_PER_TENSOR,HYBRID_PROTOTYPE,SCORE_AND_GAP,0.45,0.12,0,146,0.0,,0
E5_STATIC_QDQ_U8S8_PER_TENSOR,HYBRID_PROTOTYPE,SCORE_AND_GAP,0.45,0.15,0,146,0.0,,0
E5_STATIC_QDQ_U8S8_PER_TENSOR,HYBRID_PROTOTYPE,SCORE_AND_GAP,0.45,0.2,0,146,0.0,,0
E5_STATIC_QDQ_U8S8_PER_TENSOR,HYBRID_PROTOTYPE,SCORE_AND_GAP,0.5,0.01,2,144,1.36986301369863,0.5,1
E5_STATIC_QDQ_U8S8_PER_TENSOR,HYBRID_PROTOTYPE,SCORE_AND_GAP,0.5,0.02,0,146,0.0,,0
E5_STATIC_QDQ_U8S8_PER_TENSOR,HYBRID_PROTOTYPE,SCORE_AND_GAP,0.5,0.03,0,146,0.0,,0
E5_STATIC_QDQ_U8S8_PER_TENSOR,HYBRID_PROTOTYPE,SCORE_AND_GAP,0.5,0.04,0,146,0.0,,0
E5_STATIC_QDQ_U8S8_PER_TENSOR,HYBRID_PROTOTYPE,SCORE_AND_GAP,0.5,0.05,0,146,0.0,,0
E5_STATIC_QDQ_U8S8_PER_TENSOR,HYBRID_PROTOTYPE,SCORE_AND_GAP,0.5,0.06,0,146,0.0,,0
E5_STATIC_QDQ_U8S8_PER_TENSOR,HYBRID_PROTOTYPE,SCORE_AND_GAP,0.5,0.08,0,146,0.0,,0
E5_STATIC_QDQ_U8S8_PER_TENSOR,HYBRID_PROTOTYPE,SCORE_AND_GAP,0.5,0.1,0,146,0.0,,0
E5_STATIC_QDQ_U8S8_PER_TENSOR,HYBRID_PROTOTYPE,SCORE_AND_GAP,0.5,0.12,0,146,0.0,,0
E5_STATIC_QDQ_U8S8_PER_TENSOR,HYBRID_PROTOTYPE,SCORE_AND_GAP,0.5,0.15,0,146,0.0,,0
E5_STATIC_QDQ_U8S8_PER_TENSOR,HYBRID_PROTOTYPE,SCORE_AND_GAP,0.5,0.2,0,146,0.0,,0
E5_STATIC_QDQ_U8S8_PER_TENSOR,HYBRID_PROTOTYPE,SCORE_AND_GAP,0.55,0.01,2,144,1.36986301369863,0.5,1
E5_STATIC_QDQ_U8S8_PER_TENSOR,HYBRID_PROTOTYPE,SCORE_AND_GAP,0.55,0.02,0,146,0.0,,0
E5_STATIC_QDQ_U8S8_PER_TENSOR,HYBRID_PROTOTYPE,SCORE_AND_GAP,0.55,0.03,0,146,0.0,,0
E5_STATIC_QDQ_U8S8_PER_TENSOR,HYBRID_PROTOTYPE,SCORE_AND_GAP,0.55,0.04,0,146,0.0,,0
E5_STATIC_QDQ_U8S8_PER_TENSOR,HYBRID_PROTOTYPE,SCORE_AND_GAP,0.55,0.05,0,146,0.0,,0
E5_STATIC_QDQ_U8S8_PER_TENSOR,HYBRID_PROTOTYPE,SCORE_AND_GAP,0.55,0.06,0,146,0.0,,0
E5_STATIC_QDQ_U8S8_PER_TENSOR,HYBRID_PROTOTYPE,SCORE_AND_GAP,0.55,0.08,0,146,0.0,,0
E5_STATIC_QDQ_U8S8_PER_TENSOR,HYBRID_PROTOTYPE,SCORE_AND_GAP,0.55,0.1,0,146,0.0,,0
E5_STATIC_QDQ_U8S8_PER_TENSOR,HYBRID_PROTOTYPE,SCORE_AND_GAP,0.55,0.12,0,146,0.0,,0
E5_STATIC_QDQ_U8S8_PER_TENSOR,HYBRID_PROTOTYPE,SCORE_AND_GAP,0.55,0.15,0,146,0.0,,0
E5_STATIC_QDQ_U8S8_PER_TENSOR,HYBRID_PROTOTYPE,SCORE_AND_GAP,0.55,0.2,0,146,0.0,,0
E5_STATIC_QDQ_U8S8_PER_TENSOR,HYBRID_PROTOTYPE,SCORE_AND_GAP,0.6,0.01,2,144,1.36986301369863,0.5,1
E5_STATIC_QDQ_U8S8_PER_TENSOR,HYBRID_PROTOTYPE,SCORE_AND_GAP,0.6,0.02,0,146,0.0,,0
E5_STATIC_QDQ_U8S8_PER_TENSOR,HYBRID_PROTOTYPE,SCORE_AND_GAP,0.6,0.03,0,146,0.0,,0
E5_STATIC_QDQ_U8S8_PER_TENSOR,HYBRID_PROTOTYPE,SCORE_AND_GAP,0.6,0.04,0,146,0.0,,0
E5_STATIC_QDQ_U8S8_PER_TENSOR,HYBRID_PROTOTYPE,SCORE_AND_GAP,0.6,0.05,0,146,0.0,,0
E5_STATIC_QDQ_U8S8_PER_TENSOR,HYBRID_PROTOTYPE,SCORE_AND_GAP,0.6,0.06,0,146,0.0,,0
E5_STATIC_QDQ_U8S8_PER_TENSOR,HYBRID_PROTOTYPE,SCORE_AND_GAP,0.6,0.08,0,146,0.0,,0
E5_STATIC_QDQ_U8S8_PER_TENSOR,HYBRID_PROTOTYPE,SCORE_AND_GAP,0.6,0.1,0,146,0.0,,0
E5_STATIC_QDQ_U8S8_PER_TENSOR,HYBRID_PROTOTYPE,SCORE_AND_GAP,0.6,0.12,0,146,0.0,,0
E5_STATIC_QDQ_U8S8_PER_TENSOR,HYBRID_PROTOTYPE,SCORE_AND_GAP,0.6,0.15,0,146,0.0,,0
E5_STATIC_QDQ_U8S8_PER_TENSOR,HYBRID_PROTOTYPE,SCORE_AND_GAP,0.6,0.2,0,146,0.0,,0
E5_STATIC_QDQ_U8S8_PER_TENSOR,HYBRID_PROTOTYPE,SCORE_AND_GAP,0.65,0.01,2,144,1.36986301369863,0.5,1
E5_STATIC_QDQ_U8S8_PER_TENSOR,HYBRID_PROTOTYPE,SCORE_AND_GAP,0.65,0.02,0,146,0.0,,0
E5_STATIC_QDQ_U8S8_PER_TENSOR,HYBRID_PROTOTYPE,SCORE_AND_GAP,0.65,0.03,0,146,0.0,,0
E5_STATIC_QDQ_U8S8_PER_TENSOR,HYBRID_PROTOTYPE,SCORE_AND_GAP,0.65,0.04,0,146,0.0,,0
E5_STATIC_QDQ_U8S8_PER_TENSOR,HYBRID_PROTOTYPE,SCORE_AND_GAP,0.65,0.05,0,146,0.0,,0
E5_STATIC_QDQ_U8S8_PER_TENSOR,HYBRID_PROTOTYPE,SCORE_AND_GAP,0.65,0.06,0,146,0.0,,0
E5_STATIC_QDQ_U8S8_PER_TENSOR,HYBRID_PROTOTYPE,SCORE_AND_GAP,0.65,0.08,0,146,0.0,,0
E5_STATIC_QDQ_U8S8_PER_TENSOR,HYBRID_PROTOTYPE,SCORE_AND_GAP,0.65,0.1,0,146,0.0,,0
E5_STATIC_QDQ_U8S8_PER_TENSOR,HYBRID_PROTOTYPE,SCORE_AND_GAP,0.65,0.12,0,146,0.0,,0
E5_STATIC_QDQ_U8S8_PER_TENSOR,HYBRID_PROTOTYPE,SCORE_AND_GAP,0.65,0.15,0,146,0.0,,0
E5_STATIC_QDQ_U8S8_PER_TENSOR,HYBRID_PROTOTYPE,SCORE_AND_GAP,0.65,0.2,0,146,0.0,,0
E5_STATIC_QDQ_U8S8_PER_TENSOR,HYBRID_PROTOTYPE,SCORE_AND_GAP,0.7,0.01,2,144,1.36986301369863,0.5,1
E5_STATIC_QDQ_U8S8_PER_TENSOR,HYBRID_PROTOTYPE,SCORE_AND_GAP,0.7,0.02,0,146,0.0,,0
E5_STATIC_QDQ_U8S8_PER_TENSOR,HYBRID_PROTOTYPE,SCORE_AND_GAP,0.7,0.03,0,146,0.0,,0
E5_STATIC_QDQ_U8S8_PER_TENSOR,HYBRID_PROTOTYPE,SCORE_AND_GAP,0.7,0.04,0,146,0.0,,0
E5_STATIC_QDQ_U8S8_PER_TENSOR,HYBRID_PROTOTYPE,SCORE_AND_GAP,0.7,0.05,0,146,0.0,,0
E5_STATIC_QDQ_U8S8_PER_TENSOR,HYBRID_PROTOTYPE,SCORE_AND_GAP,0.7,0.06,0,146,0.0,,0
E5_STATIC_QDQ_U8S8_PER_TENSOR,HYBRID_PROTOTYPE,SCORE_AND_GAP,0.7,0.08,0,146,0.0,,0
E5_STATIC_QDQ_U8S8_PER_TENSOR,HYBRID_PROTOTYPE,SCORE_AND_GAP,0.7,0.1,0,146,0.0,,0
E5_STATIC_QDQ_U8S8_PER_TENSOR,HYBRID_PROTOTYPE,SCORE_AND_GAP,0.7,0.12,0,146,0.0,,0
E5_STATIC_QDQ_U8S8_PER_TENSOR,HYBRID_PROTOTYPE,SCORE_AND_GAP,0.7,0.15,0,146,0.0,,0
E5_STATIC_QDQ_U8S8_PER_TENSOR,HYBRID_PROTOTYPE,SCORE_AND_GAP,0.7,0.2,0,146,0.0,,0
E5_STATIC_QDQ_U8S8_PER_TENSOR,HYBRID_PROTOTYPE,SCORE_AND_GAP,0.75,0.01,2,144,1.36986301369863,0.5,1
E5_STATIC_QDQ_U8S8_PER_TENSOR,HYBRID_PROTOTYPE,SCORE_AND_GAP,0.75,0.02,0,146,0.0,,0
E5_STATIC_QDQ_U8S8_PER_TENSOR,HYBRID_PROTOTYPE,SCORE_AND_GAP,0.75,0.03,0,146,0.0,,0
E5_STATIC_QDQ_U8S8_PER_TENSOR,HYBRID_PROTOTYPE,SCORE_AND_GAP,0.75,0.04,0,146,0.0,,0
E5_STATIC_QDQ_U8S8_PER_TENSOR,HYBRID_PROTOTYPE,SCORE_AND_GAP,0.75,0.05,0,146,0.0,,0
E5_STATIC_QDQ_U8S8_PER_TENSOR,HYBRID_PROTOTYPE,SCORE_AND_GAP,0.75,0.06,0,146,0.0,,0
E5_STATIC_QDQ_U8S8_PER_TENSOR,HYBRID_PROTOTYPE,SCORE_AND_GAP,0.75,0.08,0,146,0.0,,0
E5_STATIC_QDQ_U8S8_PER_TENSOR,HYBRID_PROTOTYPE,SCORE_AND_GAP,0.75,0.1,0,146,0.0,,0
E5_STATIC_QDQ_U8S8_PER_TENSOR,HYBRID_PROTOTYPE,SCORE_AND_GAP,0.75,0.12,0,146,0.0,,0
E5_STATIC_QDQ_U8S8_PER_TENSOR,HYBRID_PROTOTYPE,SCORE_AND_GAP,0.75,0.15,0,146,0.0,,0
E5_STATIC_QDQ_U8S8_PER_TENSOR,HYBRID_PROTOTYPE,SCORE_AND_GAP,0.75,0.2,0,146,0.0,,0
E5_STATIC_QDQ_U8S8_PER_TENSOR,HYBRID_PROTOTYPE,SCORE_AND_GAP,0.8,0.01,2,144,1.36986301369863,0.5,1
E5_STATIC_QDQ_U8S8_PER_TENSOR,HYBRID_PROTOTYPE,SCORE_AND_GAP,0.8,0.02,0,146,0.0,,0
E5_STATIC_QDQ_U8S8_PER_TENSOR,HYBRID_PROTOTYPE,SCORE_AND_GAP,0.8,0.03,0,146,0.0,,0
E5_STATIC_QDQ_U8S8_PER_TENSOR,HYBRID_PROTOTYPE,SCORE_AND_GAP,0.8,0.04,0,146,0.0,,0
E5_STATIC_QDQ_U8S8_PER_TENSOR,HYBRID_PROTOTYPE,SCORE_AND_GAP,0.8,0.05,0,146,0.0,,0
E5_STATIC_QDQ_U8S8_PER_TENSOR,HYBRID_PROTOTYPE,SCORE_AND_GAP,0.8,0.06,0,146,0.0,,0
E5_STATIC_QDQ_U8S8_PER_TENSOR,HYBRID_PROTOTYPE,SCORE_AND_GAP,0.8,0.08,0,146,0.0,,0
E5_STATIC_QDQ_U8S8_PER_TENSOR,HYBRID_PROTOTYPE,SCORE_AND_GAP,0.8,0.1,0,146,0.0,,0
E5_STATIC_QDQ_U8S8_PER_TENSOR,HYBRID_PROTOTYPE,SCORE_AND_GAP,0.8,0.12,0,146,0.0,,0
E5_STATIC_QDQ_U8S8_PER_TENSOR,HYBRID_PROTOTYPE,SCORE_AND_GAP,0.8,0.15,0,146,0.0,,0
E5_STATIC_QDQ_U8S8_PER_TENSOR,HYBRID_PROTOTYPE,SCORE_AND_GAP,0.8,0.2,0,146,0.0,,0
E5_STATIC_QDQ_U8S8_PER_TENSOR,HYBRID_PROTOTYPE,SCORE_AND_GAP,0.85,0.01,2,144,1.36986301369863,0.5,1
E5_STATIC_QDQ_U8S8_PER_TENSOR,HYBRID_PROTOTYPE,SCORE_AND_GAP,0.85,0.02,0,146,0.0,,0
E5_STATIC_QDQ_U8S8_PER_TENSOR,HYBRID_PROTOTYPE,SCORE_AND_GAP,0.85,0.03,0,146,0.0,,0
E5_STATIC_QDQ_U8S8_PER_TENSOR,HYBRID_PROTOTYPE,SCORE_AND_GAP,0.85,0.04,0,146,0.0,,0
E5_STATIC_QDQ_U8S8_PER_TENSOR,HYBRID_PROTOTYPE,SCORE_AND_GAP,0.85,0.05,0,146,0.0,,0
E5_STATIC_QDQ_U8S8_PER_TENSOR,HYBRID_PROTOTYPE,SCORE_AND_GAP,0.85,0.06,0,146,0.0,,0
E5_STATIC_QDQ_U8S8_PER_TENSOR,HYBRID_PROTOTYPE,SCORE_AND_GAP,0.85,0.08,0,146,0.0,,0
E5_STATIC_QDQ_U8S8_PER_TENSOR,HYBRID_PROTOTYPE,SCORE_AND_GAP,0.85,0.1,0,146,0.0,,0
E5_STATIC_QDQ_U8S8_PER_TENSOR,HYBRID_PROTOTYPE,SCORE_AND_GAP,0.85,0.12,0,146,0.0,,0
E5_STATIC_QDQ_U8S8_PER_TENSOR,HYBRID_PROTOTYPE,SCORE_AND_GAP,0.85,0.15,0,146,0.0,,0
E5_STATIC_QDQ_U8S8_PER_TENSOR,HYBRID_PROTOTYPE,SCORE_AND_GAP,0.85,0.2,0,146,0.0,,0
E5_STATIC_QDQ_U8S8_PER_TENSOR,HYBRID_PROTOTYPE,SCORE_AND_GAP,0.9,0.01,1,145,0.684931506849315,0.0,1
E5_STATIC_QDQ_U8S8_PER_TENSOR,HYBRID_PROTOTYPE,SCORE_AND_GAP,0.9,0.02,0,146,0.0,,0
E5_STATIC_QDQ_U8S8_PER_TENSOR,HYBRID_PROTOTYPE,SCORE_AND_GAP,0.9,0.03,0,146,0.0,,0
E5_STATIC_QDQ_U8S8_PER_TENSOR,HYBRID_PROTOTYPE,SCORE_AND_GAP,0.9,0.04,0,146,0.0,,0
E5_STATIC_QDQ_U8S8_PER_TENSOR,HYBRID_PROTOTYPE,SCORE_AND_GAP,0.9,0.05,0,146,0.0,,0
E5_STATIC_QDQ_U8S8_PER_TENSOR,HYBRID_PROTOTYPE,SCORE_AND_GAP,0.9,0.06,0,146,0.0,,0
E5_STATIC_QDQ_U8S8_PER_TENSOR,HYBRID_PROTOTYPE,SCORE_AND_GAP,0.9,0.08,0,146,0.0,,0
E5_STATIC_QDQ_U8S8_PER_TENSOR,HYBRID_PROTOTYPE,SCORE_AND_GAP,0.9,0.1,0,146,0.0,,0
E5_STATIC_QDQ_U8S8_PER_TENSOR,HYBRID_PROTOTYPE,SCORE_AND_GAP,0.9,0.12,0,146,0.0,,0
E5_STATIC_QDQ_U8S8_PER_TENSOR,HYBRID_PROTOTYPE,SCORE_AND_GAP,0.9,0.15,0,146,0.0,,0
E5_STATIC_QDQ_U8S8_PER_TENSOR,HYBRID_PROTOTYPE,SCORE_AND_GAP,0.9,0.2,0,146,0.0,,0
E5_STATIC_QDQ_U8S8_PER_CHANNEL,HYBRID_PROTOTYPE,GAP_ONLY,,0.01,3,143,2.0547945205479454,1.0,0
E5_STATIC_QDQ_U8S8_PER_CHANNEL,HYBRID_PROTOTYPE,GAP_ONLY,,0.02,0,146,0.0,,0
E5_STATIC_QDQ_U8S8_PER_CHANNEL,HYBRID_PROTOTYPE,GAP_ONLY,,0.03,0,146,0.0,,0
E5_STATIC_QDQ_U8S8_PER_CHANNEL,HYBRID_PROTOTYPE,GAP_ONLY,,0.04,0,146,0.0,,0
E5_STATIC_QDQ_U8S8_PER_CHANNEL,HYBRID_PROTOTYPE,GAP_ONLY,,0.05,0,146,0.0,,0
E5_STATIC_QDQ_U8S8_PER_CHANNEL,HYBRID_PROTOTYPE,GAP_ONLY,,0.06,0,146,0.0,,0
E5_STATIC_QDQ_U8S8_PER_CHANNEL,HYBRID_PROTOTYPE,GAP_ONLY,,0.08,0,146,0.0,,0
E5_STATIC_QDQ_U8S8_PER_CHANNEL,HYBRID_PROTOTYPE,GAP_ONLY,,0.1,0,146,0.0,,0
E5_STATIC_QDQ_U8S8_PER_CHANNEL,HYBRID_PROTOTYPE,GAP_ONLY,,0.12,0,146,0.0,,0
E5_STATIC_QDQ_U8S8_PER_CHANNEL,HYBRID_PROTOTYPE,GAP_ONLY,,0.15,0,146,0.0,,0
E5_STATIC_QDQ_U8S8_PER_CHANNEL,HYBRID_PROTOTYPE,GAP_ONLY,,0.2,0,146,0.0,,0
E5_STATIC_QDQ_U8S8_PER_CHANNEL,HYBRID_PROTOTYPE,SCORE_AND_GAP,0.2,0.01,3,143,2.0547945205479454,1.0,0
E5_STATIC_QDQ_U8S8_PER_CHANNEL,HYBRID_PROTOTYPE,SCORE_AND_GAP,0.2,0.02,0,146,0.0,,0
E5_STATIC_QDQ_U8S8_PER_CHANNEL,HYBRID_PROTOTYPE,SCORE_AND_GAP,0.2,0.03,0,146,0.0,,0
E5_STATIC_QDQ_U8S8_PER_CHANNEL,HYBRID_PROTOTYPE,SCORE_AND_GAP,0.2,0.04,0,146,0.0,,0
E5_STATIC_QDQ_U8S8_PER_CHANNEL,HYBRID_PROTOTYPE,SCORE_AND_GAP,0.2,0.05,0,146,0.0,,0
E5_STATIC_QDQ_U8S8_PER_CHANNEL,HYBRID_PROTOTYPE,SCORE_AND_GAP,0.2,0.06,0,146,0.0,,0
E5_STATIC_QDQ_U8S8_PER_CHANNEL,HYBRID_PROTOTYPE,SCORE_AND_GAP,0.2,0.08,0,146,0.0,,0
E5_STATIC_QDQ_U8S8_PER_CHANNEL,HYBRID_PROTOTYPE,SCORE_AND_GAP,0.2,0.1,0,146,0.0,,0
E5_STATIC_QDQ_U8S8_PER_CHANNEL,HYBRID_PROTOTYPE,SCORE_AND_GAP,0.2,0.12,0,146,0.0,,0
E5_STATIC_QDQ_U8S8_PER_CHANNEL,HYBRID_PROTOTYPE,SCORE_AND_GAP,0.2,0.15,0,146,0.0,,0
E5_STATIC_QDQ_U8S8_PER_CHANNEL,HYBRID_PROTOTYPE,SCORE_AND_GAP,0.2,0.2,0,146,0.0,,0
E5_STATIC_QDQ_U8S8_PER_CHANNEL,HYBRID_PROTOTYPE,SCORE_AND_GAP,0.25,0.01,3,143,2.0547945205479454,1.0,0
E5_STATIC_QDQ_U8S8_PER_CHANNEL,HYBRID_PROTOTYPE,SCORE_AND_GAP,0.25,0.02,0,146,0.0,,0
E5_STATIC_QDQ_U8S8_PER_CHANNEL,HYBRID_PROTOTYPE,SCORE_AND_GAP,0.25,0.03,0,146,0.0,,0
E5_STATIC_QDQ_U8S8_PER_CHANNEL,HYBRID_PROTOTYPE,SCORE_AND_GAP,0.25,0.04,0,146,0.0,,0
E5_STATIC_QDQ_U8S8_PER_CHANNEL,HYBRID_PROTOTYPE,SCORE_AND_GAP,0.25,0.05,0,146,0.0,,0
E5_STATIC_QDQ_U8S8_PER_CHANNEL,HYBRID_PROTOTYPE,SCORE_AND_GAP,0.25,0.06,0,146,0.0,,0
E5_STATIC_QDQ_U8S8_PER_CHANNEL,HYBRID_PROTOTYPE,SCORE_AND_GAP,0.25,0.08,0,146,0.0,,0
E5_STATIC_QDQ_U8S8_PER_CHANNEL,HYBRID_PROTOTYPE,SCORE_AND_GAP,0.25,0.1,0,146,0.0,,0
E5_STATIC_QDQ_U8S8_PER_CHANNEL,HYBRID_PROTOTYPE,SCORE_AND_GAP,0.25,0.12,0,146,0.0,,0
E5_STATIC_QDQ_U8S8_PER_CHANNEL,HYBRID_PROTOTYPE,SCORE_AND_GAP,0.25,0.15,0,146,0.0,,0
E5_STATIC_QDQ_U8S8_PER_CHANNEL,HYBRID_PROTOTYPE,SCORE_AND_GAP,0.25,0.2,0,146,0.0,,0
E5_STATIC_QDQ_U8S8_PER_CHANNEL,HYBRID_PROTOTYPE,SCORE_AND_GAP,0.3,0.01,3,143,2.0547945205479454,1.0,0
E5_STATIC_QDQ_U8S8_PER_CHANNEL,HYBRID_PROTOTYPE,SCORE_AND_GAP,0.3,0.02,0,146,0.0,,0
E5_STATIC_QDQ_U8S8_PER_CHANNEL,HYBRID_PROTOTYPE,SCORE_AND_GAP,0.3,0.03,0,146,0.0,,0
E5_STATIC_QDQ_U8S8_PER_CHANNEL,HYBRID_PROTOTYPE,SCORE_AND_GAP,0.3,0.04,0,146,0.0,,0
E5_STATIC_QDQ_U8S8_PER_CHANNEL,HYBRID_PROTOTYPE,SCORE_AND_GAP,0.3,0.05,0,146,0.0,,0
E5_STATIC_QDQ_U8S8_PER_CHANNEL,HYBRID_PROTOTYPE,SCORE_AND_GAP,0.3,0.06,0,146,0.0,,0
E5_STATIC_QDQ_U8S8_PER_CHANNEL,HYBRID_PROTOTYPE,SCORE_AND_GAP,0.3,0.08,0,146,0.0,,0
E5_STATIC_QDQ_U8S8_PER_CHANNEL,HYBRID_PROTOTYPE,SCORE_AND_GAP,0.3,0.1,0,146,0.0,,0
E5_STATIC_QDQ_U8S8_PER_CHANNEL,HYBRID_PROTOTYPE,SCORE_AND_GAP,0.3,0.12,0,146,0.0,,0
E5_STATIC_QDQ_U8S8_PER_CHANNEL,HYBRID_PROTOTYPE,SCORE_AND_GAP,0.3,0.15,0,146,0.0,,0
E5_STATIC_QDQ_U8S8_PER_CHANNEL,HYBRID_PROTOTYPE,SCORE_AND_GAP,0.3,0.2,0,146,0.0,,0
E5_STATIC_QDQ_U8S8_PER_CHANNEL,HYBRID_PROTOTYPE,SCORE_AND_GAP,0.35,0.01,3,143,2.0547945205479454,1.0,0
E5_STATIC_QDQ_U8S8_PER_CHANNEL,HYBRID_PROTOTYPE,SCORE_AND_GAP,0.35,0.02,0,146,0.0,,0
E5_STATIC_QDQ_U8S8_PER_CHANNEL,HYBRID_PROTOTYPE,SCORE_AND_GAP,0.35,0.03,0,146,0.0,,0
E5_STATIC_QDQ_U8S8_PER_CHANNEL,HYBRID_PROTOTYPE,SCORE_AND_GAP,0.35,0.04,0,146,0.0,,0
E5_STATIC_QDQ_U8S8_PER_CHANNEL,HYBRID_PROTOTYPE,SCORE_AND_GAP,0.35,0.05,0,146,0.0,,0
E5_STATIC_QDQ_U8S8_PER_CHANNEL,HYBRID_PROTOTYPE,SCORE_AND_GAP,0.35,0.06,0,146,0.0,,0
E5_STATIC_QDQ_U8S8_PER_CHANNEL,HYBRID_PROTOTYPE,SCORE_AND_GAP,0.35,0.08,0,146,0.0,,0
E5_STATIC_QDQ_U8S8_PER_CHANNEL,HYBRID_PROTOTYPE,SCORE_AND_GAP,0.35,0.1,0,146,0.0,,0
E5_STATIC_QDQ_U8S8_PER_CHANNEL,HYBRID_PROTOTYPE,SCORE_AND_GAP,0.35,0.12,0,146,0.0,,0
E5_STATIC_QDQ_U8S8_PER_CHANNEL,HYBRID_PROTOTYPE,SCORE_AND_GAP,0.35,0.15,0,146,0.0,,0
E5_STATIC_QDQ_U8S8_PER_CHANNEL,HYBRID_PROTOTYPE,SCORE_AND_GAP,0.35,0.2,0,146,0.0,,0
E5_STATIC_QDQ_U8S8_PER_CHANNEL,HYBRID_PROTOTYPE,SCORE_AND_GAP,0.4,0.01,3,143,2.0547945205479454,1.0,0
E5_STATIC_QDQ_U8S8_PER_CHANNEL,HYBRID_PROTOTYPE,SCORE_AND_GAP,0.4,0.02,0,146,0.0,,0
E5_STATIC_QDQ_U8S8_PER_CHANNEL,HYBRID_PROTOTYPE,SCORE_AND_GAP,0.4,0.03,0,146,0.0,,0
E5_STATIC_QDQ_U8S8_PER_CHANNEL,HYBRID_PROTOTYPE,SCORE_AND_GAP,0.4,0.04,0,146,0.0,,0
E5_STATIC_QDQ_U8S8_PER_CHANNEL,HYBRID_PROTOTYPE,SCORE_AND_GAP,0.4,0.05,0,146,0.0,,0
E5_STATIC_QDQ_U8S8_PER_CHANNEL,HYBRID_PROTOTYPE,SCORE_AND_GAP,0.4,0.06,0,146,0.0,,0
E5_STATIC_QDQ_U8S8_PER_CHANNEL,HYBRID_PROTOTYPE,SCORE_AND_GAP,0.4,0.08,0,146,0.0,,0
E5_STATIC_QDQ_U8S8_PER_CHANNEL,HYBRID_PROTOTYPE,SCORE_AND_GAP,0.4,0.1,0,146,0.0,,0
E5_STATIC_QDQ_U8S8_PER_CHANNEL,HYBRID_PROTOTYPE,SCORE_AND_GAP,0.4,0.12,0,146,0.0,,0
E5_STATIC_QDQ_U8S8_PER_CHANNEL,HYBRID_PROTOTYPE,SCORE_AND_GAP,0.4,0.15,0,146,0.0,,0
E5_STATIC_QDQ_U8S8_PER_CHANNEL,HYBRID_PROTOTYPE,SCORE_AND_GAP,0.4,0.2,0,146,0.0,,0
E5_STATIC_QDQ_U8S8_PER_CHANNEL,HYBRID_PROTOTYPE,SCORE_AND_GAP,0.45,0.01,3,143,2.0547945205479454,1.0,0
E5_STATIC_QDQ_U8S8_PER_CHANNEL,HYBRID_PROTOTYPE,SCORE_AND_GAP,0.45,0.02,0,146,0.0,,0
E5_STATIC_QDQ_U8S8_PER_CHANNEL,HYBRID_PROTOTYPE,SCORE_AND_GAP,0.45,0.03,0,146,0.0,,0
E5_STATIC_QDQ_U8S8_PER_CHANNEL,HYBRID_PROTOTYPE,SCORE_AND_GAP,0.45,0.04,0,146,0.0,,0
E5_STATIC_QDQ_U8S8_PER_CHANNEL,HYBRID_PROTOTYPE,SCORE_AND_GAP,0.45,0.05,0,146,0.0,,0
E5_STATIC_QDQ_U8S8_PER_CHANNEL,HYBRID_PROTOTYPE,SCORE_AND_GAP,0.45,0.06,0,146,0.0,,0
E5_STATIC_QDQ_U8S8_PER_CHANNEL,HYBRID_PROTOTYPE,SCORE_AND_GAP,0.45,0.08,0,146,0.0,,0
E5_STATIC_QDQ_U8S8_PER_CHANNEL,HYBRID_PROTOTYPE,SCORE_AND_GAP,0.45,0.1,0,146,0.0,,0
E5_STATIC_QDQ_U8S8_PER_CHANNEL,HYBRID_PROTOTYPE,SCORE_AND_GAP,0.45,0.12,0,146,0.0,,0
E5_STATIC_QDQ_U8S8_PER_CHANNEL,HYBRID_PROTOTYPE,SCORE_AND_GAP,0.45,0.15,0,146,0.0,,0
E5_STATIC_QDQ_U8S8_PER_CHANNEL,HYBRID_PROTOTYPE,SCORE_AND_GAP,0.45,0.2,0,146,0.0,,0
E5_STATIC_QDQ_U8S8_PER_CHANNEL,HYBRID_PROTOTYPE,SCORE_AND_GAP,0.5,0.01,3,143,2.0547945205479454,1.0,0
E5_STATIC_QDQ_U8S8_PER_CHANNEL,HYBRID_PROTOTYPE,SCORE_AND_GAP,0.5,0.02,0,146,0.0,,0
E5_STATIC_QDQ_U8S8_PER_CHANNEL,HYBRID_PROTOTYPE,SCORE_AND_GAP,0.5,0.03,0,146,0.0,,0
E5_STATIC_QDQ_U8S8_PER_CHANNEL,HYBRID_PROTOTYPE,SCORE_AND_GAP,0.5,0.04,0,146,0.0,,0
E5_STATIC_QDQ_U8S8_PER_CHANNEL,HYBRID_PROTOTYPE,SCORE_AND_GAP,0.5,0.05,0,146,0.0,,0
E5_STATIC_QDQ_U8S8_PER_CHANNEL,HYBRID_PROTOTYPE,SCORE_AND_GAP,0.5,0.06,0,146,0.0,,0
E5_STATIC_QDQ_U8S8_PER_CHANNEL,HYBRID_PROTOTYPE,SCORE_AND_GAP,0.5,0.08,0,146,0.0,,0
E5_STATIC_QDQ_U8S8_PER_CHANNEL,HYBRID_PROTOTYPE,SCORE_AND_GAP,0.5,0.1,0,146,0.0,,0
E5_STATIC_QDQ_U8S8_PER_CHANNEL,HYBRID_PROTOTYPE,SCORE_AND_GAP,0.5,0.12,0,146,0.0,,0
E5_STATIC_QDQ_U8S8_PER_CHANNEL,HYBRID_PROTOTYPE,SCORE_AND_GAP,0.5,0.15,0,146,0.0,,0
E5_STATIC_QDQ_U8S8_PER_CHANNEL,HYBRID_PROTOTYPE,SCORE_AND_GAP,0.5,0.2,0,146,0.0,,0
E5_STATIC_QDQ_U8S8_PER_CHANNEL,HYBRID_PROTOTYPE,SCORE_AND_GAP,0.55,0.01,3,143,2.0547945205479454,1.0,0
E5_STATIC_QDQ_U8S8_PER_CHANNEL,HYBRID_PROTOTYPE,SCORE_AND_GAP,0.55,0.02,0,146,0.0,,0
E5_STATIC_QDQ_U8S8_PER_CHANNEL,HYBRID_PROTOTYPE,SCORE_AND_GAP,0.55,0.03,0,146,0.0,,0
E5_STATIC_QDQ_U8S8_PER_CHANNEL,HYBRID_PROTOTYPE,SCORE_AND_GAP,0.55,0.04,0,146,0.0,,0
E5_STATIC_QDQ_U8S8_PER_CHANNEL,HYBRID_PROTOTYPE,SCORE_AND_GAP,0.55,0.05,0,146,0.0,,0
E5_STATIC_QDQ_U8S8_PER_CHANNEL,HYBRID_PROTOTYPE,SCORE_AND_GAP,0.55,0.06,0,146,0.0,,0
E5_STATIC_QDQ_U8S8_PER_CHANNEL,HYBRID_PROTOTYPE,SCORE_AND_GAP,0.55,0.08,0,146,0.0,,0
E5_STATIC_QDQ_U8S8_PER_CHANNEL,HYBRID_PROTOTYPE,SCORE_AND_GAP,0.55,0.1,0,146,0.0,,0
E5_STATIC_QDQ_U8S8_PER_CHANNEL,HYBRID_PROTOTYPE,SCORE_AND_GAP,0.55,0.12,0,146,0.0,,0
E5_STATIC_QDQ_U8S8_PER_CHANNEL,HYBRID_PROTOTYPE,SCORE_AND_GAP,0.55,0.15,0,146,0.0,,0
E5_STATIC_QDQ_U8S8_PER_CHANNEL,HYBRID_PROTOTYPE,SCORE_AND_GAP,0.55,0.2,0,146,0.0,,0
E5_STATIC_QDQ_U8S8_PER_CHANNEL,HYBRID_PROTOTYPE,SCORE_AND_GAP,0.6,0.01,3,143,2.0547945205479454,1.0,0
E5_STATIC_QDQ_U8S8_PER_CHANNEL,HYBRID_PROTOTYPE,SCORE_AND_GAP,0.6,0.02,0,146,0.0,,0
E5_STATIC_QDQ_U8S8_PER_CHANNEL,HYBRID_PROTOTYPE,SCORE_AND_GAP,0.6,0.03,0,146,0.0,,0
E5_STATIC_QDQ_U8S8_PER_CHANNEL,HYBRID_PROTOTYPE,SCORE_AND_GAP,0.6,0.04,0,146,0.0,,0
E5_STATIC_QDQ_U8S8_PER_CHANNEL,HYBRID_PROTOTYPE,SCORE_AND_GAP,0.6,0.05,0,146,0.0,,0
E5_STATIC_QDQ_U8S8_PER_CHANNEL,HYBRID_PROTOTYPE,SCORE_AND_GAP,0.6,0.06,0,146,0.0,,0
E5_STATIC_QDQ_U8S8_PER_CHANNEL,HYBRID_PROTOTYPE,SCORE_AND_GAP,0.6,0.08,0,146,0.0,,0
E5_STATIC_QDQ_U8S8_PER_CHANNEL,HYBRID_PROTOTYPE,SCORE_AND_GAP,0.6,0.1,0,146,0.0,,0
E5_STATIC_QDQ_U8S8_PER_CHANNEL,HYBRID_PROTOTYPE,SCORE_AND_GAP,0.6,0.12,0,146,0.0,,0
E5_STATIC_QDQ_U8S8_PER_CHANNEL,HYBRID_PROTOTYPE,SCORE_AND_GAP,0.6,0.15,0,146,0.0,,0
E5_STATIC_QDQ_U8S8_PER_CHANNEL,HYBRID_PROTOTYPE,SCORE_AND_GAP,0.6,0.2,0,146,0.0,,0
E5_STATIC_QDQ_U8S8_PER_CHANNEL,HYBRID_PROTOTYPE,SCORE_AND_GAP,0.65,0.01,3,143,2.0547945205479454,1.0,0
E5_STATIC_QDQ_U8S8_PER_CHANNEL,HYBRID_PROTOTYPE,SCORE_AND_GAP,0.65,0.02,0,146,0.0,,0
E5_STATIC_QDQ_U8S8_PER_CHANNEL,HYBRID_PROTOTYPE,SCORE_AND_GAP,0.65,0.03,0,146,0.0,,0
E5_STATIC_QDQ_U8S8_PER_CHANNEL,HYBRID_PROTOTYPE,SCORE_AND_GAP,0.65,0.04,0,146,0.0,,0
E5_STATIC_QDQ_U8S8_PER_CHANNEL,HYBRID_PROTOTYPE,SCORE_AND_GAP,0.65,0.05,0,146,0.0,,0
E5_STATIC_QDQ_U8S8_PER_CHANNEL,HYBRID_PROTOTYPE,SCORE_AND_GAP,0.65,0.06,0,146,0.0,,0
E5_STATIC_QDQ_U8S8_PER_CHANNEL,HYBRID_PROTOTYPE,SCORE_AND_GAP,0.65,0.08,0,146,0.0,,0
E5_STATIC_QDQ_U8S8_PER_CHANNEL,HYBRID_PROTOTYPE,SCORE_AND_GAP,0.65,0.1,0,146,0.0,,0
E5_STATIC_QDQ_U8S8_PER_CHANNEL,HYBRID_PROTOTYPE,SCORE_AND_GAP,0.65,0.12,0,146,0.0,,0
E5_STATIC_QDQ_U8S8_PER_CHANNEL,HYBRID_PROTOTYPE,SCORE_AND_GAP,0.65,0.15,0,146,0.0,,0
E5_STATIC_QDQ_U8S8_PER_CHANNEL,HYBRID_PROTOTYPE,SCORE_AND_GAP,0.65,0.2,0,146,0.0,,0
E5_STATIC_QDQ_U8S8_PER_CHANNEL,HYBRID_PROTOTYPE,SCORE_AND_GAP,0.7,0.01,3,143,2.0547945205479454,1.0,0
E5_STATIC_QDQ_U8S8_PER_CHANNEL,HYBRID_PROTOTYPE,SCORE_AND_GAP,0.7,0.02,0,146,0.0,,0
E5_STATIC_QDQ_U8S8_PER_CHANNEL,HYBRID_PROTOTYPE,SCORE_AND_GAP,0.7,0.03,0,146,0.0,,0
E5_STATIC_QDQ_U8S8_PER_CHANNEL,HYBRID_PROTOTYPE,SCORE_AND_GAP,0.7,0.04,0,146,0.0,,0
E5_STATIC_QDQ_U8S8_PER_CHANNEL,HYBRID_PROTOTYPE,SCORE_AND_GAP,0.7,0.05,0,146,0.0,,0
E5_STATIC_QDQ_U8S8_PER_CHANNEL,HYBRID_PROTOTYPE,SCORE_AND_GAP,0.7,0.06,0,146,0.0,,0
E5_STATIC_QDQ_U8S8_PER_CHANNEL,HYBRID_PROTOTYPE,SCORE_AND_GAP,0.7,0.08,0,146,0.0,,0
E5_STATIC_QDQ_U8S8_PER_CHANNEL,HYBRID_PROTOTYPE,SCORE_AND_GAP,0.7,0.1,0,146,0.0,,0
E5_STATIC_QDQ_U8S8_PER_CHANNEL,HYBRID_PROTOTYPE,SCORE_AND_GAP,0.7,0.12,0,146,0.0,,0
E5_STATIC_QDQ_U8S8_PER_CHANNEL,HYBRID_PROTOTYPE,SCORE_AND_GAP,0.7,0.15,0,146,0.0,,0
E5_STATIC_QDQ_U8S8_PER_CHANNEL,HYBRID_PROTOTYPE,SCORE_AND_GAP,0.7,0.2,0,146,0.0,,0
E5_STATIC_QDQ_U8S8_PER_CHANNEL,HYBRID_PROTOTYPE,SCORE_AND_GAP,0.75,0.01,3,143,2.0547945205479454,1.0,0
E5_STATIC_QDQ_U8S8_PER_CHANNEL,HYBRID_PROTOTYPE,SCORE_AND_GAP,0.75,0.02,0,146,0.0,,0
E5_STATIC_QDQ_U8S8_PER_CHANNEL,HYBRID_PROTOTYPE,SCORE_AND_GAP,0.75,0.03,0,146,0.0,,0
E5_STATIC_QDQ_U8S8_PER_CHANNEL,HYBRID_PROTOTYPE,SCORE_AND_GAP,0.75,0.04,0,146,0.0,,0
E5_STATIC_QDQ_U8S8_PER_CHANNEL,HYBRID_PROTOTYPE,SCORE_AND_GAP,0.75,0.05,0,146,0.0,,0
E5_STATIC_QDQ_U8S8_PER_CHANNEL,HYBRID_PROTOTYPE,SCORE_AND_GAP,0.75,0.06,0,146,0.0,,0
E5_STATIC_QDQ_U8S8_PER_CHANNEL,HYBRID_PROTOTYPE,SCORE_AND_GAP,0.75,0.08,0,146,0.0,,0
E5_STATIC_QDQ_U8S8_PER_CHANNEL,HYBRID_PROTOTYPE,SCORE_AND_GAP,0.75,0.1,0,146,0.0,,0
E5_STATIC_QDQ_U8S8_PER_CHANNEL,HYBRID_PROTOTYPE,SCORE_AND_GAP,0.75,0.12,0,146,0.0,,0
E5_STATIC_QDQ_U8S8_PER_CHANNEL,HYBRID_PROTOTYPE,SCORE_AND_GAP,0.75,0.15,0,146,0.0,,0
E5_STATIC_QDQ_U8S8_PER_CHANNEL,HYBRID_PROTOTYPE,SCORE_AND_GAP,0.75,0.2,0,146,0.0,,0
E5_STATIC_QDQ_U8S8_PER_CHANNEL,HYBRID_PROTOTYPE,SCORE_AND_GAP,0.8,0.01,3,143,2.0547945205479454,1.0,0
E5_STATIC_QDQ_U8S8_PER_CHANNEL,HYBRID_PROTOTYPE,SCORE_AND_GAP,0.8,0.02,0,146,0.0,,0
E5_STATIC_QDQ_U8S8_PER_CHANNEL,HYBRID_PROTOTYPE,SCORE_AND_GAP,0.8,0.03,0,146,0.0,,0
E5_STATIC_QDQ_U8S8_PER_CHANNEL,HYBRID_PROTOTYPE,SCORE_AND_GAP,0.8,0.04,0,146,0.0,,0
E5_STATIC_QDQ_U8S8_PER_CHANNEL,HYBRID_PROTOTYPE,SCORE_AND_GAP,0.8,0.05,0,146,0.0,,0
E5_STATIC_QDQ_U8S8_PER_CHANNEL,HYBRID_PROTOTYPE,SCORE_AND_GAP,0.8,0.06,0,146,0.0,,0
E5_STATIC_QDQ_U8S8_PER_CHANNEL,HYBRID_PROTOTYPE,SCORE_AND_GAP,0.8,0.08,0,146,0.0,,0
E5_STATIC_QDQ_U8S8_PER_CHANNEL,HYBRID_PROTOTYPE,SCORE_AND_GAP,0.8,0.1,0,146,0.0,,0
E5_STATIC_QDQ_U8S8_PER_CHANNEL,HYBRID_PROTOTYPE,SCORE_AND_GAP,0.8,0.12,0,146,0.0,,0
E5_STATIC_QDQ_U8S8_PER_CHANNEL,HYBRID_PROTOTYPE,SCORE_AND_GAP,0.8,0.15,0,146,0.0,,0
E5_STATIC_QDQ_U8S8_PER_CHANNEL,HYBRID_PROTOTYPE,SCORE_AND_GAP,0.8,0.2,0,146,0.0,,0
E5_STATIC_QDQ_U8S8_PER_CHANNEL,HYBRID_PROTOTYPE,SCORE_AND_GAP,0.85,0.01,3,143,2.0547945205479454,1.0,0
E5_STATIC_QDQ_U8S8_PER_CHANNEL,HYBRID_PROTOTYPE,SCORE_AND_GAP,0.85,0.02,0,146,0.0,,0
E5_STATIC_QDQ_U8S8_PER_CHANNEL,HYBRID_PROTOTYPE,SCORE_AND_GAP,0.85,0.03,0,146,0.0,,0
E5_STATIC_QDQ_U8S8_PER_CHANNEL,HYBRID_PROTOTYPE,SCORE_AND_GAP,0.85,0.04,0,146,0.0,,0
E5_STATIC_QDQ_U8S8_PER_CHANNEL,HYBRID_PROTOTYPE,SCORE_AND_GAP,0.85,0.05,0,146,0.0,,0
E5_STATIC_QDQ_U8S8_PER_CHANNEL,HYBRID_PROTOTYPE,SCORE_AND_GAP,0.85,0.06,0,146,0.0,,0
E5_STATIC_QDQ_U8S8_PER_CHANNEL,HYBRID_PROTOTYPE,SCORE_AND_GAP,0.85,0.08,0,146,0.0,,0
E5_STATIC_QDQ_U8S8_PER_CHANNEL,HYBRID_PROTOTYPE,SCORE_AND_GAP,0.85,0.1,0,146,0.0,,0
E5_STATIC_QDQ_U8S8_PER_CHANNEL,HYBRID_PROTOTYPE,SCORE_AND_GAP,0.85,0.12,0,146,0.0,,0
E5_STATIC_QDQ_U8S8_PER_CHANNEL,HYBRID_PROTOTYPE,SCORE_AND_GAP,0.85,0.15,0,146,0.0,,0
E5_STATIC_QDQ_U8S8_PER_CHANNEL,HYBRID_PROTOTYPE,SCORE_AND_GAP,0.85,0.2,0,146,0.0,,0
E5_STATIC_QDQ_U8S8_PER_CHANNEL,HYBRID_PROTOTYPE,SCORE_AND_GAP,0.9,0.01,1,145,0.684931506849315,1.0,0
E5_STATIC_QDQ_U8S8_PER_CHANNEL,HYBRID_PROTOTYPE,SCORE_AND_GAP,0.9,0.02,0,146,0.0,,0
E5_STATIC_QDQ_U8S8_PER_CHANNEL,HYBRID_PROTOTYPE,SCORE_AND_GAP,0.9,0.03,0,146,0.0,,0
E5_STATIC_QDQ_U8S8_PER_CHANNEL,HYBRID_PROTOTYPE,SCORE_AND_GAP,0.9,0.04,0,146,0.0,,0
E5_STATIC_QDQ_U8S8_PER_CHANNEL,HYBRID_PROTOTYPE,SCORE_AND_GAP,0.9,0.05,0,146,0.0,,0
E5_STATIC_QDQ_U8S8_PER_CHANNEL,HYBRID_PROTOTYPE,SCORE_AND_GAP,0.9,0.06,0,146,0.0,,0
E5_STATIC_QDQ_U8S8_PER_CHANNEL,HYBRID_PROTOTYPE,SCORE_AND_GAP,0.9,0.08,0,146,0.0,,0
E5_STATIC_QDQ_U8S8_PER_CHANNEL,HYBRID_PROTOTYPE,SCORE_AND_GAP,0.9,0.1,0,146,0.0,,0
E5_STATIC_QDQ_U8S8_PER_CHANNEL,HYBRID_PROTOTYPE,SCORE_AND_GAP,0.9,0.12,0,146,0.0,,0
E5_STATIC_QDQ_U8S8_PER_CHANNEL,HYBRID_PROTOTYPE,SCORE_AND_GAP,0.9,0.15,0,146,0.0,,0
E5_STATIC_QDQ_U8S8_PER_CHANNEL,HYBRID_PROTOTYPE,SCORE_AND_GAP,0.9,0.2,0,146,0.0,,0
E5_STATIC_QDQ_MATMUL_U8S8_PER_CHANNEL,HYBRID_PROTOTYPE,GAP_ONLY,,0.01,54,92,36.986301369863014,0.9444444444444444,3
E5_STATIC_QDQ_MATMUL_U8S8_PER_CHANNEL,HYBRID_PROTOTYPE,GAP_ONLY,,0.02,22,124,15.068493150684931,1.0,0
E5_STATIC_QDQ_MATMUL_U8S8_PER_CHANNEL,HYBRID_PROTOTYPE,GAP_ONLY,,0.03,7,139,4.794520547945205,1.0,0
E5_STATIC_QDQ_MATMUL_U8S8_PER_CHANNEL,HYBRID_PROTOTYPE,GAP_ONLY,,0.04,2,144,1.36986301369863,1.0,0
E5_STATIC_QDQ_MATMUL_U8S8_PER_CHANNEL,HYBRID_PROTOTYPE,GAP_ONLY,,0.05,1,145,0.684931506849315,1.0,0
E5_STATIC_QDQ_MATMUL_U8S8_PER_CHANNEL,HYBRID_PROTOTYPE,GAP_ONLY,,0.06,0,146,0.0,,0
E5_STATIC_QDQ_MATMUL_U8S8_PER_CHANNEL,HYBRID_PROTOTYPE,GAP_ONLY,,0.08,0,146,0.0,,0
E5_STATIC_QDQ_MATMUL_U8S8_PER_CHANNEL,HYBRID_PROTOTYPE,GAP_ONLY,,0.1,0,146,0.0,,0
E5_STATIC_QDQ_MATMUL_U8S8_PER_CHANNEL,HYBRID_PROTOTYPE,GAP_ONLY,,0.12,0,146,0.0,,0
E5_STATIC_QDQ_MATMUL_U8S8_PER_CHANNEL,HYBRID_PROTOTYPE,GAP_ONLY,,0.15,0,146,0.0,,0
E5_STATIC_QDQ_MATMUL_U8S8_PER_CHANNEL,HYBRID_PROTOTYPE,GAP_ONLY,,0.2,0,146,0.0,,0
E5_STATIC_QDQ_MATMUL_U8S8_PER_CHANNEL,HYBRID_PROTOTYPE,SCORE_AND_GAP,0.2,0.01,54,92,36.986301369863014,0.9444444444444444,3
E5_STATIC_QDQ_MATMUL_U8S8_PER_CHANNEL,HYBRID_PROTOTYPE,SCORE_AND_GAP,0.2,0.02,22,124,15.068493150684931,1.0,0
E5_STATIC_QDQ_MATMUL_U8S8_PER_CHANNEL,HYBRID_PROTOTYPE,SCORE_AND_GAP,0.2,0.03,7,139,4.794520547945205,1.0,0
E5_STATIC_QDQ_MATMUL_U8S8_PER_CHANNEL,HYBRID_PROTOTYPE,SCORE_AND_GAP,0.2,0.04,2,144,1.36986301369863,1.0,0
E5_STATIC_QDQ_MATMUL_U8S8_PER_CHANNEL,HYBRID_PROTOTYPE,SCORE_AND_GAP,0.2,0.05,1,145,0.684931506849315,1.0,0
E5_STATIC_QDQ_MATMUL_U8S8_PER_CHANNEL,HYBRID_PROTOTYPE,SCORE_AND_GAP,0.2,0.06,0,146,0.0,,0
E5_STATIC_QDQ_MATMUL_U8S8_PER_CHANNEL,HYBRID_PROTOTYPE,SCORE_AND_GAP,0.2,0.08,0,146,0.0,,0
E5_STATIC_QDQ_MATMUL_U8S8_PER_CHANNEL,HYBRID_PROTOTYPE,SCORE_AND_GAP,0.2,0.1,0,146,0.0,,0
E5_STATIC_QDQ_MATMUL_U8S8_PER_CHANNEL,HYBRID_PROTOTYPE,SCORE_AND_GAP,0.2,0.12,0,146,0.0,,0
E5_STATIC_QDQ_MATMUL_U8S8_PER_CHANNEL,HYBRID_PROTOTYPE,SCORE_AND_GAP,0.2,0.15,0,146,0.0,,0
E5_STATIC_QDQ_MATMUL_U8S8_PER_CHANNEL,HYBRID_PROTOTYPE,SCORE_AND_GAP,0.2,0.2,0,146,0.0,,0
E5_STATIC_QDQ_MATMUL_U8S8_PER_CHANNEL,HYBRID_PROTOTYPE,SCORE_AND_GAP,0.25,0.01,54,92,36.986301369863014,0.9444444444444444,3
E5_STATIC_QDQ_MATMUL_U8S8_PER_CHANNEL,HYBRID_PROTOTYPE,SCORE_AND_GAP,0.25,0.02,22,124,15.068493150684931,1.0,0
E5_STATIC_QDQ_MATMUL_U8S8_PER_CHANNEL,HYBRID_PROTOTYPE,SCORE_AND_GAP,0.25,0.03,7,139,4.794520547945205,1.0,0
E5_STATIC_QDQ_MATMUL_U8S8_PER_CHANNEL,HYBRID_PROTOTYPE,SCORE_AND_GAP,0.25,0.04,2,144,1.36986301369863,1.0,0
E5_STATIC_QDQ_MATMUL_U8S8_PER_CHANNEL,HYBRID_PROTOTYPE,SCORE_AND_GAP,0.25,0.05,1,145,0.684931506849315,1.0,0
E5_STATIC_QDQ_MATMUL_U8S8_PER_CHANNEL,HYBRID_PROTOTYPE,SCORE_AND_GAP,0.25,0.06,0,146,0.0,,0
E5_STATIC_QDQ_MATMUL_U8S8_PER_CHANNEL,HYBRID_PROTOTYPE,SCORE_AND_GAP,0.25,0.08,0,146,0.0,,0
E5_STATIC_QDQ_MATMUL_U8S8_PER_CHANNEL,HYBRID_PROTOTYPE,SCORE_AND_GAP,0.25,0.1,0,146,0.0,,0
E5_STATIC_QDQ_MATMUL_U8S8_PER_CHANNEL,HYBRID_PROTOTYPE,SCORE_AND_GAP,0.25,0.12,0,146,0.0,,0
E5_STATIC_QDQ_MATMUL_U8S8_PER_CHANNEL,HYBRID_PROTOTYPE,SCORE_AND_GAP,0.25,0.15,0,146,0.0,,0
E5_STATIC_QDQ_MATMUL_U8S8_PER_CHANNEL,HYBRID_PROTOTYPE,SCORE_AND_GAP,0.25,0.2,0,146,0.0,,0
E5_STATIC_QDQ_MATMUL_U8S8_PER_CHANNEL,HYBRID_PROTOTYPE,SCORE_AND_GAP,0.3,0.01,54,92,36.986301369863014,0.9444444444444444,3
E5_STATIC_QDQ_MATMUL_U8S8_PER_CHANNEL,HYBRID_PROTOTYPE,SCORE_AND_GAP,0.3,0.02,22,124,15.068493150684931,1.0,0
E5_STATIC_QDQ_MATMUL_U8S8_PER_CHANNEL,HYBRID_PROTOTYPE,SCORE_AND_GAP,0.3,0.03,7,139,4.794520547945205,1.0,0
E5_STATIC_QDQ_MATMUL_U8S8_PER_CHANNEL,HYBRID_PROTOTYPE,SCORE_AND_GAP,0.3,0.04,2,144,1.36986301369863,1.0,0
E5_STATIC_QDQ_MATMUL_U8S8_PER_CHANNEL,HYBRID_PROTOTYPE,SCORE_AND_GAP,0.3,0.05,1,145,0.684931506849315,1.0,0
E5_STATIC_QDQ_MATMUL_U8S8_PER_CHANNEL,HYBRID_PROTOTYPE,SCORE_AND_GAP,0.3,0.06,0,146,0.0,,0
E5_STATIC_QDQ_MATMUL_U8S8_PER_CHANNEL,HYBRID_PROTOTYPE,SCORE_AND_GAP,0.3,0.08,0,146,0.0,,0
E5_STATIC_QDQ_MATMUL_U8S8_PER_CHANNEL,HYBRID_PROTOTYPE,SCORE_AND_GAP,0.3,0.1,0,146,0.0,,0
E5_STATIC_QDQ_MATMUL_U8S8_PER_CHANNEL,HYBRID_PROTOTYPE,SCORE_AND_GAP,0.3,0.12,0,146,0.0,,0
E5_STATIC_QDQ_MATMUL_U8S8_PER_CHANNEL,HYBRID_PROTOTYPE,SCORE_AND_GAP,0.3,0.15,0,146,0.0,,0
E5_STATIC_QDQ_MATMUL_U8S8_PER_CHANNEL,HYBRID_PROTOTYPE,SCORE_AND_GAP,0.3,0.2,0,146,0.0,,0
E5_STATIC_QDQ_MATMUL_U8S8_PER_CHANNEL,HYBRID_PROTOTYPE,SCORE_AND_GAP,0.35,0.01,54,92,36.986301369863014,0.9444444444444444,3
E5_STATIC_QDQ_MATMUL_U8S8_PER_CHANNEL,HYBRID_PROTOTYPE,SCORE_AND_GAP,0.35,0.02,22,124,15.068493150684931,1.0,0
E5_STATIC_QDQ_MATMUL_U8S8_PER_CHANNEL,HYBRID_PROTOTYPE,SCORE_AND_GAP,0.35,0.03,7,139,4.794520547945205,1.0,0
E5_STATIC_QDQ_MATMUL_U8S8_PER_CHANNEL,HYBRID_PROTOTYPE,SCORE_AND_GAP,0.35,0.04,2,144,1.36986301369863,1.0,0
E5_STATIC_QDQ_MATMUL_U8S8_PER_CHANNEL,HYBRID_PROTOTYPE,SCORE_AND_GAP,0.35,0.05,1,145,0.684931506849315,1.0,0
E5_STATIC_QDQ_MATMUL_U8S8_PER_CHANNEL,HYBRID_PROTOTYPE,SCORE_AND_GAP,0.35,0.06,0,146,0.0,,0
E5_STATIC_QDQ_MATMUL_U8S8_PER_CHANNEL,HYBRID_PROTOTYPE,SCORE_AND_GAP,0.35,0.08,0,146,0.0,,0
E5_STATIC_QDQ_MATMUL_U8S8_PER_CHANNEL,HYBRID_PROTOTYPE,SCORE_AND_GAP,0.35,0.1,0,146,0.0,,0
E5_STATIC_QDQ_MATMUL_U8S8_PER_CHANNEL,HYBRID_PROTOTYPE,SCORE_AND_GAP,0.35,0.12,0,146,0.0,,0
E5_STATIC_QDQ_MATMUL_U8S8_PER_CHANNEL,HYBRID_PROTOTYPE,SCORE_AND_GAP,0.35,0.15,0,146,0.0,,0
E5_STATIC_QDQ_MATMUL_U8S8_PER_CHANNEL,HYBRID_PROTOTYPE,SCORE_AND_GAP,0.35,0.2,0,146,0.0,,0
E5_STATIC_QDQ_MATMUL_U8S8_PER_CHANNEL,HYBRID_PROTOTYPE,SCORE_AND_GAP,0.4,0.01,54,92,36.986301369863014,0.9444444444444444,3
E5_STATIC_QDQ_MATMUL_U8S8_PER_CHANNEL,HYBRID_PROTOTYPE,SCORE_AND_GAP,0.4,0.02,22,124,15.068493150684931,1.0,0
E5_STATIC_QDQ_MATMUL_U8S8_PER_CHANNEL,HYBRID_PROTOTYPE,SCORE_AND_GAP,0.4,0.03,7,139,4.794520547945205,1.0,0
E5_STATIC_QDQ_MATMUL_U8S8_PER_CHANNEL,HYBRID_PROTOTYPE,SCORE_AND_GAP,0.4,0.04,2,144,1.36986301369863,1.0,0
E5_STATIC_QDQ_MATMUL_U8S8_PER_CHANNEL,HYBRID_PROTOTYPE,SCORE_AND_GAP,0.4,0.05,1,145,0.684931506849315,1.0,0
E5_STATIC_QDQ_MATMUL_U8S8_PER_CHANNEL,HYBRID_PROTOTYPE,SCORE_AND_GAP,0.4,0.06,0,146,0.0,,0
E5_STATIC_QDQ_MATMUL_U8S8_PER_CHANNEL,HYBRID_PROTOTYPE,SCORE_AND_GAP,0.4,0.08,0,146,0.0,,0
E5_STATIC_QDQ_MATMUL_U8S8_PER_CHANNEL,HYBRID_PROTOTYPE,SCORE_AND_GAP,0.4,0.1,0,146,0.0,,0
E5_STATIC_QDQ_MATMUL_U8S8_PER_CHANNEL,HYBRID_PROTOTYPE,SCORE_AND_GAP,0.4,0.12,0,146,0.0,,0
E5_STATIC_QDQ_MATMUL_U8S8_PER_CHANNEL,HYBRID_PROTOTYPE,SCORE_AND_GAP,0.4,0.15,0,146,0.0,,0
E5_STATIC_QDQ_MATMUL_U8S8_PER_CHANNEL,HYBRID_PROTOTYPE,SCORE_AND_GAP,0.4,0.2,0,146,0.0,,0
E5_STATIC_QDQ_MATMUL_U8S8_PER_CHANNEL,HYBRID_PROTOTYPE,SCORE_AND_GAP,0.45,0.01,54,92,36.986301369863014,0.9444444444444444,3
E5_STATIC_QDQ_MATMUL_U8S8_PER_CHANNEL,HYBRID_PROTOTYPE,SCORE_AND_GAP,0.45,0.02,22,124,15.068493150684931,1.0,0
E5_STATIC_QDQ_MATMUL_U8S8_PER_CHANNEL,HYBRID_PROTOTYPE,SCORE_AND_GAP,0.45,0.03,7,139,4.794520547945205,1.0,0
E5_STATIC_QDQ_MATMUL_U8S8_PER_CHANNEL,HYBRID_PROTOTYPE,SCORE_AND_GAP,0.45,0.04,2,144,1.36986301369863,1.0,0
E5_STATIC_QDQ_MATMUL_U8S8_PER_CHANNEL,HYBRID_PROTOTYPE,SCORE_AND_GAP,0.45,0.05,1,145,0.684931506849315,1.0,0
E5_STATIC_QDQ_MATMUL_U8S8_PER_CHANNEL,HYBRID_PROTOTYPE,SCORE_AND_GAP,0.45,0.06,0,146,0.0,,0
E5_STATIC_QDQ_MATMUL_U8S8_PER_CHANNEL,HYBRID_PROTOTYPE,SCORE_AND_GAP,0.45,0.08,0,146,0.0,,0
E5_STATIC_QDQ_MATMUL_U8S8_PER_CHANNEL,HYBRID_PROTOTYPE,SCORE_AND_GAP,0.45,0.1,0,146,0.0,,0
E5_STATIC_QDQ_MATMUL_U8S8_PER_CHANNEL,HYBRID_PROTOTYPE,SCORE_AND_GAP,0.45,0.12,0,146,0.0,,0
E5_STATIC_QDQ_MATMUL_U8S8_PER_CHANNEL,HYBRID_PROTOTYPE,SCORE_AND_GAP,0.45,0.15,0,146,0.0,,0
E5_STATIC_QDQ_MATMUL_U8S8_PER_CHANNEL,HYBRID_PROTOTYPE,SCORE_AND_GAP,0.45,0.2,0,146,0.0,,0
E5_STATIC_QDQ_MATMUL_U8S8_PER_CHANNEL,HYBRID_PROTOTYPE,SCORE_AND_GAP,0.5,0.01,54,92,36.986301369863014,0.9444444444444444,3
E5_STATIC_QDQ_MATMUL_U8S8_PER_CHANNEL,HYBRID_PROTOTYPE,SCORE_AND_GAP,0.5,0.02,22,124,15.068493150684931,1.0,0
E5_STATIC_QDQ_MATMUL_U8S8_PER_CHANNEL,HYBRID_PROTOTYPE,SCORE_AND_GAP,0.5,0.03,7,139,4.794520547945205,1.0,0
E5_STATIC_QDQ_MATMUL_U8S8_PER_CHANNEL,HYBRID_PROTOTYPE,SCORE_AND_GAP,0.5,0.04,2,144,1.36986301369863,1.0,0
E5_STATIC_QDQ_MATMUL_U8S8_PER_CHANNEL,HYBRID_PROTOTYPE,SCORE_AND_GAP,0.5,0.05,1,145,0.684931506849315,1.0,0
E5_STATIC_QDQ_MATMUL_U8S8_PER_CHANNEL,HYBRID_PROTOTYPE,SCORE_AND_GAP,0.5,0.06,0,146,0.0,,0
E5_STATIC_QDQ_MATMUL_U8S8_PER_CHANNEL,HYBRID_PROTOTYPE,SCORE_AND_GAP,0.5,0.08,0,146,0.0,,0
E5_STATIC_QDQ_MATMUL_U8S8_PER_CHANNEL,HYBRID_PROTOTYPE,SCORE_AND_GAP,0.5,0.1,0,146,0.0,,0
E5_STATIC_QDQ_MATMUL_U8S8_PER_CHANNEL,HYBRID_PROTOTYPE,SCORE_AND_GAP,0.5,0.12,0,146,0.0,,0
E5_STATIC_QDQ_MATMUL_U8S8_PER_CHANNEL,HYBRID_PROTOTYPE,SCORE_AND_GAP,0.5,0.15,0,146,0.0,,0
E5_STATIC_QDQ_MATMUL_U8S8_PER_CHANNEL,HYBRID_PROTOTYPE,SCORE_AND_GAP,0.5,0.2,0,146,0.0,,0
E5_STATIC_QDQ_MATMUL_U8S8_PER_CHANNEL,HYBRID_PROTOTYPE,SCORE_AND_GAP,0.55,0.01,54,92,36.986301369863014,0.9444444444444444,3
E5_STATIC_QDQ_MATMUL_U8S8_PER_CHANNEL,HYBRID_PROTOTYPE,SCORE_AND_GAP,0.55,0.02,22,124,15.068493150684931,1.0,0
E5_STATIC_QDQ_MATMUL_U8S8_PER_CHANNEL,HYBRID_PROTOTYPE,SCORE_AND_GAP,0.55,0.03,7,139,4.794520547945205,1.0,0
E5_STATIC_QDQ_MATMUL_U8S8_PER_CHANNEL,HYBRID_PROTOTYPE,SCORE_AND_GAP,0.55,0.04,2,144,1.36986301369863,1.0,0
E5_STATIC_QDQ_MATMUL_U8S8_PER_CHANNEL,HYBRID_PROTOTYPE,SCORE_AND_GAP,0.55,0.05,1,145,0.684931506849315,1.0,0
E5_STATIC_QDQ_MATMUL_U8S8_PER_CHANNEL,HYBRID_PROTOTYPE,SCORE_AND_GAP,0.55,0.06,0,146,0.0,,0
E5_STATIC_QDQ_MATMUL_U8S8_PER_CHANNEL,HYBRID_PROTOTYPE,SCORE_AND_GAP,0.55,0.08,0,146,0.0,,0
E5_STATIC_QDQ_MATMUL_U8S8_PER_CHANNEL,HYBRID_PROTOTYPE,SCORE_AND_GAP,0.55,0.1,0,146,0.0,,0
E5_STATIC_QDQ_MATMUL_U8S8_PER_CHANNEL,HYBRID_PROTOTYPE,SCORE_AND_GAP,0.55,0.12,0,146,0.0,,0
E5_STATIC_QDQ_MATMUL_U8S8_PER_CHANNEL,HYBRID_PROTOTYPE,SCORE_AND_GAP,0.55,0.15,0,146,0.0,,0
E5_STATIC_QDQ_MATMUL_U8S8_PER_CHANNEL,HYBRID_PROTOTYPE,SCORE_AND_GAP,0.55,0.2,0,146,0.0,,0
E5_STATIC_QDQ_MATMUL_U8S8_PER_CHANNEL,HYBRID_PROTOTYPE,SCORE_AND_GAP,0.6,0.01,54,92,36.986301369863014,0.9444444444444444,3
E5_STATIC_QDQ_MATMUL_U8S8_PER_CHANNEL,HYBRID_PROTOTYPE,SCORE_AND_GAP,0.6,0.02,22,124,15.068493150684931,1.0,0
E5_STATIC_QDQ_MATMUL_U8S8_PER_CHANNEL,HYBRID_PROTOTYPE,SCORE_AND_GAP,0.6,0.03,7,139,4.794520547945205,1.0,0
E5_STATIC_QDQ_MATMUL_U8S8_PER_CHANNEL,HYBRID_PROTOTYPE,SCORE_AND_GAP,0.6,0.04,2,144,1.36986301369863,1.0,0
E5_STATIC_QDQ_MATMUL_U8S8_PER_CHANNEL,HYBRID_PROTOTYPE,SCORE_AND_GAP,0.6,0.05,1,145,0.684931506849315,1.0,0
E5_STATIC_QDQ_MATMUL_U8S8_PER_CHANNEL,HYBRID_PROTOTYPE,SCORE_AND_GAP,0.6,0.06,0,146,0.0,,0
E5_STATIC_QDQ_MATMUL_U8S8_PER_CHANNEL,HYBRID_PROTOTYPE,SCORE_AND_GAP,0.6,0.08,0,146,0.0,,0
E5_STATIC_QDQ_MATMUL_U8S8_PER_CHANNEL,HYBRID_PROTOTYPE,SCORE_AND_GAP,0.6,0.1,0,146,0.0,,0
E5_STATIC_QDQ_MATMUL_U8S8_PER_CHANNEL,HYBRID_PROTOTYPE,SCORE_AND_GAP,0.6,0.12,0,146,0.0,,0
E5_STATIC_QDQ_MATMUL_U8S8_PER_CHANNEL,HYBRID_PROTOTYPE,SCORE_AND_GAP,0.6,0.15,0,146,0.0,,0
E5_STATIC_QDQ_MATMUL_U8S8_PER_CHANNEL,HYBRID_PROTOTYPE,SCORE_AND_GAP,0.6,0.2,0,146,0.0,,0
E5_STATIC_QDQ_MATMUL_U8S8_PER_CHANNEL,HYBRID_PROTOTYPE,SCORE_AND_GAP,0.65,0.01,54,92,36.986301369863014,0.9444444444444444,3
E5_STATIC_QDQ_MATMUL_U8S8_PER_CHANNEL,HYBRID_PROTOTYPE,SCORE_AND_GAP,0.65,0.02,22,124,15.068493150684931,1.0,0
E5_STATIC_QDQ_MATMUL_U8S8_PER_CHANNEL,HYBRID_PROTOTYPE,SCORE_AND_GAP,0.65,0.03,7,139,4.794520547945205,1.0,0
E5_STATIC_QDQ_MATMUL_U8S8_PER_CHANNEL,HYBRID_PROTOTYPE,SCORE_AND_GAP,0.65,0.04,2,144,1.36986301369863,1.0,0
E5_STATIC_QDQ_MATMUL_U8S8_PER_CHANNEL,HYBRID_PROTOTYPE,SCORE_AND_GAP,0.65,0.05,1,145,0.684931506849315,1.0,0
E5_STATIC_QDQ_MATMUL_U8S8_PER_CHANNEL,HYBRID_PROTOTYPE,SCORE_AND_GAP,0.65,0.06,0,146,0.0,,0
E5_STATIC_QDQ_MATMUL_U8S8_PER_CHANNEL,HYBRID_PROTOTYPE,SCORE_AND_GAP,0.65,0.08,0,146,0.0,,0
E5_STATIC_QDQ_MATMUL_U8S8_PER_CHANNEL,HYBRID_PROTOTYPE,SCORE_AND_GAP,0.65,0.1,0,146,0.0,,0
E5_STATIC_QDQ_MATMUL_U8S8_PER_CHANNEL,HYBRID_PROTOTYPE,SCORE_AND_GAP,0.65,0.12,0,146,0.0,,0
E5_STATIC_QDQ_MATMUL_U8S8_PER_CHANNEL,HYBRID_PROTOTYPE,SCORE_AND_GAP,0.65,0.15,0,146,0.0,,0
E5_STATIC_QDQ_MATMUL_U8S8_PER_CHANNEL,HYBRID_PROTOTYPE,SCORE_AND_GAP,0.65,0.2,0,146,0.0,,0
E5_STATIC_QDQ_MATMUL_U8S8_PER_CHANNEL,HYBRID_PROTOTYPE,SCORE_AND_GAP,0.7,0.01,54,92,36.986301369863014,0.9444444444444444,3
E5_STATIC_QDQ_MATMUL_U8S8_PER_CHANNEL,HYBRID_PROTOTYPE,SCORE_AND_GAP,0.7,0.02,22,124,15.068493150684931,1.0,0
E5_STATIC_QDQ_MATMUL_U8S8_PER_CHANNEL,HYBRID_PROTOTYPE,SCORE_AND_GAP,0.7,0.03,7,139,4.794520547945205,1.0,0
E5_STATIC_QDQ_MATMUL_U8S8_PER_CHANNEL,HYBRID_PROTOTYPE,SCORE_AND_GAP,0.7,0.04,2,144,1.36986301369863,1.0,0
E5_STATIC_QDQ_MATMUL_U8S8_PER_CHANNEL,HYBRID_PROTOTYPE,SCORE_AND_GAP,0.7,0.05,1,145,0.684931506849315,1.0,0
E5_STATIC_QDQ_MATMUL_U8S8_PER_CHANNEL,HYBRID_PROTOTYPE,SCORE_AND_GAP,0.7,0.06,0,146,0.0,,0
E5_STATIC_QDQ_MATMUL_U8S8_PER_CHANNEL,HYBRID_PROTOTYPE,SCORE_AND_GAP,0.7,0.08,0,146,0.0,,0
E5_STATIC_QDQ_MATMUL_U8S8_PER_CHANNEL,HYBRID_PROTOTYPE,SCORE_AND_GAP,0.7,0.1,0,146,0.0,,0
E5_STATIC_QDQ_MATMUL_U8S8_PER_CHANNEL,HYBRID_PROTOTYPE,SCORE_AND_GAP,0.7,0.12,0,146,0.0,,0
E5_STATIC_QDQ_MATMUL_U8S8_PER_CHANNEL,HYBRID_PROTOTYPE,SCORE_AND_GAP,0.7,0.15,0,146,0.0,,0
E5_STATIC_QDQ_MATMUL_U8S8_PER_CHANNEL,HYBRID_PROTOTYPE,SCORE_AND_GAP,0.7,0.2,0,146,0.0,,0
E5_STATIC_QDQ_MATMUL_U8S8_PER_CHANNEL,HYBRID_PROTOTYPE,SCORE_AND_GAP,0.75,0.01,54,92,36.986301369863014,0.9444444444444444,3
E5_STATIC_QDQ_MATMUL_U8S8_PER_CHANNEL,HYBRID_PROTOTYPE,SCORE_AND_GAP,0.75,0.02,22,124,15.068493150684931,1.0,0
E5_STATIC_QDQ_MATMUL_U8S8_PER_CHANNEL,HYBRID_PROTOTYPE,SCORE_AND_GAP,0.75,0.03,7,139,4.794520547945205,1.0,0
E5_STATIC_QDQ_MATMUL_U8S8_PER_CHANNEL,HYBRID_PROTOTYPE,SCORE_AND_GAP,0.75,0.04,2,144,1.36986301369863,1.0,0
E5_STATIC_QDQ_MATMUL_U8S8_PER_CHANNEL,HYBRID_PROTOTYPE,SCORE_AND_GAP,0.75,0.05,1,145,0.684931506849315,1.0,0
E5_STATIC_QDQ_MATMUL_U8S8_PER_CHANNEL,HYBRID_PROTOTYPE,SCORE_AND_GAP,0.75,0.06,0,146,0.0,,0
E5_STATIC_QDQ_MATMUL_U8S8_PER_CHANNEL,HYBRID_PROTOTYPE,SCORE_AND_GAP,0.75,0.08,0,146,0.0,,0
E5_STATIC_QDQ_MATMUL_U8S8_PER_CHANNEL,HYBRID_PROTOTYPE,SCORE_AND_GAP,0.75,0.1,0,146,0.0,,0
E5_STATIC_QDQ_MATMUL_U8S8_PER_CHANNEL,HYBRID_PROTOTYPE,SCORE_AND_GAP,0.75,0.12,0,146,0.0,,0
E5_STATIC_QDQ_MATMUL_U8S8_PER_CHANNEL,HYBRID_PROTOTYPE,SCORE_AND_GAP,0.75,0.15,0,146,0.0,,0
E5_STATIC_QDQ_MATMUL_U8S8_PER_CHANNEL,HYBRID_PROTOTYPE,SCORE_AND_GAP,0.75,0.2,0,146,0.0,,0
E5_STATIC_QDQ_MATMUL_U8S8_PER_CHANNEL,HYBRID_PROTOTYPE,SCORE_AND_GAP,0.8,0.01,54,92,36.986301369863014,0.9444444444444444,3
E5_STATIC_QDQ_MATMUL_U8S8_PER_CHANNEL,HYBRID_PROTOTYPE,SCORE_AND_GAP,0.8,0.02,22,124,15.068493150684931,1.0,0
E5_STATIC_QDQ_MATMUL_U8S8_PER_CHANNEL,HYBRID_PROTOTYPE,SCORE_AND_GAP,0.8,0.03,7,139,4.794520547945205,1.0,0
E5_STATIC_QDQ_MATMUL_U8S8_PER_CHANNEL,HYBRID_PROTOTYPE,SCORE_AND_GAP,0.8,0.04,2,144,1.36986301369863,1.0,0
E5_STATIC_QDQ_MATMUL_U8S8_PER_CHANNEL,HYBRID_PROTOTYPE,SCORE_AND_GAP,0.8,0.05,1,145,0.684931506849315,1.0,0
E5_STATIC_QDQ_MATMUL_U8S8_PER_CHANNEL,HYBRID_PROTOTYPE,SCORE_AND_GAP,0.8,0.06,0,146,0.0,,0
E5_STATIC_QDQ_MATMUL_U8S8_PER_CHANNEL,HYBRID_PROTOTYPE,SCORE_AND_GAP,0.8,0.08,0,146,0.0,,0
E5_STATIC_QDQ_MATMUL_U8S8_PER_CHANNEL,HYBRID_PROTOTYPE,SCORE_AND_GAP,0.8,0.1,0,146,0.0,,0
E5_STATIC_QDQ_MATMUL_U8S8_PER_CHANNEL,HYBRID_PROTOTYPE,SCORE_AND_GAP,0.8,0.12,0,146,0.0,,0
E5_STATIC_QDQ_MATMUL_U8S8_PER_CHANNEL,HYBRID_PROTOTYPE,SCORE_AND_GAP,0.8,0.15,0,146,0.0,,0
E5_STATIC_QDQ_MATMUL_U8S8_PER_CHANNEL,HYBRID_PROTOTYPE,SCORE_AND_GAP,0.8,0.2,0,146,0.0,,0
E5_STATIC_QDQ_MATMUL_U8S8_PER_CHANNEL,HYBRID_PROTOTYPE,SCORE_AND_GAP,0.85,0.01,54,92,36.986301369863014,0.9444444444444444,3
E5_STATIC_QDQ_MATMUL_U8S8_PER_CHANNEL,HYBRID_PROTOTYPE,SCORE_AND_GAP,0.85,0.02,22,124,15.068493150684931,1.0,0
E5_STATIC_QDQ_MATMUL_U8S8_PER_CHANNEL,HYBRID_PROTOTYPE,SCORE_AND_GAP,0.85,0.03,7,139,4.794520547945205,1.0,0
E5_STATIC_QDQ_MATMUL_U8S8_PER_CHANNEL,HYBRID_PROTOTYPE,SCORE_AND_GAP,0.85,0.04,2,144,1.36986301369863,1.0,0
E5_STATIC_QDQ_MATMUL_U8S8_PER_CHANNEL,HYBRID_PROTOTYPE,SCORE_AND_GAP,0.85,0.05,1,145,0.684931506849315,1.0,0
E5_STATIC_QDQ_MATMUL_U8S8_PER_CHANNEL,HYBRID_PROTOTYPE,SCORE_AND_GAP,0.85,0.06,0,146,0.0,,0
E5_STATIC_QDQ_MATMUL_U8S8_PER_CHANNEL,HYBRID_PROTOTYPE,SCORE_AND_GAP,0.85,0.08,0,146,0.0,,0
E5_STATIC_QDQ_MATMUL_U8S8_PER_CHANNEL,HYBRID_PROTOTYPE,SCORE_AND_GAP,0.85,0.1,0,146,0.0,,0
E5_STATIC_QDQ_MATMUL_U8S8_PER_CHANNEL,HYBRID_PROTOTYPE,SCORE_AND_GAP,0.85,0.12,0,146,0.0,,0
E5_STATIC_QDQ_MATMUL_U8S8_PER_CHANNEL,HYBRID_PROTOTYPE,SCORE_AND_GAP,0.85,0.15,0,146,0.0,,0
E5_STATIC_QDQ_MATMUL_U8S8_PER_CHANNEL,HYBRID_PROTOTYPE,SCORE_AND_GAP,0.85,0.2,0,146,0.0,,0
E5_STATIC_QDQ_MATMUL_U8S8_PER_CHANNEL,HYBRID_PROTOTYPE,SCORE_AND_GAP,0.9,0.01,30,116,20.54794520547945,1.0,0
E5_STATIC_QDQ_MATMUL_U8S8_PER_CHANNEL,HYBRID_PROTOTYPE,SCORE_AND_GAP,0.9,0.02,15,131,10.273972602739725,1.0,0
E5_STATIC_QDQ_MATMUL_U8S8_PER_CHANNEL,HYBRID_PROTOTYPE,SCORE_AND_GAP,0.9,0.03,5,141,3.4246575342465753,1.0,0
E5_STATIC_QDQ_MATMUL_U8S8_PER_CHANNEL,HYBRID_PROTOTYPE,SCORE_AND_GAP,0.9,0.04,2,144,1.36986301369863,1.0,0
E5_STATIC_QDQ_MATMUL_U8S8_PER_CHANNEL,HYBRID_PROTOTYPE,SCORE_AND_GAP,0.9,0.05,1,145,0.684931506849315,1.0,0
E5_STATIC_QDQ_MATMUL_U8S8_PER_CHANNEL,HYBRID_PROTOTYPE,SCORE_AND_GAP,0.9,0.06,0,146,0.0,,0
E5_STATIC_QDQ_MATMUL_U8S8_PER_CHANNEL,HYBRID_PROTOTYPE,SCORE_AND_GAP,0.9,0.08,0,146,0.0,,0
E5_STATIC_QDQ_MATMUL_U8S8_PER_CHANNEL,HYBRID_PROTOTYPE,SCORE_AND_GAP,0.9,0.1,0,146,0.0,,0
E5_STATIC_QDQ_MATMUL_U8S8_PER_CHANNEL,HYBRID_PROTOTYPE,SCORE_AND_GAP,0.9,0.12,0,146,0.0,,0
E5_STATIC_QDQ_MATMUL_U8S8_PER_CHANNEL,HYBRID_PROTOTYPE,SCORE_AND_GAP,0.9,0.15,0,146,0.0,,0
E5_STATIC_QDQ_MATMUL_U8S8_PER_CHANNEL,HYBRID_PROTOTYPE,SCORE_AND_GAP,0.9,0.2,0,146,0.0,,0
E5_STATIC_QOP_U8S8_PER_CHANNEL,HYBRID_PROTOTYPE,GAP_ONLY,,0.01,12,134,8.219178082191782,0.5,6
E5_STATIC_QOP_U8S8_PER_CHANNEL,HYBRID_PROTOTYPE,GAP_ONLY,,0.02,0,146,0.0,,0
E5_STATIC_QOP_U8S8_PER_CHANNEL,HYBRID_PROTOTYPE,GAP_ONLY,,0.03,0,146,0.0,,0
E5_STATIC_QOP_U8S8_PER_CHANNEL,HYBRID_PROTOTYPE,GAP_ONLY,,0.04,0,146,0.0,,0
E5_STATIC_QOP_U8S8_PER_CHANNEL,HYBRID_PROTOTYPE,GAP_ONLY,,0.05,0,146,0.0,,0
E5_STATIC_QOP_U8S8_PER_CHANNEL,HYBRID_PROTOTYPE,GAP_ONLY,,0.06,0,146,0.0,,0
E5_STATIC_QOP_U8S8_PER_CHANNEL,HYBRID_PROTOTYPE,GAP_ONLY,,0.08,0,146,0.0,,0
E5_STATIC_QOP_U8S8_PER_CHANNEL,HYBRID_PROTOTYPE,GAP_ONLY,,0.1,0,146,0.0,,0
E5_STATIC_QOP_U8S8_PER_CHANNEL,HYBRID_PROTOTYPE,GAP_ONLY,,0.12,0,146,0.0,,0
E5_STATIC_QOP_U8S8_PER_CHANNEL,HYBRID_PROTOTYPE,GAP_ONLY,,0.15,0,146,0.0,,0
E5_STATIC_QOP_U8S8_PER_CHANNEL,HYBRID_PROTOTYPE,GAP_ONLY,,0.2,0,146,0.0,,0
E5_STATIC_QOP_U8S8_PER_CHANNEL,HYBRID_PROTOTYPE,SCORE_AND_GAP,0.2,0.01,12,134,8.219178082191782,0.5,6
E5_STATIC_QOP_U8S8_PER_CHANNEL,HYBRID_PROTOTYPE,SCORE_AND_GAP,0.2,0.02,0,146,0.0,,0
E5_STATIC_QOP_U8S8_PER_CHANNEL,HYBRID_PROTOTYPE,SCORE_AND_GAP,0.2,0.03,0,146,0.0,,0
E5_STATIC_QOP_U8S8_PER_CHANNEL,HYBRID_PROTOTYPE,SCORE_AND_GAP,0.2,0.04,0,146,0.0,,0
E5_STATIC_QOP_U8S8_PER_CHANNEL,HYBRID_PROTOTYPE,SCORE_AND_GAP,0.2,0.05,0,146,0.0,,0
E5_STATIC_QOP_U8S8_PER_CHANNEL,HYBRID_PROTOTYPE,SCORE_AND_GAP,0.2,0.06,0,146,0.0,,0
E5_STATIC_QOP_U8S8_PER_CHANNEL,HYBRID_PROTOTYPE,SCORE_AND_GAP,0.2,0.08,0,146,0.0,,0
E5_STATIC_QOP_U8S8_PER_CHANNEL,HYBRID_PROTOTYPE,SCORE_AND_GAP,0.2,0.1,0,146,0.0,,0
E5_STATIC_QOP_U8S8_PER_CHANNEL,HYBRID_PROTOTYPE,SCORE_AND_GAP,0.2,0.12,0,146,0.0,,0
E5_STATIC_QOP_U8S8_PER_CHANNEL,HYBRID_PROTOTYPE,SCORE_AND_GAP,0.2,0.15,0,146,0.0,,0
E5_STATIC_QOP_U8S8_PER_CHANNEL,HYBRID_PROTOTYPE,SCORE_AND_GAP,0.2,0.2,0,146,0.0,,0
E5_STATIC_QOP_U8S8_PER_CHANNEL,HYBRID_PROTOTYPE,SCORE_AND_GAP,0.25,0.01,12,134,8.219178082191782,0.5,6
E5_STATIC_QOP_U8S8_PER_CHANNEL,HYBRID_PROTOTYPE,SCORE_AND_GAP,0.25,0.02,0,146,0.0,,0
E5_STATIC_QOP_U8S8_PER_CHANNEL,HYBRID_PROTOTYPE,SCORE_AND_GAP,0.25,0.03,0,146,0.0,,0
E5_STATIC_QOP_U8S8_PER_CHANNEL,HYBRID_PROTOTYPE,SCORE_AND_GAP,0.25,0.04,0,146,0.0,,0
E5_STATIC_QOP_U8S8_PER_CHANNEL,HYBRID_PROTOTYPE,SCORE_AND_GAP,0.25,0.05,0,146,0.0,,0
E5_STATIC_QOP_U8S8_PER_CHANNEL,HYBRID_PROTOTYPE,SCORE_AND_GAP,0.25,0.06,0,146,0.0,,0
E5_STATIC_QOP_U8S8_PER_CHANNEL,HYBRID_PROTOTYPE,SCORE_AND_GAP,0.25,0.08,0,146,0.0,,0
E5_STATIC_QOP_U8S8_PER_CHANNEL,HYBRID_PROTOTYPE,SCORE_AND_GAP,0.25,0.1,0,146,0.0,,0
E5_STATIC_QOP_U8S8_PER_CHANNEL,HYBRID_PROTOTYPE,SCORE_AND_GAP,0.25,0.12,0,146,0.0,,0
E5_STATIC_QOP_U8S8_PER_CHANNEL,HYBRID_PROTOTYPE,SCORE_AND_GAP,0.25,0.15,0,146,0.0,,0
E5_STATIC_QOP_U8S8_PER_CHANNEL,HYBRID_PROTOTYPE,SCORE_AND_GAP,0.25,0.2,0,146,0.0,,0
E5_STATIC_QOP_U8S8_PER_CHANNEL,HYBRID_PROTOTYPE,SCORE_AND_GAP,0.3,0.01,12,134,8.219178082191782,0.5,6
E5_STATIC_QOP_U8S8_PER_CHANNEL,HYBRID_PROTOTYPE,SCORE_AND_GAP,0.3,0.02,0,146,0.0,,0
E5_STATIC_QOP_U8S8_PER_CHANNEL,HYBRID_PROTOTYPE,SCORE_AND_GAP,0.3,0.03,0,146,0.0,,0
E5_STATIC_QOP_U8S8_PER_CHANNEL,HYBRID_PROTOTYPE,SCORE_AND_GAP,0.3,0.04,0,146,0.0,,0
E5_STATIC_QOP_U8S8_PER_CHANNEL,HYBRID_PROTOTYPE,SCORE_AND_GAP,0.3,0.05,0,146,0.0,,0
E5_STATIC_QOP_U8S8_PER_CHANNEL,HYBRID_PROTOTYPE,SCORE_AND_GAP,0.3,0.06,0,146,0.0,,0
E5_STATIC_QOP_U8S8_PER_CHANNEL,HYBRID_PROTOTYPE,SCORE_AND_GAP,0.3,0.08,0,146,0.0,,0
E5_STATIC_QOP_U8S8_PER_CHANNEL,HYBRID_PROTOTYPE,SCORE_AND_GAP,0.3,0.1,0,146,0.0,,0
E5_STATIC_QOP_U8S8_PER_CHANNEL,HYBRID_PROTOTYPE,SCORE_AND_GAP,0.3,0.12,0,146,0.0,,0
E5_STATIC_QOP_U8S8_PER_CHANNEL,HYBRID_PROTOTYPE,SCORE_AND_GAP,0.3,0.15,0,146,0.0,,0
E5_STATIC_QOP_U8S8_PER_CHANNEL,HYBRID_PROTOTYPE,SCORE_AND_GAP,0.3,0.2,0,146,0.0,,0
E5_STATIC_QOP_U8S8_PER_CHANNEL,HYBRID_PROTOTYPE,SCORE_AND_GAP,0.35,0.01,12,134,8.219178082191782,0.5,6
E5_STATIC_QOP_U8S8_PER_CHANNEL,HYBRID_PROTOTYPE,SCORE_AND_GAP,0.35,0.02,0,146,0.0,,0
E5_STATIC_QOP_U8S8_PER_CHANNEL,HYBRID_PROTOTYPE,SCORE_AND_GAP,0.35,0.03,0,146,0.0,,0
E5_STATIC_QOP_U8S8_PER_CHANNEL,HYBRID_PROTOTYPE,SCORE_AND_GAP,0.35,0.04,0,146,0.0,,0
E5_STATIC_QOP_U8S8_PER_CHANNEL,HYBRID_PROTOTYPE,SCORE_AND_GAP,0.35,0.05,0,146,0.0,,0
E5_STATIC_QOP_U8S8_PER_CHANNEL,HYBRID_PROTOTYPE,SCORE_AND_GAP,0.35,0.06,0,146,0.0,,0
E5_STATIC_QOP_U8S8_PER_CHANNEL,HYBRID_PROTOTYPE,SCORE_AND_GAP,0.35,0.08,0,146,0.0,,0
E5_STATIC_QOP_U8S8_PER_CHANNEL,HYBRID_PROTOTYPE,SCORE_AND_GAP,0.35,0.1,0,146,0.0,,0
E5_STATIC_QOP_U8S8_PER_CHANNEL,HYBRID_PROTOTYPE,SCORE_AND_GAP,0.35,0.12,0,146,0.0,,0
E5_STATIC_QOP_U8S8_PER_CHANNEL,HYBRID_PROTOTYPE,SCORE_AND_GAP,0.35,0.15,0,146,0.0,,0
E5_STATIC_QOP_U8S8_PER_CHANNEL,HYBRID_PROTOTYPE,SCORE_AND_GAP,0.35,0.2,0,146,0.0,,0
E5_STATIC_QOP_U8S8_PER_CHANNEL,HYBRID_PROTOTYPE,SCORE_AND_GAP,0.4,0.01,12,134,8.219178082191782,0.5,6
E5_STATIC_QOP_U8S8_PER_CHANNEL,HYBRID_PROTOTYPE,SCORE_AND_GAP,0.4,0.02,0,146,0.0,,0
E5_STATIC_QOP_U8S8_PER_CHANNEL,HYBRID_PROTOTYPE,SCORE_AND_GAP,0.4,0.03,0,146,0.0,,0
E5_STATIC_QOP_U8S8_PER_CHANNEL,HYBRID_PROTOTYPE,SCORE_AND_GAP,0.4,0.04,0,146,0.0,,0
E5_STATIC_QOP_U8S8_PER_CHANNEL,HYBRID_PROTOTYPE,SCORE_AND_GAP,0.4,0.05,0,146,0.0,,0
E5_STATIC_QOP_U8S8_PER_CHANNEL,HYBRID_PROTOTYPE,SCORE_AND_GAP,0.4,0.06,0,146,0.0,,0
E5_STATIC_QOP_U8S8_PER_CHANNEL,HYBRID_PROTOTYPE,SCORE_AND_GAP,0.4,0.08,0,146,0.0,,0
E5_STATIC_QOP_U8S8_PER_CHANNEL,HYBRID_PROTOTYPE,SCORE_AND_GAP,0.4,0.1,0,146,0.0,,0
E5_STATIC_QOP_U8S8_PER_CHANNEL,HYBRID_PROTOTYPE,SCORE_AND_GAP,0.4,0.12,0,146,0.0,,0
E5_STATIC_QOP_U8S8_PER_CHANNEL,HYBRID_PROTOTYPE,SCORE_AND_GAP,0.4,0.15,0,146,0.0,,0
E5_STATIC_QOP_U8S8_PER_CHANNEL,HYBRID_PROTOTYPE,SCORE_AND_GAP,0.4,0.2,0,146,0.0,,0
E5_STATIC_QOP_U8S8_PER_CHANNEL,HYBRID_PROTOTYPE,SCORE_AND_GAP,0.45,0.01,12,134,8.219178082191782,0.5,6
E5_STATIC_QOP_U8S8_PER_CHANNEL,HYBRID_PROTOTYPE,SCORE_AND_GAP,0.45,0.02,0,146,0.0,,0
E5_STATIC_QOP_U8S8_PER_CHANNEL,HYBRID_PROTOTYPE,SCORE_AND_GAP,0.45,0.03,0,146,0.0,,0
E5_STATIC_QOP_U8S8_PER_CHANNEL,HYBRID_PROTOTYPE,SCORE_AND_GAP,0.45,0.04,0,146,0.0,,0
E5_STATIC_QOP_U8S8_PER_CHANNEL,HYBRID_PROTOTYPE,SCORE_AND_GAP,0.45,0.05,0,146,0.0,,0
E5_STATIC_QOP_U8S8_PER_CHANNEL,HYBRID_PROTOTYPE,SCORE_AND_GAP,0.45,0.06,0,146,0.0,,0
E5_STATIC_QOP_U8S8_PER_CHANNEL,HYBRID_PROTOTYPE,SCORE_AND_GAP,0.45,0.08,0,146,0.0,,0
E5_STATIC_QOP_U8S8_PER_CHANNEL,HYBRID_PROTOTYPE,SCORE_AND_GAP,0.45,0.1,0,146,0.0,,0
E5_STATIC_QOP_U8S8_PER_CHANNEL,HYBRID_PROTOTYPE,SCORE_AND_GAP,0.45,0.12,0,146,0.0,,0
E5_STATIC_QOP_U8S8_PER_CHANNEL,HYBRID_PROTOTYPE,SCORE_AND_GAP,0.45,0.15,0,146,0.0,,0
E5_STATIC_QOP_U8S8_PER_CHANNEL,HYBRID_PROTOTYPE,SCORE_AND_GAP,0.45,0.2,0,146,0.0,,0
E5_STATIC_QOP_U8S8_PER_CHANNEL,HYBRID_PROTOTYPE,SCORE_AND_GAP,0.5,0.01,12,134,8.219178082191782,0.5,6
E5_STATIC_QOP_U8S8_PER_CHANNEL,HYBRID_PROTOTYPE,SCORE_AND_GAP,0.5,0.02,0,146,0.0,,0
E5_STATIC_QOP_U8S8_PER_CHANNEL,HYBRID_PROTOTYPE,SCORE_AND_GAP,0.5,0.03,0,146,0.0,,0
E5_STATIC_QOP_U8S8_PER_CHANNEL,HYBRID_PROTOTYPE,SCORE_AND_GAP,0.5,0.04,0,146,0.0,,0
E5_STATIC_QOP_U8S8_PER_CHANNEL,HYBRID_PROTOTYPE,SCORE_AND_GAP,0.5,0.05,0,146,0.0,,0
E5_STATIC_QOP_U8S8_PER_CHANNEL,HYBRID_PROTOTYPE,SCORE_AND_GAP,0.5,0.06,0,146,0.0,,0
E5_STATIC_QOP_U8S8_PER_CHANNEL,HYBRID_PROTOTYPE,SCORE_AND_GAP,0.5,0.08,0,146,0.0,,0
E5_STATIC_QOP_U8S8_PER_CHANNEL,HYBRID_PROTOTYPE,SCORE_AND_GAP,0.5,0.1,0,146,0.0,,0
E5_STATIC_QOP_U8S8_PER_CHANNEL,HYBRID_PROTOTYPE,SCORE_AND_GAP,0.5,0.12,0,146,0.0,,0
E5_STATIC_QOP_U8S8_PER_CHANNEL,HYBRID_PROTOTYPE,SCORE_AND_GAP,0.5,0.15,0,146,0.0,,0
E5_STATIC_QOP_U8S8_PER_CHANNEL,HYBRID_PROTOTYPE,SCORE_AND_GAP,0.5,0.2,0,146,0.0,,0
E5_STATIC_QOP_U8S8_PER_CHANNEL,HYBRID_PROTOTYPE,SCORE_AND_GAP,0.55,0.01,12,134,8.219178082191782,0.5,6
E5_STATIC_QOP_U8S8_PER_CHANNEL,HYBRID_PROTOTYPE,SCORE_AND_GAP,0.55,0.02,0,146,0.0,,0
E5_STATIC_QOP_U8S8_PER_CHANNEL,HYBRID_PROTOTYPE,SCORE_AND_GAP,0.55,0.03,0,146,0.0,,0
E5_STATIC_QOP_U8S8_PER_CHANNEL,HYBRID_PROTOTYPE,SCORE_AND_GAP,0.55,0.04,0,146,0.0,,0
E5_STATIC_QOP_U8S8_PER_CHANNEL,HYBRID_PROTOTYPE,SCORE_AND_GAP,0.55,0.05,0,146,0.0,,0
E5_STATIC_QOP_U8S8_PER_CHANNEL,HYBRID_PROTOTYPE,SCORE_AND_GAP,0.55,0.06,0,146,0.0,,0
E5_STATIC_QOP_U8S8_PER_CHANNEL,HYBRID_PROTOTYPE,SCORE_AND_GAP,0.55,0.08,0,146,0.0,,0
E5_STATIC_QOP_U8S8_PER_CHANNEL,HYBRID_PROTOTYPE,SCORE_AND_GAP,0.55,0.1,0,146,0.0,,0
E5_STATIC_QOP_U8S8_PER_CHANNEL,HYBRID_PROTOTYPE,SCORE_AND_GAP,0.55,0.12,0,146,0.0,,0
E5_STATIC_QOP_U8S8_PER_CHANNEL,HYBRID_PROTOTYPE,SCORE_AND_GAP,0.55,0.15,0,146,0.0,,0
E5_STATIC_QOP_U8S8_PER_CHANNEL,HYBRID_PROTOTYPE,SCORE_AND_GAP,0.55,0.2,0,146,0.0,,0
E5_STATIC_QOP_U8S8_PER_CHANNEL,HYBRID_PROTOTYPE,SCORE_AND_GAP,0.6,0.01,12,134,8.219178082191782,0.5,6
E5_STATIC_QOP_U8S8_PER_CHANNEL,HYBRID_PROTOTYPE,SCORE_AND_GAP,0.6,0.02,0,146,0.0,,0
E5_STATIC_QOP_U8S8_PER_CHANNEL,HYBRID_PROTOTYPE,SCORE_AND_GAP,0.6,0.03,0,146,0.0,,0
E5_STATIC_QOP_U8S8_PER_CHANNEL,HYBRID_PROTOTYPE,SCORE_AND_GAP,0.6,0.04,0,146,0.0,,0
E5_STATIC_QOP_U8S8_PER_CHANNEL,HYBRID_PROTOTYPE,SCORE_AND_GAP,0.6,0.05,0,146,0.0,,0
E5_STATIC_QOP_U8S8_PER_CHANNEL,HYBRID_PROTOTYPE,SCORE_AND_GAP,0.6,0.06,0,146,0.0,,0
E5_STATIC_QOP_U8S8_PER_CHANNEL,HYBRID_PROTOTYPE,SCORE_AND_GAP,0.6,0.08,0,146,0.0,,0
E5_STATIC_QOP_U8S8_PER_CHANNEL,HYBRID_PROTOTYPE,SCORE_AND_GAP,0.6,0.1,0,146,0.0,,0
E5_STATIC_QOP_U8S8_PER_CHANNEL,HYBRID_PROTOTYPE,SCORE_AND_GAP,0.6,0.12,0,146,0.0,,0
E5_STATIC_QOP_U8S8_PER_CHANNEL,HYBRID_PROTOTYPE,SCORE_AND_GAP,0.6,0.15,0,146,0.0,,0
E5_STATIC_QOP_U8S8_PER_CHANNEL,HYBRID_PROTOTYPE,SCORE_AND_GAP,0.6,0.2,0,146,0.0,,0
E5_STATIC_QOP_U8S8_PER_CHANNEL,HYBRID_PROTOTYPE,SCORE_AND_GAP,0.65,0.01,12,134,8.219178082191782,0.5,6
E5_STATIC_QOP_U8S8_PER_CHANNEL,HYBRID_PROTOTYPE,SCORE_AND_GAP,0.65,0.02,0,146,0.0,,0
E5_STATIC_QOP_U8S8_PER_CHANNEL,HYBRID_PROTOTYPE,SCORE_AND_GAP,0.65,0.03,0,146,0.0,,0
E5_STATIC_QOP_U8S8_PER_CHANNEL,HYBRID_PROTOTYPE,SCORE_AND_GAP,0.65,0.04,0,146,0.0,,0
E5_STATIC_QOP_U8S8_PER_CHANNEL,HYBRID_PROTOTYPE,SCORE_AND_GAP,0.65,0.05,0,146,0.0,,0
E5_STATIC_QOP_U8S8_PER_CHANNEL,HYBRID_PROTOTYPE,SCORE_AND_GAP,0.65,0.06,0,146,0.0,,0
E5_STATIC_QOP_U8S8_PER_CHANNEL,HYBRID_PROTOTYPE,SCORE_AND_GAP,0.65,0.08,0,146,0.0,,0
E5_STATIC_QOP_U8S8_PER_CHANNEL,HYBRID_PROTOTYPE,SCORE_AND_GAP,0.65,0.1,0,146,0.0,,0
E5_STATIC_QOP_U8S8_PER_CHANNEL,HYBRID_PROTOTYPE,SCORE_AND_GAP,0.65,0.12,0,146,0.0,,0
E5_STATIC_QOP_U8S8_PER_CHANNEL,HYBRID_PROTOTYPE,SCORE_AND_GAP,0.65,0.15,0,146,0.0,,0
E5_STATIC_QOP_U8S8_PER_CHANNEL,HYBRID_PROTOTYPE,SCORE_AND_GAP,0.65,0.2,0,146,0.0,,0
E5_STATIC_QOP_U8S8_PER_CHANNEL,HYBRID_PROTOTYPE,SCORE_AND_GAP,0.7,0.01,12,134,8.219178082191782,0.5,6
E5_STATIC_QOP_U8S8_PER_CHANNEL,HYBRID_PROTOTYPE,SCORE_AND_GAP,0.7,0.02,0,146,0.0,,0
E5_STATIC_QOP_U8S8_PER_CHANNEL,HYBRID_PROTOTYPE,SCORE_AND_GAP,0.7,0.03,0,146,0.0,,0
E5_STATIC_QOP_U8S8_PER_CHANNEL,HYBRID_PROTOTYPE,SCORE_AND_GAP,0.7,0.04,0,146,0.0,,0
E5_STATIC_QOP_U8S8_PER_CHANNEL,HYBRID_PROTOTYPE,SCORE_AND_GAP,0.7,0.05,0,146,0.0,,0
E5_STATIC_QOP_U8S8_PER_CHANNEL,HYBRID_PROTOTYPE,SCORE_AND_GAP,0.7,0.06,0,146,0.0,,0
E5_STATIC_QOP_U8S8_PER_CHANNEL,HYBRID_PROTOTYPE,SCORE_AND_GAP,0.7,0.08,0,146,0.0,,0
E5_STATIC_QOP_U8S8_PER_CHANNEL,HYBRID_PROTOTYPE,SCORE_AND_GAP,0.7,0.1,0,146,0.0,,0
E5_STATIC_QOP_U8S8_PER_CHANNEL,HYBRID_PROTOTYPE,SCORE_AND_GAP,0.7,0.12,0,146,0.0,,0
E5_STATIC_QOP_U8S8_PER_CHANNEL,HYBRID_PROTOTYPE,SCORE_AND_GAP,0.7,0.15,0,146,0.0,,0
E5_STATIC_QOP_U8S8_PER_CHANNEL,HYBRID_PROTOTYPE,SCORE_AND_GAP,0.7,0.2,0,146,0.0,,0
E5_STATIC_QOP_U8S8_PER_CHANNEL,HYBRID_PROTOTYPE,SCORE_AND_GAP,0.75,0.01,12,134,8.219178082191782,0.5,6
E5_STATIC_QOP_U8S8_PER_CHANNEL,HYBRID_PROTOTYPE,SCORE_AND_GAP,0.75,0.02,0,146,0.0,,0
E5_STATIC_QOP_U8S8_PER_CHANNEL,HYBRID_PROTOTYPE,SCORE_AND_GAP,0.75,0.03,0,146,0.0,,0
E5_STATIC_QOP_U8S8_PER_CHANNEL,HYBRID_PROTOTYPE,SCORE_AND_GAP,0.75,0.04,0,146,0.0,,0
E5_STATIC_QOP_U8S8_PER_CHANNEL,HYBRID_PROTOTYPE,SCORE_AND_GAP,0.75,0.05,0,146,0.0,,0
E5_STATIC_QOP_U8S8_PER_CHANNEL,HYBRID_PROTOTYPE,SCORE_AND_GAP,0.75,0.06,0,146,0.0,,0
E5_STATIC_QOP_U8S8_PER_CHANNEL,HYBRID_PROTOTYPE,SCORE_AND_GAP,0.75,0.08,0,146,0.0,,0
E5_STATIC_QOP_U8S8_PER_CHANNEL,HYBRID_PROTOTYPE,SCORE_AND_GAP,0.75,0.1,0,146,0.0,,0
E5_STATIC_QOP_U8S8_PER_CHANNEL,HYBRID_PROTOTYPE,SCORE_AND_GAP,0.75,0.12,0,146,0.0,,0
E5_STATIC_QOP_U8S8_PER_CHANNEL,HYBRID_PROTOTYPE,SCORE_AND_GAP,0.75,0.15,0,146,0.0,,0
E5_STATIC_QOP_U8S8_PER_CHANNEL,HYBRID_PROTOTYPE,SCORE_AND_GAP,0.75,0.2,0,146,0.0,,0
E5_STATIC_QOP_U8S8_PER_CHANNEL,HYBRID_PROTOTYPE,SCORE_AND_GAP,0.8,0.01,12,134,8.219178082191782,0.5,6
E5_STATIC_QOP_U8S8_PER_CHANNEL,HYBRID_PROTOTYPE,SCORE_AND_GAP,0.8,0.02,0,146,0.0,,0
E5_STATIC_QOP_U8S8_PER_CHANNEL,HYBRID_PROTOTYPE,SCORE_AND_GAP,0.8,0.03,0,146,0.0,,0
E5_STATIC_QOP_U8S8_PER_CHANNEL,HYBRID_PROTOTYPE,SCORE_AND_GAP,0.8,0.04,0,146,0.0,,0
E5_STATIC_QOP_U8S8_PER_CHANNEL,HYBRID_PROTOTYPE,SCORE_AND_GAP,0.8,0.05,0,146,0.0,,0
E5_STATIC_QOP_U8S8_PER_CHANNEL,HYBRID_PROTOTYPE,SCORE_AND_GAP,0.8,0.06,0,146,0.0,,0
E5_STATIC_QOP_U8S8_PER_CHANNEL,HYBRID_PROTOTYPE,SCORE_AND_GAP,0.8,0.08,0,146,0.0,,0
E5_STATIC_QOP_U8S8_PER_CHANNEL,HYBRID_PROTOTYPE,SCORE_AND_GAP,0.8,0.1,0,146,0.0,,0
E5_STATIC_QOP_U8S8_PER_CHANNEL,HYBRID_PROTOTYPE,SCORE_AND_GAP,0.8,0.12,0,146,0.0,,0
E5_STATIC_QOP_U8S8_PER_CHANNEL,HYBRID_PROTOTYPE,SCORE_AND_GAP,0.8,0.15,0,146,0.0,,0
E5_STATIC_QOP_U8S8_PER_CHANNEL,HYBRID_PROTOTYPE,SCORE_AND_GAP,0.8,0.2,0,146,0.0,,0
E5_STATIC_QOP_U8S8_PER_CHANNEL,HYBRID_PROTOTYPE,SCORE_AND_GAP,0.85,0.01,12,134,8.219178082191782,0.5,6
E5_STATIC_QOP_U8S8_PER_CHANNEL,HYBRID_PROTOTYPE,SCORE_AND_GAP,0.85,0.02,0,146,0.0,,0
E5_STATIC_QOP_U8S8_PER_CHANNEL,HYBRID_PROTOTYPE,SCORE_AND_GAP,0.85,0.03,0,146,0.0,,0
E5_STATIC_QOP_U8S8_PER_CHANNEL,HYBRID_PROTOTYPE,SCORE_AND_GAP,0.85,0.04,0,146,0.0,,0
E5_STATIC_QOP_U8S8_PER_CHANNEL,HYBRID_PROTOTYPE,SCORE_AND_GAP,0.85,0.05,0,146,0.0,,0
E5_STATIC_QOP_U8S8_PER_CHANNEL,HYBRID_PROTOTYPE,SCORE_AND_GAP,0.85,0.06,0,146,0.0,,0
E5_STATIC_QOP_U8S8_PER_CHANNEL,HYBRID_PROTOTYPE,SCORE_AND_GAP,0.85,0.08,0,146,0.0,,0
E5_STATIC_QOP_U8S8_PER_CHANNEL,HYBRID_PROTOTYPE,SCORE_AND_GAP,0.85,0.1,0,146,0.0,,0
E5_STATIC_QOP_U8S8_PER_CHANNEL,HYBRID_PROTOTYPE,SCORE_AND_GAP,0.85,0.12,0,146,0.0,,0
E5_STATIC_QOP_U8S8_PER_CHANNEL,HYBRID_PROTOTYPE,SCORE_AND_GAP,0.85,0.15,0,146,0.0,,0
E5_STATIC_QOP_U8S8_PER_CHANNEL,HYBRID_PROTOTYPE,SCORE_AND_GAP,0.85,0.2,0,146,0.0,,0
E5_STATIC_QOP_U8S8_PER_CHANNEL,HYBRID_PROTOTYPE,SCORE_AND_GAP,0.9,0.01,10,136,6.8493150684931505,0.4,6
E5_STATIC_QOP_U8S8_PER_CHANNEL,HYBRID_PROTOTYPE,SCORE_AND_GAP,0.9,0.02,0,146,0.0,,0
E5_STATIC_QOP_U8S8_PER_CHANNEL,HYBRID_PROTOTYPE,SCORE_AND_GAP,0.9,0.03,0,146,0.0,,0
E5_STATIC_QOP_U8S8_PER_CHANNEL,HYBRID_PROTOTYPE,SCORE_AND_GAP,0.9,0.04,0,146,0.0,,0
E5_STATIC_QOP_U8S8_PER_CHANNEL,HYBRID_PROTOTYPE,SCORE_AND_GAP,0.9,0.05,0,146,0.0,,0
E5_STATIC_QOP_U8S8_PER_CHANNEL,HYBRID_PROTOTYPE,SCORE_AND_GAP,0.9,0.06,0,146,0.0,,0
E5_STATIC_QOP_U8S8_PER_CHANNEL,HYBRID_PROTOTYPE,SCORE_AND_GAP,0.9,0.08,0,146,0.0,,0
E5_STATIC_QOP_U8S8_PER_CHANNEL,HYBRID_PROTOTYPE,SCORE_AND_GAP,0.9,0.1,0,146,0.0,,0
E5_STATIC_QOP_U8S8_PER_CHANNEL,HYBRID_PROTOTYPE,SCORE_AND_GAP,0.9,0.12,0,146,0.0,,0
E5_STATIC_QOP_U8S8_PER_CHANNEL,HYBRID_PROTOTYPE,SCORE_AND_GAP,0.9,0.15,0,146,0.0,,0
E5_STATIC_QOP_U8S8_PER_CHANNEL,HYBRID_PROTOTYPE,SCORE_AND_GAP,0.9,0.2,0,146,0.0,,0
E5_STATIC_QDQ_S8S8_PER_TENSOR,HYBRID_PROTOTYPE,GAP_ONLY,,0.01,7,139,4.794520547945205,0.8571428571428571,1
E5_STATIC_QDQ_S8S8_PER_TENSOR,HYBRID_PROTOTYPE,GAP_ONLY,,0.02,0,146,0.0,,0
E5_STATIC_QDQ_S8S8_PER_TENSOR,HYBRID_PROTOTYPE,GAP_ONLY,,0.03,0,146,0.0,,0
E5_STATIC_QDQ_S8S8_PER_TENSOR,HYBRID_PROTOTYPE,GAP_ONLY,,0.04,0,146,0.0,,0
E5_STATIC_QDQ_S8S8_PER_TENSOR,HYBRID_PROTOTYPE,GAP_ONLY,,0.05,0,146,0.0,,0
E5_STATIC_QDQ_S8S8_PER_TENSOR,HYBRID_PROTOTYPE,GAP_ONLY,,0.06,0,146,0.0,,0
E5_STATIC_QDQ_S8S8_PER_TENSOR,HYBRID_PROTOTYPE,GAP_ONLY,,0.08,0,146,0.0,,0
E5_STATIC_QDQ_S8S8_PER_TENSOR,HYBRID_PROTOTYPE,GAP_ONLY,,0.1,0,146,0.0,,0
E5_STATIC_QDQ_S8S8_PER_TENSOR,HYBRID_PROTOTYPE,GAP_ONLY,,0.12,0,146,0.0,,0
E5_STATIC_QDQ_S8S8_PER_TENSOR,HYBRID_PROTOTYPE,GAP_ONLY,,0.15,0,146,0.0,,0
E5_STATIC_QDQ_S8S8_PER_TENSOR,HYBRID_PROTOTYPE,GAP_ONLY,,0.2,0,146,0.0,,0
E5_STATIC_QDQ_S8S8_PER_TENSOR,HYBRID_PROTOTYPE,SCORE_AND_GAP,0.2,0.01,7,139,4.794520547945205,0.8571428571428571,1
E5_STATIC_QDQ_S8S8_PER_TENSOR,HYBRID_PROTOTYPE,SCORE_AND_GAP,0.2,0.02,0,146,0.0,,0
E5_STATIC_QDQ_S8S8_PER_TENSOR,HYBRID_PROTOTYPE,SCORE_AND_GAP,0.2,0.03,0,146,0.0,,0
E5_STATIC_QDQ_S8S8_PER_TENSOR,HYBRID_PROTOTYPE,SCORE_AND_GAP,0.2,0.04,0,146,0.0,,0
E5_STATIC_QDQ_S8S8_PER_TENSOR,HYBRID_PROTOTYPE,SCORE_AND_GAP,0.2,0.05,0,146,0.0,,0
E5_STATIC_QDQ_S8S8_PER_TENSOR,HYBRID_PROTOTYPE,SCORE_AND_GAP,0.2,0.06,0,146,0.0,,0
E5_STATIC_QDQ_S8S8_PER_TENSOR,HYBRID_PROTOTYPE,SCORE_AND_GAP,0.2,0.08,0,146,0.0,,0
E5_STATIC_QDQ_S8S8_PER_TENSOR,HYBRID_PROTOTYPE,SCORE_AND_GAP,0.2,0.1,0,146,0.0,,0
E5_STATIC_QDQ_S8S8_PER_TENSOR,HYBRID_PROTOTYPE,SCORE_AND_GAP,0.2,0.12,0,146,0.0,,0
E5_STATIC_QDQ_S8S8_PER_TENSOR,HYBRID_PROTOTYPE,SCORE_AND_GAP,0.2,0.15,0,146,0.0,,0
E5_STATIC_QDQ_S8S8_PER_TENSOR,HYBRID_PROTOTYPE,SCORE_AND_GAP,0.2,0.2,0,146,0.0,,0
E5_STATIC_QDQ_S8S8_PER_TENSOR,HYBRID_PROTOTYPE,SCORE_AND_GAP,0.25,0.01,7,139,4.794520547945205,0.8571428571428571,1
E5_STATIC_QDQ_S8S8_PER_TENSOR,HYBRID_PROTOTYPE,SCORE_AND_GAP,0.25,0.02,0,146,0.0,,0
E5_STATIC_QDQ_S8S8_PER_TENSOR,HYBRID_PROTOTYPE,SCORE_AND_GAP,0.25,0.03,0,146,0.0,,0
E5_STATIC_QDQ_S8S8_PER_TENSOR,HYBRID_PROTOTYPE,SCORE_AND_GAP,0.25,0.04,0,146,0.0,,0
E5_STATIC_QDQ_S8S8_PER_TENSOR,HYBRID_PROTOTYPE,SCORE_AND_GAP,0.25,0.05,0,146,0.0,,0
E5_STATIC_QDQ_S8S8_PER_TENSOR,HYBRID_PROTOTYPE,SCORE_AND_GAP,0.25,0.06,0,146,0.0,,0
E5_STATIC_QDQ_S8S8_PER_TENSOR,HYBRID_PROTOTYPE,SCORE_AND_GAP,0.25,0.08,0,146,0.0,,0
E5_STATIC_QDQ_S8S8_PER_TENSOR,HYBRID_PROTOTYPE,SCORE_AND_GAP,0.25,0.1,0,146,0.0,,0
E5_STATIC_QDQ_S8S8_PER_TENSOR,HYBRID_PROTOTYPE,SCORE_AND_GAP,0.25,0.12,0,146,0.0,,0
E5_STATIC_QDQ_S8S8_PER_TENSOR,HYBRID_PROTOTYPE,SCORE_AND_GAP,0.25,0.15,0,146,0.0,,0
E5_STATIC_QDQ_S8S8_PER_TENSOR,HYBRID_PROTOTYPE,SCORE_AND_GAP,0.25,0.2,0,146,0.0,,0
E5_STATIC_QDQ_S8S8_PER_TENSOR,HYBRID_PROTOTYPE,SCORE_AND_GAP,0.3,0.01,7,139,4.794520547945205,0.8571428571428571,1
E5_STATIC_QDQ_S8S8_PER_TENSOR,HYBRID_PROTOTYPE,SCORE_AND_GAP,0.3,0.02,0,146,0.0,,0
E5_STATIC_QDQ_S8S8_PER_TENSOR,HYBRID_PROTOTYPE,SCORE_AND_GAP,0.3,0.03,0,146,0.0,,0
E5_STATIC_QDQ_S8S8_PER_TENSOR,HYBRID_PROTOTYPE,SCORE_AND_GAP,0.3,0.04,0,146,0.0,,0
E5_STATIC_QDQ_S8S8_PER_TENSOR,HYBRID_PROTOTYPE,SCORE_AND_GAP,0.3,0.05,0,146,0.0,,0
E5_STATIC_QDQ_S8S8_PER_TENSOR,HYBRID_PROTOTYPE,SCORE_AND_GAP,0.3,0.06,0,146,0.0,,0
E5_STATIC_QDQ_S8S8_PER_TENSOR,HYBRID_PROTOTYPE,SCORE_AND_GAP,0.3,0.08,0,146,0.0,,0
E5_STATIC_QDQ_S8S8_PER_TENSOR,HYBRID_PROTOTYPE,SCORE_AND_GAP,0.3,0.1,0,146,0.0,,0
E5_STATIC_QDQ_S8S8_PER_TENSOR,HYBRID_PROTOTYPE,SCORE_AND_GAP,0.3,0.12,0,146,0.0,,0
E5_STATIC_QDQ_S8S8_PER_TENSOR,HYBRID_PROTOTYPE,SCORE_AND_GAP,0.3,0.15,0,146,0.0,,0
E5_STATIC_QDQ_S8S8_PER_TENSOR,HYBRID_PROTOTYPE,SCORE_AND_GAP,0.3,0.2,0,146,0.0,,0
E5_STATIC_QDQ_S8S8_PER_TENSOR,HYBRID_PROTOTYPE,SCORE_AND_GAP,0.35,0.01,7,139,4.794520547945205,0.8571428571428571,1
E5_STATIC_QDQ_S8S8_PER_TENSOR,HYBRID_PROTOTYPE,SCORE_AND_GAP,0.35,0.02,0,146,0.0,,0
E5_STATIC_QDQ_S8S8_PER_TENSOR,HYBRID_PROTOTYPE,SCORE_AND_GAP,0.35,0.03,0,146,0.0,,0
E5_STATIC_QDQ_S8S8_PER_TENSOR,HYBRID_PROTOTYPE,SCORE_AND_GAP,0.35,0.04,0,146,0.0,,0
E5_STATIC_QDQ_S8S8_PER_TENSOR,HYBRID_PROTOTYPE,SCORE_AND_GAP,0.35,0.05,0,146,0.0,,0
E5_STATIC_QDQ_S8S8_PER_TENSOR,HYBRID_PROTOTYPE,SCORE_AND_GAP,0.35,0.06,0,146,0.0,,0
E5_STATIC_QDQ_S8S8_PER_TENSOR,HYBRID_PROTOTYPE,SCORE_AND_GAP,0.35,0.08,0,146,0.0,,0
E5_STATIC_QDQ_S8S8_PER_TENSOR,HYBRID_PROTOTYPE,SCORE_AND_GAP,0.35,0.1,0,146,0.0,,0
E5_STATIC_QDQ_S8S8_PER_TENSOR,HYBRID_PROTOTYPE,SCORE_AND_GAP,0.35,0.12,0,146,0.0,,0
E5_STATIC_QDQ_S8S8_PER_TENSOR,HYBRID_PROTOTYPE,SCORE_AND_GAP,0.35,0.15,0,146,0.0,,0
E5_STATIC_QDQ_S8S8_PER_TENSOR,HYBRID_PROTOTYPE,SCORE_AND_GAP,0.35,0.2,0,146,0.0,,0
E5_STATIC_QDQ_S8S8_PER_TENSOR,HYBRID_PROTOTYPE,SCORE_AND_GAP,0.4,0.01,7,139,4.794520547945205,0.8571428571428571,1
E5_STATIC_QDQ_S8S8_PER_TENSOR,HYBRID_PROTOTYPE,SCORE_AND_GAP,0.4,0.02,0,146,0.0,,0
E5_STATIC_QDQ_S8S8_PER_TENSOR,HYBRID_PROTOTYPE,SCORE_AND_GAP,0.4,0.03,0,146,0.0,,0
E5_STATIC_QDQ_S8S8_PER_TENSOR,HYBRID_PROTOTYPE,SCORE_AND_GAP,0.4,0.04,0,146,0.0,,0
E5_STATIC_QDQ_S8S8_PER_TENSOR,HYBRID_PROTOTYPE,SCORE_AND_GAP,0.4,0.05,0,146,0.0,,0
E5_STATIC_QDQ_S8S8_PER_TENSOR,HYBRID_PROTOTYPE,SCORE_AND_GAP,0.4,0.06,0,146,0.0,,0
E5_STATIC_QDQ_S8S8_PER_TENSOR,HYBRID_PROTOTYPE,SCORE_AND_GAP,0.4,0.08,0,146,0.0,,0
E5_STATIC_QDQ_S8S8_PER_TENSOR,HYBRID_PROTOTYPE,SCORE_AND_GAP,0.4,0.1,0,146,0.0,,0
E5_STATIC_QDQ_S8S8_PER_TENSOR,HYBRID_PROTOTYPE,SCORE_AND_GAP,0.4,0.12,0,146,0.0,,0
E5_STATIC_QDQ_S8S8_PER_TENSOR,HYBRID_PROTOTYPE,SCORE_AND_GAP,0.4,0.15,0,146,0.0,,0
E5_STATIC_QDQ_S8S8_PER_TENSOR,HYBRID_PROTOTYPE,SCORE_AND_GAP,0.4,0.2,0,146,0.0,,0
E5_STATIC_QDQ_S8S8_PER_TENSOR,HYBRID_PROTOTYPE,SCORE_AND_GAP,0.45,0.01,7,139,4.794520547945205,0.8571428571428571,1
E5_STATIC_QDQ_S8S8_PER_TENSOR,HYBRID_PROTOTYPE,SCORE_AND_GAP,0.45,0.02,0,146,0.0,,0
E5_STATIC_QDQ_S8S8_PER_TENSOR,HYBRID_PROTOTYPE,SCORE_AND_GAP,0.45,0.03,0,146,0.0,,0
E5_STATIC_QDQ_S8S8_PER_TENSOR,HYBRID_PROTOTYPE,SCORE_AND_GAP,0.45,0.04,0,146,0.0,,0
E5_STATIC_QDQ_S8S8_PER_TENSOR,HYBRID_PROTOTYPE,SCORE_AND_GAP,0.45,0.05,0,146,0.0,,0
E5_STATIC_QDQ_S8S8_PER_TENSOR,HYBRID_PROTOTYPE,SCORE_AND_GAP,0.45,0.06,0,146,0.0,,0
E5_STATIC_QDQ_S8S8_PER_TENSOR,HYBRID_PROTOTYPE,SCORE_AND_GAP,0.45,0.08,0,146,0.0,,0
E5_STATIC_QDQ_S8S8_PER_TENSOR,HYBRID_PROTOTYPE,SCORE_AND_GAP,0.45,0.1,0,146,0.0,,0
E5_STATIC_QDQ_S8S8_PER_TENSOR,HYBRID_PROTOTYPE,SCORE_AND_GAP,0.45,0.12,0,146,0.0,,0
E5_STATIC_QDQ_S8S8_PER_TENSOR,HYBRID_PROTOTYPE,SCORE_AND_GAP,0.45,0.15,0,146,0.0,,0
E5_STATIC_QDQ_S8S8_PER_TENSOR,HYBRID_PROTOTYPE,SCORE_AND_GAP,0.45,0.2,0,146,0.0,,0
E5_STATIC_QDQ_S8S8_PER_TENSOR,HYBRID_PROTOTYPE,SCORE_AND_GAP,0.5,0.01,7,139,4.794520547945205,0.8571428571428571,1
E5_STATIC_QDQ_S8S8_PER_TENSOR,HYBRID_PROTOTYPE,SCORE_AND_GAP,0.5,0.02,0,146,0.0,,0
E5_STATIC_QDQ_S8S8_PER_TENSOR,HYBRID_PROTOTYPE,SCORE_AND_GAP,0.5,0.03,0,146,0.0,,0
E5_STATIC_QDQ_S8S8_PER_TENSOR,HYBRID_PROTOTYPE,SCORE_AND_GAP,0.5,0.04,0,146,0.0,,0
E5_STATIC_QDQ_S8S8_PER_TENSOR,HYBRID_PROTOTYPE,SCORE_AND_GAP,0.5,0.05,0,146,0.0,,0
E5_STATIC_QDQ_S8S8_PER_TENSOR,HYBRID_PROTOTYPE,SCORE_AND_GAP,0.5,0.06,0,146,0.0,,0
E5_STATIC_QDQ_S8S8_PER_TENSOR,HYBRID_PROTOTYPE,SCORE_AND_GAP,0.5,0.08,0,146,0.0,,0
E5_STATIC_QDQ_S8S8_PER_TENSOR,HYBRID_PROTOTYPE,SCORE_AND_GAP,0.5,0.1,0,146,0.0,,0
E5_STATIC_QDQ_S8S8_PER_TENSOR,HYBRID_PROTOTYPE,SCORE_AND_GAP,0.5,0.12,0,146,0.0,,0
E5_STATIC_QDQ_S8S8_PER_TENSOR,HYBRID_PROTOTYPE,SCORE_AND_GAP,0.5,0.15,0,146,0.0,,0
E5_STATIC_QDQ_S8S8_PER_TENSOR,HYBRID_PROTOTYPE,SCORE_AND_GAP,0.5,0.2,0,146,0.0,,0
E5_STATIC_QDQ_S8S8_PER_TENSOR,HYBRID_PROTOTYPE,SCORE_AND_GAP,0.55,0.01,7,139,4.794520547945205,0.8571428571428571,1
E5_STATIC_QDQ_S8S8_PER_TENSOR,HYBRID_PROTOTYPE,SCORE_AND_GAP,0.55,0.02,0,146,0.0,,0
E5_STATIC_QDQ_S8S8_PER_TENSOR,HYBRID_PROTOTYPE,SCORE_AND_GAP,0.55,0.03,0,146,0.0,,0
E5_STATIC_QDQ_S8S8_PER_TENSOR,HYBRID_PROTOTYPE,SCORE_AND_GAP,0.55,0.04,0,146,0.0,,0
E5_STATIC_QDQ_S8S8_PER_TENSOR,HYBRID_PROTOTYPE,SCORE_AND_GAP,0.55,0.05,0,146,0.0,,0
E5_STATIC_QDQ_S8S8_PER_TENSOR,HYBRID_PROTOTYPE,SCORE_AND_GAP,0.55,0.06,0,146,0.0,,0
E5_STATIC_QDQ_S8S8_PER_TENSOR,HYBRID_PROTOTYPE,SCORE_AND_GAP,0.55,0.08,0,146,0.0,,0
E5_STATIC_QDQ_S8S8_PER_TENSOR,HYBRID_PROTOTYPE,SCORE_AND_GAP,0.55,0.1,0,146,0.0,,0
E5_STATIC_QDQ_S8S8_PER_TENSOR,HYBRID_PROTOTYPE,SCORE_AND_GAP,0.55,0.12,0,146,0.0,,0
E5_STATIC_QDQ_S8S8_PER_TENSOR,HYBRID_PROTOTYPE,SCORE_AND_GAP,0.55,0.15,0,146,0.0,,0
E5_STATIC_QDQ_S8S8_PER_TENSOR,HYBRID_PROTOTYPE,SCORE_AND_GAP,0.55,0.2,0,146,0.0,,0
E5_STATIC_QDQ_S8S8_PER_TENSOR,HYBRID_PROTOTYPE,SCORE_AND_GAP,0.6,0.01,7,139,4.794520547945205,0.8571428571428571,1
E5_STATIC_QDQ_S8S8_PER_TENSOR,HYBRID_PROTOTYPE,SCORE_AND_GAP,0.6,0.02,0,146,0.0,,0
E5_STATIC_QDQ_S8S8_PER_TENSOR,HYBRID_PROTOTYPE,SCORE_AND_GAP,0.6,0.03,0,146,0.0,,0
E5_STATIC_QDQ_S8S8_PER_TENSOR,HYBRID_PROTOTYPE,SCORE_AND_GAP,0.6,0.04,0,146,0.0,,0
E5_STATIC_QDQ_S8S8_PER_TENSOR,HYBRID_PROTOTYPE,SCORE_AND_GAP,0.6,0.05,0,146,0.0,,0
E5_STATIC_QDQ_S8S8_PER_TENSOR,HYBRID_PROTOTYPE,SCORE_AND_GAP,0.6,0.06,0,146,0.0,,0
E5_STATIC_QDQ_S8S8_PER_TENSOR,HYBRID_PROTOTYPE,SCORE_AND_GAP,0.6,0.08,0,146,0.0,,0
E5_STATIC_QDQ_S8S8_PER_TENSOR,HYBRID_PROTOTYPE,SCORE_AND_GAP,0.6,0.1,0,146,0.0,,0
E5_STATIC_QDQ_S8S8_PER_TENSOR,HYBRID_PROTOTYPE,SCORE_AND_GAP,0.6,0.12,0,146,0.0,,0
E5_STATIC_QDQ_S8S8_PER_TENSOR,HYBRID_PROTOTYPE,SCORE_AND_GAP,0.6,0.15,0,146,0.0,,0
E5_STATIC_QDQ_S8S8_PER_TENSOR,HYBRID_PROTOTYPE,SCORE_AND_GAP,0.6,0.2,0,146,0.0,,0
E5_STATIC_QDQ_S8S8_PER_TENSOR,HYBRID_PROTOTYPE,SCORE_AND_GAP,0.65,0.01,7,139,4.794520547945205,0.8571428571428571,1
E5_STATIC_QDQ_S8S8_PER_TENSOR,HYBRID_PROTOTYPE,SCORE_AND_GAP,0.65,0.02,0,146,0.0,,0
E5_STATIC_QDQ_S8S8_PER_TENSOR,HYBRID_PROTOTYPE,SCORE_AND_GAP,0.65,0.03,0,146,0.0,,0
E5_STATIC_QDQ_S8S8_PER_TENSOR,HYBRID_PROTOTYPE,SCORE_AND_GAP,0.65,0.04,0,146,0.0,,0
E5_STATIC_QDQ_S8S8_PER_TENSOR,HYBRID_PROTOTYPE,SCORE_AND_GAP,0.65,0.05,0,146,0.0,,0
E5_STATIC_QDQ_S8S8_PER_TENSOR,HYBRID_PROTOTYPE,SCORE_AND_GAP,0.65,0.06,0,146,0.0,,0
E5_STATIC_QDQ_S8S8_PER_TENSOR,HYBRID_PROTOTYPE,SCORE_AND_GAP,0.65,0.08,0,146,0.0,,0
E5_STATIC_QDQ_S8S8_PER_TENSOR,HYBRID_PROTOTYPE,SCORE_AND_GAP,0.65,0.1,0,146,0.0,,0
E5_STATIC_QDQ_S8S8_PER_TENSOR,HYBRID_PROTOTYPE,SCORE_AND_GAP,0.65,0.12,0,146,0.0,,0
E5_STATIC_QDQ_S8S8_PER_TENSOR,HYBRID_PROTOTYPE,SCORE_AND_GAP,0.65,0.15,0,146,0.0,,0
E5_STATIC_QDQ_S8S8_PER_TENSOR,HYBRID_PROTOTYPE,SCORE_AND_GAP,0.65,0.2,0,146,0.0,,0
E5_STATIC_QDQ_S8S8_PER_TENSOR,HYBRID_PROTOTYPE,SCORE_AND_GAP,0.7,0.01,7,139,4.794520547945205,0.8571428571428571,1
E5_STATIC_QDQ_S8S8_PER_TENSOR,HYBRID_PROTOTYPE,SCORE_AND_GAP,0.7,0.02,0,146,0.0,,0
E5_STATIC_QDQ_S8S8_PER_TENSOR,HYBRID_PROTOTYPE,SCORE_AND_GAP,0.7,0.03,0,146,0.0,,0
E5_STATIC_QDQ_S8S8_PER_TENSOR,HYBRID_PROTOTYPE,SCORE_AND_GAP,0.7,0.04,0,146,0.0,,0
E5_STATIC_QDQ_S8S8_PER_TENSOR,HYBRID_PROTOTYPE,SCORE_AND_GAP,0.7,0.05,0,146,0.0,,0
E5_STATIC_QDQ_S8S8_PER_TENSOR,HYBRID_PROTOTYPE,SCORE_AND_GAP,0.7,0.06,0,146,0.0,,0
E5_STATIC_QDQ_S8S8_PER_TENSOR,HYBRID_PROTOTYPE,SCORE_AND_GAP,0.7,0.08,0,146,0.0,,0
E5_STATIC_QDQ_S8S8_PER_TENSOR,HYBRID_PROTOTYPE,SCORE_AND_GAP,0.7,0.1,0,146,0.0,,0
E5_STATIC_QDQ_S8S8_PER_TENSOR,HYBRID_PROTOTYPE,SCORE_AND_GAP,0.7,0.12,0,146,0.0,,0
E5_STATIC_QDQ_S8S8_PER_TENSOR,HYBRID_PROTOTYPE,SCORE_AND_GAP,0.7,0.15,0,146,0.0,,0
E5_STATIC_QDQ_S8S8_PER_TENSOR,HYBRID_PROTOTYPE,SCORE_AND_GAP,0.7,0.2,0,146,0.0,,0
E5_STATIC_QDQ_S8S8_PER_TENSOR,HYBRID_PROTOTYPE,SCORE_AND_GAP,0.75,0.01,7,139,4.794520547945205,0.8571428571428571,1
E5_STATIC_QDQ_S8S8_PER_TENSOR,HYBRID_PROTOTYPE,SCORE_AND_GAP,0.75,0.02,0,146,0.0,,0
E5_STATIC_QDQ_S8S8_PER_TENSOR,HYBRID_PROTOTYPE,SCORE_AND_GAP,0.75,0.03,0,146,0.0,,0
E5_STATIC_QDQ_S8S8_PER_TENSOR,HYBRID_PROTOTYPE,SCORE_AND_GAP,0.75,0.04,0,146,0.0,,0
E5_STATIC_QDQ_S8S8_PER_TENSOR,HYBRID_PROTOTYPE,SCORE_AND_GAP,0.75,0.05,0,146,0.0,,0
E5_STATIC_QDQ_S8S8_PER_TENSOR,HYBRID_PROTOTYPE,SCORE_AND_GAP,0.75,0.06,0,146,0.0,,0
E5_STATIC_QDQ_S8S8_PER_TENSOR,HYBRID_PROTOTYPE,SCORE_AND_GAP,0.75,0.08,0,146,0.0,,0
E5_STATIC_QDQ_S8S8_PER_TENSOR,HYBRID_PROTOTYPE,SCORE_AND_GAP,0.75,0.1,0,146,0.0,,0
E5_STATIC_QDQ_S8S8_PER_TENSOR,HYBRID_PROTOTYPE,SCORE_AND_GAP,0.75,0.12,0,146,0.0,,0
E5_STATIC_QDQ_S8S8_PER_TENSOR,HYBRID_PROTOTYPE,SCORE_AND_GAP,0.75,0.15,0,146,0.0,,0
E5_STATIC_QDQ_S8S8_PER_TENSOR,HYBRID_PROTOTYPE,SCORE_AND_GAP,0.75,0.2,0,146,0.0,,0
E5_STATIC_QDQ_S8S8_PER_TENSOR,HYBRID_PROTOTYPE,SCORE_AND_GAP,0.8,0.01,7,139,4.794520547945205,0.8571428571428571,1
E5_STATIC_QDQ_S8S8_PER_TENSOR,HYBRID_PROTOTYPE,SCORE_AND_GAP,0.8,0.02,0,146,0.0,,0
E5_STATIC_QDQ_S8S8_PER_TENSOR,HYBRID_PROTOTYPE,SCORE_AND_GAP,0.8,0.03,0,146,0.0,,0
E5_STATIC_QDQ_S8S8_PER_TENSOR,HYBRID_PROTOTYPE,SCORE_AND_GAP,0.8,0.04,0,146,0.0,,0
E5_STATIC_QDQ_S8S8_PER_TENSOR,HYBRID_PROTOTYPE,SCORE_AND_GAP,0.8,0.05,0,146,0.0,,0
E5_STATIC_QDQ_S8S8_PER_TENSOR,HYBRID_PROTOTYPE,SCORE_AND_GAP,0.8,0.06,0,146,0.0,,0
E5_STATIC_QDQ_S8S8_PER_TENSOR,HYBRID_PROTOTYPE,SCORE_AND_GAP,0.8,0.08,0,146,0.0,,0
E5_STATIC_QDQ_S8S8_PER_TENSOR,HYBRID_PROTOTYPE,SCORE_AND_GAP,0.8,0.1,0,146,0.0,,0
E5_STATIC_QDQ_S8S8_PER_TENSOR,HYBRID_PROTOTYPE,SCORE_AND_GAP,0.8,0.12,0,146,0.0,,0
E5_STATIC_QDQ_S8S8_PER_TENSOR,HYBRID_PROTOTYPE,SCORE_AND_GAP,0.8,0.15,0,146,0.0,,0
E5_STATIC_QDQ_S8S8_PER_TENSOR,HYBRID_PROTOTYPE,SCORE_AND_GAP,0.8,0.2,0,146,0.0,,0
E5_STATIC_QDQ_S8S8_PER_TENSOR,HYBRID_PROTOTYPE,SCORE_AND_GAP,0.85,0.01,7,139,4.794520547945205,0.8571428571428571,1
E5_STATIC_QDQ_S8S8_PER_TENSOR,HYBRID_PROTOTYPE,SCORE_AND_GAP,0.85,0.02,0,146,0.0,,0
E5_STATIC_QDQ_S8S8_PER_TENSOR,HYBRID_PROTOTYPE,SCORE_AND_GAP,0.85,0.03,0,146,0.0,,0
E5_STATIC_QDQ_S8S8_PER_TENSOR,HYBRID_PROTOTYPE,SCORE_AND_GAP,0.85,0.04,0,146,0.0,,0
E5_STATIC_QDQ_S8S8_PER_TENSOR,HYBRID_PROTOTYPE,SCORE_AND_GAP,0.85,0.05,0,146,0.0,,0
E5_STATIC_QDQ_S8S8_PER_TENSOR,HYBRID_PROTOTYPE,SCORE_AND_GAP,0.85,0.06,0,146,0.0,,0
E5_STATIC_QDQ_S8S8_PER_TENSOR,HYBRID_PROTOTYPE,SCORE_AND_GAP,0.85,0.08,0,146,0.0,,0
E5_STATIC_QDQ_S8S8_PER_TENSOR,HYBRID_PROTOTYPE,SCORE_AND_GAP,0.85,0.1,0,146,0.0,,0
E5_STATIC_QDQ_S8S8_PER_TENSOR,HYBRID_PROTOTYPE,SCORE_AND_GAP,0.85,0.12,0,146,0.0,,0
E5_STATIC_QDQ_S8S8_PER_TENSOR,HYBRID_PROTOTYPE,SCORE_AND_GAP,0.85,0.15,0,146,0.0,,0
E5_STATIC_QDQ_S8S8_PER_TENSOR,HYBRID_PROTOTYPE,SCORE_AND_GAP,0.85,0.2,0,146,0.0,,0
E5_STATIC_QDQ_S8S8_PER_TENSOR,HYBRID_PROTOTYPE,SCORE_AND_GAP,0.9,0.01,5,141,3.4246575342465753,0.8,1
E5_STATIC_QDQ_S8S8_PER_TENSOR,HYBRID_PROTOTYPE,SCORE_AND_GAP,0.9,0.02,0,146,0.0,,0
E5_STATIC_QDQ_S8S8_PER_TENSOR,HYBRID_PROTOTYPE,SCORE_AND_GAP,0.9,0.03,0,146,0.0,,0
E5_STATIC_QDQ_S8S8_PER_TENSOR,HYBRID_PROTOTYPE,SCORE_AND_GAP,0.9,0.04,0,146,0.0,,0
E5_STATIC_QDQ_S8S8_PER_TENSOR,HYBRID_PROTOTYPE,SCORE_AND_GAP,0.9,0.05,0,146,0.0,,0
E5_STATIC_QDQ_S8S8_PER_TENSOR,HYBRID_PROTOTYPE,SCORE_AND_GAP,0.9,0.06,0,146,0.0,,0
E5_STATIC_QDQ_S8S8_PER_TENSOR,HYBRID_PROTOTYPE,SCORE_AND_GAP,0.9,0.08,0,146,0.0,,0
E5_STATIC_QDQ_S8S8_PER_TENSOR,HYBRID_PROTOTYPE,SCORE_AND_GAP,0.9,0.1,0,146,0.0,,0
E5_STATIC_QDQ_S8S8_PER_TENSOR,HYBRID_PROTOTYPE,SCORE_AND_GAP,0.9,0.12,0,146,0.0,,0
E5_STATIC_QDQ_S8S8_PER_TENSOR,HYBRID_PROTOTYPE,SCORE_AND_GAP,0.9,0.15,0,146,0.0,,0
E5_STATIC_QDQ_S8S8_PER_TENSOR,HYBRID_PROTOTYPE,SCORE_AND_GAP,0.9,0.2,0,146,0.0,,0
E5_STATIC_QDQ_S8S8_PER_CHANNEL,HYBRID_PROTOTYPE,GAP_ONLY,,0.01,3,143,2.0547945205479454,1.0,0
E5_STATIC_QDQ_S8S8_PER_CHANNEL,HYBRID_PROTOTYPE,GAP_ONLY,,0.02,0,146,0.0,,0
E5_STATIC_QDQ_S8S8_PER_CHANNEL,HYBRID_PROTOTYPE,GAP_ONLY,,0.03,0,146,0.0,,0
E5_STATIC_QDQ_S8S8_PER_CHANNEL,HYBRID_PROTOTYPE,GAP_ONLY,,0.04,0,146,0.0,,0
E5_STATIC_QDQ_S8S8_PER_CHANNEL,HYBRID_PROTOTYPE,GAP_ONLY,,0.05,0,146,0.0,,0
E5_STATIC_QDQ_S8S8_PER_CHANNEL,HYBRID_PROTOTYPE,GAP_ONLY,,0.06,0,146,0.0,,0
E5_STATIC_QDQ_S8S8_PER_CHANNEL,HYBRID_PROTOTYPE,GAP_ONLY,,0.08,0,146,0.0,,0
E5_STATIC_QDQ_S8S8_PER_CHANNEL,HYBRID_PROTOTYPE,GAP_ONLY,,0.1,0,146,0.0,,0
E5_STATIC_QDQ_S8S8_PER_CHANNEL,HYBRID_PROTOTYPE,GAP_ONLY,,0.12,0,146,0.0,,0
E5_STATIC_QDQ_S8S8_PER_CHANNEL,HYBRID_PROTOTYPE,GAP_ONLY,,0.15,0,146,0.0,,0
E5_STATIC_QDQ_S8S8_PER_CHANNEL,HYBRID_PROTOTYPE,GAP_ONLY,,0.2,0,146,0.0,,0
E5_STATIC_QDQ_S8S8_PER_CHANNEL,HYBRID_PROTOTYPE,SCORE_AND_GAP,0.2,0.01,3,143,2.0547945205479454,1.0,0
E5_STATIC_QDQ_S8S8_PER_CHANNEL,HYBRID_PROTOTYPE,SCORE_AND_GAP,0.2,0.02,0,146,0.0,,0
E5_STATIC_QDQ_S8S8_PER_CHANNEL,HYBRID_PROTOTYPE,SCORE_AND_GAP,0.2,0.03,0,146,0.0,,0
E5_STATIC_QDQ_S8S8_PER_CHANNEL,HYBRID_PROTOTYPE,SCORE_AND_GAP,0.2,0.04,0,146,0.0,,0
E5_STATIC_QDQ_S8S8_PER_CHANNEL,HYBRID_PROTOTYPE,SCORE_AND_GAP,0.2,0.05,0,146,0.0,,0
E5_STATIC_QDQ_S8S8_PER_CHANNEL,HYBRID_PROTOTYPE,SCORE_AND_GAP,0.2,0.06,0,146,0.0,,0
E5_STATIC_QDQ_S8S8_PER_CHANNEL,HYBRID_PROTOTYPE,SCORE_AND_GAP,0.2,0.08,0,146,0.0,,0
E5_STATIC_QDQ_S8S8_PER_CHANNEL,HYBRID_PROTOTYPE,SCORE_AND_GAP,0.2,0.1,0,146,0.0,,0
E5_STATIC_QDQ_S8S8_PER_CHANNEL,HYBRID_PROTOTYPE,SCORE_AND_GAP,0.2,0.12,0,146,0.0,,0
E5_STATIC_QDQ_S8S8_PER_CHANNEL,HYBRID_PROTOTYPE,SCORE_AND_GAP,0.2,0.15,0,146,0.0,,0
E5_STATIC_QDQ_S8S8_PER_CHANNEL,HYBRID_PROTOTYPE,SCORE_AND_GAP,0.2,0.2,0,146,0.0,,0
E5_STATIC_QDQ_S8S8_PER_CHANNEL,HYBRID_PROTOTYPE,SCORE_AND_GAP,0.25,0.01,3,143,2.0547945205479454,1.0,0
E5_STATIC_QDQ_S8S8_PER_CHANNEL,HYBRID_PROTOTYPE,SCORE_AND_GAP,0.25,0.02,0,146,0.0,,0
E5_STATIC_QDQ_S8S8_PER_CHANNEL,HYBRID_PROTOTYPE,SCORE_AND_GAP,0.25,0.03,0,146,0.0,,0
E5_STATIC_QDQ_S8S8_PER_CHANNEL,HYBRID_PROTOTYPE,SCORE_AND_GAP,0.25,0.04,0,146,0.0,,0
E5_STATIC_QDQ_S8S8_PER_CHANNEL,HYBRID_PROTOTYPE,SCORE_AND_GAP,0.25,0.05,0,146,0.0,,0
E5_STATIC_QDQ_S8S8_PER_CHANNEL,HYBRID_PROTOTYPE,SCORE_AND_GAP,0.25,0.06,0,146,0.0,,0
E5_STATIC_QDQ_S8S8_PER_CHANNEL,HYBRID_PROTOTYPE,SCORE_AND_GAP,0.25,0.08,0,146,0.0,,0
E5_STATIC_QDQ_S8S8_PER_CHANNEL,HYBRID_PROTOTYPE,SCORE_AND_GAP,0.25,0.1,0,146,0.0,,0
E5_STATIC_QDQ_S8S8_PER_CHANNEL,HYBRID_PROTOTYPE,SCORE_AND_GAP,0.25,0.12,0,146,0.0,,0
E5_STATIC_QDQ_S8S8_PER_CHANNEL,HYBRID_PROTOTYPE,SCORE_AND_GAP,0.25,0.15,0,146,0.0,,0
E5_STATIC_QDQ_S8S8_PER_CHANNEL,HYBRID_PROTOTYPE,SCORE_AND_GAP,0.25,0.2,0,146,0.0,,0
E5_STATIC_QDQ_S8S8_PER_CHANNEL,HYBRID_PROTOTYPE,SCORE_AND_GAP,0.3,0.01,3,143,2.0547945205479454,1.0,0
E5_STATIC_QDQ_S8S8_PER_CHANNEL,HYBRID_PROTOTYPE,SCORE_AND_GAP,0.3,0.02,0,146,0.0,,0
E5_STATIC_QDQ_S8S8_PER_CHANNEL,HYBRID_PROTOTYPE,SCORE_AND_GAP,0.3,0.03,0,146,0.0,,0
E5_STATIC_QDQ_S8S8_PER_CHANNEL,HYBRID_PROTOTYPE,SCORE_AND_GAP,0.3,0.04,0,146,0.0,,0
E5_STATIC_QDQ_S8S8_PER_CHANNEL,HYBRID_PROTOTYPE,SCORE_AND_GAP,0.3,0.05,0,146,0.0,,0
E5_STATIC_QDQ_S8S8_PER_CHANNEL,HYBRID_PROTOTYPE,SCORE_AND_GAP,0.3,0.06,0,146,0.0,,0
E5_STATIC_QDQ_S8S8_PER_CHANNEL,HYBRID_PROTOTYPE,SCORE_AND_GAP,0.3,0.08,0,146,0.0,,0
E5_STATIC_QDQ_S8S8_PER_CHANNEL,HYBRID_PROTOTYPE,SCORE_AND_GAP,0.3,0.1,0,146,0.0,,0
E5_STATIC_QDQ_S8S8_PER_CHANNEL,HYBRID_PROTOTYPE,SCORE_AND_GAP,0.3,0.12,0,146,0.0,,0
E5_STATIC_QDQ_S8S8_PER_CHANNEL,HYBRID_PROTOTYPE,SCORE_AND_GAP,0.3,0.15,0,146,0.0,,0
E5_STATIC_QDQ_S8S8_PER_CHANNEL,HYBRID_PROTOTYPE,SCORE_AND_GAP,0.3,0.2,0,146,0.0,,0
E5_STATIC_QDQ_S8S8_PER_CHANNEL,HYBRID_PROTOTYPE,SCORE_AND_GAP,0.35,0.01,3,143,2.0547945205479454,1.0,0
E5_STATIC_QDQ_S8S8_PER_CHANNEL,HYBRID_PROTOTYPE,SCORE_AND_GAP,0.35,0.02,0,146,0.0,,0
E5_STATIC_QDQ_S8S8_PER_CHANNEL,HYBRID_PROTOTYPE,SCORE_AND_GAP,0.35,0.03,0,146,0.0,,0
E5_STATIC_QDQ_S8S8_PER_CHANNEL,HYBRID_PROTOTYPE,SCORE_AND_GAP,0.35,0.04,0,146,0.0,,0
E5_STATIC_QDQ_S8S8_PER_CHANNEL,HYBRID_PROTOTYPE,SCORE_AND_GAP,0.35,0.05,0,146,0.0,,0
E5_STATIC_QDQ_S8S8_PER_CHANNEL,HYBRID_PROTOTYPE,SCORE_AND_GAP,0.35,0.06,0,146,0.0,,0
E5_STATIC_QDQ_S8S8_PER_CHANNEL,HYBRID_PROTOTYPE,SCORE_AND_GAP,0.35,0.08,0,146,0.0,,0
E5_STATIC_QDQ_S8S8_PER_CHANNEL,HYBRID_PROTOTYPE,SCORE_AND_GAP,0.35,0.1,0,146,0.0,,0
E5_STATIC_QDQ_S8S8_PER_CHANNEL,HYBRID_PROTOTYPE,SCORE_AND_GAP,0.35,0.12,0,146,0.0,,0
E5_STATIC_QDQ_S8S8_PER_CHANNEL,HYBRID_PROTOTYPE,SCORE_AND_GAP,0.35,0.15,0,146,0.0,,0
E5_STATIC_QDQ_S8S8_PER_CHANNEL,HYBRID_PROTOTYPE,SCORE_AND_GAP,0.35,0.2,0,146,0.0,,0
E5_STATIC_QDQ_S8S8_PER_CHANNEL,HYBRID_PROTOTYPE,SCORE_AND_GAP,0.4,0.01,3,143,2.0547945205479454,1.0,0
E5_STATIC_QDQ_S8S8_PER_CHANNEL,HYBRID_PROTOTYPE,SCORE_AND_GAP,0.4,0.02,0,146,0.0,,0
E5_STATIC_QDQ_S8S8_PER_CHANNEL,HYBRID_PROTOTYPE,SCORE_AND_GAP,0.4,0.03,0,146,0.0,,0
E5_STATIC_QDQ_S8S8_PER_CHANNEL,HYBRID_PROTOTYPE,SCORE_AND_GAP,0.4,0.04,0,146,0.0,,0
E5_STATIC_QDQ_S8S8_PER_CHANNEL,HYBRID_PROTOTYPE,SCORE_AND_GAP,0.4,0.05,0,146,0.0,,0
E5_STATIC_QDQ_S8S8_PER_CHANNEL,HYBRID_PROTOTYPE,SCORE_AND_GAP,0.4,0.06,0,146,0.0,,0
E5_STATIC_QDQ_S8S8_PER_CHANNEL,HYBRID_PROTOTYPE,SCORE_AND_GAP,0.4,0.08,0,146,0.0,,0
E5_STATIC_QDQ_S8S8_PER_CHANNEL,HYBRID_PROTOTYPE,SCORE_AND_GAP,0.4,0.1,0,146,0.0,,0
E5_STATIC_QDQ_S8S8_PER_CHANNEL,HYBRID_PROTOTYPE,SCORE_AND_GAP,0.4,0.12,0,146,0.0,,0
E5_STATIC_QDQ_S8S8_PER_CHANNEL,HYBRID_PROTOTYPE,SCORE_AND_GAP,0.4,0.15,0,146,0.0,,0
E5_STATIC_QDQ_S8S8_PER_CHANNEL,HYBRID_PROTOTYPE,SCORE_AND_GAP,0.4,0.2,0,146,0.0,,0
E5_STATIC_QDQ_S8S8_PER_CHANNEL,HYBRID_PROTOTYPE,SCORE_AND_GAP,0.45,0.01,3,143,2.0547945205479454,1.0,0
E5_STATIC_QDQ_S8S8_PER_CHANNEL,HYBRID_PROTOTYPE,SCORE_AND_GAP,0.45,0.02,0,146,0.0,,0
E5_STATIC_QDQ_S8S8_PER_CHANNEL,HYBRID_PROTOTYPE,SCORE_AND_GAP,0.45,0.03,0,146,0.0,,0
E5_STATIC_QDQ_S8S8_PER_CHANNEL,HYBRID_PROTOTYPE,SCORE_AND_GAP,0.45,0.04,0,146,0.0,,0
E5_STATIC_QDQ_S8S8_PER_CHANNEL,HYBRID_PROTOTYPE,SCORE_AND_GAP,0.45,0.05,0,146,0.0,,0
E5_STATIC_QDQ_S8S8_PER_CHANNEL,HYBRID_PROTOTYPE,SCORE_AND_GAP,0.45,0.06,0,146,0.0,,0
E5_STATIC_QDQ_S8S8_PER_CHANNEL,HYBRID_PROTOTYPE,SCORE_AND_GAP,0.45,0.08,0,146,0.0,,0
E5_STATIC_QDQ_S8S8_PER_CHANNEL,HYBRID_PROTOTYPE,SCORE_AND_GAP,0.45,0.1,0,146,0.0,,0
E5_STATIC_QDQ_S8S8_PER_CHANNEL,HYBRID_PROTOTYPE,SCORE_AND_GAP,0.45,0.12,0,146,0.0,,0
E5_STATIC_QDQ_S8S8_PER_CHANNEL,HYBRID_PROTOTYPE,SCORE_AND_GAP,0.45,0.15,0,146,0.0,,0
E5_STATIC_QDQ_S8S8_PER_CHANNEL,HYBRID_PROTOTYPE,SCORE_AND_GAP,0.45,0.2,0,146,0.0,,0
E5_STATIC_QDQ_S8S8_PER_CHANNEL,HYBRID_PROTOTYPE,SCORE_AND_GAP,0.5,0.01,3,143,2.0547945205479454,1.0,0
E5_STATIC_QDQ_S8S8_PER_CHANNEL,HYBRID_PROTOTYPE,SCORE_AND_GAP,0.5,0.02,0,146,0.0,,0
E5_STATIC_QDQ_S8S8_PER_CHANNEL,HYBRID_PROTOTYPE,SCORE_AND_GAP,0.5,0.03,0,146,0.0,,0
E5_STATIC_QDQ_S8S8_PER_CHANNEL,HYBRID_PROTOTYPE,SCORE_AND_GAP,0.5,0.04,0,146,0.0,,0
E5_STATIC_QDQ_S8S8_PER_CHANNEL,HYBRID_PROTOTYPE,SCORE_AND_GAP,0.5,0.05,0,146,0.0,,0
E5_STATIC_QDQ_S8S8_PER_CHANNEL,HYBRID_PROTOTYPE,SCORE_AND_GAP,0.5,0.06,0,146,0.0,,0
E5_STATIC_QDQ_S8S8_PER_CHANNEL,HYBRID_PROTOTYPE,SCORE_AND_GAP,0.5,0.08,0,146,0.0,,0
E5_STATIC_QDQ_S8S8_PER_CHANNEL,HYBRID_PROTOTYPE,SCORE_AND_GAP,0.5,0.1,0,146,0.0,,0
E5_STATIC_QDQ_S8S8_PER_CHANNEL,HYBRID_PROTOTYPE,SCORE_AND_GAP,0.5,0.12,0,146,0.0,,0
E5_STATIC_QDQ_S8S8_PER_CHANNEL,HYBRID_PROTOTYPE,SCORE_AND_GAP,0.5,0.15,0,146,0.0,,0
E5_STATIC_QDQ_S8S8_PER_CHANNEL,HYBRID_PROTOTYPE,SCORE_AND_GAP,0.5,0.2,0,146,0.0,,0
E5_STATIC_QDQ_S8S8_PER_CHANNEL,HYBRID_PROTOTYPE,SCORE_AND_GAP,0.55,0.01,3,143,2.0547945205479454,1.0,0
E5_STATIC_QDQ_S8S8_PER_CHANNEL,HYBRID_PROTOTYPE,SCORE_AND_GAP,0.55,0.02,0,146,0.0,,0
E5_STATIC_QDQ_S8S8_PER_CHANNEL,HYBRID_PROTOTYPE,SCORE_AND_GAP,0.55,0.03,0,146,0.0,,0
E5_STATIC_QDQ_S8S8_PER_CHANNEL,HYBRID_PROTOTYPE,SCORE_AND_GAP,0.55,0.04,0,146,0.0,,0
E5_STATIC_QDQ_S8S8_PER_CHANNEL,HYBRID_PROTOTYPE,SCORE_AND_GAP,0.55,0.05,0,146,0.0,,0
E5_STATIC_QDQ_S8S8_PER_CHANNEL,HYBRID_PROTOTYPE,SCORE_AND_GAP,0.55,0.06,0,146,0.0,,0
E5_STATIC_QDQ_S8S8_PER_CHANNEL,HYBRID_PROTOTYPE,SCORE_AND_GAP,0.55,0.08,0,146,0.0,,0
E5_STATIC_QDQ_S8S8_PER_CHANNEL,HYBRID_PROTOTYPE,SCORE_AND_GAP,0.55,0.1,0,146,0.0,,0
E5_STATIC_QDQ_S8S8_PER_CHANNEL,HYBRID_PROTOTYPE,SCORE_AND_GAP,0.55,0.12,0,146,0.0,,0
E5_STATIC_QDQ_S8S8_PER_CHANNEL,HYBRID_PROTOTYPE,SCORE_AND_GAP,0.55,0.15,0,146,0.0,,0
E5_STATIC_QDQ_S8S8_PER_CHANNEL,HYBRID_PROTOTYPE,SCORE_AND_GAP,0.55,0.2,0,146,0.0,,0
E5_STATIC_QDQ_S8S8_PER_CHANNEL,HYBRID_PROTOTYPE,SCORE_AND_GAP,0.6,0.01,3,143,2.0547945205479454,1.0,0
E5_STATIC_QDQ_S8S8_PER_CHANNEL,HYBRID_PROTOTYPE,SCORE_AND_GAP,0.6,0.02,0,146,0.0,,0
E5_STATIC_QDQ_S8S8_PER_CHANNEL,HYBRID_PROTOTYPE,SCORE_AND_GAP,0.6,0.03,0,146,0.0,,0
E5_STATIC_QDQ_S8S8_PER_CHANNEL,HYBRID_PROTOTYPE,SCORE_AND_GAP,0.6,0.04,0,146,0.0,,0
E5_STATIC_QDQ_S8S8_PER_CHANNEL,HYBRID_PROTOTYPE,SCORE_AND_GAP,0.6,0.05,0,146,0.0,,0
E5_STATIC_QDQ_S8S8_PER_CHANNEL,HYBRID_PROTOTYPE,SCORE_AND_GAP,0.6,0.06,0,146,0.0,,0
E5_STATIC_QDQ_S8S8_PER_CHANNEL,HYBRID_PROTOTYPE,SCORE_AND_GAP,0.6,0.08,0,146,0.0,,0
E5_STATIC_QDQ_S8S8_PER_CHANNEL,HYBRID_PROTOTYPE,SCORE_AND_GAP,0.6,0.1,0,146,0.0,,0
E5_STATIC_QDQ_S8S8_PER_CHANNEL,HYBRID_PROTOTYPE,SCORE_AND_GAP,0.6,0.12,0,146,0.0,,0
E5_STATIC_QDQ_S8S8_PER_CHANNEL,HYBRID_PROTOTYPE,SCORE_AND_GAP,0.6,0.15,0,146,0.0,,0
E5_STATIC_QDQ_S8S8_PER_CHANNEL,HYBRID_PROTOTYPE,SCORE_AND_GAP,0.6,0.2,0,146,0.0,,0
E5_STATIC_QDQ_S8S8_PER_CHANNEL,HYBRID_PROTOTYPE,SCORE_AND_GAP,0.65,0.01,3,143,2.0547945205479454,1.0,0
E5_STATIC_QDQ_S8S8_PER_CHANNEL,HYBRID_PROTOTYPE,SCORE_AND_GAP,0.65,0.02,0,146,0.0,,0
E5_STATIC_QDQ_S8S8_PER_CHANNEL,HYBRID_PROTOTYPE,SCORE_AND_GAP,0.65,0.03,0,146,0.0,,0
E5_STATIC_QDQ_S8S8_PER_CHANNEL,HYBRID_PROTOTYPE,SCORE_AND_GAP,0.65,0.04,0,146,0.0,,0
E5_STATIC_QDQ_S8S8_PER_CHANNEL,HYBRID_PROTOTYPE,SCORE_AND_GAP,0.65,0.05,0,146,0.0,,0
E5_STATIC_QDQ_S8S8_PER_CHANNEL,HYBRID_PROTOTYPE,SCORE_AND_GAP,0.65,0.06,0,146,0.0,,0
E5_STATIC_QDQ_S8S8_PER_CHANNEL,HYBRID_PROTOTYPE,SCORE_AND_GAP,0.65,0.08,0,146,0.0,,0
E5_STATIC_QDQ_S8S8_PER_CHANNEL,HYBRID_PROTOTYPE,SCORE_AND_GAP,0.65,0.1,0,146,0.0,,0
E5_STATIC_QDQ_S8S8_PER_CHANNEL,HYBRID_PROTOTYPE,SCORE_AND_GAP,0.65,0.12,0,146,0.0,,0
E5_STATIC_QDQ_S8S8_PER_CHANNEL,HYBRID_PROTOTYPE,SCORE_AND_GAP,0.65,0.15,0,146,0.0,,0
E5_STATIC_QDQ_S8S8_PER_CHANNEL,HYBRID_PROTOTYPE,SCORE_AND_GAP,0.65,0.2,0,146,0.0,,0
E5_STATIC_QDQ_S8S8_PER_CHANNEL,HYBRID_PROTOTYPE,SCORE_AND_GAP,0.7,0.01,3,143,2.0547945205479454,1.0,0
E5_STATIC_QDQ_S8S8_PER_CHANNEL,HYBRID_PROTOTYPE,SCORE_AND_GAP,0.7,0.02,0,146,0.0,,0
E5_STATIC_QDQ_S8S8_PER_CHANNEL,HYBRID_PROTOTYPE,SCORE_AND_GAP,0.7,0.03,0,146,0.0,,0
E5_STATIC_QDQ_S8S8_PER_CHANNEL,HYBRID_PROTOTYPE,SCORE_AND_GAP,0.7,0.04,0,146,0.0,,0
E5_STATIC_QDQ_S8S8_PER_CHANNEL,HYBRID_PROTOTYPE,SCORE_AND_GAP,0.7,0.05,0,146,0.0,,0
E5_STATIC_QDQ_S8S8_PER_CHANNEL,HYBRID_PROTOTYPE,SCORE_AND_GAP,0.7,0.06,0,146,0.0,,0
E5_STATIC_QDQ_S8S8_PER_CHANNEL,HYBRID_PROTOTYPE,SCORE_AND_GAP,0.7,0.08,0,146,0.0,,0
E5_STATIC_QDQ_S8S8_PER_CHANNEL,HYBRID_PROTOTYPE,SCORE_AND_GAP,0.7,0.1,0,146,0.0,,0
E5_STATIC_QDQ_S8S8_PER_CHANNEL,HYBRID_PROTOTYPE,SCORE_AND_GAP,0.7,0.12,0,146,0.0,,0
E5_STATIC_QDQ_S8S8_PER_CHANNEL,HYBRID_PROTOTYPE,SCORE_AND_GAP,0.7,0.15,0,146,0.0,,0
E5_STATIC_QDQ_S8S8_PER_CHANNEL,HYBRID_PROTOTYPE,SCORE_AND_GAP,0.7,0.2,0,146,0.0,,0
E5_STATIC_QDQ_S8S8_PER_CHANNEL,HYBRID_PROTOTYPE,SCORE_AND_GAP,0.75,0.01,3,143,2.0547945205479454,1.0,0
E5_STATIC_QDQ_S8S8_PER_CHANNEL,HYBRID_PROTOTYPE,SCORE_AND_GAP,0.75,0.02,0,146,0.0,,0
E5_STATIC_QDQ_S8S8_PER_CHANNEL,HYBRID_PROTOTYPE,SCORE_AND_GAP,0.75,0.03,0,146,0.0,,0
E5_STATIC_QDQ_S8S8_PER_CHANNEL,HYBRID_PROTOTYPE,SCORE_AND_GAP,0.75,0.04,0,146,0.0,,0
E5_STATIC_QDQ_S8S8_PER_CHANNEL,HYBRID_PROTOTYPE,SCORE_AND_GAP,0.75,0.05,0,146,0.0,,0
E5_STATIC_QDQ_S8S8_PER_CHANNEL,HYBRID_PROTOTYPE,SCORE_AND_GAP,0.75,0.06,0,146,0.0,,0
E5_STATIC_QDQ_S8S8_PER_CHANNEL,HYBRID_PROTOTYPE,SCORE_AND_GAP,0.75,0.08,0,146,0.0,,0
E5_STATIC_QDQ_S8S8_PER_CHANNEL,HYBRID_PROTOTYPE,SCORE_AND_GAP,0.75,0.1,0,146,0.0,,0
E5_STATIC_QDQ_S8S8_PER_CHANNEL,HYBRID_PROTOTYPE,SCORE_AND_GAP,0.75,0.12,0,146,0.0,,0
E5_STATIC_QDQ_S8S8_PER_CHANNEL,HYBRID_PROTOTYPE,SCORE_AND_GAP,0.75,0.15,0,146,0.0,,0
E5_STATIC_QDQ_S8S8_PER_CHANNEL,HYBRID_PROTOTYPE,SCORE_AND_GAP,0.75,0.2,0,146,0.0,,0
E5_STATIC_QDQ_S8S8_PER_CHANNEL,HYBRID_PROTOTYPE,SCORE_AND_GAP,0.8,0.01,3,143,2.0547945205479454,1.0,0
E5_STATIC_QDQ_S8S8_PER_CHANNEL,HYBRID_PROTOTYPE,SCORE_AND_GAP,0.8,0.02,0,146,0.0,,0
E5_STATIC_QDQ_S8S8_PER_CHANNEL,HYBRID_PROTOTYPE,SCORE_AND_GAP,0.8,0.03,0,146,0.0,,0
E5_STATIC_QDQ_S8S8_PER_CHANNEL,HYBRID_PROTOTYPE,SCORE_AND_GAP,0.8,0.04,0,146,0.0,,0
E5_STATIC_QDQ_S8S8_PER_CHANNEL,HYBRID_PROTOTYPE,SCORE_AND_GAP,0.8,0.05,0,146,0.0,,0
E5_STATIC_QDQ_S8S8_PER_CHANNEL,HYBRID_PROTOTYPE,SCORE_AND_GAP,0.8,0.06,0,146,0.0,,0
E5_STATIC_QDQ_S8S8_PER_CHANNEL,HYBRID_PROTOTYPE,SCORE_AND_GAP,0.8,0.08,0,146,0.0,,0
E5_STATIC_QDQ_S8S8_PER_CHANNEL,HYBRID_PROTOTYPE,SCORE_AND_GAP,0.8,0.1,0,146,0.0,,0
E5_STATIC_QDQ_S8S8_PER_CHANNEL,HYBRID_PROTOTYPE,SCORE_AND_GAP,0.8,0.12,0,146,0.0,,0
E5_STATIC_QDQ_S8S8_PER_CHANNEL,HYBRID_PROTOTYPE,SCORE_AND_GAP,0.8,0.15,0,146,0.0,,0
E5_STATIC_QDQ_S8S8_PER_CHANNEL,HYBRID_PROTOTYPE,SCORE_AND_GAP,0.8,0.2,0,146,0.0,,0
E5_STATIC_QDQ_S8S8_PER_CHANNEL,HYBRID_PROTOTYPE,SCORE_AND_GAP,0.85,0.01,3,143,2.0547945205479454,1.0,0
E5_STATIC_QDQ_S8S8_PER_CHANNEL,HYBRID_PROTOTYPE,SCORE_AND_GAP,0.85,0.02,0,146,0.0,,0
E5_STATIC_QDQ_S8S8_PER_CHANNEL,HYBRID_PROTOTYPE,SCORE_AND_GAP,0.85,0.03,0,146,0.0,,0
E5_STATIC_QDQ_S8S8_PER_CHANNEL,HYBRID_PROTOTYPE,SCORE_AND_GAP,0.85,0.04,0,146,0.0,,0
E5_STATIC_QDQ_S8S8_PER_CHANNEL,HYBRID_PROTOTYPE,SCORE_AND_GAP,0.85,0.05,0,146,0.0,,0
E5_STATIC_QDQ_S8S8_PER_CHANNEL,HYBRID_PROTOTYPE,SCORE_AND_GAP,0.85,0.06,0,146,0.0,,0
E5_STATIC_QDQ_S8S8_PER_CHANNEL,HYBRID_PROTOTYPE,SCORE_AND_GAP,0.85,0.08,0,146,0.0,,0
E5_STATIC_QDQ_S8S8_PER_CHANNEL,HYBRID_PROTOTYPE,SCORE_AND_GAP,0.85,0.1,0,146,0.0,,0
E5_STATIC_QDQ_S8S8_PER_CHANNEL,HYBRID_PROTOTYPE,SCORE_AND_GAP,0.85,0.12,0,146,0.0,,0
E5_STATIC_QDQ_S8S8_PER_CHANNEL,HYBRID_PROTOTYPE,SCORE_AND_GAP,0.85,0.15,0,146,0.0,,0
E5_STATIC_QDQ_S8S8_PER_CHANNEL,HYBRID_PROTOTYPE,SCORE_AND_GAP,0.85,0.2,0,146,0.0,,0
E5_STATIC_QDQ_S8S8_PER_CHANNEL,HYBRID_PROTOTYPE,SCORE_AND_GAP,0.9,0.01,3,143,2.0547945205479454,1.0,0
E5_STATIC_QDQ_S8S8_PER_CHANNEL,HYBRID_PROTOTYPE,SCORE_AND_GAP,0.9,0.02,0,146,0.0,,0
E5_STATIC_QDQ_S8S8_PER_CHANNEL,HYBRID_PROTOTYPE,SCORE_AND_GAP,0.9,0.03,0,146,0.0,,0
E5_STATIC_QDQ_S8S8_PER_CHANNEL,HYBRID_PROTOTYPE,SCORE_AND_GAP,0.9,0.04,0,146,0.0,,0
E5_STATIC_QDQ_S8S8_PER_CHANNEL,HYBRID_PROTOTYPE,SCORE_AND_GAP,0.9,0.05,0,146,0.0,,0
E5_STATIC_QDQ_S8S8_PER_CHANNEL,HYBRID_PROTOTYPE,SCORE_AND_GAP,0.9,0.06,0,146,0.0,,0
E5_STATIC_QDQ_S8S8_PER_CHANNEL,HYBRID_PROTOTYPE,SCORE_AND_GAP,0.9,0.08,0,146,0.0,,0
E5_STATIC_QDQ_S8S8_PER_CHANNEL,HYBRID_PROTOTYPE,SCORE_AND_GAP,0.9,0.1,0,146,0.0,,0
E5_STATIC_QDQ_S8S8_PER_CHANNEL,HYBRID_PROTOTYPE,SCORE_AND_GAP,0.9,0.12,0,146,0.0,,0
E5_STATIC_QDQ_S8S8_PER_CHANNEL,HYBRID_PROTOTYPE,SCORE_AND_GAP,0.9,0.15,0,146,0.0,,0
E5_STATIC_QDQ_S8S8_PER_CHANNEL,HYBRID_PROTOTYPE,SCORE_AND_GAP,0.9,0.2,0,146,0.0,,0
E5_STATIC_QDQ_MATMUL_S8S8_PER_CHANNEL,HYBRID_PROTOTYPE,GAP_ONLY,,0.01,55,91,37.67123287671233,0.9818181818181818,1
E5_STATIC_QDQ_MATMUL_S8S8_PER_CHANNEL,HYBRID_PROTOTYPE,GAP_ONLY,,0.02,21,125,14.383561643835616,1.0,0
E5_STATIC_QDQ_MATMUL_S8S8_PER_CHANNEL,HYBRID_PROTOTYPE,GAP_ONLY,,0.03,4,142,2.73972602739726,1.0,0
E5_STATIC_QDQ_MATMUL_S8S8_PER_CHANNEL,HYBRID_PROTOTYPE,GAP_ONLY,,0.04,2,144,1.36986301369863,1.0,0
E5_STATIC_QDQ_MATMUL_S8S8_PER_CHANNEL,HYBRID_PROTOTYPE,GAP_ONLY,,0.05,0,146,0.0,,0
E5_STATIC_QDQ_MATMUL_S8S8_PER_CHANNEL,HYBRID_PROTOTYPE,GAP_ONLY,,0.06,0,146,0.0,,0
E5_STATIC_QDQ_MATMUL_S8S8_PER_CHANNEL,HYBRID_PROTOTYPE,GAP_ONLY,,0.08,0,146,0.0,,0
E5_STATIC_QDQ_MATMUL_S8S8_PER_CHANNEL,HYBRID_PROTOTYPE,GAP_ONLY,,0.1,0,146,0.0,,0
E5_STATIC_QDQ_MATMUL_S8S8_PER_CHANNEL,HYBRID_PROTOTYPE,GAP_ONLY,,0.12,0,146,0.0,,0
E5_STATIC_QDQ_MATMUL_S8S8_PER_CHANNEL,HYBRID_PROTOTYPE,GAP_ONLY,,0.15,0,146,0.0,,0
E5_STATIC_QDQ_MATMUL_S8S8_PER_CHANNEL,HYBRID_PROTOTYPE,GAP_ONLY,,0.2,0,146,0.0,,0
E5_STATIC_QDQ_MATMUL_S8S8_PER_CHANNEL,HYBRID_PROTOTYPE,SCORE_AND_GAP,0.2,0.01,55,91,37.67123287671233,0.9818181818181818,1
E5_STATIC_QDQ_MATMUL_S8S8_PER_CHANNEL,HYBRID_PROTOTYPE,SCORE_AND_GAP,0.2,0.02,21,125,14.383561643835616,1.0,0
E5_STATIC_QDQ_MATMUL_S8S8_PER_CHANNEL,HYBRID_PROTOTYPE,SCORE_AND_GAP,0.2,0.03,4,142,2.73972602739726,1.0,0
E5_STATIC_QDQ_MATMUL_S8S8_PER_CHANNEL,HYBRID_PROTOTYPE,SCORE_AND_GAP,0.2,0.04,2,144,1.36986301369863,1.0,0
E5_STATIC_QDQ_MATMUL_S8S8_PER_CHANNEL,HYBRID_PROTOTYPE,SCORE_AND_GAP,0.2,0.05,0,146,0.0,,0
E5_STATIC_QDQ_MATMUL_S8S8_PER_CHANNEL,HYBRID_PROTOTYPE,SCORE_AND_GAP,0.2,0.06,0,146,0.0,,0
E5_STATIC_QDQ_MATMUL_S8S8_PER_CHANNEL,HYBRID_PROTOTYPE,SCORE_AND_GAP,0.2,0.08,0,146,0.0,,0
E5_STATIC_QDQ_MATMUL_S8S8_PER_CHANNEL,HYBRID_PROTOTYPE,SCORE_AND_GAP,0.2,0.1,0,146,0.0,,0
E5_STATIC_QDQ_MATMUL_S8S8_PER_CHANNEL,HYBRID_PROTOTYPE,SCORE_AND_GAP,0.2,0.12,0,146,0.0,,0
E5_STATIC_QDQ_MATMUL_S8S8_PER_CHANNEL,HYBRID_PROTOTYPE,SCORE_AND_GAP,0.2,0.15,0,146,0.0,,0
E5_STATIC_QDQ_MATMUL_S8S8_PER_CHANNEL,HYBRID_PROTOTYPE,SCORE_AND_GAP,0.2,0.2,0,146,0.0,,0
E5_STATIC_QDQ_MATMUL_S8S8_PER_CHANNEL,HYBRID_PROTOTYPE,SCORE_AND_GAP,0.25,0.01,55,91,37.67123287671233,0.9818181818181818,1
E5_STATIC_QDQ_MATMUL_S8S8_PER_CHANNEL,HYBRID_PROTOTYPE,SCORE_AND_GAP,0.25,0.02,21,125,14.383561643835616,1.0,0
E5_STATIC_QDQ_MATMUL_S8S8_PER_CHANNEL,HYBRID_PROTOTYPE,SCORE_AND_GAP,0.25,0.03,4,142,2.73972602739726,1.0,0
E5_STATIC_QDQ_MATMUL_S8S8_PER_CHANNEL,HYBRID_PROTOTYPE,SCORE_AND_GAP,0.25,0.04,2,144,1.36986301369863,1.0,0
E5_STATIC_QDQ_MATMUL_S8S8_PER_CHANNEL,HYBRID_PROTOTYPE,SCORE_AND_GAP,0.25,0.05,0,146,0.0,,0
E5_STATIC_QDQ_MATMUL_S8S8_PER_CHANNEL,HYBRID_PROTOTYPE,SCORE_AND_GAP,0.25,0.06,0,146,0.0,,0
E5_STATIC_QDQ_MATMUL_S8S8_PER_CHANNEL,HYBRID_PROTOTYPE,SCORE_AND_GAP,0.25,0.08,0,146,0.0,,0
E5_STATIC_QDQ_MATMUL_S8S8_PER_CHANNEL,HYBRID_PROTOTYPE,SCORE_AND_GAP,0.25,0.1,0,146,0.0,,0
E5_STATIC_QDQ_MATMUL_S8S8_PER_CHANNEL,HYBRID_PROTOTYPE,SCORE_AND_GAP,0.25,0.12,0,146,0.0,,0
E5_STATIC_QDQ_MATMUL_S8S8_PER_CHANNEL,HYBRID_PROTOTYPE,SCORE_AND_GAP,0.25,0.15,0,146,0.0,,0
E5_STATIC_QDQ_MATMUL_S8S8_PER_CHANNEL,HYBRID_PROTOTYPE,SCORE_AND_GAP,0.25,0.2,0,146,0.0,,0
E5_STATIC_QDQ_MATMUL_S8S8_PER_CHANNEL,HYBRID_PROTOTYPE,SCORE_AND_GAP,0.3,0.01,55,91,37.67123287671233,0.9818181818181818,1
E5_STATIC_QDQ_MATMUL_S8S8_PER_CHANNEL,HYBRID_PROTOTYPE,SCORE_AND_GAP,0.3,0.02,21,125,14.383561643835616,1.0,0
E5_STATIC_QDQ_MATMUL_S8S8_PER_CHANNEL,HYBRID_PROTOTYPE,SCORE_AND_GAP,0.3,0.03,4,142,2.73972602739726,1.0,0
E5_STATIC_QDQ_MATMUL_S8S8_PER_CHANNEL,HYBRID_PROTOTYPE,SCORE_AND_GAP,0.3,0.04,2,144,1.36986301369863,1.0,0
E5_STATIC_QDQ_MATMUL_S8S8_PER_CHANNEL,HYBRID_PROTOTYPE,SCORE_AND_GAP,0.3,0.05,0,146,0.0,,0
E5_STATIC_QDQ_MATMUL_S8S8_PER_CHANNEL,HYBRID_PROTOTYPE,SCORE_AND_GAP,0.3,0.06,0,146,0.0,,0
E5_STATIC_QDQ_MATMUL_S8S8_PER_CHANNEL,HYBRID_PROTOTYPE,SCORE_AND_GAP,0.3,0.08,0,146,0.0,,0
E5_STATIC_QDQ_MATMUL_S8S8_PER_CHANNEL,HYBRID_PROTOTYPE,SCORE_AND_GAP,0.3,0.1,0,146,0.0,,0
E5_STATIC_QDQ_MATMUL_S8S8_PER_CHANNEL,HYBRID_PROTOTYPE,SCORE_AND_GAP,0.3,0.12,0,146,0.0,,0
E5_STATIC_QDQ_MATMUL_S8S8_PER_CHANNEL,HYBRID_PROTOTYPE,SCORE_AND_GAP,0.3,0.15,0,146,0.0,,0
E5_STATIC_QDQ_MATMUL_S8S8_PER_CHANNEL,HYBRID_PROTOTYPE,SCORE_AND_GAP,0.3,0.2,0,146,0.0,,0
E5_STATIC_QDQ_MATMUL_S8S8_PER_CHANNEL,HYBRID_PROTOTYPE,SCORE_AND_GAP,0.35,0.01,55,91,37.67123287671233,0.9818181818181818,1
E5_STATIC_QDQ_MATMUL_S8S8_PER_CHANNEL,HYBRID_PROTOTYPE,SCORE_AND_GAP,0.35,0.02,21,125,14.383561643835616,1.0,0
E5_STATIC_QDQ_MATMUL_S8S8_PER_CHANNEL,HYBRID_PROTOTYPE,SCORE_AND_GAP,0.35,0.03,4,142,2.73972602739726,1.0,0
E5_STATIC_QDQ_MATMUL_S8S8_PER_CHANNEL,HYBRID_PROTOTYPE,SCORE_AND_GAP,0.35,0.04,2,144,1.36986301369863,1.0,0
E5_STATIC_QDQ_MATMUL_S8S8_PER_CHANNEL,HYBRID_PROTOTYPE,SCORE_AND_GAP,0.35,0.05,0,146,0.0,,0
E5_STATIC_QDQ_MATMUL_S8S8_PER_CHANNEL,HYBRID_PROTOTYPE,SCORE_AND_GAP,0.35,0.06,0,146,0.0,,0
E5_STATIC_QDQ_MATMUL_S8S8_PER_CHANNEL,HYBRID_PROTOTYPE,SCORE_AND_GAP,0.35,0.08,0,146,0.0,,0
E5_STATIC_QDQ_MATMUL_S8S8_PER_CHANNEL,HYBRID_PROTOTYPE,SCORE_AND_GAP,0.35,0.1,0,146,0.0,,0
E5_STATIC_QDQ_MATMUL_S8S8_PER_CHANNEL,HYBRID_PROTOTYPE,SCORE_AND_GAP,0.35,0.12,0,146,0.0,,0
E5_STATIC_QDQ_MATMUL_S8S8_PER_CHANNEL,HYBRID_PROTOTYPE,SCORE_AND_GAP,0.35,0.15,0,146,0.0,,0
E5_STATIC_QDQ_MATMUL_S8S8_PER_CHANNEL,HYBRID_PROTOTYPE,SCORE_AND_GAP,0.35,0.2,0,146,0.0,,0
E5_STATIC_QDQ_MATMUL_S8S8_PER_CHANNEL,HYBRID_PROTOTYPE,SCORE_AND_GAP,0.4,0.01,55,91,37.67123287671233,0.9818181818181818,1
E5_STATIC_QDQ_MATMUL_S8S8_PER_CHANNEL,HYBRID_PROTOTYPE,SCORE_AND_GAP,0.4,0.02,21,125,14.383561643835616,1.0,0
E5_STATIC_QDQ_MATMUL_S8S8_PER_CHANNEL,HYBRID_PROTOTYPE,SCORE_AND_GAP,0.4,0.03,4,142,2.73972602739726,1.0,0
E5_STATIC_QDQ_MATMUL_S8S8_PER_CHANNEL,HYBRID_PROTOTYPE,SCORE_AND_GAP,0.4,0.04,2,144,1.36986301369863,1.0,0
E5_STATIC_QDQ_MATMUL_S8S8_PER_CHANNEL,HYBRID_PROTOTYPE,SCORE_AND_GAP,0.4,0.05,0,146,0.0,,0
E5_STATIC_QDQ_MATMUL_S8S8_PER_CHANNEL,HYBRID_PROTOTYPE,SCORE_AND_GAP,0.4,0.06,0,146,0.0,,0
E5_STATIC_QDQ_MATMUL_S8S8_PER_CHANNEL,HYBRID_PROTOTYPE,SCORE_AND_GAP,0.4,0.08,0,146,0.0,,0
E5_STATIC_QDQ_MATMUL_S8S8_PER_CHANNEL,HYBRID_PROTOTYPE,SCORE_AND_GAP,0.4,0.1,0,146,0.0,,0
E5_STATIC_QDQ_MATMUL_S8S8_PER_CHANNEL,HYBRID_PROTOTYPE,SCORE_AND_GAP,0.4,0.12,0,146,0.0,,0
E5_STATIC_QDQ_MATMUL_S8S8_PER_CHANNEL,HYBRID_PROTOTYPE,SCORE_AND_GAP,0.4,0.15,0,146,0.0,,0
E5_STATIC_QDQ_MATMUL_S8S8_PER_CHANNEL,HYBRID_PROTOTYPE,SCORE_AND_GAP,0.4,0.2,0,146,0.0,,0
E5_STATIC_QDQ_MATMUL_S8S8_PER_CHANNEL,HYBRID_PROTOTYPE,SCORE_AND_GAP,0.45,0.01,55,91,37.67123287671233,0.9818181818181818,1
E5_STATIC_QDQ_MATMUL_S8S8_PER_CHANNEL,HYBRID_PROTOTYPE,SCORE_AND_GAP,0.45,0.02,21,125,14.383561643835616,1.0,0
E5_STATIC_QDQ_MATMUL_S8S8_PER_CHANNEL,HYBRID_PROTOTYPE,SCORE_AND_GAP,0.45,0.03,4,142,2.73972602739726,1.0,0
E5_STATIC_QDQ_MATMUL_S8S8_PER_CHANNEL,HYBRID_PROTOTYPE,SCORE_AND_GAP,0.45,0.04,2,144,1.36986301369863,1.0,0
E5_STATIC_QDQ_MATMUL_S8S8_PER_CHANNEL,HYBRID_PROTOTYPE,SCORE_AND_GAP,0.45,0.05,0,146,0.0,,0
E5_STATIC_QDQ_MATMUL_S8S8_PER_CHANNEL,HYBRID_PROTOTYPE,SCORE_AND_GAP,0.45,0.06,0,146,0.0,,0
E5_STATIC_QDQ_MATMUL_S8S8_PER_CHANNEL,HYBRID_PROTOTYPE,SCORE_AND_GAP,0.45,0.08,0,146,0.0,,0
E5_STATIC_QDQ_MATMUL_S8S8_PER_CHANNEL,HYBRID_PROTOTYPE,SCORE_AND_GAP,0.45,0.1,0,146,0.0,,0
E5_STATIC_QDQ_MATMUL_S8S8_PER_CHANNEL,HYBRID_PROTOTYPE,SCORE_AND_GAP,0.45,0.12,0,146,0.0,,0
E5_STATIC_QDQ_MATMUL_S8S8_PER_CHANNEL,HYBRID_PROTOTYPE,SCORE_AND_GAP,0.45,0.15,0,146,0.0,,0
E5_STATIC_QDQ_MATMUL_S8S8_PER_CHANNEL,HYBRID_PROTOTYPE,SCORE_AND_GAP,0.45,0.2,0,146,0.0,,0
E5_STATIC_QDQ_MATMUL_S8S8_PER_CHANNEL,HYBRID_PROTOTYPE,SCORE_AND_GAP,0.5,0.01,55,91,37.67123287671233,0.9818181818181818,1
E5_STATIC_QDQ_MATMUL_S8S8_PER_CHANNEL,HYBRID_PROTOTYPE,SCORE_AND_GAP,0.5,0.02,21,125,14.383561643835616,1.0,0
E5_STATIC_QDQ_MATMUL_S8S8_PER_CHANNEL,HYBRID_PROTOTYPE,SCORE_AND_GAP,0.5,0.03,4,142,2.73972602739726,1.0,0
E5_STATIC_QDQ_MATMUL_S8S8_PER_CHANNEL,HYBRID_PROTOTYPE,SCORE_AND_GAP,0.5,0.04,2,144,1.36986301369863,1.0,0
E5_STATIC_QDQ_MATMUL_S8S8_PER_CHANNEL,HYBRID_PROTOTYPE,SCORE_AND_GAP,0.5,0.05,0,146,0.0,,0
E5_STATIC_QDQ_MATMUL_S8S8_PER_CHANNEL,HYBRID_PROTOTYPE,SCORE_AND_GAP,0.5,0.06,0,146,0.0,,0
E5_STATIC_QDQ_MATMUL_S8S8_PER_CHANNEL,HYBRID_PROTOTYPE,SCORE_AND_GAP,0.5,0.08,0,146,0.0,,0
E5_STATIC_QDQ_MATMUL_S8S8_PER_CHANNEL,HYBRID_PROTOTYPE,SCORE_AND_GAP,0.5,0.1,0,146,0.0,,0
E5_STATIC_QDQ_MATMUL_S8S8_PER_CHANNEL,HYBRID_PROTOTYPE,SCORE_AND_GAP,0.5,0.12,0,146,0.0,,0
E5_STATIC_QDQ_MATMUL_S8S8_PER_CHANNEL,HYBRID_PROTOTYPE,SCORE_AND_GAP,0.5,0.15,0,146,0.0,,0
E5_STATIC_QDQ_MATMUL_S8S8_PER_CHANNEL,HYBRID_PROTOTYPE,SCORE_AND_GAP,0.5,0.2,0,146,0.0,,0
E5_STATIC_QDQ_MATMUL_S8S8_PER_CHANNEL,HYBRID_PROTOTYPE,SCORE_AND_GAP,0.55,0.01,55,91,37.67123287671233,0.9818181818181818,1
E5_STATIC_QDQ_MATMUL_S8S8_PER_CHANNEL,HYBRID_PROTOTYPE,SCORE_AND_GAP,0.55,0.02,21,125,14.383561643835616,1.0,0
E5_STATIC_QDQ_MATMUL_S8S8_PER_CHANNEL,HYBRID_PROTOTYPE,SCORE_AND_GAP,0.55,0.03,4,142,2.73972602739726,1.0,0
E5_STATIC_QDQ_MATMUL_S8S8_PER_CHANNEL,HYBRID_PROTOTYPE,SCORE_AND_GAP,0.55,0.04,2,144,1.36986301369863,1.0,0
E5_STATIC_QDQ_MATMUL_S8S8_PER_CHANNEL,HYBRID_PROTOTYPE,SCORE_AND_GAP,0.55,0.05,0,146,0.0,,0
E5_STATIC_QDQ_MATMUL_S8S8_PER_CHANNEL,HYBRID_PROTOTYPE,SCORE_AND_GAP,0.55,0.06,0,146,0.0,,0
E5_STATIC_QDQ_MATMUL_S8S8_PER_CHANNEL,HYBRID_PROTOTYPE,SCORE_AND_GAP,0.55,0.08,0,146,0.0,,0
E5_STATIC_QDQ_MATMUL_S8S8_PER_CHANNEL,HYBRID_PROTOTYPE,SCORE_AND_GAP,0.55,0.1,0,146,0.0,,0
E5_STATIC_QDQ_MATMUL_S8S8_PER_CHANNEL,HYBRID_PROTOTYPE,SCORE_AND_GAP,0.55,0.12,0,146,0.0,,0
E5_STATIC_QDQ_MATMUL_S8S8_PER_CHANNEL,HYBRID_PROTOTYPE,SCORE_AND_GAP,0.55,0.15,0,146,0.0,,0
E5_STATIC_QDQ_MATMUL_S8S8_PER_CHANNEL,HYBRID_PROTOTYPE,SCORE_AND_GAP,0.55,0.2,0,146,0.0,,0
E5_STATIC_QDQ_MATMUL_S8S8_PER_CHANNEL,HYBRID_PROTOTYPE,SCORE_AND_GAP,0.6,0.01,55,91,37.67123287671233,0.9818181818181818,1
E5_STATIC_QDQ_MATMUL_S8S8_PER_CHANNEL,HYBRID_PROTOTYPE,SCORE_AND_GAP,0.6,0.02,21,125,14.383561643835616,1.0,0
E5_STATIC_QDQ_MATMUL_S8S8_PER_CHANNEL,HYBRID_PROTOTYPE,SCORE_AND_GAP,0.6,0.03,4,142,2.73972602739726,1.0,0
E5_STATIC_QDQ_MATMUL_S8S8_PER_CHANNEL,HYBRID_PROTOTYPE,SCORE_AND_GAP,0.6,0.04,2,144,1.36986301369863,1.0,0
E5_STATIC_QDQ_MATMUL_S8S8_PER_CHANNEL,HYBRID_PROTOTYPE,SCORE_AND_GAP,0.6,0.05,0,146,0.0,,0
E5_STATIC_QDQ_MATMUL_S8S8_PER_CHANNEL,HYBRID_PROTOTYPE,SCORE_AND_GAP,0.6,0.06,0,146,0.0,,0
E5_STATIC_QDQ_MATMUL_S8S8_PER_CHANNEL,HYBRID_PROTOTYPE,SCORE_AND_GAP,0.6,0.08,0,146,0.0,,0
E5_STATIC_QDQ_MATMUL_S8S8_PER_CHANNEL,HYBRID_PROTOTYPE,SCORE_AND_GAP,0.6,0.1,0,146,0.0,,0
E5_STATIC_QDQ_MATMUL_S8S8_PER_CHANNEL,HYBRID_PROTOTYPE,SCORE_AND_GAP,0.6,0.12,0,146,0.0,,0
E5_STATIC_QDQ_MATMUL_S8S8_PER_CHANNEL,HYBRID_PROTOTYPE,SCORE_AND_GAP,0.6,0.15,0,146,0.0,,0
E5_STATIC_QDQ_MATMUL_S8S8_PER_CHANNEL,HYBRID_PROTOTYPE,SCORE_AND_GAP,0.6,0.2,0,146,0.0,,0
E5_STATIC_QDQ_MATMUL_S8S8_PER_CHANNEL,HYBRID_PROTOTYPE,SCORE_AND_GAP,0.65,0.01,55,91,37.67123287671233,0.9818181818181818,1
E5_STATIC_QDQ_MATMUL_S8S8_PER_CHANNEL,HYBRID_PROTOTYPE,SCORE_AND_GAP,0.65,0.02,21,125,14.383561643835616,1.0,0
E5_STATIC_QDQ_MATMUL_S8S8_PER_CHANNEL,HYBRID_PROTOTYPE,SCORE_AND_GAP,0.65,0.03,4,142,2.73972602739726,1.0,0
E5_STATIC_QDQ_MATMUL_S8S8_PER_CHANNEL,HYBRID_PROTOTYPE,SCORE_AND_GAP,0.65,0.04,2,144,1.36986301369863,1.0,0
E5_STATIC_QDQ_MATMUL_S8S8_PER_CHANNEL,HYBRID_PROTOTYPE,SCORE_AND_GAP,0.65,0.05,0,146,0.0,,0
E5_STATIC_QDQ_MATMUL_S8S8_PER_CHANNEL,HYBRID_PROTOTYPE,SCORE_AND_GAP,0.65,0.06,0,146,0.0,,0
E5_STATIC_QDQ_MATMUL_S8S8_PER_CHANNEL,HYBRID_PROTOTYPE,SCORE_AND_GAP,0.65,0.08,0,146,0.0,,0
E5_STATIC_QDQ_MATMUL_S8S8_PER_CHANNEL,HYBRID_PROTOTYPE,SCORE_AND_GAP,0.65,0.1,0,146,0.0,,0
E5_STATIC_QDQ_MATMUL_S8S8_PER_CHANNEL,HYBRID_PROTOTYPE,SCORE_AND_GAP,0.65,0.12,0,146,0.0,,0
E5_STATIC_QDQ_MATMUL_S8S8_PER_CHANNEL,HYBRID_PROTOTYPE,SCORE_AND_GAP,0.65,0.15,0,146,0.0,,0
E5_STATIC_QDQ_MATMUL_S8S8_PER_CHANNEL,HYBRID_PROTOTYPE,SCORE_AND_GAP,0.65,0.2,0,146,0.0,,0
E5_STATIC_QDQ_MATMUL_S8S8_PER_CHANNEL,HYBRID_PROTOTYPE,SCORE_AND_GAP,0.7,0.01,55,91,37.67123287671233,0.9818181818181818,1
E5_STATIC_QDQ_MATMUL_S8S8_PER_CHANNEL,HYBRID_PROTOTYPE,SCORE_AND_GAP,0.7,0.02,21,125,14.383561643835616,1.0,0
E5_STATIC_QDQ_MATMUL_S8S8_PER_CHANNEL,HYBRID_PROTOTYPE,SCORE_AND_GAP,0.7,0.03,4,142,2.73972602739726,1.0,0
E5_STATIC_QDQ_MATMUL_S8S8_PER_CHANNEL,HYBRID_PROTOTYPE,SCORE_AND_GAP,0.7,0.04,2,144,1.36986301369863,1.0,0
E5_STATIC_QDQ_MATMUL_S8S8_PER_CHANNEL,HYBRID_PROTOTYPE,SCORE_AND_GAP,0.7,0.05,0,146,0.0,,0
E5_STATIC_QDQ_MATMUL_S8S8_PER_CHANNEL,HYBRID_PROTOTYPE,SCORE_AND_GAP,0.7,0.06,0,146,0.0,,0
E5_STATIC_QDQ_MATMUL_S8S8_PER_CHANNEL,HYBRID_PROTOTYPE,SCORE_AND_GAP,0.7,0.08,0,146,0.0,,0
E5_STATIC_QDQ_MATMUL_S8S8_PER_CHANNEL,HYBRID_PROTOTYPE,SCORE_AND_GAP,0.7,0.1,0,146,0.0,,0
E5_STATIC_QDQ_MATMUL_S8S8_PER_CHANNEL,HYBRID_PROTOTYPE,SCORE_AND_GAP,0.7,0.12,0,146,0.0,,0
E5_STATIC_QDQ_MATMUL_S8S8_PER_CHANNEL,HYBRID_PROTOTYPE,SCORE_AND_GAP,0.7,0.15,0,146,0.0,,0
E5_STATIC_QDQ_MATMUL_S8S8_PER_CHANNEL,HYBRID_PROTOTYPE,SCORE_AND_GAP,0.7,0.2,0,146,0.0,,0
E5_STATIC_QDQ_MATMUL_S8S8_PER_CHANNEL,HYBRID_PROTOTYPE,SCORE_AND_GAP,0.75,0.01,55,91,37.67123287671233,0.9818181818181818,1
E5_STATIC_QDQ_MATMUL_S8S8_PER_CHANNEL,HYBRID_PROTOTYPE,SCORE_AND_GAP,0.75,0.02,21,125,14.383561643835616,1.0,0
E5_STATIC_QDQ_MATMUL_S8S8_PER_CHANNEL,HYBRID_PROTOTYPE,SCORE_AND_GAP,0.75,0.03,4,142,2.73972602739726,1.0,0
E5_STATIC_QDQ_MATMUL_S8S8_PER_CHANNEL,HYBRID_PROTOTYPE,SCORE_AND_GAP,0.75,0.04,2,144,1.36986301369863,1.0,0
E5_STATIC_QDQ_MATMUL_S8S8_PER_CHANNEL,HYBRID_PROTOTYPE,SCORE_AND_GAP,0.75,0.05,0,146,0.0,,0
E5_STATIC_QDQ_MATMUL_S8S8_PER_CHANNEL,HYBRID_PROTOTYPE,SCORE_AND_GAP,0.75,0.06,0,146,0.0,,0
E5_STATIC_QDQ_MATMUL_S8S8_PER_CHANNEL,HYBRID_PROTOTYPE,SCORE_AND_GAP,0.75,0.08,0,146,0.0,,0
E5_STATIC_QDQ_MATMUL_S8S8_PER_CHANNEL,HYBRID_PROTOTYPE,SCORE_AND_GAP,0.75,0.1,0,146,0.0,,0
E5_STATIC_QDQ_MATMUL_S8S8_PER_CHANNEL,HYBRID_PROTOTYPE,SCORE_AND_GAP,0.75,0.12,0,146,0.0,,0
E5_STATIC_QDQ_MATMUL_S8S8_PER_CHANNEL,HYBRID_PROTOTYPE,SCORE_AND_GAP,0.75,0.15,0,146,0.0,,0
E5_STATIC_QDQ_MATMUL_S8S8_PER_CHANNEL,HYBRID_PROTOTYPE,SCORE_AND_GAP,0.75,0.2,0,146,0.0,,0
E5_STATIC_QDQ_MATMUL_S8S8_PER_CHANNEL,HYBRID_PROTOTYPE,SCORE_AND_GAP,0.8,0.01,55,91,37.67123287671233,0.9818181818181818,1
E5_STATIC_QDQ_MATMUL_S8S8_PER_CHANNEL,HYBRID_PROTOTYPE,SCORE_AND_GAP,0.8,0.02,21,125,14.383561643835616,1.0,0
E5_STATIC_QDQ_MATMUL_S8S8_PER_CHANNEL,HYBRID_PROTOTYPE,SCORE_AND_GAP,0.8,0.03,4,142,2.73972602739726,1.0,0
E5_STATIC_QDQ_MATMUL_S8S8_PER_CHANNEL,HYBRID_PROTOTYPE,SCORE_AND_GAP,0.8,0.04,2,144,1.36986301369863,1.0,0
E5_STATIC_QDQ_MATMUL_S8S8_PER_CHANNEL,HYBRID_PROTOTYPE,SCORE_AND_GAP,0.8,0.05,0,146,0.0,,0
E5_STATIC_QDQ_MATMUL_S8S8_PER_CHANNEL,HYBRID_PROTOTYPE,SCORE_AND_GAP,0.8,0.06,0,146,0.0,,0
E5_STATIC_QDQ_MATMUL_S8S8_PER_CHANNEL,HYBRID_PROTOTYPE,SCORE_AND_GAP,0.8,0.08,0,146,0.0,,0
E5_STATIC_QDQ_MATMUL_S8S8_PER_CHANNEL,HYBRID_PROTOTYPE,SCORE_AND_GAP,0.8,0.1,0,146,0.0,,0
E5_STATIC_QDQ_MATMUL_S8S8_PER_CHANNEL,HYBRID_PROTOTYPE,SCORE_AND_GAP,0.8,0.12,0,146,0.0,,0
E5_STATIC_QDQ_MATMUL_S8S8_PER_CHANNEL,HYBRID_PROTOTYPE,SCORE_AND_GAP,0.8,0.15,0,146,0.0,,0
E5_STATIC_QDQ_MATMUL_S8S8_PER_CHANNEL,HYBRID_PROTOTYPE,SCORE_AND_GAP,0.8,0.2,0,146,0.0,,0
E5_STATIC_QDQ_MATMUL_S8S8_PER_CHANNEL,HYBRID_PROTOTYPE,SCORE_AND_GAP,0.85,0.01,55,91,37.67123287671233,0.9818181818181818,1
E5_STATIC_QDQ_MATMUL_S8S8_PER_CHANNEL,HYBRID_PROTOTYPE,SCORE_AND_GAP,0.85,0.02,21,125,14.383561643835616,1.0,0
E5_STATIC_QDQ_MATMUL_S8S8_PER_CHANNEL,HYBRID_PROTOTYPE,SCORE_AND_GAP,0.85,0.03,4,142,2.73972602739726,1.0,0
E5_STATIC_QDQ_MATMUL_S8S8_PER_CHANNEL,HYBRID_PROTOTYPE,SCORE_AND_GAP,0.85,0.04,2,144,1.36986301369863,1.0,0
E5_STATIC_QDQ_MATMUL_S8S8_PER_CHANNEL,HYBRID_PROTOTYPE,SCORE_AND_GAP,0.85,0.05,0,146,0.0,,0
E5_STATIC_QDQ_MATMUL_S8S8_PER_CHANNEL,HYBRID_PROTOTYPE,SCORE_AND_GAP,0.85,0.06,0,146,0.0,,0
E5_STATIC_QDQ_MATMUL_S8S8_PER_CHANNEL,HYBRID_PROTOTYPE,SCORE_AND_GAP,0.85,0.08,0,146,0.0,,0
E5_STATIC_QDQ_MATMUL_S8S8_PER_CHANNEL,HYBRID_PROTOTYPE,SCORE_AND_GAP,0.85,0.1,0,146,0.0,,0
E5_STATIC_QDQ_MATMUL_S8S8_PER_CHANNEL,HYBRID_PROTOTYPE,SCORE_AND_GAP,0.85,0.12,0,146,0.0,,0
E5_STATIC_QDQ_MATMUL_S8S8_PER_CHANNEL,HYBRID_PROTOTYPE,SCORE_AND_GAP,0.85,0.15,0,146,0.0,,0
E5_STATIC_QDQ_MATMUL_S8S8_PER_CHANNEL,HYBRID_PROTOTYPE,SCORE_AND_GAP,0.85,0.2,0,146,0.0,,0
E5_STATIC_QDQ_MATMUL_S8S8_PER_CHANNEL,HYBRID_PROTOTYPE,SCORE_AND_GAP,0.9,0.01,33,113,22.602739726027398,1.0,0
E5_STATIC_QDQ_MATMUL_S8S8_PER_CHANNEL,HYBRID_PROTOTYPE,SCORE_AND_GAP,0.9,0.02,16,130,10.95890410958904,1.0,0
E5_STATIC_QDQ_MATMUL_S8S8_PER_CHANNEL,HYBRID_PROTOTYPE,SCORE_AND_GAP,0.9,0.03,4,142,2.73972602739726,1.0,0
E5_STATIC_QDQ_MATMUL_S8S8_PER_CHANNEL,HYBRID_PROTOTYPE,SCORE_AND_GAP,0.9,0.04,2,144,1.36986301369863,1.0,0
E5_STATIC_QDQ_MATMUL_S8S8_PER_CHANNEL,HYBRID_PROTOTYPE,SCORE_AND_GAP,0.9,0.05,0,146,0.0,,0
E5_STATIC_QDQ_MATMUL_S8S8_PER_CHANNEL,HYBRID_PROTOTYPE,SCORE_AND_GAP,0.9,0.06,0,146,0.0,,0
E5_STATIC_QDQ_MATMUL_S8S8_PER_CHANNEL,HYBRID_PROTOTYPE,SCORE_AND_GAP,0.9,0.08,0,146,0.0,,0
E5_STATIC_QDQ_MATMUL_S8S8_PER_CHANNEL,HYBRID_PROTOTYPE,SCORE_AND_GAP,0.9,0.1,0,146,0.0,,0
E5_STATIC_QDQ_MATMUL_S8S8_PER_CHANNEL,HYBRID_PROTOTYPE,SCORE_AND_GAP,0.9,0.12,0,146,0.0,,0
E5_STATIC_QDQ_MATMUL_S8S8_PER_CHANNEL,HYBRID_PROTOTYPE,SCORE_AND_GAP,0.9,0.15,0,146,0.0,,0
E5_STATIC_QDQ_MATMUL_S8S8_PER_CHANNEL,HYBRID_PROTOTYPE,SCORE_AND_GAP,0.9,0.2,0,146,0.0,,0
ARABIC_TRIMMED_E5_FP32,HYBRID_PROTOTYPE,GAP_ONLY,,0.01,61,85,41.78082191780822,0.9672131147540983,2
ARABIC_TRIMMED_E5_FP32,HYBRID_PROTOTYPE,GAP_ONLY,,0.02,27,119,18.493150684931507,1.0,0
ARABIC_TRIMMED_E5_FP32,HYBRID_PROTOTYPE,GAP_ONLY,,0.03,7,139,4.794520547945205,1.0,0
ARABIC_TRIMMED_E5_FP32,HYBRID_PROTOTYPE,GAP_ONLY,,0.04,2,144,1.36986301369863,1.0,0
ARABIC_TRIMMED_E5_FP32,HYBRID_PROTOTYPE,GAP_ONLY,,0.05,0,146,0.0,,0
ARABIC_TRIMMED_E5_FP32,HYBRID_PROTOTYPE,GAP_ONLY,,0.06,0,146,0.0,,0
ARABIC_TRIMMED_E5_FP32,HYBRID_PROTOTYPE,GAP_ONLY,,0.08,0,146,0.0,,0
ARABIC_TRIMMED_E5_FP32,HYBRID_PROTOTYPE,GAP_ONLY,,0.1,0,146,0.0,,0
ARABIC_TRIMMED_E5_FP32,HYBRID_PROTOTYPE,GAP_ONLY,,0.12,0,146,0.0,,0
ARABIC_TRIMMED_E5_FP32,HYBRID_PROTOTYPE,GAP_ONLY,,0.15,0,146,0.0,,0
ARABIC_TRIMMED_E5_FP32,HYBRID_PROTOTYPE,GAP_ONLY,,0.2,0,146,0.0,,0
ARABIC_TRIMMED_E5_FP32,HYBRID_PROTOTYPE,SCORE_AND_GAP,0.2,0.01,61,85,41.78082191780822,0.9672131147540983,2
ARABIC_TRIMMED_E5_FP32,HYBRID_PROTOTYPE,SCORE_AND_GAP,0.2,0.02,27,119,18.493150684931507,1.0,0
ARABIC_TRIMMED_E5_FP32,HYBRID_PROTOTYPE,SCORE_AND_GAP,0.2,0.03,7,139,4.794520547945205,1.0,0
ARABIC_TRIMMED_E5_FP32,HYBRID_PROTOTYPE,SCORE_AND_GAP,0.2,0.04,2,144,1.36986301369863,1.0,0
ARABIC_TRIMMED_E5_FP32,HYBRID_PROTOTYPE,SCORE_AND_GAP,0.2,0.05,0,146,0.0,,0
ARABIC_TRIMMED_E5_FP32,HYBRID_PROTOTYPE,SCORE_AND_GAP,0.2,0.06,0,146,0.0,,0
ARABIC_TRIMMED_E5_FP32,HYBRID_PROTOTYPE,SCORE_AND_GAP,0.2,0.08,0,146,0.0,,0
ARABIC_TRIMMED_E5_FP32,HYBRID_PROTOTYPE,SCORE_AND_GAP,0.2,0.1,0,146,0.0,,0
ARABIC_TRIMMED_E5_FP32,HYBRID_PROTOTYPE,SCORE_AND_GAP,0.2,0.12,0,146,0.0,,0
ARABIC_TRIMMED_E5_FP32,HYBRID_PROTOTYPE,SCORE_AND_GAP,0.2,0.15,0,146,0.0,,0
ARABIC_TRIMMED_E5_FP32,HYBRID_PROTOTYPE,SCORE_AND_GAP,0.2,0.2,0,146,0.0,,0
ARABIC_TRIMMED_E5_FP32,HYBRID_PROTOTYPE,SCORE_AND_GAP,0.25,0.01,61,85,41.78082191780822,0.9672131147540983,2
ARABIC_TRIMMED_E5_FP32,HYBRID_PROTOTYPE,SCORE_AND_GAP,0.25,0.02,27,119,18.493150684931507,1.0,0
ARABIC_TRIMMED_E5_FP32,HYBRID_PROTOTYPE,SCORE_AND_GAP,0.25,0.03,7,139,4.794520547945205,1.0,0
ARABIC_TRIMMED_E5_FP32,HYBRID_PROTOTYPE,SCORE_AND_GAP,0.25,0.04,2,144,1.36986301369863,1.0,0
ARABIC_TRIMMED_E5_FP32,HYBRID_PROTOTYPE,SCORE_AND_GAP,0.25,0.05,0,146,0.0,,0
ARABIC_TRIMMED_E5_FP32,HYBRID_PROTOTYPE,SCORE_AND_GAP,0.25,0.06,0,146,0.0,,0
ARABIC_TRIMMED_E5_FP32,HYBRID_PROTOTYPE,SCORE_AND_GAP,0.25,0.08,0,146,0.0,,0
ARABIC_TRIMMED_E5_FP32,HYBRID_PROTOTYPE,SCORE_AND_GAP,0.25,0.1,0,146,0.0,,0
ARABIC_TRIMMED_E5_FP32,HYBRID_PROTOTYPE,SCORE_AND_GAP,0.25,0.12,0,146,0.0,,0
ARABIC_TRIMMED_E5_FP32,HYBRID_PROTOTYPE,SCORE_AND_GAP,0.25,0.15,0,146,0.0,,0
ARABIC_TRIMMED_E5_FP32,HYBRID_PROTOTYPE,SCORE_AND_GAP,0.25,0.2,0,146,0.0,,0
ARABIC_TRIMMED_E5_FP32,HYBRID_PROTOTYPE,SCORE_AND_GAP,0.3,0.01,61,85,41.78082191780822,0.9672131147540983,2
ARABIC_TRIMMED_E5_FP32,HYBRID_PROTOTYPE,SCORE_AND_GAP,0.3,0.02,27,119,18.493150684931507,1.0,0
ARABIC_TRIMMED_E5_FP32,HYBRID_PROTOTYPE,SCORE_AND_GAP,0.3,0.03,7,139,4.794520547945205,1.0,0
ARABIC_TRIMMED_E5_FP32,HYBRID_PROTOTYPE,SCORE_AND_GAP,0.3,0.04,2,144,1.36986301369863,1.0,0
ARABIC_TRIMMED_E5_FP32,HYBRID_PROTOTYPE,SCORE_AND_GAP,0.3,0.05,0,146,0.0,,0
ARABIC_TRIMMED_E5_FP32,HYBRID_PROTOTYPE,SCORE_AND_GAP,0.3,0.06,0,146,0.0,,0
ARABIC_TRIMMED_E5_FP32,HYBRID_PROTOTYPE,SCORE_AND_GAP,0.3,0.08,0,146,0.0,,0
ARABIC_TRIMMED_E5_FP32,HYBRID_PROTOTYPE,SCORE_AND_GAP,0.3,0.1,0,146,0.0,,0
ARABIC_TRIMMED_E5_FP32,HYBRID_PROTOTYPE,SCORE_AND_GAP,0.3,0.12,0,146,0.0,,0
ARABIC_TRIMMED_E5_FP32,HYBRID_PROTOTYPE,SCORE_AND_GAP,0.3,0.15,0,146,0.0,,0
ARABIC_TRIMMED_E5_FP32,HYBRID_PROTOTYPE,SCORE_AND_GAP,0.3,0.2,0,146,0.0,,0
ARABIC_TRIMMED_E5_FP32,HYBRID_PROTOTYPE,SCORE_AND_GAP,0.35,0.01,61,85,41.78082191780822,0.9672131147540983,2
ARABIC_TRIMMED_E5_FP32,HYBRID_PROTOTYPE,SCORE_AND_GAP,0.35,0.02,27,119,18.493150684931507,1.0,0
ARABIC_TRIMMED_E5_FP32,HYBRID_PROTOTYPE,SCORE_AND_GAP,0.35,0.03,7,139,4.794520547945205,1.0,0
ARABIC_TRIMMED_E5_FP32,HYBRID_PROTOTYPE,SCORE_AND_GAP,0.35,0.04,2,144,1.36986301369863,1.0,0
ARABIC_TRIMMED_E5_FP32,HYBRID_PROTOTYPE,SCORE_AND_GAP,0.35,0.05,0,146,0.0,,0
ARABIC_TRIMMED_E5_FP32,HYBRID_PROTOTYPE,SCORE_AND_GAP,0.35,0.06,0,146,0.0,,0
ARABIC_TRIMMED_E5_FP32,HYBRID_PROTOTYPE,SCORE_AND_GAP,0.35,0.08,0,146,0.0,,0
ARABIC_TRIMMED_E5_FP32,HYBRID_PROTOTYPE,SCORE_AND_GAP,0.35,0.1,0,146,0.0,,0
ARABIC_TRIMMED_E5_FP32,HYBRID_PROTOTYPE,SCORE_AND_GAP,0.35,0.12,0,146,0.0,,0
ARABIC_TRIMMED_E5_FP32,HYBRID_PROTOTYPE,SCORE_AND_GAP,0.35,0.15,0,146,0.0,,0
ARABIC_TRIMMED_E5_FP32,HYBRID_PROTOTYPE,SCORE_AND_GAP,0.35,0.2,0,146,0.0,,0
ARABIC_TRIMMED_E5_FP32,HYBRID_PROTOTYPE,SCORE_AND_GAP,0.4,0.01,61,85,41.78082191780822,0.9672131147540983,2
ARABIC_TRIMMED_E5_FP32,HYBRID_PROTOTYPE,SCORE_AND_GAP,0.4,0.02,27,119,18.493150684931507,1.0,0
ARABIC_TRIMMED_E5_FP32,HYBRID_PROTOTYPE,SCORE_AND_GAP,0.4,0.03,7,139,4.794520547945205,1.0,0
ARABIC_TRIMMED_E5_FP32,HYBRID_PROTOTYPE,SCORE_AND_GAP,0.4,0.04,2,144,1.36986301369863,1.0,0
ARABIC_TRIMMED_E5_FP32,HYBRID_PROTOTYPE,SCORE_AND_GAP,0.4,0.05,0,146,0.0,,0
ARABIC_TRIMMED_E5_FP32,HYBRID_PROTOTYPE,SCORE_AND_GAP,0.4,0.06,0,146,0.0,,0
ARABIC_TRIMMED_E5_FP32,HYBRID_PROTOTYPE,SCORE_AND_GAP,0.4,0.08,0,146,0.0,,0
ARABIC_TRIMMED_E5_FP32,HYBRID_PROTOTYPE,SCORE_AND_GAP,0.4,0.1,0,146,0.0,,0
ARABIC_TRIMMED_E5_FP32,HYBRID_PROTOTYPE,SCORE_AND_GAP,0.4,0.12,0,146,0.0,,0
ARABIC_TRIMMED_E5_FP32,HYBRID_PROTOTYPE,SCORE_AND_GAP,0.4,0.15,0,146,0.0,,0
ARABIC_TRIMMED_E5_FP32,HYBRID_PROTOTYPE,SCORE_AND_GAP,0.4,0.2,0,146,0.0,,0
ARABIC_TRIMMED_E5_FP32,HYBRID_PROTOTYPE,SCORE_AND_GAP,0.45,0.01,61,85,41.78082191780822,0.9672131147540983,2
ARABIC_TRIMMED_E5_FP32,HYBRID_PROTOTYPE,SCORE_AND_GAP,0.45,0.02,27,119,18.493150684931507,1.0,0
ARABIC_TRIMMED_E5_FP32,HYBRID_PROTOTYPE,SCORE_AND_GAP,0.45,0.03,7,139,4.794520547945205,1.0,0
ARABIC_TRIMMED_E5_FP32,HYBRID_PROTOTYPE,SCORE_AND_GAP,0.45,0.04,2,144,1.36986301369863,1.0,0
ARABIC_TRIMMED_E5_FP32,HYBRID_PROTOTYPE,SCORE_AND_GAP,0.45,0.05,0,146,0.0,,0
ARABIC_TRIMMED_E5_FP32,HYBRID_PROTOTYPE,SCORE_AND_GAP,0.45,0.06,0,146,0.0,,0
ARABIC_TRIMMED_E5_FP32,HYBRID_PROTOTYPE,SCORE_AND_GAP,0.45,0.08,0,146,0.0,,0
ARABIC_TRIMMED_E5_FP32,HYBRID_PROTOTYPE,SCORE_AND_GAP,0.45,0.1,0,146,0.0,,0
ARABIC_TRIMMED_E5_FP32,HYBRID_PROTOTYPE,SCORE_AND_GAP,0.45,0.12,0,146,0.0,,0
ARABIC_TRIMMED_E5_FP32,HYBRID_PROTOTYPE,SCORE_AND_GAP,0.45,0.15,0,146,0.0,,0
ARABIC_TRIMMED_E5_FP32,HYBRID_PROTOTYPE,SCORE_AND_GAP,0.45,0.2,0,146,0.0,,0
ARABIC_TRIMMED_E5_FP32,HYBRID_PROTOTYPE,SCORE_AND_GAP,0.5,0.01,61,85,41.78082191780822,0.9672131147540983,2
ARABIC_TRIMMED_E5_FP32,HYBRID_PROTOTYPE,SCORE_AND_GAP,0.5,0.02,27,119,18.493150684931507,1.0,0
ARABIC_TRIMMED_E5_FP32,HYBRID_PROTOTYPE,SCORE_AND_GAP,0.5,0.03,7,139,4.794520547945205,1.0,0
ARABIC_TRIMMED_E5_FP32,HYBRID_PROTOTYPE,SCORE_AND_GAP,0.5,0.04,2,144,1.36986301369863,1.0,0
ARABIC_TRIMMED_E5_FP32,HYBRID_PROTOTYPE,SCORE_AND_GAP,0.5,0.05,0,146,0.0,,0
ARABIC_TRIMMED_E5_FP32,HYBRID_PROTOTYPE,SCORE_AND_GAP,0.5,0.06,0,146,0.0,,0
ARABIC_TRIMMED_E5_FP32,HYBRID_PROTOTYPE,SCORE_AND_GAP,0.5,0.08,0,146,0.0,,0
ARABIC_TRIMMED_E5_FP32,HYBRID_PROTOTYPE,SCORE_AND_GAP,0.5,0.1,0,146,0.0,,0
ARABIC_TRIMMED_E5_FP32,HYBRID_PROTOTYPE,SCORE_AND_GAP,0.5,0.12,0,146,0.0,,0
ARABIC_TRIMMED_E5_FP32,HYBRID_PROTOTYPE,SCORE_AND_GAP,0.5,0.15,0,146,0.0,,0
ARABIC_TRIMMED_E5_FP32,HYBRID_PROTOTYPE,SCORE_AND_GAP,0.5,0.2,0,146,0.0,,0
ARABIC_TRIMMED_E5_FP32,HYBRID_PROTOTYPE,SCORE_AND_GAP,0.55,0.01,61,85,41.78082191780822,0.9672131147540983,2
ARABIC_TRIMMED_E5_FP32,HYBRID_PROTOTYPE,SCORE_AND_GAP,0.55,0.02,27,119,18.493150684931507,1.0,0
ARABIC_TRIMMED_E5_FP32,HYBRID_PROTOTYPE,SCORE_AND_GAP,0.55,0.03,7,139,4.794520547945205,1.0,0
ARABIC_TRIMMED_E5_FP32,HYBRID_PROTOTYPE,SCORE_AND_GAP,0.55,0.04,2,144,1.36986301369863,1.0,0
ARABIC_TRIMMED_E5_FP32,HYBRID_PROTOTYPE,SCORE_AND_GAP,0.55,0.05,0,146,0.0,,0
ARABIC_TRIMMED_E5_FP32,HYBRID_PROTOTYPE,SCORE_AND_GAP,0.55,0.06,0,146,0.0,,0
ARABIC_TRIMMED_E5_FP32,HYBRID_PROTOTYPE,SCORE_AND_GAP,0.55,0.08,0,146,0.0,,0
ARABIC_TRIMMED_E5_FP32,HYBRID_PROTOTYPE,SCORE_AND_GAP,0.55,0.1,0,146,0.0,,0
ARABIC_TRIMMED_E5_FP32,HYBRID_PROTOTYPE,SCORE_AND_GAP,0.55,0.12,0,146,0.0,,0
ARABIC_TRIMMED_E5_FP32,HYBRID_PROTOTYPE,SCORE_AND_GAP,0.55,0.15,0,146,0.0,,0
ARABIC_TRIMMED_E5_FP32,HYBRID_PROTOTYPE,SCORE_AND_GAP,0.55,0.2,0,146,0.0,,0
ARABIC_TRIMMED_E5_FP32,HYBRID_PROTOTYPE,SCORE_AND_GAP,0.6,0.01,61,85,41.78082191780822,0.9672131147540983,2
ARABIC_TRIMMED_E5_FP32,HYBRID_PROTOTYPE,SCORE_AND_GAP,0.6,0.02,27,119,18.493150684931507,1.0,0
ARABIC_TRIMMED_E5_FP32,HYBRID_PROTOTYPE,SCORE_AND_GAP,0.6,0.03,7,139,4.794520547945205,1.0,0
ARABIC_TRIMMED_E5_FP32,HYBRID_PROTOTYPE,SCORE_AND_GAP,0.6,0.04,2,144,1.36986301369863,1.0,0
ARABIC_TRIMMED_E5_FP32,HYBRID_PROTOTYPE,SCORE_AND_GAP,0.6,0.05,0,146,0.0,,0
ARABIC_TRIMMED_E5_FP32,HYBRID_PROTOTYPE,SCORE_AND_GAP,0.6,0.06,0,146,0.0,,0
ARABIC_TRIMMED_E5_FP32,HYBRID_PROTOTYPE,SCORE_AND_GAP,0.6,0.08,0,146,0.0,,0
ARABIC_TRIMMED_E5_FP32,HYBRID_PROTOTYPE,SCORE_AND_GAP,0.6,0.1,0,146,0.0,,0
ARABIC_TRIMMED_E5_FP32,HYBRID_PROTOTYPE,SCORE_AND_GAP,0.6,0.12,0,146,0.0,,0
ARABIC_TRIMMED_E5_FP32,HYBRID_PROTOTYPE,SCORE_AND_GAP,0.6,0.15,0,146,0.0,,0
ARABIC_TRIMMED_E5_FP32,HYBRID_PROTOTYPE,SCORE_AND_GAP,0.6,0.2,0,146,0.0,,0
ARABIC_TRIMMED_E5_FP32,HYBRID_PROTOTYPE,SCORE_AND_GAP,0.65,0.01,61,85,41.78082191780822,0.9672131147540983,2
ARABIC_TRIMMED_E5_FP32,HYBRID_PROTOTYPE,SCORE_AND_GAP,0.65,0.02,27,119,18.493150684931507,1.0,0
ARABIC_TRIMMED_E5_FP32,HYBRID_PROTOTYPE,SCORE_AND_GAP,0.65,0.03,7,139,4.794520547945205,1.0,0
ARABIC_TRIMMED_E5_FP32,HYBRID_PROTOTYPE,SCORE_AND_GAP,0.65,0.04,2,144,1.36986301369863,1.0,0
ARABIC_TRIMMED_E5_FP32,HYBRID_PROTOTYPE,SCORE_AND_GAP,0.65,0.05,0,146,0.0,,0
ARABIC_TRIMMED_E5_FP32,HYBRID_PROTOTYPE,SCORE_AND_GAP,0.65,0.06,0,146,0.0,,0
ARABIC_TRIMMED_E5_FP32,HYBRID_PROTOTYPE,SCORE_AND_GAP,0.65,0.08,0,146,0.0,,0
ARABIC_TRIMMED_E5_FP32,HYBRID_PROTOTYPE,SCORE_AND_GAP,0.65,0.1,0,146,0.0,,0
ARABIC_TRIMMED_E5_FP32,HYBRID_PROTOTYPE,SCORE_AND_GAP,0.65,0.12,0,146,0.0,,0
ARABIC_TRIMMED_E5_FP32,HYBRID_PROTOTYPE,SCORE_AND_GAP,0.65,0.15,0,146,0.0,,0
ARABIC_TRIMMED_E5_FP32,HYBRID_PROTOTYPE,SCORE_AND_GAP,0.65,0.2,0,146,0.0,,0
ARABIC_TRIMMED_E5_FP32,HYBRID_PROTOTYPE,SCORE_AND_GAP,0.7,0.01,61,85,41.78082191780822,0.9672131147540983,2
ARABIC_TRIMMED_E5_FP32,HYBRID_PROTOTYPE,SCORE_AND_GAP,0.7,0.02,27,119,18.493150684931507,1.0,0
ARABIC_TRIMMED_E5_FP32,HYBRID_PROTOTYPE,SCORE_AND_GAP,0.7,0.03,7,139,4.794520547945205,1.0,0
ARABIC_TRIMMED_E5_FP32,HYBRID_PROTOTYPE,SCORE_AND_GAP,0.7,0.04,2,144,1.36986301369863,1.0,0
ARABIC_TRIMMED_E5_FP32,HYBRID_PROTOTYPE,SCORE_AND_GAP,0.7,0.05,0,146,0.0,,0
ARABIC_TRIMMED_E5_FP32,HYBRID_PROTOTYPE,SCORE_AND_GAP,0.7,0.06,0,146,0.0,,0
ARABIC_TRIMMED_E5_FP32,HYBRID_PROTOTYPE,SCORE_AND_GAP,0.7,0.08,0,146,0.0,,0
ARABIC_TRIMMED_E5_FP32,HYBRID_PROTOTYPE,SCORE_AND_GAP,0.7,0.1,0,146,0.0,,0
ARABIC_TRIMMED_E5_FP32,HYBRID_PROTOTYPE,SCORE_AND_GAP,0.7,0.12,0,146,0.0,,0
ARABIC_TRIMMED_E5_FP32,HYBRID_PROTOTYPE,SCORE_AND_GAP,0.7,0.15,0,146,0.0,,0
ARABIC_TRIMMED_E5_FP32,HYBRID_PROTOTYPE,SCORE_AND_GAP,0.7,0.2,0,146,0.0,,0
ARABIC_TRIMMED_E5_FP32,HYBRID_PROTOTYPE,SCORE_AND_GAP,0.75,0.01,61,85,41.78082191780822,0.9672131147540983,2
ARABIC_TRIMMED_E5_FP32,HYBRID_PROTOTYPE,SCORE_AND_GAP,0.75,0.02,27,119,18.493150684931507,1.0,0
ARABIC_TRIMMED_E5_FP32,HYBRID_PROTOTYPE,SCORE_AND_GAP,0.75,0.03,7,139,4.794520547945205,1.0,0
ARABIC_TRIMMED_E5_FP32,HYBRID_PROTOTYPE,SCORE_AND_GAP,0.75,0.04,2,144,1.36986301369863,1.0,0
ARABIC_TRIMMED_E5_FP32,HYBRID_PROTOTYPE,SCORE_AND_GAP,0.75,0.05,0,146,0.0,,0
ARABIC_TRIMMED_E5_FP32,HYBRID_PROTOTYPE,SCORE_AND_GAP,0.75,0.06,0,146,0.0,,0
ARABIC_TRIMMED_E5_FP32,HYBRID_PROTOTYPE,SCORE_AND_GAP,0.75,0.08,0,146,0.0,,0
ARABIC_TRIMMED_E5_FP32,HYBRID_PROTOTYPE,SCORE_AND_GAP,0.75,0.1,0,146,0.0,,0
ARABIC_TRIMMED_E5_FP32,HYBRID_PROTOTYPE,SCORE_AND_GAP,0.75,0.12,0,146,0.0,,0
ARABIC_TRIMMED_E5_FP32,HYBRID_PROTOTYPE,SCORE_AND_GAP,0.75,0.15,0,146,0.0,,0
ARABIC_TRIMMED_E5_FP32,HYBRID_PROTOTYPE,SCORE_AND_GAP,0.75,0.2,0,146,0.0,,0
ARABIC_TRIMMED_E5_FP32,HYBRID_PROTOTYPE,SCORE_AND_GAP,0.8,0.01,61,85,41.78082191780822,0.9672131147540983,2
ARABIC_TRIMMED_E5_FP32,HYBRID_PROTOTYPE,SCORE_AND_GAP,0.8,0.02,27,119,18.493150684931507,1.0,0
ARABIC_TRIMMED_E5_FP32,HYBRID_PROTOTYPE,SCORE_AND_GAP,0.8,0.03,7,139,4.794520547945205,1.0,0
ARABIC_TRIMMED_E5_FP32,HYBRID_PROTOTYPE,SCORE_AND_GAP,0.8,0.04,2,144,1.36986301369863,1.0,0
ARABIC_TRIMMED_E5_FP32,HYBRID_PROTOTYPE,SCORE_AND_GAP,0.8,0.05,0,146,0.0,,0
ARABIC_TRIMMED_E5_FP32,HYBRID_PROTOTYPE,SCORE_AND_GAP,0.8,0.06,0,146,0.0,,0
ARABIC_TRIMMED_E5_FP32,HYBRID_PROTOTYPE,SCORE_AND_GAP,0.8,0.08,0,146,0.0,,0
ARABIC_TRIMMED_E5_FP32,HYBRID_PROTOTYPE,SCORE_AND_GAP,0.8,0.1,0,146,0.0,,0
ARABIC_TRIMMED_E5_FP32,HYBRID_PROTOTYPE,SCORE_AND_GAP,0.8,0.12,0,146,0.0,,0
ARABIC_TRIMMED_E5_FP32,HYBRID_PROTOTYPE,SCORE_AND_GAP,0.8,0.15,0,146,0.0,,0
ARABIC_TRIMMED_E5_FP32,HYBRID_PROTOTYPE,SCORE_AND_GAP,0.8,0.2,0,146,0.0,,0
ARABIC_TRIMMED_E5_FP32,HYBRID_PROTOTYPE,SCORE_AND_GAP,0.85,0.01,57,89,39.04109589041096,0.9649122807017544,2
ARABIC_TRIMMED_E5_FP32,HYBRID_PROTOTYPE,SCORE_AND_GAP,0.85,0.02,26,120,17.80821917808219,1.0,0
ARABIC_TRIMMED_E5_FP32,HYBRID_PROTOTYPE,SCORE_AND_GAP,0.85,0.03,7,139,4.794520547945205,1.0,0
ARABIC_TRIMMED_E5_FP32,HYBRID_PROTOTYPE,SCORE_AND_GAP,0.85,0.04,2,144,1.36986301369863,1.0,0
ARABIC_TRIMMED_E5_FP32,HYBRID_PROTOTYPE,SCORE_AND_GAP,0.85,0.05,0,146,0.0,,0
ARABIC_TRIMMED_E5_FP32,HYBRID_PROTOTYPE,SCORE_AND_GAP,0.85,0.06,0,146,0.0,,0
ARABIC_TRIMMED_E5_FP32,HYBRID_PROTOTYPE,SCORE_AND_GAP,0.85,0.08,0,146,0.0,,0
ARABIC_TRIMMED_E5_FP32,HYBRID_PROTOTYPE,SCORE_AND_GAP,0.85,0.1,0,146,0.0,,0
ARABIC_TRIMMED_E5_FP32,HYBRID_PROTOTYPE,SCORE_AND_GAP,0.85,0.12,0,146,0.0,,0
ARABIC_TRIMMED_E5_FP32,HYBRID_PROTOTYPE,SCORE_AND_GAP,0.85,0.15,0,146,0.0,,0
ARABIC_TRIMMED_E5_FP32,HYBRID_PROTOTYPE,SCORE_AND_GAP,0.85,0.2,0,146,0.0,,0
ARABIC_TRIMMED_E5_FP32,HYBRID_PROTOTYPE,SCORE_AND_GAP,0.9,0.01,16,130,10.95890410958904,1.0,0
ARABIC_TRIMMED_E5_FP32,HYBRID_PROTOTYPE,SCORE_AND_GAP,0.9,0.02,11,135,7.534246575342466,1.0,0
ARABIC_TRIMMED_E5_FP32,HYBRID_PROTOTYPE,SCORE_AND_GAP,0.9,0.03,2,144,1.36986301369863,1.0,0
ARABIC_TRIMMED_E5_FP32,HYBRID_PROTOTYPE,SCORE_AND_GAP,0.9,0.04,1,145,0.684931506849315,1.0,0
ARABIC_TRIMMED_E5_FP32,HYBRID_PROTOTYPE,SCORE_AND_GAP,0.9,0.05,0,146,0.0,,0
ARABIC_TRIMMED_E5_FP32,HYBRID_PROTOTYPE,SCORE_AND_GAP,0.9,0.06,0,146,0.0,,0
ARABIC_TRIMMED_E5_FP32,HYBRID_PROTOTYPE,SCORE_AND_GAP,0.9,0.08,0,146,0.0,,0
ARABIC_TRIMMED_E5_FP32,HYBRID_PROTOTYPE,SCORE_AND_GAP,0.9,0.1,0,146,0.0,,0
ARABIC_TRIMMED_E5_FP32,HYBRID_PROTOTYPE,SCORE_AND_GAP,0.9,0.12,0,146,0.0,,0
ARABIC_TRIMMED_E5_FP32,HYBRID_PROTOTYPE,SCORE_AND_GAP,0.9,0.15,0,146,0.0,,0
ARABIC_TRIMMED_E5_FP32,HYBRID_PROTOTYPE,SCORE_AND_GAP,0.9,0.2,0,146,0.0,,0
ARABIC_TRIMMED_E5_DYNAMIC_INT8_PER_CHANNEL,HYBRID_PROTOTYPE,GAP_ONLY,,0.01,61,85,41.78082191780822,0.9836065573770492,1
ARABIC_TRIMMED_E5_DYNAMIC_INT8_PER_CHANNEL,HYBRID_PROTOTYPE,GAP_ONLY,,0.02,26,120,17.80821917808219,1.0,0
ARABIC_TRIMMED_E5_DYNAMIC_INT8_PER_CHANNEL,HYBRID_PROTOTYPE,GAP_ONLY,,0.03,4,142,2.73972602739726,1.0,0
ARABIC_TRIMMED_E5_DYNAMIC_INT8_PER_CHANNEL,HYBRID_PROTOTYPE,GAP_ONLY,,0.04,3,143,2.0547945205479454,1.0,0
ARABIC_TRIMMED_E5_DYNAMIC_INT8_PER_CHANNEL,HYBRID_PROTOTYPE,GAP_ONLY,,0.05,2,144,1.36986301369863,1.0,0
ARABIC_TRIMMED_E5_DYNAMIC_INT8_PER_CHANNEL,HYBRID_PROTOTYPE,GAP_ONLY,,0.06,0,146,0.0,,0
ARABIC_TRIMMED_E5_DYNAMIC_INT8_PER_CHANNEL,HYBRID_PROTOTYPE,GAP_ONLY,,0.08,0,146,0.0,,0
ARABIC_TRIMMED_E5_DYNAMIC_INT8_PER_CHANNEL,HYBRID_PROTOTYPE,GAP_ONLY,,0.1,0,146,0.0,,0
ARABIC_TRIMMED_E5_DYNAMIC_INT8_PER_CHANNEL,HYBRID_PROTOTYPE,GAP_ONLY,,0.12,0,146,0.0,,0
ARABIC_TRIMMED_E5_DYNAMIC_INT8_PER_CHANNEL,HYBRID_PROTOTYPE,GAP_ONLY,,0.15,0,146,0.0,,0
ARABIC_TRIMMED_E5_DYNAMIC_INT8_PER_CHANNEL,HYBRID_PROTOTYPE,GAP_ONLY,,0.2,0,146,0.0,,0
ARABIC_TRIMMED_E5_DYNAMIC_INT8_PER_CHANNEL,HYBRID_PROTOTYPE,SCORE_AND_GAP,0.2,0.01,61,85,41.78082191780822,0.9836065573770492,1
ARABIC_TRIMMED_E5_DYNAMIC_INT8_PER_CHANNEL,HYBRID_PROTOTYPE,SCORE_AND_GAP,0.2,0.02,26,120,17.80821917808219,1.0,0
ARABIC_TRIMMED_E5_DYNAMIC_INT8_PER_CHANNEL,HYBRID_PROTOTYPE,SCORE_AND_GAP,0.2,0.03,4,142,2.73972602739726,1.0,0
ARABIC_TRIMMED_E5_DYNAMIC_INT8_PER_CHANNEL,HYBRID_PROTOTYPE,SCORE_AND_GAP,0.2,0.04,3,143,2.0547945205479454,1.0,0
ARABIC_TRIMMED_E5_DYNAMIC_INT8_PER_CHANNEL,HYBRID_PROTOTYPE,SCORE_AND_GAP,0.2,0.05,2,144,1.36986301369863,1.0,0
ARABIC_TRIMMED_E5_DYNAMIC_INT8_PER_CHANNEL,HYBRID_PROTOTYPE,SCORE_AND_GAP,0.2,0.06,0,146,0.0,,0
ARABIC_TRIMMED_E5_DYNAMIC_INT8_PER_CHANNEL,HYBRID_PROTOTYPE,SCORE_AND_GAP,0.2,0.08,0,146,0.0,,0
ARABIC_TRIMMED_E5_DYNAMIC_INT8_PER_CHANNEL,HYBRID_PROTOTYPE,SCORE_AND_GAP,0.2,0.1,0,146,0.0,,0
ARABIC_TRIMMED_E5_DYNAMIC_INT8_PER_CHANNEL,HYBRID_PROTOTYPE,SCORE_AND_GAP,0.2,0.12,0,146,0.0,,0
ARABIC_TRIMMED_E5_DYNAMIC_INT8_PER_CHANNEL,HYBRID_PROTOTYPE,SCORE_AND_GAP,0.2,0.15,0,146,0.0,,0
ARABIC_TRIMMED_E5_DYNAMIC_INT8_PER_CHANNEL,HYBRID_PROTOTYPE,SCORE_AND_GAP,0.2,0.2,0,146,0.0,,0
ARABIC_TRIMMED_E5_DYNAMIC_INT8_PER_CHANNEL,HYBRID_PROTOTYPE,SCORE_AND_GAP,0.25,0.01,61,85,41.78082191780822,0.9836065573770492,1
ARABIC_TRIMMED_E5_DYNAMIC_INT8_PER_CHANNEL,HYBRID_PROTOTYPE,SCORE_AND_GAP,0.25,0.02,26,120,17.80821917808219,1.0,0
ARABIC_TRIMMED_E5_DYNAMIC_INT8_PER_CHANNEL,HYBRID_PROTOTYPE,SCORE_AND_GAP,0.25,0.03,4,142,2.73972602739726,1.0,0
ARABIC_TRIMMED_E5_DYNAMIC_INT8_PER_CHANNEL,HYBRID_PROTOTYPE,SCORE_AND_GAP,0.25,0.04,3,143,2.0547945205479454,1.0,0
ARABIC_TRIMMED_E5_DYNAMIC_INT8_PER_CHANNEL,HYBRID_PROTOTYPE,SCORE_AND_GAP,0.25,0.05,2,144,1.36986301369863,1.0,0
ARABIC_TRIMMED_E5_DYNAMIC_INT8_PER_CHANNEL,HYBRID_PROTOTYPE,SCORE_AND_GAP,0.25,0.06,0,146,0.0,,0
ARABIC_TRIMMED_E5_DYNAMIC_INT8_PER_CHANNEL,HYBRID_PROTOTYPE,SCORE_AND_GAP,0.25,0.08,0,146,0.0,,0
ARABIC_TRIMMED_E5_DYNAMIC_INT8_PER_CHANNEL,HYBRID_PROTOTYPE,SCORE_AND_GAP,0.25,0.1,0,146,0.0,,0
ARABIC_TRIMMED_E5_DYNAMIC_INT8_PER_CHANNEL,HYBRID_PROTOTYPE,SCORE_AND_GAP,0.25,0.12,0,146,0.0,,0
ARABIC_TRIMMED_E5_DYNAMIC_INT8_PER_CHANNEL,HYBRID_PROTOTYPE,SCORE_AND_GAP,0.25,0.15,0,146,0.0,,0
ARABIC_TRIMMED_E5_DYNAMIC_INT8_PER_CHANNEL,HYBRID_PROTOTYPE,SCORE_AND_GAP,0.25,0.2,0,146,0.0,,0
ARABIC_TRIMMED_E5_DYNAMIC_INT8_PER_CHANNEL,HYBRID_PROTOTYPE,SCORE_AND_GAP,0.3,0.01,61,85,41.78082191780822,0.9836065573770492,1
ARABIC_TRIMMED_E5_DYNAMIC_INT8_PER_CHANNEL,HYBRID_PROTOTYPE,SCORE_AND_GAP,0.3,0.02,26,120,17.80821917808219,1.0,0
ARABIC_TRIMMED_E5_DYNAMIC_INT8_PER_CHANNEL,HYBRID_PROTOTYPE,SCORE_AND_GAP,0.3,0.03,4,142,2.73972602739726,1.0,0
ARABIC_TRIMMED_E5_DYNAMIC_INT8_PER_CHANNEL,HYBRID_PROTOTYPE,SCORE_AND_GAP,0.3,0.04,3,143,2.0547945205479454,1.0,0
ARABIC_TRIMMED_E5_DYNAMIC_INT8_PER_CHANNEL,HYBRID_PROTOTYPE,SCORE_AND_GAP,0.3,0.05,2,144,1.36986301369863,1.0,0
ARABIC_TRIMMED_E5_DYNAMIC_INT8_PER_CHANNEL,HYBRID_PROTOTYPE,SCORE_AND_GAP,0.3,0.06,0,146,0.0,,0
ARABIC_TRIMMED_E5_DYNAMIC_INT8_PER_CHANNEL,HYBRID_PROTOTYPE,SCORE_AND_GAP,0.3,0.08,0,146,0.0,,0
ARABIC_TRIMMED_E5_DYNAMIC_INT8_PER_CHANNEL,HYBRID_PROTOTYPE,SCORE_AND_GAP,0.3,0.1,0,146,0.0,,0
ARABIC_TRIMMED_E5_DYNAMIC_INT8_PER_CHANNEL,HYBRID_PROTOTYPE,SCORE_AND_GAP,0.3,0.12,0,146,0.0,,0
ARABIC_TRIMMED_E5_DYNAMIC_INT8_PER_CHANNEL,HYBRID_PROTOTYPE,SCORE_AND_GAP,0.3,0.15,0,146,0.0,,0
ARABIC_TRIMMED_E5_DYNAMIC_INT8_PER_CHANNEL,HYBRID_PROTOTYPE,SCORE_AND_GAP,0.3,0.2,0,146,0.0,,0
ARABIC_TRIMMED_E5_DYNAMIC_INT8_PER_CHANNEL,HYBRID_PROTOTYPE,SCORE_AND_GAP,0.35,0.01,61,85,41.78082191780822,0.9836065573770492,1
ARABIC_TRIMMED_E5_DYNAMIC_INT8_PER_CHANNEL,HYBRID_PROTOTYPE,SCORE_AND_GAP,0.35,0.02,26,120,17.80821917808219,1.0,0
ARABIC_TRIMMED_E5_DYNAMIC_INT8_PER_CHANNEL,HYBRID_PROTOTYPE,SCORE_AND_GAP,0.35,0.03,4,142,2.73972602739726,1.0,0
ARABIC_TRIMMED_E5_DYNAMIC_INT8_PER_CHANNEL,HYBRID_PROTOTYPE,SCORE_AND_GAP,0.35,0.04,3,143,2.0547945205479454,1.0,0
ARABIC_TRIMMED_E5_DYNAMIC_INT8_PER_CHANNEL,HYBRID_PROTOTYPE,SCORE_AND_GAP,0.35,0.05,2,144,1.36986301369863,1.0,0
ARABIC_TRIMMED_E5_DYNAMIC_INT8_PER_CHANNEL,HYBRID_PROTOTYPE,SCORE_AND_GAP,0.35,0.06,0,146,0.0,,0
ARABIC_TRIMMED_E5_DYNAMIC_INT8_PER_CHANNEL,HYBRID_PROTOTYPE,SCORE_AND_GAP,0.35,0.08,0,146,0.0,,0
ARABIC_TRIMMED_E5_DYNAMIC_INT8_PER_CHANNEL,HYBRID_PROTOTYPE,SCORE_AND_GAP,0.35,0.1,0,146,0.0,,0
ARABIC_TRIMMED_E5_DYNAMIC_INT8_PER_CHANNEL,HYBRID_PROTOTYPE,SCORE_AND_GAP,0.35,0.12,0,146,0.0,,0
ARABIC_TRIMMED_E5_DYNAMIC_INT8_PER_CHANNEL,HYBRID_PROTOTYPE,SCORE_AND_GAP,0.35,0.15,0,146,0.0,,0
ARABIC_TRIMMED_E5_DYNAMIC_INT8_PER_CHANNEL,HYBRID_PROTOTYPE,SCORE_AND_GAP,0.35,0.2,0,146,0.0,,0
ARABIC_TRIMMED_E5_DYNAMIC_INT8_PER_CHANNEL,HYBRID_PROTOTYPE,SCORE_AND_GAP,0.4,0.01,61,85,41.78082191780822,0.9836065573770492,1
ARABIC_TRIMMED_E5_DYNAMIC_INT8_PER_CHANNEL,HYBRID_PROTOTYPE,SCORE_AND_GAP,0.4,0.02,26,120,17.80821917808219,1.0,0
ARABIC_TRIMMED_E5_DYNAMIC_INT8_PER_CHANNEL,HYBRID_PROTOTYPE,SCORE_AND_GAP,0.4,0.03,4,142,2.73972602739726,1.0,0
ARABIC_TRIMMED_E5_DYNAMIC_INT8_PER_CHANNEL,HYBRID_PROTOTYPE,SCORE_AND_GAP,0.4,0.04,3,143,2.0547945205479454,1.0,0
ARABIC_TRIMMED_E5_DYNAMIC_INT8_PER_CHANNEL,HYBRID_PROTOTYPE,SCORE_AND_GAP,0.4,0.05,2,144,1.36986301369863,1.0,0
ARABIC_TRIMMED_E5_DYNAMIC_INT8_PER_CHANNEL,HYBRID_PROTOTYPE,SCORE_AND_GAP,0.4,0.06,0,146,0.0,,0
ARABIC_TRIMMED_E5_DYNAMIC_INT8_PER_CHANNEL,HYBRID_PROTOTYPE,SCORE_AND_GAP,0.4,0.08,0,146,0.0,,0
ARABIC_TRIMMED_E5_DYNAMIC_INT8_PER_CHANNEL,HYBRID_PROTOTYPE,SCORE_AND_GAP,0.4,0.1,0,146,0.0,,0
ARABIC_TRIMMED_E5_DYNAMIC_INT8_PER_CHANNEL,HYBRID_PROTOTYPE,SCORE_AND_GAP,0.4,0.12,0,146,0.0,,0
ARABIC_TRIMMED_E5_DYNAMIC_INT8_PER_CHANNEL,HYBRID_PROTOTYPE,SCORE_AND_GAP,0.4,0.15,0,146,0.0,,0
ARABIC_TRIMMED_E5_DYNAMIC_INT8_PER_CHANNEL,HYBRID_PROTOTYPE,SCORE_AND_GAP,0.4,0.2,0,146,0.0,,0
ARABIC_TRIMMED_E5_DYNAMIC_INT8_PER_CHANNEL,HYBRID_PROTOTYPE,SCORE_AND_GAP,0.45,0.01,61,85,41.78082191780822,0.9836065573770492,1
ARABIC_TRIMMED_E5_DYNAMIC_INT8_PER_CHANNEL,HYBRID_PROTOTYPE,SCORE_AND_GAP,0.45,0.02,26,120,17.80821917808219,1.0,0
ARABIC_TRIMMED_E5_DYNAMIC_INT8_PER_CHANNEL,HYBRID_PROTOTYPE,SCORE_AND_GAP,0.45,0.03,4,142,2.73972602739726,1.0,0
ARABIC_TRIMMED_E5_DYNAMIC_INT8_PER_CHANNEL,HYBRID_PROTOTYPE,SCORE_AND_GAP,0.45,0.04,3,143,2.0547945205479454,1.0,0
ARABIC_TRIMMED_E5_DYNAMIC_INT8_PER_CHANNEL,HYBRID_PROTOTYPE,SCORE_AND_GAP,0.45,0.05,2,144,1.36986301369863,1.0,0
ARABIC_TRIMMED_E5_DYNAMIC_INT8_PER_CHANNEL,HYBRID_PROTOTYPE,SCORE_AND_GAP,0.45,0.06,0,146,0.0,,0
ARABIC_TRIMMED_E5_DYNAMIC_INT8_PER_CHANNEL,HYBRID_PROTOTYPE,SCORE_AND_GAP,0.45,0.08,0,146,0.0,,0
ARABIC_TRIMMED_E5_DYNAMIC_INT8_PER_CHANNEL,HYBRID_PROTOTYPE,SCORE_AND_GAP,0.45,0.1,0,146,0.0,,0
ARABIC_TRIMMED_E5_DYNAMIC_INT8_PER_CHANNEL,HYBRID_PROTOTYPE,SCORE_AND_GAP,0.45,0.12,0,146,0.0,,0
ARABIC_TRIMMED_E5_DYNAMIC_INT8_PER_CHANNEL,HYBRID_PROTOTYPE,SCORE_AND_GAP,0.45,0.15,0,146,0.0,,0
ARABIC_TRIMMED_E5_DYNAMIC_INT8_PER_CHANNEL,HYBRID_PROTOTYPE,SCORE_AND_GAP,0.45,0.2,0,146,0.0,,0
ARABIC_TRIMMED_E5_DYNAMIC_INT8_PER_CHANNEL,HYBRID_PROTOTYPE,SCORE_AND_GAP,0.5,0.01,61,85,41.78082191780822,0.9836065573770492,1
ARABIC_TRIMMED_E5_DYNAMIC_INT8_PER_CHANNEL,HYBRID_PROTOTYPE,SCORE_AND_GAP,0.5,0.02,26,120,17.80821917808219,1.0,0
ARABIC_TRIMMED_E5_DYNAMIC_INT8_PER_CHANNEL,HYBRID_PROTOTYPE,SCORE_AND_GAP,0.5,0.03,4,142,2.73972602739726,1.0,0
ARABIC_TRIMMED_E5_DYNAMIC_INT8_PER_CHANNEL,HYBRID_PROTOTYPE,SCORE_AND_GAP,0.5,0.04,3,143,2.0547945205479454,1.0,0
ARABIC_TRIMMED_E5_DYNAMIC_INT8_PER_CHANNEL,HYBRID_PROTOTYPE,SCORE_AND_GAP,0.5,0.05,2,144,1.36986301369863,1.0,0
ARABIC_TRIMMED_E5_DYNAMIC_INT8_PER_CHANNEL,HYBRID_PROTOTYPE,SCORE_AND_GAP,0.5,0.06,0,146,0.0,,0
ARABIC_TRIMMED_E5_DYNAMIC_INT8_PER_CHANNEL,HYBRID_PROTOTYPE,SCORE_AND_GAP,0.5,0.08,0,146,0.0,,0
ARABIC_TRIMMED_E5_DYNAMIC_INT8_PER_CHANNEL,HYBRID_PROTOTYPE,SCORE_AND_GAP,0.5,0.1,0,146,0.0,,0
ARABIC_TRIMMED_E5_DYNAMIC_INT8_PER_CHANNEL,HYBRID_PROTOTYPE,SCORE_AND_GAP,0.5,0.12,0,146,0.0,,0
ARABIC_TRIMMED_E5_DYNAMIC_INT8_PER_CHANNEL,HYBRID_PROTOTYPE,SCORE_AND_GAP,0.5,0.15,0,146,0.0,,0
ARABIC_TRIMMED_E5_DYNAMIC_INT8_PER_CHANNEL,HYBRID_PROTOTYPE,SCORE_AND_GAP,0.5,0.2,0,146,0.0,,0
ARABIC_TRIMMED_E5_DYNAMIC_INT8_PER_CHANNEL,HYBRID_PROTOTYPE,SCORE_AND_GAP,0.55,0.01,61,85,41.78082191780822,0.9836065573770492,1
ARABIC_TRIMMED_E5_DYNAMIC_INT8_PER_CHANNEL,HYBRID_PROTOTYPE,SCORE_AND_GAP,0.55,0.02,26,120,17.80821917808219,1.0,0
ARABIC_TRIMMED_E5_DYNAMIC_INT8_PER_CHANNEL,HYBRID_PROTOTYPE,SCORE_AND_GAP,0.55,0.03,4,142,2.73972602739726,1.0,0
ARABIC_TRIMMED_E5_DYNAMIC_INT8_PER_CHANNEL,HYBRID_PROTOTYPE,SCORE_AND_GAP,0.55,0.04,3,143,2.0547945205479454,1.0,0
ARABIC_TRIMMED_E5_DYNAMIC_INT8_PER_CHANNEL,HYBRID_PROTOTYPE,SCORE_AND_GAP,0.55,0.05,2,144,1.36986301369863,1.0,0
ARABIC_TRIMMED_E5_DYNAMIC_INT8_PER_CHANNEL,HYBRID_PROTOTYPE,SCORE_AND_GAP,0.55,0.06,0,146,0.0,,0
ARABIC_TRIMMED_E5_DYNAMIC_INT8_PER_CHANNEL,HYBRID_PROTOTYPE,SCORE_AND_GAP,0.55,0.08,0,146,0.0,,0
ARABIC_TRIMMED_E5_DYNAMIC_INT8_PER_CHANNEL,HYBRID_PROTOTYPE,SCORE_AND_GAP,0.55,0.1,0,146,0.0,,0
ARABIC_TRIMMED_E5_DYNAMIC_INT8_PER_CHANNEL,HYBRID_PROTOTYPE,SCORE_AND_GAP,0.55,0.12,0,146,0.0,,0
ARABIC_TRIMMED_E5_DYNAMIC_INT8_PER_CHANNEL,HYBRID_PROTOTYPE,SCORE_AND_GAP,0.55,0.15,0,146,0.0,,0
ARABIC_TRIMMED_E5_DYNAMIC_INT8_PER_CHANNEL,HYBRID_PROTOTYPE,SCORE_AND_GAP,0.55,0.2,0,146,0.0,,0
ARABIC_TRIMMED_E5_DYNAMIC_INT8_PER_CHANNEL,HYBRID_PROTOTYPE,SCORE_AND_GAP,0.6,0.01,61,85,41.78082191780822,0.9836065573770492,1
ARABIC_TRIMMED_E5_DYNAMIC_INT8_PER_CHANNEL,HYBRID_PROTOTYPE,SCORE_AND_GAP,0.6,0.02,26,120,17.80821917808219,1.0,0
ARABIC_TRIMMED_E5_DYNAMIC_INT8_PER_CHANNEL,HYBRID_PROTOTYPE,SCORE_AND_GAP,0.6,0.03,4,142,2.73972602739726,1.0,0
ARABIC_TRIMMED_E5_DYNAMIC_INT8_PER_CHANNEL,HYBRID_PROTOTYPE,SCORE_AND_GAP,0.6,0.04,3,143,2.0547945205479454,1.0,0
ARABIC_TRIMMED_E5_DYNAMIC_INT8_PER_CHANNEL,HYBRID_PROTOTYPE,SCORE_AND_GAP,0.6,0.05,2,144,1.36986301369863,1.0,0
ARABIC_TRIMMED_E5_DYNAMIC_INT8_PER_CHANNEL,HYBRID_PROTOTYPE,SCORE_AND_GAP,0.6,0.06,0,146,0.0,,0
ARABIC_TRIMMED_E5_DYNAMIC_INT8_PER_CHANNEL,HYBRID_PROTOTYPE,SCORE_AND_GAP,0.6,0.08,0,146,0.0,,0
ARABIC_TRIMMED_E5_DYNAMIC_INT8_PER_CHANNEL,HYBRID_PROTOTYPE,SCORE_AND_GAP,0.6,0.1,0,146,0.0,,0
ARABIC_TRIMMED_E5_DYNAMIC_INT8_PER_CHANNEL,HYBRID_PROTOTYPE,SCORE_AND_GAP,0.6,0.12,0,146,0.0,,0
ARABIC_TRIMMED_E5_DYNAMIC_INT8_PER_CHANNEL,HYBRID_PROTOTYPE,SCORE_AND_GAP,0.6,0.15,0,146,0.0,,0
ARABIC_TRIMMED_E5_DYNAMIC_INT8_PER_CHANNEL,HYBRID_PROTOTYPE,SCORE_AND_GAP,0.6,0.2,0,146,0.0,,0
ARABIC_TRIMMED_E5_DYNAMIC_INT8_PER_CHANNEL,HYBRID_PROTOTYPE,SCORE_AND_GAP,0.65,0.01,61,85,41.78082191780822,0.9836065573770492,1
ARABIC_TRIMMED_E5_DYNAMIC_INT8_PER_CHANNEL,HYBRID_PROTOTYPE,SCORE_AND_GAP,0.65,0.02,26,120,17.80821917808219,1.0,0
ARABIC_TRIMMED_E5_DYNAMIC_INT8_PER_CHANNEL,HYBRID_PROTOTYPE,SCORE_AND_GAP,0.65,0.03,4,142,2.73972602739726,1.0,0
ARABIC_TRIMMED_E5_DYNAMIC_INT8_PER_CHANNEL,HYBRID_PROTOTYPE,SCORE_AND_GAP,0.65,0.04,3,143,2.0547945205479454,1.0,0
ARABIC_TRIMMED_E5_DYNAMIC_INT8_PER_CHANNEL,HYBRID_PROTOTYPE,SCORE_AND_GAP,0.65,0.05,2,144,1.36986301369863,1.0,0
ARABIC_TRIMMED_E5_DYNAMIC_INT8_PER_CHANNEL,HYBRID_PROTOTYPE,SCORE_AND_GAP,0.65,0.06,0,146,0.0,,0
ARABIC_TRIMMED_E5_DYNAMIC_INT8_PER_CHANNEL,HYBRID_PROTOTYPE,SCORE_AND_GAP,0.65,0.08,0,146,0.0,,0
ARABIC_TRIMMED_E5_DYNAMIC_INT8_PER_CHANNEL,HYBRID_PROTOTYPE,SCORE_AND_GAP,0.65,0.1,0,146,0.0,,0
ARABIC_TRIMMED_E5_DYNAMIC_INT8_PER_CHANNEL,HYBRID_PROTOTYPE,SCORE_AND_GAP,0.65,0.12,0,146,0.0,,0
ARABIC_TRIMMED_E5_DYNAMIC_INT8_PER_CHANNEL,HYBRID_PROTOTYPE,SCORE_AND_GAP,0.65,0.15,0,146,0.0,,0
ARABIC_TRIMMED_E5_DYNAMIC_INT8_PER_CHANNEL,HYBRID_PROTOTYPE,SCORE_AND_GAP,0.65,0.2,0,146,0.0,,0
ARABIC_TRIMMED_E5_DYNAMIC_INT8_PER_CHANNEL,HYBRID_PROTOTYPE,SCORE_AND_GAP,0.7,0.01,61,85,41.78082191780822,0.9836065573770492,1
ARABIC_TRIMMED_E5_DYNAMIC_INT8_PER_CHANNEL,HYBRID_PROTOTYPE,SCORE_AND_GAP,0.7,0.02,26,120,17.80821917808219,1.0,0
ARABIC_TRIMMED_E5_DYNAMIC_INT8_PER_CHANNEL,HYBRID_PROTOTYPE,SCORE_AND_GAP,0.7,0.03,4,142,2.73972602739726,1.0,0
ARABIC_TRIMMED_E5_DYNAMIC_INT8_PER_CHANNEL,HYBRID_PROTOTYPE,SCORE_AND_GAP,0.7,0.04,3,143,2.0547945205479454,1.0,0
ARABIC_TRIMMED_E5_DYNAMIC_INT8_PER_CHANNEL,HYBRID_PROTOTYPE,SCORE_AND_GAP,0.7,0.05,2,144,1.36986301369863,1.0,0
ARABIC_TRIMMED_E5_DYNAMIC_INT8_PER_CHANNEL,HYBRID_PROTOTYPE,SCORE_AND_GAP,0.7,0.06,0,146,0.0,,0
ARABIC_TRIMMED_E5_DYNAMIC_INT8_PER_CHANNEL,HYBRID_PROTOTYPE,SCORE_AND_GAP,0.7,0.08,0,146,0.0,,0
ARABIC_TRIMMED_E5_DYNAMIC_INT8_PER_CHANNEL,HYBRID_PROTOTYPE,SCORE_AND_GAP,0.7,0.1,0,146,0.0,,0
ARABIC_TRIMMED_E5_DYNAMIC_INT8_PER_CHANNEL,HYBRID_PROTOTYPE,SCORE_AND_GAP,0.7,0.12,0,146,0.0,,0
ARABIC_TRIMMED_E5_DYNAMIC_INT8_PER_CHANNEL,HYBRID_PROTOTYPE,SCORE_AND_GAP,0.7,0.15,0,146,0.0,,0
ARABIC_TRIMMED_E5_DYNAMIC_INT8_PER_CHANNEL,HYBRID_PROTOTYPE,SCORE_AND_GAP,0.7,0.2,0,146,0.0,,0
ARABIC_TRIMMED_E5_DYNAMIC_INT8_PER_CHANNEL,HYBRID_PROTOTYPE,SCORE_AND_GAP,0.75,0.01,61,85,41.78082191780822,0.9836065573770492,1
ARABIC_TRIMMED_E5_DYNAMIC_INT8_PER_CHANNEL,HYBRID_PROTOTYPE,SCORE_AND_GAP,0.75,0.02,26,120,17.80821917808219,1.0,0
ARABIC_TRIMMED_E5_DYNAMIC_INT8_PER_CHANNEL,HYBRID_PROTOTYPE,SCORE_AND_GAP,0.75,0.03,4,142,2.73972602739726,1.0,0
ARABIC_TRIMMED_E5_DYNAMIC_INT8_PER_CHANNEL,HYBRID_PROTOTYPE,SCORE_AND_GAP,0.75,0.04,3,143,2.0547945205479454,1.0,0
ARABIC_TRIMMED_E5_DYNAMIC_INT8_PER_CHANNEL,HYBRID_PROTOTYPE,SCORE_AND_GAP,0.75,0.05,2,144,1.36986301369863,1.0,0
ARABIC_TRIMMED_E5_DYNAMIC_INT8_PER_CHANNEL,HYBRID_PROTOTYPE,SCORE_AND_GAP,0.75,0.06,0,146,0.0,,0
ARABIC_TRIMMED_E5_DYNAMIC_INT8_PER_CHANNEL,HYBRID_PROTOTYPE,SCORE_AND_GAP,0.75,0.08,0,146,0.0,,0
ARABIC_TRIMMED_E5_DYNAMIC_INT8_PER_CHANNEL,HYBRID_PROTOTYPE,SCORE_AND_GAP,0.75,0.1,0,146,0.0,,0
ARABIC_TRIMMED_E5_DYNAMIC_INT8_PER_CHANNEL,HYBRID_PROTOTYPE,SCORE_AND_GAP,0.75,0.12,0,146,0.0,,0
ARABIC_TRIMMED_E5_DYNAMIC_INT8_PER_CHANNEL,HYBRID_PROTOTYPE,SCORE_AND_GAP,0.75,0.15,0,146,0.0,,0
ARABIC_TRIMMED_E5_DYNAMIC_INT8_PER_CHANNEL,HYBRID_PROTOTYPE,SCORE_AND_GAP,0.75,0.2,0,146,0.0,,0
ARABIC_TRIMMED_E5_DYNAMIC_INT8_PER_CHANNEL,HYBRID_PROTOTYPE,SCORE_AND_GAP,0.8,0.01,61,85,41.78082191780822,0.9836065573770492,1
ARABIC_TRIMMED_E5_DYNAMIC_INT8_PER_CHANNEL,HYBRID_PROTOTYPE,SCORE_AND_GAP,0.8,0.02,26,120,17.80821917808219,1.0,0
ARABIC_TRIMMED_E5_DYNAMIC_INT8_PER_CHANNEL,HYBRID_PROTOTYPE,SCORE_AND_GAP,0.8,0.03,4,142,2.73972602739726,1.0,0
ARABIC_TRIMMED_E5_DYNAMIC_INT8_PER_CHANNEL,HYBRID_PROTOTYPE,SCORE_AND_GAP,0.8,0.04,3,143,2.0547945205479454,1.0,0
ARABIC_TRIMMED_E5_DYNAMIC_INT8_PER_CHANNEL,HYBRID_PROTOTYPE,SCORE_AND_GAP,0.8,0.05,2,144,1.36986301369863,1.0,0
ARABIC_TRIMMED_E5_DYNAMIC_INT8_PER_CHANNEL,HYBRID_PROTOTYPE,SCORE_AND_GAP,0.8,0.06,0,146,0.0,,0
ARABIC_TRIMMED_E5_DYNAMIC_INT8_PER_CHANNEL,HYBRID_PROTOTYPE,SCORE_AND_GAP,0.8,0.08,0,146,0.0,,0
ARABIC_TRIMMED_E5_DYNAMIC_INT8_PER_CHANNEL,HYBRID_PROTOTYPE,SCORE_AND_GAP,0.8,0.1,0,146,0.0,,0
ARABIC_TRIMMED_E5_DYNAMIC_INT8_PER_CHANNEL,HYBRID_PROTOTYPE,SCORE_AND_GAP,0.8,0.12,0,146,0.0,,0
ARABIC_TRIMMED_E5_DYNAMIC_INT8_PER_CHANNEL,HYBRID_PROTOTYPE,SCORE_AND_GAP,0.8,0.15,0,146,0.0,,0
ARABIC_TRIMMED_E5_DYNAMIC_INT8_PER_CHANNEL,HYBRID_PROTOTYPE,SCORE_AND_GAP,0.8,0.2,0,146,0.0,,0
ARABIC_TRIMMED_E5_DYNAMIC_INT8_PER_CHANNEL,HYBRID_PROTOTYPE,SCORE_AND_GAP,0.85,0.01,59,87,40.41095890410959,0.9830508474576272,1
ARABIC_TRIMMED_E5_DYNAMIC_INT8_PER_CHANNEL,HYBRID_PROTOTYPE,SCORE_AND_GAP,0.85,0.02,26,120,17.80821917808219,1.0,0
ARABIC_TRIMMED_E5_DYNAMIC_INT8_PER_CHANNEL,HYBRID_PROTOTYPE,SCORE_AND_GAP,0.85,0.03,4,142,2.73972602739726,1.0,0
ARABIC_TRIMMED_E5_DYNAMIC_INT8_PER_CHANNEL,HYBRID_PROTOTYPE,SCORE_AND_GAP,0.85,0.04,3,143,2.0547945205479454,1.0,0
ARABIC_TRIMMED_E5_DYNAMIC_INT8_PER_CHANNEL,HYBRID_PROTOTYPE,SCORE_AND_GAP,0.85,0.05,2,144,1.36986301369863,1.0,0
ARABIC_TRIMMED_E5_DYNAMIC_INT8_PER_CHANNEL,HYBRID_PROTOTYPE,SCORE_AND_GAP,0.85,0.06,0,146,0.0,,0
ARABIC_TRIMMED_E5_DYNAMIC_INT8_PER_CHANNEL,HYBRID_PROTOTYPE,SCORE_AND_GAP,0.85,0.08,0,146,0.0,,0
ARABIC_TRIMMED_E5_DYNAMIC_INT8_PER_CHANNEL,HYBRID_PROTOTYPE,SCORE_AND_GAP,0.85,0.1,0,146,0.0,,0
ARABIC_TRIMMED_E5_DYNAMIC_INT8_PER_CHANNEL,HYBRID_PROTOTYPE,SCORE_AND_GAP,0.85,0.12,0,146,0.0,,0
ARABIC_TRIMMED_E5_DYNAMIC_INT8_PER_CHANNEL,HYBRID_PROTOTYPE,SCORE_AND_GAP,0.85,0.15,0,146,0.0,,0
ARABIC_TRIMMED_E5_DYNAMIC_INT8_PER_CHANNEL,HYBRID_PROTOTYPE,SCORE_AND_GAP,0.85,0.2,0,146,0.0,,0
ARABIC_TRIMMED_E5_DYNAMIC_INT8_PER_CHANNEL,HYBRID_PROTOTYPE,SCORE_AND_GAP,0.9,0.01,21,125,14.383561643835616,1.0,0
ARABIC_TRIMMED_E5_DYNAMIC_INT8_PER_CHANNEL,HYBRID_PROTOTYPE,SCORE_AND_GAP,0.9,0.02,12,134,8.219178082191782,1.0,0
ARABIC_TRIMMED_E5_DYNAMIC_INT8_PER_CHANNEL,HYBRID_PROTOTYPE,SCORE_AND_GAP,0.9,0.03,2,144,1.36986301369863,1.0,0
ARABIC_TRIMMED_E5_DYNAMIC_INT8_PER_CHANNEL,HYBRID_PROTOTYPE,SCORE_AND_GAP,0.9,0.04,1,145,0.684931506849315,1.0,0
ARABIC_TRIMMED_E5_DYNAMIC_INT8_PER_CHANNEL,HYBRID_PROTOTYPE,SCORE_AND_GAP,0.9,0.05,1,145,0.684931506849315,1.0,0
ARABIC_TRIMMED_E5_DYNAMIC_INT8_PER_CHANNEL,HYBRID_PROTOTYPE,SCORE_AND_GAP,0.9,0.06,0,146,0.0,,0
ARABIC_TRIMMED_E5_DYNAMIC_INT8_PER_CHANNEL,HYBRID_PROTOTYPE,SCORE_AND_GAP,0.9,0.08,0,146,0.0,,0
ARABIC_TRIMMED_E5_DYNAMIC_INT8_PER_CHANNEL,HYBRID_PROTOTYPE,SCORE_AND_GAP,0.9,0.1,0,146,0.0,,0
ARABIC_TRIMMED_E5_DYNAMIC_INT8_PER_CHANNEL,HYBRID_PROTOTYPE,SCORE_AND_GAP,0.9,0.12,0,146,0.0,,0
ARABIC_TRIMMED_E5_DYNAMIC_INT8_PER_CHANNEL,HYBRID_PROTOTYPE,SCORE_AND_GAP,0.9,0.15,0,146,0.0,,0
ARABIC_TRIMMED_E5_DYNAMIC_INT8_PER_CHANNEL,HYBRID_PROTOTYPE,SCORE_AND_GAP,0.9,0.2,0,146,0.0,,0
FIHRIS_MINILM_FP32,HYBRID_PROTOTYPE,GAP_ONLY,,0.01,132,14,90.41095890410959,0.6818181818181818,42
FIHRIS_MINILM_FP32,HYBRID_PROTOTYPE,GAP_ONLY,,0.02,123,23,84.24657534246575,0.6991869918699187,37
FIHRIS_MINILM_FP32,HYBRID_PROTOTYPE,GAP_ONLY,,0.03,118,28,80.82191780821918,0.7203389830508474,33
FIHRIS_MINILM_FP32,HYBRID_PROTOTYPE,GAP_ONLY,,0.04,111,35,76.02739726027397,0.7387387387387387,29
FIHRIS_MINILM_FP32,HYBRID_PROTOTYPE,GAP_ONLY,,0.05,103,43,70.54794520547945,0.7669902912621359,24
FIHRIS_MINILM_FP32,HYBRID_PROTOTYPE,GAP_ONLY,,0.06,94,52,64.38356164383562,0.7872340425531915,20
FIHRIS_MINILM_FP32,HYBRID_PROTOTYPE,GAP_ONLY,,0.08,76,70,52.054794520547944,0.8421052631578947,12
FIHRIS_MINILM_FP32,HYBRID_PROTOTYPE,GAP_ONLY,,0.1,66,80,45.205479452054796,0.9090909090909091,6
FIHRIS_MINILM_FP32,HYBRID_PROTOTYPE,GAP_ONLY,,0.12,55,91,37.67123287671233,0.9090909090909091,5
FIHRIS_MINILM_FP32,HYBRID_PROTOTYPE,GAP_ONLY,,0.15,42,104,28.767123287671232,0.9047619047619048,4
FIHRIS_MINILM_FP32,HYBRID_PROTOTYPE,GAP_ONLY,,0.2,23,123,15.753424657534246,0.9130434782608695,2
FIHRIS_MINILM_FP32,HYBRID_PROTOTYPE,SCORE_AND_GAP,0.2,0.01,131,15,89.72602739726027,0.6870229007633588,41
FIHRIS_MINILM_FP32,HYBRID_PROTOTYPE,SCORE_AND_GAP,0.2,0.02,122,24,83.56164383561644,0.7049180327868853,36
FIHRIS_MINILM_FP32,HYBRID_PROTOTYPE,SCORE_AND_GAP,0.2,0.03,118,28,80.82191780821918,0.7203389830508474,33
FIHRIS_MINILM_FP32,HYBRID_PROTOTYPE,SCORE_AND_GAP,0.2,0.04,111,35,76.02739726027397,0.7387387387387387,29
FIHRIS_MINILM_FP32,HYBRID_PROTOTYPE,SCORE_AND_GAP,0.2,0.05,103,43,70.54794520547945,0.7669902912621359,24
FIHRIS_MINILM_FP32,HYBRID_PROTOTYPE,SCORE_AND_GAP,0.2,0.06,94,52,64.38356164383562,0.7872340425531915,20
FIHRIS_MINILM_FP32,HYBRID_PROTOTYPE,SCORE_AND_GAP,0.2,0.08,76,70,52.054794520547944,0.8421052631578947,12
FIHRIS_MINILM_FP32,HYBRID_PROTOTYPE,SCORE_AND_GAP,0.2,0.1,66,80,45.205479452054796,0.9090909090909091,6
FIHRIS_MINILM_FP32,HYBRID_PROTOTYPE,SCORE_AND_GAP,0.2,0.12,55,91,37.67123287671233,0.9090909090909091,5
FIHRIS_MINILM_FP32,HYBRID_PROTOTYPE,SCORE_AND_GAP,0.2,0.15,42,104,28.767123287671232,0.9047619047619048,4
FIHRIS_MINILM_FP32,HYBRID_PROTOTYPE,SCORE_AND_GAP,0.2,0.2,23,123,15.753424657534246,0.9130434782608695,2
FIHRIS_MINILM_FP32,HYBRID_PROTOTYPE,SCORE_AND_GAP,0.25,0.01,126,20,86.3013698630137,0.6825396825396826,40
FIHRIS_MINILM_FP32,HYBRID_PROTOTYPE,SCORE_AND_GAP,0.25,0.02,119,27,81.5068493150685,0.7058823529411765,35
FIHRIS_MINILM_FP32,HYBRID_PROTOTYPE,SCORE_AND_GAP,0.25,0.03,115,31,78.76712328767124,0.7217391304347827,32
FIHRIS_MINILM_FP32,HYBRID_PROTOTYPE,SCORE_AND_GAP,0.25,0.04,108,38,73.97260273972603,0.7407407407407407,28
FIHRIS_MINILM_FP32,HYBRID_PROTOTYPE,SCORE_AND_GAP,0.25,0.05,100,46,68.4931506849315,0.77,23
FIHRIS_MINILM_FP32,HYBRID_PROTOTYPE,SCORE_AND_GAP,0.25,0.06,92,54,63.013698630136986,0.7934782608695652,19
FIHRIS_MINILM_FP32,HYBRID_PROTOTYPE,SCORE_AND_GAP,0.25,0.08,76,70,52.054794520547944,0.8421052631578947,12
FIHRIS_MINILM_FP32,HYBRID_PROTOTYPE,SCORE_AND_GAP,0.25,0.1,66,80,45.205479452054796,0.9090909090909091,6
FIHRIS_MINILM_FP32,HYBRID_PROTOTYPE,SCORE_AND_GAP,0.25,0.12,55,91,37.67123287671233,0.9090909090909091,5
FIHRIS_MINILM_FP32,HYBRID_PROTOTYPE,SCORE_AND_GAP,0.25,0.15,42,104,28.767123287671232,0.9047619047619048,4
FIHRIS_MINILM_FP32,HYBRID_PROTOTYPE,SCORE_AND_GAP,0.25,0.2,23,123,15.753424657534246,0.9130434782608695,2
FIHRIS_MINILM_FP32,HYBRID_PROTOTYPE,SCORE_AND_GAP,0.3,0.01,111,35,76.02739726027397,0.6936936936936937,34
FIHRIS_MINILM_FP32,HYBRID_PROTOTYPE,SCORE_AND_GAP,0.3,0.02,107,39,73.28767123287672,0.7102803738317757,31
FIHRIS_MINILM_FP32,HYBRID_PROTOTYPE,SCORE_AND_GAP,0.3,0.03,103,43,70.54794520547945,0.7281553398058253,28
FIHRIS_MINILM_FP32,HYBRID_PROTOTYPE,SCORE_AND_GAP,0.3,0.04,97,49,66.43835616438356,0.7525773195876289,24
FIHRIS_MINILM_FP32,HYBRID_PROTOTYPE,SCORE_AND_GAP,0.3,0.05,93,53,63.6986301369863,0.7741935483870968,21
FIHRIS_MINILM_FP32,HYBRID_PROTOTYPE,SCORE_AND_GAP,0.3,0.06,88,58,60.273972602739725,0.7954545454545454,18
FIHRIS_MINILM_FP32,HYBRID_PROTOTYPE,SCORE_AND_GAP,0.3,0.08,73,73,50.0,0.8493150684931506,11
FIHRIS_MINILM_FP32,HYBRID_PROTOTYPE,SCORE_AND_GAP,0.3,0.1,64,82,43.83561643835616,0.90625,6
FIHRIS_MINILM_FP32,HYBRID_PROTOTYPE,SCORE_AND_GAP,0.3,0.12,53,93,36.3013698630137,0.9056603773584906,5
FIHRIS_MINILM_FP32,HYBRID_PROTOTYPE,SCORE_AND_GAP,0.3,0.15,42,104,28.767123287671232,0.9047619047619048,4
FIHRIS_MINILM_FP32,HYBRID_PROTOTYPE,SCORE_AND_GAP,0.3,0.2,23,123,15.753424657534246,0.9130434782608695,2
FIHRIS_MINILM_FP32,HYBRID_PROTOTYPE,SCORE_AND_GAP,0.35,0.01,96,50,65.75342465753425,0.7604166666666666,23
FIHRIS_MINILM_FP32,HYBRID_PROTOTYPE,SCORE_AND_GAP,0.35,0.02,94,52,64.38356164383562,0.7659574468085106,22
FIHRIS_MINILM_FP32,HYBRID_PROTOTYPE,SCORE_AND_GAP,0.35,0.03,91,55,62.32876712328767,0.7912087912087912,19
FIHRIS_MINILM_FP32,HYBRID_PROTOTYPE,SCORE_AND_GAP,0.35,0.04,89,57,60.95890410958904,0.8089887640449438,17
FIHRIS_MINILM_FP32,HYBRID_PROTOTYPE,SCORE_AND_GAP,0.35,0.05,88,58,60.273972602739725,0.8068181818181818,17
FIHRIS_MINILM_FP32,HYBRID_PROTOTYPE,SCORE_AND_GAP,0.35,0.06,84,62,57.534246575342465,0.8333333333333334,14
FIHRIS_MINILM_FP32,HYBRID_PROTOTYPE,SCORE_AND_GAP,0.35,0.08,72,74,49.31506849315068,0.8611111111111112,10
FIHRIS_MINILM_FP32,HYBRID_PROTOTYPE,SCORE_AND_GAP,0.35,0.1,64,82,43.83561643835616,0.90625,6
FIHRIS_MINILM_FP32,HYBRID_PROTOTYPE,SCORE_AND_GAP,0.35,0.12,53,93,36.3013698630137,0.9056603773584906,5
FIHRIS_MINILM_FP32,HYBRID_PROTOTYPE,SCORE_AND_GAP,0.35,0.15,42,104,28.767123287671232,0.9047619047619048,4
FIHRIS_MINILM_FP32,HYBRID_PROTOTYPE,SCORE_AND_GAP,0.35,0.2,23,123,15.753424657534246,0.9130434782608695,2
FIHRIS_MINILM_FP32,HYBRID_PROTOTYPE,SCORE_AND_GAP,0.4,0.01,84,62,57.534246575342465,0.8333333333333334,14
FIHRIS_MINILM_FP32,HYBRID_PROTOTYPE,SCORE_AND_GAP,0.4,0.02,84,62,57.534246575342465,0.8333333333333334,14
FIHRIS_MINILM_FP32,HYBRID_PROTOTYPE,SCORE_AND_GAP,0.4,0.03,83,63,56.84931506849315,0.8433734939759037,13
FIHRIS_MINILM_FP32,HYBRID_PROTOTYPE,SCORE_AND_GAP,0.4,0.04,83,63,56.84931506849315,0.8433734939759037,13
FIHRIS_MINILM_FP32,HYBRID_PROTOTYPE,SCORE_AND_GAP,0.4,0.05,82,64,56.16438356164384,0.8414634146341463,13
FIHRIS_MINILM_FP32,HYBRID_PROTOTYPE,SCORE_AND_GAP,0.4,0.06,79,67,54.10958904109589,0.8607594936708861,11
FIHRIS_MINILM_FP32,HYBRID_PROTOTYPE,SCORE_AND_GAP,0.4,0.08,70,76,47.945205479452056,0.8714285714285714,9
FIHRIS_MINILM_FP32,HYBRID_PROTOTYPE,SCORE_AND_GAP,0.4,0.1,63,83,43.15068493150685,0.9047619047619048,6
FIHRIS_MINILM_FP32,HYBRID_PROTOTYPE,SCORE_AND_GAP,0.4,0.12,52,94,35.61643835616438,0.9038461538461539,5
FIHRIS_MINILM_FP32,HYBRID_PROTOTYPE,SCORE_AND_GAP,0.4,0.15,42,104,28.767123287671232,0.9047619047619048,4
FIHRIS_MINILM_FP32,HYBRID_PROTOTYPE,SCORE_AND_GAP,0.4,0.2,23,123,15.753424657534246,0.9130434782608695,2
FIHRIS_MINILM_FP32,HYBRID_PROTOTYPE,SCORE_AND_GAP,0.45,0.01,66,80,45.205479452054796,0.8939393939393939,7
FIHRIS_MINILM_FP32,HYBRID_PROTOTYPE,SCORE_AND_GAP,0.45,0.02,66,80,45.205479452054796,0.8939393939393939,7
FIHRIS_MINILM_FP32,HYBRID_PROTOTYPE,SCORE_AND_GAP,0.45,0.03,66,80,45.205479452054796,0.8939393939393939,7
FIHRIS_MINILM_FP32,HYBRID_PROTOTYPE,SCORE_AND_GAP,0.45,0.04,66,80,45.205479452054796,0.8939393939393939,7
FIHRIS_MINILM_FP32,HYBRID_PROTOTYPE,SCORE_AND_GAP,0.45,0.05,66,80,45.205479452054796,0.8939393939393939,7
FIHRIS_MINILM_FP32,HYBRID_PROTOTYPE,SCORE_AND_GAP,0.45,0.06,63,83,43.15068493150685,0.9206349206349206,5
FIHRIS_MINILM_FP32,HYBRID_PROTOTYPE,SCORE_AND_GAP,0.45,0.08,59,87,40.41095890410959,0.9152542372881356,5
FIHRIS_MINILM_FP32,HYBRID_PROTOTYPE,SCORE_AND_GAP,0.45,0.1,55,91,37.67123287671233,0.9272727272727272,4
FIHRIS_MINILM_FP32,HYBRID_PROTOTYPE,SCORE_AND_GAP,0.45,0.12,44,102,30.136986301369863,0.9318181818181818,3
FIHRIS_MINILM_FP32,HYBRID_PROTOTYPE,SCORE_AND_GAP,0.45,0.15,35,111,23.972602739726028,0.9428571428571428,2
FIHRIS_MINILM_FP32,HYBRID_PROTOTYPE,SCORE_AND_GAP,0.45,0.2,21,125,14.383561643835616,0.9047619047619048,2
FIHRIS_MINILM_FP32,HYBRID_PROTOTYPE,SCORE_AND_GAP,0.5,0.01,49,97,33.56164383561644,0.8979591836734694,5
FIHRIS_MINILM_FP32,HYBRID_PROTOTYPE,SCORE_AND_GAP,0.5,0.02,49,97,33.56164383561644,0.8979591836734694,5
FIHRIS_MINILM_FP32,HYBRID_PROTOTYPE,SCORE_AND_GAP,0.5,0.03,49,97,33.56164383561644,0.8979591836734694,5
FIHRIS_MINILM_FP32,HYBRID_PROTOTYPE,SCORE_AND_GAP,0.5,0.04,49,97,33.56164383561644,0.8979591836734694,5
FIHRIS_MINILM_FP32,HYBRID_PROTOTYPE,SCORE_AND_GAP,0.5,0.05,49,97,33.56164383561644,0.8979591836734694,5
FIHRIS_MINILM_FP32,HYBRID_PROTOTYPE,SCORE_AND_GAP,0.5,0.06,48,98,32.87671232876713,0.8958333333333334,5
FIHRIS_MINILM_FP32,HYBRID_PROTOTYPE,SCORE_AND_GAP,0.5,0.08,46,100,31.506849315068493,0.8913043478260869,5
FIHRIS_MINILM_FP32,HYBRID_PROTOTYPE,SCORE_AND_GAP,0.5,0.1,42,104,28.767123287671232,0.9047619047619048,4
FIHRIS_MINILM_FP32,HYBRID_PROTOTYPE,SCORE_AND_GAP,0.5,0.12,36,110,24.65753424657534,0.9166666666666666,3
FIHRIS_MINILM_FP32,HYBRID_PROTOTYPE,SCORE_AND_GAP,0.5,0.15,31,115,21.232876712328768,0.9354838709677419,2
FIHRIS_MINILM_FP32,HYBRID_PROTOTYPE,SCORE_AND_GAP,0.5,0.2,19,127,13.013698630136986,0.8947368421052632,2
FIHRIS_MINILM_FP32,HYBRID_PROTOTYPE,SCORE_AND_GAP,0.55,0.01,27,119,18.493150684931507,0.9259259259259259,2
FIHRIS_MINILM_FP32,HYBRID_PROTOTYPE,SCORE_AND_GAP,0.55,0.02,27,119,18.493150684931507,0.9259259259259259,2
FIHRIS_MINILM_FP32,HYBRID_PROTOTYPE,SCORE_AND_GAP,0.55,0.03,27,119,18.493150684931507,0.9259259259259259,2
FIHRIS_MINILM_FP32,HYBRID_PROTOTYPE,SCORE_AND_GAP,0.55,0.04,27,119,18.493150684931507,0.9259259259259259,2
FIHRIS_MINILM_FP32,HYBRID_PROTOTYPE,SCORE_AND_GAP,0.55,0.05,27,119,18.493150684931507,0.9259259259259259,2
FIHRIS_MINILM_FP32,HYBRID_PROTOTYPE,SCORE_AND_GAP,0.55,0.06,26,120,17.80821917808219,0.9230769230769231,2
FIHRIS_MINILM_FP32,HYBRID_PROTOTYPE,SCORE_AND_GAP,0.55,0.08,25,121,17.123287671232877,0.92,2
FIHRIS_MINILM_FP32,HYBRID_PROTOTYPE,SCORE_AND_GAP,0.55,0.1,23,123,15.753424657534246,0.9130434782608695,2
FIHRIS_MINILM_FP32,HYBRID_PROTOTYPE,SCORE_AND_GAP,0.55,0.12,22,124,15.068493150684931,0.9545454545454546,1
FIHRIS_MINILM_FP32,HYBRID_PROTOTYPE,SCORE_AND_GAP,0.55,0.15,19,127,13.013698630136986,0.9473684210526315,1
FIHRIS_MINILM_FP32,HYBRID_PROTOTYPE,SCORE_AND_GAP,0.55,0.2,12,134,8.219178082191782,0.9166666666666666,1
FIHRIS_MINILM_FP32,HYBRID_PROTOTYPE,SCORE_AND_GAP,0.6,0.01,14,132,9.58904109589041,1.0,0
FIHRIS_MINILM_FP32,HYBRID_PROTOTYPE,SCORE_AND_GAP,0.6,0.02,14,132,9.58904109589041,1.0,0
FIHRIS_MINILM_FP32,HYBRID_PROTOTYPE,SCORE_AND_GAP,0.6,0.03,14,132,9.58904109589041,1.0,0
FIHRIS_MINILM_FP32,HYBRID_PROTOTYPE,SCORE_AND_GAP,0.6,0.04,14,132,9.58904109589041,1.0,0
FIHRIS_MINILM_FP32,HYBRID_PROTOTYPE,SCORE_AND_GAP,0.6,0.05,14,132,9.58904109589041,1.0,0
FIHRIS_MINILM_FP32,HYBRID_PROTOTYPE,SCORE_AND_GAP,0.6,0.06,13,133,8.904109589041095,1.0,0
FIHRIS_MINILM_FP32,HYBRID_PROTOTYPE,SCORE_AND_GAP,0.6,0.08,13,133,8.904109589041095,1.0,0
FIHRIS_MINILM_FP32,HYBRID_PROTOTYPE,SCORE_AND_GAP,0.6,0.1,11,135,7.534246575342466,1.0,0
FIHRIS_MINILM_FP32,HYBRID_PROTOTYPE,SCORE_AND_GAP,0.6,0.12,11,135,7.534246575342466,1.0,0
FIHRIS_MINILM_FP32,HYBRID_PROTOTYPE,SCORE_AND_GAP,0.6,0.15,11,135,7.534246575342466,1.0,0
FIHRIS_MINILM_FP32,HYBRID_PROTOTYPE,SCORE_AND_GAP,0.6,0.2,6,140,4.109589041095891,1.0,0
FIHRIS_MINILM_FP32,HYBRID_PROTOTYPE,SCORE_AND_GAP,0.65,0.01,10,136,6.8493150684931505,1.0,0
FIHRIS_MINILM_FP32,HYBRID_PROTOTYPE,SCORE_AND_GAP,0.65,0.02,10,136,6.8493150684931505,1.0,0
FIHRIS_MINILM_FP32,HYBRID_PROTOTYPE,SCORE_AND_GAP,0.65,0.03,10,136,6.8493150684931505,1.0,0
FIHRIS_MINILM_FP32,HYBRID_PROTOTYPE,SCORE_AND_GAP,0.65,0.04,10,136,6.8493150684931505,1.0,0
FIHRIS_MINILM_FP32,HYBRID_PROTOTYPE,SCORE_AND_GAP,0.65,0.05,10,136,6.8493150684931505,1.0,0
FIHRIS_MINILM_FP32,HYBRID_PROTOTYPE,SCORE_AND_GAP,0.65,0.06,9,137,6.164383561643835,1.0,0
FIHRIS_MINILM_FP32,HYBRID_PROTOTYPE,SCORE_AND_GAP,0.65,0.08,9,137,6.164383561643835,1.0,0
FIHRIS_MINILM_FP32,HYBRID_PROTOTYPE,SCORE_AND_GAP,0.65,0.1,7,139,4.794520547945205,1.0,0
FIHRIS_MINILM_FP32,HYBRID_PROTOTYPE,SCORE_AND_GAP,0.65,0.12,7,139,4.794520547945205,1.0,0
FIHRIS_MINILM_FP32,HYBRID_PROTOTYPE,SCORE_AND_GAP,0.65,0.15,7,139,4.794520547945205,1.0,0
FIHRIS_MINILM_FP32,HYBRID_PROTOTYPE,SCORE_AND_GAP,0.65,0.2,5,141,3.4246575342465753,1.0,0
FIHRIS_MINILM_FP32,HYBRID_PROTOTYPE,SCORE_AND_GAP,0.7,0.01,5,141,3.4246575342465753,1.0,0
FIHRIS_MINILM_FP32,HYBRID_PROTOTYPE,SCORE_AND_GAP,0.7,0.02,5,141,3.4246575342465753,1.0,0
FIHRIS_MINILM_FP32,HYBRID_PROTOTYPE,SCORE_AND_GAP,0.7,0.03,5,141,3.4246575342465753,1.0,0
FIHRIS_MINILM_FP32,HYBRID_PROTOTYPE,SCORE_AND_GAP,0.7,0.04,5,141,3.4246575342465753,1.0,0
FIHRIS_MINILM_FP32,HYBRID_PROTOTYPE,SCORE_AND_GAP,0.7,0.05,5,141,3.4246575342465753,1.0,0
FIHRIS_MINILM_FP32,HYBRID_PROTOTYPE,SCORE_AND_GAP,0.7,0.06,4,142,2.73972602739726,1.0,0
FIHRIS_MINILM_FP32,HYBRID_PROTOTYPE,SCORE_AND_GAP,0.7,0.08,4,142,2.73972602739726,1.0,0
FIHRIS_MINILM_FP32,HYBRID_PROTOTYPE,SCORE_AND_GAP,0.7,0.1,4,142,2.73972602739726,1.0,0
FIHRIS_MINILM_FP32,HYBRID_PROTOTYPE,SCORE_AND_GAP,0.7,0.12,4,142,2.73972602739726,1.0,0
FIHRIS_MINILM_FP32,HYBRID_PROTOTYPE,SCORE_AND_GAP,0.7,0.15,4,142,2.73972602739726,1.0,0
FIHRIS_MINILM_FP32,HYBRID_PROTOTYPE,SCORE_AND_GAP,0.7,0.2,2,144,1.36986301369863,1.0,0
FIHRIS_MINILM_FP32,HYBRID_PROTOTYPE,SCORE_AND_GAP,0.75,0.01,0,146,0.0,,0
FIHRIS_MINILM_FP32,HYBRID_PROTOTYPE,SCORE_AND_GAP,0.75,0.02,0,146,0.0,,0
FIHRIS_MINILM_FP32,HYBRID_PROTOTYPE,SCORE_AND_GAP,0.75,0.03,0,146,0.0,,0
FIHRIS_MINILM_FP32,HYBRID_PROTOTYPE,SCORE_AND_GAP,0.75,0.04,0,146,0.0,,0
FIHRIS_MINILM_FP32,HYBRID_PROTOTYPE,SCORE_AND_GAP,0.75,0.05,0,146,0.0,,0
FIHRIS_MINILM_FP32,HYBRID_PROTOTYPE,SCORE_AND_GAP,0.75,0.06,0,146,0.0,,0
FIHRIS_MINILM_FP32,HYBRID_PROTOTYPE,SCORE_AND_GAP,0.75,0.08,0,146,0.0,,0
FIHRIS_MINILM_FP32,HYBRID_PROTOTYPE,SCORE_AND_GAP,0.75,0.1,0,146,0.0,,0
FIHRIS_MINILM_FP32,HYBRID_PROTOTYPE,SCORE_AND_GAP,0.75,0.12,0,146,0.0,,0
FIHRIS_MINILM_FP32,HYBRID_PROTOTYPE,SCORE_AND_GAP,0.75,0.15,0,146,0.0,,0
FIHRIS_MINILM_FP32,HYBRID_PROTOTYPE,SCORE_AND_GAP,0.75,0.2,0,146,0.0,,0
FIHRIS_MINILM_FP32,HYBRID_PROTOTYPE,SCORE_AND_GAP,0.8,0.01,0,146,0.0,,0
FIHRIS_MINILM_FP32,HYBRID_PROTOTYPE,SCORE_AND_GAP,0.8,0.02,0,146,0.0,,0
FIHRIS_MINILM_FP32,HYBRID_PROTOTYPE,SCORE_AND_GAP,0.8,0.03,0,146,0.0,,0
FIHRIS_MINILM_FP32,HYBRID_PROTOTYPE,SCORE_AND_GAP,0.8,0.04,0,146,0.0,,0
FIHRIS_MINILM_FP32,HYBRID_PROTOTYPE,SCORE_AND_GAP,0.8,0.05,0,146,0.0,,0
FIHRIS_MINILM_FP32,HYBRID_PROTOTYPE,SCORE_AND_GAP,0.8,0.06,0,146,0.0,,0
FIHRIS_MINILM_FP32,HYBRID_PROTOTYPE,SCORE_AND_GAP,0.8,0.08,0,146,0.0,,0
FIHRIS_MINILM_FP32,HYBRID_PROTOTYPE,SCORE_AND_GAP,0.8,0.1,0,146,0.0,,0
FIHRIS_MINILM_FP32,HYBRID_PROTOTYPE,SCORE_AND_GAP,0.8,0.12,0,146,0.0,,0
FIHRIS_MINILM_FP32,HYBRID_PROTOTYPE,SCORE_AND_GAP,0.8,0.15,0,146,0.0,,0
FIHRIS_MINILM_FP32,HYBRID_PROTOTYPE,SCORE_AND_GAP,0.8,0.2,0,146,0.0,,0
FIHRIS_MINILM_FP32,HYBRID_PROTOTYPE,SCORE_AND_GAP,0.85,0.01,0,146,0.0,,0
FIHRIS_MINILM_FP32,HYBRID_PROTOTYPE,SCORE_AND_GAP,0.85,0.02,0,146,0.0,,0
FIHRIS_MINILM_FP32,HYBRID_PROTOTYPE,SCORE_AND_GAP,0.85,0.03,0,146,0.0,,0
FIHRIS_MINILM_FP32,HYBRID_PROTOTYPE,SCORE_AND_GAP,0.85,0.04,0,146,0.0,,0
FIHRIS_MINILM_FP32,HYBRID_PROTOTYPE,SCORE_AND_GAP,0.85,0.05,0,146,0.0,,0
FIHRIS_MINILM_FP32,HYBRID_PROTOTYPE,SCORE_AND_GAP,0.85,0.06,0,146,0.0,,0
FIHRIS_MINILM_FP32,HYBRID_PROTOTYPE,SCORE_AND_GAP,0.85,0.08,0,146,0.0,,0
FIHRIS_MINILM_FP32,HYBRID_PROTOTYPE,SCORE_AND_GAP,0.85,0.1,0,146,0.0,,0
FIHRIS_MINILM_FP32,HYBRID_PROTOTYPE,SCORE_AND_GAP,0.85,0.12,0,146,0.0,,0
FIHRIS_MINILM_FP32,HYBRID_PROTOTYPE,SCORE_AND_GAP,0.85,0.15,0,146,0.0,,0
FIHRIS_MINILM_FP32,HYBRID_PROTOTYPE,SCORE_AND_GAP,0.85,0.2,0,146,0.0,,0
FIHRIS_MINILM_FP32,HYBRID_PROTOTYPE,SCORE_AND_GAP,0.9,0.01,0,146,0.0,,0
FIHRIS_MINILM_FP32,HYBRID_PROTOTYPE,SCORE_AND_GAP,0.9,0.02,0,146,0.0,,0
FIHRIS_MINILM_FP32,HYBRID_PROTOTYPE,SCORE_AND_GAP,0.9,0.03,0,146,0.0,,0
FIHRIS_MINILM_FP32,HYBRID_PROTOTYPE,SCORE_AND_GAP,0.9,0.04,0,146,0.0,,0
FIHRIS_MINILM_FP32,HYBRID_PROTOTYPE,SCORE_AND_GAP,0.9,0.05,0,146,0.0,,0
FIHRIS_MINILM_FP32,HYBRID_PROTOTYPE,SCORE_AND_GAP,0.9,0.06,0,146,0.0,,0
FIHRIS_MINILM_FP32,HYBRID_PROTOTYPE,SCORE_AND_GAP,0.9,0.08,0,146,0.0,,0
FIHRIS_MINILM_FP32,HYBRID_PROTOTYPE,SCORE_AND_GAP,0.9,0.1,0,146,0.0,,0
FIHRIS_MINILM_FP32,HYBRID_PROTOTYPE,SCORE_AND_GAP,0.9,0.12,0,146,0.0,,0
FIHRIS_MINILM_FP32,HYBRID_PROTOTYPE,SCORE_AND_GAP,0.9,0.15,0,146,0.0,,0
FIHRIS_MINILM_FP32,HYBRID_PROTOTYPE,SCORE_AND_GAP,0.9,0.2,0,146,0.0,,0
FIHRIS_MINILM_DYNAMIC_INT8_PER_CHANNEL,HYBRID_PROTOTYPE,GAP_ONLY,,0.01,138,8,94.52054794520548,0.6739130434782609,45
FIHRIS_MINILM_DYNAMIC_INT8_PER_CHANNEL,HYBRID_PROTOTYPE,GAP_ONLY,,0.02,125,21,85.61643835616438,0.712,36
FIHRIS_MINILM_DYNAMIC_INT8_PER_CHANNEL,HYBRID_PROTOTYPE,GAP_ONLY,,0.03,116,30,79.45205479452055,0.7241379310344828,32
FIHRIS_MINILM_DYNAMIC_INT8_PER_CHANNEL,HYBRID_PROTOTYPE,GAP_ONLY,,0.04,105,41,71.91780821917808,0.7619047619047619,25
FIHRIS_MINILM_DYNAMIC_INT8_PER_CHANNEL,HYBRID_PROTOTYPE,GAP_ONLY,,0.05,97,49,66.43835616438356,0.7938144329896907,20
FIHRIS_MINILM_DYNAMIC_INT8_PER_CHANNEL,HYBRID_PROTOTYPE,GAP_ONLY,,0.06,90,56,61.64383561643836,0.8333333333333334,15
FIHRIS_MINILM_DYNAMIC_INT8_PER_CHANNEL,HYBRID_PROTOTYPE,GAP_ONLY,,0.08,77,69,52.73972602739726,0.8181818181818182,14
FIHRIS_MINILM_DYNAMIC_INT8_PER_CHANNEL,HYBRID_PROTOTYPE,GAP_ONLY,,0.1,67,79,45.89041095890411,0.8805970149253731,8
FIHRIS_MINILM_DYNAMIC_INT8_PER_CHANNEL,HYBRID_PROTOTYPE,GAP_ONLY,,0.12,54,92,36.986301369863014,0.9074074074074074,5
FIHRIS_MINILM_DYNAMIC_INT8_PER_CHANNEL,HYBRID_PROTOTYPE,GAP_ONLY,,0.15,39,107,26.71232876712329,0.8974358974358975,4
FIHRIS_MINILM_DYNAMIC_INT8_PER_CHANNEL,HYBRID_PROTOTYPE,GAP_ONLY,,0.2,21,125,14.383561643835616,0.9047619047619048,2
FIHRIS_MINILM_DYNAMIC_INT8_PER_CHANNEL,HYBRID_PROTOTYPE,SCORE_AND_GAP,0.2,0.01,135,11,92.46575342465754,0.6888888888888889,42
FIHRIS_MINILM_DYNAMIC_INT8_PER_CHANNEL,HYBRID_PROTOTYPE,SCORE_AND_GAP,0.2,0.02,125,21,85.61643835616438,0.712,36
FIHRIS_MINILM_DYNAMIC_INT8_PER_CHANNEL,HYBRID_PROTOTYPE,SCORE_AND_GAP,0.2,0.03,116,30,79.45205479452055,0.7241379310344828,32
FIHRIS_MINILM_DYNAMIC_INT8_PER_CHANNEL,HYBRID_PROTOTYPE,SCORE_AND_GAP,0.2,0.04,105,41,71.91780821917808,0.7619047619047619,25
FIHRIS_MINILM_DYNAMIC_INT8_PER_CHANNEL,HYBRID_PROTOTYPE,SCORE_AND_GAP,0.2,0.05,97,49,66.43835616438356,0.7938144329896907,20
FIHRIS_MINILM_DYNAMIC_INT8_PER_CHANNEL,HYBRID_PROTOTYPE,SCORE_AND_GAP,0.2,0.06,90,56,61.64383561643836,0.8333333333333334,15
FIHRIS_MINILM_DYNAMIC_INT8_PER_CHANNEL,HYBRID_PROTOTYPE,SCORE_AND_GAP,0.2,0.08,77,69,52.73972602739726,0.8181818181818182,14
FIHRIS_MINILM_DYNAMIC_INT8_PER_CHANNEL,HYBRID_PROTOTYPE,SCORE_AND_GAP,0.2,0.1,67,79,45.89041095890411,0.8805970149253731,8
FIHRIS_MINILM_DYNAMIC_INT8_PER_CHANNEL,HYBRID_PROTOTYPE,SCORE_AND_GAP,0.2,0.12,54,92,36.986301369863014,0.9074074074074074,5
FIHRIS_MINILM_DYNAMIC_INT8_PER_CHANNEL,HYBRID_PROTOTYPE,SCORE_AND_GAP,0.2,0.15,39,107,26.71232876712329,0.8974358974358975,4
FIHRIS_MINILM_DYNAMIC_INT8_PER_CHANNEL,HYBRID_PROTOTYPE,SCORE_AND_GAP,0.2,0.2,21,125,14.383561643835616,0.9047619047619048,2
FIHRIS_MINILM_DYNAMIC_INT8_PER_CHANNEL,HYBRID_PROTOTYPE,SCORE_AND_GAP,0.25,0.01,132,14,90.41095890410959,0.6893939393939394,41
FIHRIS_MINILM_DYNAMIC_INT8_PER_CHANNEL,HYBRID_PROTOTYPE,SCORE_AND_GAP,0.25,0.02,123,23,84.24657534246575,0.7154471544715447,35
FIHRIS_MINILM_DYNAMIC_INT8_PER_CHANNEL,HYBRID_PROTOTYPE,SCORE_AND_GAP,0.25,0.03,114,32,78.08219178082192,0.7280701754385965,31
FIHRIS_MINILM_DYNAMIC_INT8_PER_CHANNEL,HYBRID_PROTOTYPE,SCORE_AND_GAP,0.25,0.04,103,43,70.54794520547945,0.7669902912621359,24
FIHRIS_MINILM_DYNAMIC_INT8_PER_CHANNEL,HYBRID_PROTOTYPE,SCORE_AND_GAP,0.25,0.05,95,51,65.06849315068493,0.8,19
FIHRIS_MINILM_DYNAMIC_INT8_PER_CHANNEL,HYBRID_PROTOTYPE,SCORE_AND_GAP,0.25,0.06,88,58,60.273972602739725,0.8409090909090909,14
FIHRIS_MINILM_DYNAMIC_INT8_PER_CHANNEL,HYBRID_PROTOTYPE,SCORE_AND_GAP,0.25,0.08,76,70,52.054794520547944,0.8289473684210527,13
FIHRIS_MINILM_DYNAMIC_INT8_PER_CHANNEL,HYBRID_PROTOTYPE,SCORE_AND_GAP,0.25,0.1,67,79,45.89041095890411,0.8805970149253731,8
FIHRIS_MINILM_DYNAMIC_INT8_PER_CHANNEL,HYBRID_PROTOTYPE,SCORE_AND_GAP,0.25,0.12,54,92,36.986301369863014,0.9074074074074074,5
FIHRIS_MINILM_DYNAMIC_INT8_PER_CHANNEL,HYBRID_PROTOTYPE,SCORE_AND_GAP,0.25,0.15,39,107,26.71232876712329,0.8974358974358975,4
FIHRIS_MINILM_DYNAMIC_INT8_PER_CHANNEL,HYBRID_PROTOTYPE,SCORE_AND_GAP,0.25,0.2,21,125,14.383561643835616,0.9047619047619048,2
FIHRIS_MINILM_DYNAMIC_INT8_PER_CHANNEL,HYBRID_PROTOTYPE,SCORE_AND_GAP,0.3,0.01,118,28,80.82191780821918,0.711864406779661,34
FIHRIS_MINILM_DYNAMIC_INT8_PER_CHANNEL,HYBRID_PROTOTYPE,SCORE_AND_GAP,0.3,0.02,110,36,75.34246575342466,0.7454545454545455,28
FIHRIS_MINILM_DYNAMIC_INT8_PER_CHANNEL,HYBRID_PROTOTYPE,SCORE_AND_GAP,0.3,0.03,105,41,71.91780821917808,0.7523809523809524,26
FIHRIS_MINILM_DYNAMIC_INT8_PER_CHANNEL,HYBRID_PROTOTYPE,SCORE_AND_GAP,0.3,0.04,97,49,66.43835616438356,0.7731958762886598,22
FIHRIS_MINILM_DYNAMIC_INT8_PER_CHANNEL,HYBRID_PROTOTYPE,SCORE_AND_GAP,0.3,0.05,91,55,62.32876712328767,0.8021978021978022,18
FIHRIS_MINILM_DYNAMIC_INT8_PER_CHANNEL,HYBRID_PROTOTYPE,SCORE_AND_GAP,0.3,0.06,84,62,57.534246575342465,0.8452380952380952,13
FIHRIS_MINILM_DYNAMIC_INT8_PER_CHANNEL,HYBRID_PROTOTYPE,SCORE_AND_GAP,0.3,0.08,73,73,50.0,0.8356164383561644,12
FIHRIS_MINILM_DYNAMIC_INT8_PER_CHANNEL,HYBRID_PROTOTYPE,SCORE_AND_GAP,0.3,0.1,65,81,44.52054794520548,0.8769230769230769,8
FIHRIS_MINILM_DYNAMIC_INT8_PER_CHANNEL,HYBRID_PROTOTYPE,SCORE_AND_GAP,0.3,0.12,52,94,35.61643835616438,0.9038461538461539,5
FIHRIS_MINILM_DYNAMIC_INT8_PER_CHANNEL,HYBRID_PROTOTYPE,SCORE_AND_GAP,0.3,0.15,39,107,26.71232876712329,0.8974358974358975,4
FIHRIS_MINILM_DYNAMIC_INT8_PER_CHANNEL,HYBRID_PROTOTYPE,SCORE_AND_GAP,0.3,0.2,21,125,14.383561643835616,0.9047619047619048,2
FIHRIS_MINILM_DYNAMIC_INT8_PER_CHANNEL,HYBRID_PROTOTYPE,SCORE_AND_GAP,0.35,0.01,101,45,69.17808219178082,0.7623762376237624,24
FIHRIS_MINILM_DYNAMIC_INT8_PER_CHANNEL,HYBRID_PROTOTYPE,SCORE_AND_GAP,0.35,0.02,97,49,66.43835616438356,0.7731958762886598,22
FIHRIS_MINILM_DYNAMIC_INT8_PER_CHANNEL,HYBRID_PROTOTYPE,SCORE_AND_GAP,0.35,0.03,95,51,65.06849315068493,0.7789473684210526,21
FIHRIS_MINILM_DYNAMIC_INT8_PER_CHANNEL,HYBRID_PROTOTYPE,SCORE_AND_GAP,0.35,0.04,90,56,61.64383561643836,0.7888888888888889,19
FIHRIS_MINILM_DYNAMIC_INT8_PER_CHANNEL,HYBRID_PROTOTYPE,SCORE_AND_GAP,0.35,0.05,85,61,58.21917808219178,0.8235294117647058,15
FIHRIS_MINILM_DYNAMIC_INT8_PER_CHANNEL,HYBRID_PROTOTYPE,SCORE_AND_GAP,0.35,0.06,80,66,54.794520547945204,0.85,12
FIHRIS_MINILM_DYNAMIC_INT8_PER_CHANNEL,HYBRID_PROTOTYPE,SCORE_AND_GAP,0.35,0.08,73,73,50.0,0.8356164383561644,12
FIHRIS_MINILM_DYNAMIC_INT8_PER_CHANNEL,HYBRID_PROTOTYPE,SCORE_AND_GAP,0.35,0.1,65,81,44.52054794520548,0.8769230769230769,8
FIHRIS_MINILM_DYNAMIC_INT8_PER_CHANNEL,HYBRID_PROTOTYPE,SCORE_AND_GAP,0.35,0.12,52,94,35.61643835616438,0.9038461538461539,5
FIHRIS_MINILM_DYNAMIC_INT8_PER_CHANNEL,HYBRID_PROTOTYPE,SCORE_AND_GAP,0.35,0.15,39,107,26.71232876712329,0.8974358974358975,4
FIHRIS_MINILM_DYNAMIC_INT8_PER_CHANNEL,HYBRID_PROTOTYPE,SCORE_AND_GAP,0.35,0.2,21,125,14.383561643835616,0.9047619047619048,2
FIHRIS_MINILM_DYNAMIC_INT8_PER_CHANNEL,HYBRID_PROTOTYPE,SCORE_AND_GAP,0.4,0.01,82,64,56.16438356164384,0.8414634146341463,13
FIHRIS_MINILM_DYNAMIC_INT8_PER_CHANNEL,HYBRID_PROTOTYPE,SCORE_AND_GAP,0.4,0.02,80,66,54.794520547945204,0.8375,13
FIHRIS_MINILM_DYNAMIC_INT8_PER_CHANNEL,HYBRID_PROTOTYPE,SCORE_AND_GAP,0.4,0.03,80,66,54.794520547945204,0.8375,13
FIHRIS_MINILM_DYNAMIC_INT8_PER_CHANNEL,HYBRID_PROTOTYPE,SCORE_AND_GAP,0.4,0.04,77,69,52.73972602739726,0.8441558441558441,12
FIHRIS_MINILM_DYNAMIC_INT8_PER_CHANNEL,HYBRID_PROTOTYPE,SCORE_AND_GAP,0.4,0.05,75,71,51.36986301369863,0.8666666666666667,10
FIHRIS_MINILM_DYNAMIC_INT8_PER_CHANNEL,HYBRID_PROTOTYPE,SCORE_AND_GAP,0.4,0.06,73,73,50.0,0.8767123287671232,9
FIHRIS_MINILM_DYNAMIC_INT8_PER_CHANNEL,HYBRID_PROTOTYPE,SCORE_AND_GAP,0.4,0.08,67,79,45.89041095890411,0.8656716417910447,9
FIHRIS_MINILM_DYNAMIC_INT8_PER_CHANNEL,HYBRID_PROTOTYPE,SCORE_AND_GAP,0.4,0.1,60,86,41.0958904109589,0.9,6
FIHRIS_MINILM_DYNAMIC_INT8_PER_CHANNEL,HYBRID_PROTOTYPE,SCORE_AND_GAP,0.4,0.12,50,96,34.24657534246575,0.9,5
FIHRIS_MINILM_DYNAMIC_INT8_PER_CHANNEL,HYBRID_PROTOTYPE,SCORE_AND_GAP,0.4,0.15,38,108,26.027397260273972,0.8947368421052632,4
FIHRIS_MINILM_DYNAMIC_INT8_PER_CHANNEL,HYBRID_PROTOTYPE,SCORE_AND_GAP,0.4,0.2,21,125,14.383561643835616,0.9047619047619048,2
FIHRIS_MINILM_DYNAMIC_INT8_PER_CHANNEL,HYBRID_PROTOTYPE,SCORE_AND_GAP,0.45,0.01,68,78,46.57534246575342,0.8823529411764706,8
FIHRIS_MINILM_DYNAMIC_INT8_PER_CHANNEL,HYBRID_PROTOTYPE,SCORE_AND_GAP,0.45,0.02,66,80,45.205479452054796,0.8787878787878788,8
FIHRIS_MINILM_DYNAMIC_INT8_PER_CHANNEL,HYBRID_PROTOTYPE,SCORE_AND_GAP,0.45,0.03,66,80,45.205479452054796,0.8787878787878788,8
FIHRIS_MINILM_DYNAMIC_INT8_PER_CHANNEL,HYBRID_PROTOTYPE,SCORE_AND_GAP,0.45,0.04,66,80,45.205479452054796,0.8787878787878788,8
FIHRIS_MINILM_DYNAMIC_INT8_PER_CHANNEL,HYBRID_PROTOTYPE,SCORE_AND_GAP,0.45,0.05,64,82,43.83561643835616,0.90625,6
FIHRIS_MINILM_DYNAMIC_INT8_PER_CHANNEL,HYBRID_PROTOTYPE,SCORE_AND_GAP,0.45,0.06,63,83,43.15068493150685,0.9047619047619048,6
FIHRIS_MINILM_DYNAMIC_INT8_PER_CHANNEL,HYBRID_PROTOTYPE,SCORE_AND_GAP,0.45,0.08,59,87,40.41095890410959,0.8983050847457628,6
FIHRIS_MINILM_DYNAMIC_INT8_PER_CHANNEL,HYBRID_PROTOTYPE,SCORE_AND_GAP,0.45,0.1,53,93,36.3013698630137,0.9245283018867925,4
FIHRIS_MINILM_DYNAMIC_INT8_PER_CHANNEL,HYBRID_PROTOTYPE,SCORE_AND_GAP,0.45,0.12,45,101,30.82191780821918,0.9111111111111111,4
FIHRIS_MINILM_DYNAMIC_INT8_PER_CHANNEL,HYBRID_PROTOTYPE,SCORE_AND_GAP,0.45,0.15,34,112,23.28767123287671,0.9117647058823529,3
FIHRIS_MINILM_DYNAMIC_INT8_PER_CHANNEL,HYBRID_PROTOTYPE,SCORE_AND_GAP,0.45,0.2,20,126,13.698630136986301,0.9,2
FIHRIS_MINILM_DYNAMIC_INT8_PER_CHANNEL,HYBRID_PROTOTYPE,SCORE_AND_GAP,0.5,0.01,47,99,32.19178082191781,0.9148936170212766,4
FIHRIS_MINILM_DYNAMIC_INT8_PER_CHANNEL,HYBRID_PROTOTYPE,SCORE_AND_GAP,0.5,0.02,46,100,31.506849315068493,0.9130434782608695,4
FIHRIS_MINILM_DYNAMIC_INT8_PER_CHANNEL,HYBRID_PROTOTYPE,SCORE_AND_GAP,0.5,0.03,46,100,31.506849315068493,0.9130434782608695,4
FIHRIS_MINILM_DYNAMIC_INT8_PER_CHANNEL,HYBRID_PROTOTYPE,SCORE_AND_GAP,0.5,0.04,46,100,31.506849315068493,0.9130434782608695,4
FIHRIS_MINILM_DYNAMIC_INT8_PER_CHANNEL,HYBRID_PROTOTYPE,SCORE_AND_GAP,0.5,0.05,46,100,31.506849315068493,0.9130434782608695,4
FIHRIS_MINILM_DYNAMIC_INT8_PER_CHANNEL,HYBRID_PROTOTYPE,SCORE_AND_GAP,0.5,0.06,45,101,30.82191780821918,0.9111111111111111,4
FIHRIS_MINILM_DYNAMIC_INT8_PER_CHANNEL,HYBRID_PROTOTYPE,SCORE_AND_GAP,0.5,0.08,42,104,28.767123287671232,0.9047619047619048,4
FIHRIS_MINILM_DYNAMIC_INT8_PER_CHANNEL,HYBRID_PROTOTYPE,SCORE_AND_GAP,0.5,0.1,39,107,26.71232876712329,0.9230769230769231,3
FIHRIS_MINILM_DYNAMIC_INT8_PER_CHANNEL,HYBRID_PROTOTYPE,SCORE_AND_GAP,0.5,0.12,34,112,23.28767123287671,0.9117647058823529,3
FIHRIS_MINILM_DYNAMIC_INT8_PER_CHANNEL,HYBRID_PROTOTYPE,SCORE_AND_GAP,0.5,0.15,27,119,18.493150684931507,0.9259259259259259,2
FIHRIS_MINILM_DYNAMIC_INT8_PER_CHANNEL,HYBRID_PROTOTYPE,SCORE_AND_GAP,0.5,0.2,17,129,11.643835616438356,0.9411764705882353,1
FIHRIS_MINILM_DYNAMIC_INT8_PER_CHANNEL,HYBRID_PROTOTYPE,SCORE_AND_GAP,0.55,0.01,24,122,16.438356164383563,0.9583333333333334,1
FIHRIS_MINILM_DYNAMIC_INT8_PER_CHANNEL,HYBRID_PROTOTYPE,SCORE_AND_GAP,0.55,0.02,24,122,16.438356164383563,0.9583333333333334,1
FIHRIS_MINILM_DYNAMIC_INT8_PER_CHANNEL,HYBRID_PROTOTYPE,SCORE_AND_GAP,0.55,0.03,24,122,16.438356164383563,0.9583333333333334,1
FIHRIS_MINILM_DYNAMIC_INT8_PER_CHANNEL,HYBRID_PROTOTYPE,SCORE_AND_GAP,0.55,0.04,24,122,16.438356164383563,0.9583333333333334,1
FIHRIS_MINILM_DYNAMIC_INT8_PER_CHANNEL,HYBRID_PROTOTYPE,SCORE_AND_GAP,0.55,0.05,24,122,16.438356164383563,0.9583333333333334,1
FIHRIS_MINILM_DYNAMIC_INT8_PER_CHANNEL,HYBRID_PROTOTYPE,SCORE_AND_GAP,0.55,0.06,23,123,15.753424657534246,0.9565217391304348,1
FIHRIS_MINILM_DYNAMIC_INT8_PER_CHANNEL,HYBRID_PROTOTYPE,SCORE_AND_GAP,0.55,0.08,21,125,14.383561643835616,0.9523809523809523,1
FIHRIS_MINILM_DYNAMIC_INT8_PER_CHANNEL,HYBRID_PROTOTYPE,SCORE_AND_GAP,0.55,0.1,21,125,14.383561643835616,0.9523809523809523,1
FIHRIS_MINILM_DYNAMIC_INT8_PER_CHANNEL,HYBRID_PROTOTYPE,SCORE_AND_GAP,0.55,0.12,20,126,13.698630136986301,0.95,1
FIHRIS_MINILM_DYNAMIC_INT8_PER_CHANNEL,HYBRID_PROTOTYPE,SCORE_AND_GAP,0.55,0.15,17,129,11.643835616438356,0.9411764705882353,1
FIHRIS_MINILM_DYNAMIC_INT8_PER_CHANNEL,HYBRID_PROTOTYPE,SCORE_AND_GAP,0.55,0.2,12,134,8.219178082191782,1.0,0
FIHRIS_MINILM_DYNAMIC_INT8_PER_CHANNEL,HYBRID_PROTOTYPE,SCORE_AND_GAP,0.6,0.01,13,133,8.904109589041095,1.0,0
FIHRIS_MINILM_DYNAMIC_INT8_PER_CHANNEL,HYBRID_PROTOTYPE,SCORE_AND_GAP,0.6,0.02,13,133,8.904109589041095,1.0,0
FIHRIS_MINILM_DYNAMIC_INT8_PER_CHANNEL,HYBRID_PROTOTYPE,SCORE_AND_GAP,0.6,0.03,13,133,8.904109589041095,1.0,0
FIHRIS_MINILM_DYNAMIC_INT8_PER_CHANNEL,HYBRID_PROTOTYPE,SCORE_AND_GAP,0.6,0.04,13,133,8.904109589041095,1.0,0
FIHRIS_MINILM_DYNAMIC_INT8_PER_CHANNEL,HYBRID_PROTOTYPE,SCORE_AND_GAP,0.6,0.05,13,133,8.904109589041095,1.0,0
FIHRIS_MINILM_DYNAMIC_INT8_PER_CHANNEL,HYBRID_PROTOTYPE,SCORE_AND_GAP,0.6,0.06,12,134,8.219178082191782,1.0,0
FIHRIS_MINILM_DYNAMIC_INT8_PER_CHANNEL,HYBRID_PROTOTYPE,SCORE_AND_GAP,0.6,0.08,10,136,6.8493150684931505,1.0,0
FIHRIS_MINILM_DYNAMIC_INT8_PER_CHANNEL,HYBRID_PROTOTYPE,SCORE_AND_GAP,0.6,0.1,10,136,6.8493150684931505,1.0,0
FIHRIS_MINILM_DYNAMIC_INT8_PER_CHANNEL,HYBRID_PROTOTYPE,SCORE_AND_GAP,0.6,0.12,10,136,6.8493150684931505,1.0,0
FIHRIS_MINILM_DYNAMIC_INT8_PER_CHANNEL,HYBRID_PROTOTYPE,SCORE_AND_GAP,0.6,0.15,9,137,6.164383561643835,1.0,0
FIHRIS_MINILM_DYNAMIC_INT8_PER_CHANNEL,HYBRID_PROTOTYPE,SCORE_AND_GAP,0.6,0.2,7,139,4.794520547945205,1.0,0
FIHRIS_MINILM_DYNAMIC_INT8_PER_CHANNEL,HYBRID_PROTOTYPE,SCORE_AND_GAP,0.65,0.01,9,137,6.164383561643835,1.0,0
FIHRIS_MINILM_DYNAMIC_INT8_PER_CHANNEL,HYBRID_PROTOTYPE,SCORE_AND_GAP,0.65,0.02,9,137,6.164383561643835,1.0,0
FIHRIS_MINILM_DYNAMIC_INT8_PER_CHANNEL,HYBRID_PROTOTYPE,SCORE_AND_GAP,0.65,0.03,9,137,6.164383561643835,1.0,0
FIHRIS_MINILM_DYNAMIC_INT8_PER_CHANNEL,HYBRID_PROTOTYPE,SCORE_AND_GAP,0.65,0.04,9,137,6.164383561643835,1.0,0
FIHRIS_MINILM_DYNAMIC_INT8_PER_CHANNEL,HYBRID_PROTOTYPE,SCORE_AND_GAP,0.65,0.05,9,137,6.164383561643835,1.0,0
FIHRIS_MINILM_DYNAMIC_INT8_PER_CHANNEL,HYBRID_PROTOTYPE,SCORE_AND_GAP,0.65,0.06,9,137,6.164383561643835,1.0,0
FIHRIS_MINILM_DYNAMIC_INT8_PER_CHANNEL,HYBRID_PROTOTYPE,SCORE_AND_GAP,0.65,0.08,7,139,4.794520547945205,1.0,0
FIHRIS_MINILM_DYNAMIC_INT8_PER_CHANNEL,HYBRID_PROTOTYPE,SCORE_AND_GAP,0.65,0.1,7,139,4.794520547945205,1.0,0
FIHRIS_MINILM_DYNAMIC_INT8_PER_CHANNEL,HYBRID_PROTOTYPE,SCORE_AND_GAP,0.65,0.12,7,139,4.794520547945205,1.0,0
FIHRIS_MINILM_DYNAMIC_INT8_PER_CHANNEL,HYBRID_PROTOTYPE,SCORE_AND_GAP,0.65,0.15,7,139,4.794520547945205,1.0,0
FIHRIS_MINILM_DYNAMIC_INT8_PER_CHANNEL,HYBRID_PROTOTYPE,SCORE_AND_GAP,0.65,0.2,6,140,4.109589041095891,1.0,0
FIHRIS_MINILM_DYNAMIC_INT8_PER_CHANNEL,HYBRID_PROTOTYPE,SCORE_AND_GAP,0.7,0.01,4,142,2.73972602739726,1.0,0
FIHRIS_MINILM_DYNAMIC_INT8_PER_CHANNEL,HYBRID_PROTOTYPE,SCORE_AND_GAP,0.7,0.02,4,142,2.73972602739726,1.0,0
FIHRIS_MINILM_DYNAMIC_INT8_PER_CHANNEL,HYBRID_PROTOTYPE,SCORE_AND_GAP,0.7,0.03,4,142,2.73972602739726,1.0,0
FIHRIS_MINILM_DYNAMIC_INT8_PER_CHANNEL,HYBRID_PROTOTYPE,SCORE_AND_GAP,0.7,0.04,4,142,2.73972602739726,1.0,0
FIHRIS_MINILM_DYNAMIC_INT8_PER_CHANNEL,HYBRID_PROTOTYPE,SCORE_AND_GAP,0.7,0.05,4,142,2.73972602739726,1.0,0
FIHRIS_MINILM_DYNAMIC_INT8_PER_CHANNEL,HYBRID_PROTOTYPE,SCORE_AND_GAP,0.7,0.06,4,142,2.73972602739726,1.0,0
FIHRIS_MINILM_DYNAMIC_INT8_PER_CHANNEL,HYBRID_PROTOTYPE,SCORE_AND_GAP,0.7,0.08,3,143,2.0547945205479454,1.0,0
FIHRIS_MINILM_DYNAMIC_INT8_PER_CHANNEL,HYBRID_PROTOTYPE,SCORE_AND_GAP,0.7,0.1,3,143,2.0547945205479454,1.0,0
FIHRIS_MINILM_DYNAMIC_INT8_PER_CHANNEL,HYBRID_PROTOTYPE,SCORE_AND_GAP,0.7,0.12,3,143,2.0547945205479454,1.0,0
FIHRIS_MINILM_DYNAMIC_INT8_PER_CHANNEL,HYBRID_PROTOTYPE,SCORE_AND_GAP,0.7,0.15,3,143,2.0547945205479454,1.0,0
FIHRIS_MINILM_DYNAMIC_INT8_PER_CHANNEL,HYBRID_PROTOTYPE,SCORE_AND_GAP,0.7,0.2,3,143,2.0547945205479454,1.0,0
FIHRIS_MINILM_DYNAMIC_INT8_PER_CHANNEL,HYBRID_PROTOTYPE,SCORE_AND_GAP,0.75,0.01,0,146,0.0,,0
FIHRIS_MINILM_DYNAMIC_INT8_PER_CHANNEL,HYBRID_PROTOTYPE,SCORE_AND_GAP,0.75,0.02,0,146,0.0,,0
FIHRIS_MINILM_DYNAMIC_INT8_PER_CHANNEL,HYBRID_PROTOTYPE,SCORE_AND_GAP,0.75,0.03,0,146,0.0,,0
FIHRIS_MINILM_DYNAMIC_INT8_PER_CHANNEL,HYBRID_PROTOTYPE,SCORE_AND_GAP,0.75,0.04,0,146,0.0,,0
FIHRIS_MINILM_DYNAMIC_INT8_PER_CHANNEL,HYBRID_PROTOTYPE,SCORE_AND_GAP,0.75,0.05,0,146,0.0,,0
FIHRIS_MINILM_DYNAMIC_INT8_PER_CHANNEL,HYBRID_PROTOTYPE,SCORE_AND_GAP,0.75,0.06,0,146,0.0,,0
FIHRIS_MINILM_DYNAMIC_INT8_PER_CHANNEL,HYBRID_PROTOTYPE,SCORE_AND_GAP,0.75,0.08,0,146,0.0,,0
FIHRIS_MINILM_DYNAMIC_INT8_PER_CHANNEL,HYBRID_PROTOTYPE,SCORE_AND_GAP,0.75,0.1,0,146,0.0,,0
FIHRIS_MINILM_DYNAMIC_INT8_PER_CHANNEL,HYBRID_PROTOTYPE,SCORE_AND_GAP,0.75,0.12,0,146,0.0,,0
FIHRIS_MINILM_DYNAMIC_INT8_PER_CHANNEL,HYBRID_PROTOTYPE,SCORE_AND_GAP,0.75,0.15,0,146,0.0,,0
FIHRIS_MINILM_DYNAMIC_INT8_PER_CHANNEL,HYBRID_PROTOTYPE,SCORE_AND_GAP,0.75,0.2,0,146,0.0,,0
FIHRIS_MINILM_DYNAMIC_INT8_PER_CHANNEL,HYBRID_PROTOTYPE,SCORE_AND_GAP,0.8,0.01,0,146,0.0,,0
FIHRIS_MINILM_DYNAMIC_INT8_PER_CHANNEL,HYBRID_PROTOTYPE,SCORE_AND_GAP,0.8,0.02,0,146,0.0,,0
FIHRIS_MINILM_DYNAMIC_INT8_PER_CHANNEL,HYBRID_PROTOTYPE,SCORE_AND_GAP,0.8,0.03,0,146,0.0,,0
FIHRIS_MINILM_DYNAMIC_INT8_PER_CHANNEL,HYBRID_PROTOTYPE,SCORE_AND_GAP,0.8,0.04,0,146,0.0,,0
FIHRIS_MINILM_DYNAMIC_INT8_PER_CHANNEL,HYBRID_PROTOTYPE,SCORE_AND_GAP,0.8,0.05,0,146,0.0,,0
FIHRIS_MINILM_DYNAMIC_INT8_PER_CHANNEL,HYBRID_PROTOTYPE,SCORE_AND_GAP,0.8,0.06,0,146,0.0,,0
FIHRIS_MINILM_DYNAMIC_INT8_PER_CHANNEL,HYBRID_PROTOTYPE,SCORE_AND_GAP,0.8,0.08,0,146,0.0,,0
FIHRIS_MINILM_DYNAMIC_INT8_PER_CHANNEL,HYBRID_PROTOTYPE,SCORE_AND_GAP,0.8,0.1,0,146,0.0,,0
FIHRIS_MINILM_DYNAMIC_INT8_PER_CHANNEL,HYBRID_PROTOTYPE,SCORE_AND_GAP,0.8,0.12,0,146,0.0,,0
FIHRIS_MINILM_DYNAMIC_INT8_PER_CHANNEL,HYBRID_PROTOTYPE,SCORE_AND_GAP,0.8,0.15,0,146,0.0,,0
FIHRIS_MINILM_DYNAMIC_INT8_PER_CHANNEL,HYBRID_PROTOTYPE,SCORE_AND_GAP,0.8,0.2,0,146,0.0,,0
FIHRIS_MINILM_DYNAMIC_INT8_PER_CHANNEL,HYBRID_PROTOTYPE,SCORE_AND_GAP,0.85,0.01,0,146,0.0,,0
FIHRIS_MINILM_DYNAMIC_INT8_PER_CHANNEL,HYBRID_PROTOTYPE,SCORE_AND_GAP,0.85,0.02,0,146,0.0,,0
FIHRIS_MINILM_DYNAMIC_INT8_PER_CHANNEL,HYBRID_PROTOTYPE,SCORE_AND_GAP,0.85,0.03,0,146,0.0,,0
FIHRIS_MINILM_DYNAMIC_INT8_PER_CHANNEL,HYBRID_PROTOTYPE,SCORE_AND_GAP,0.85,0.04,0,146,0.0,,0
FIHRIS_MINILM_DYNAMIC_INT8_PER_CHANNEL,HYBRID_PROTOTYPE,SCORE_AND_GAP,0.85,0.05,0,146,0.0,,0
FIHRIS_MINILM_DYNAMIC_INT8_PER_CHANNEL,HYBRID_PROTOTYPE,SCORE_AND_GAP,0.85,0.06,0,146,0.0,,0
FIHRIS_MINILM_DYNAMIC_INT8_PER_CHANNEL,HYBRID_PROTOTYPE,SCORE_AND_GAP,0.85,0.08,0,146,0.0,,0
FIHRIS_MINILM_DYNAMIC_INT8_PER_CHANNEL,HYBRID_PROTOTYPE,SCORE_AND_GAP,0.85,0.1,0,146,0.0,,0
FIHRIS_MINILM_DYNAMIC_INT8_PER_CHANNEL,HYBRID_PROTOTYPE,SCORE_AND_GAP,0.85,0.12,0,146,0.0,,0
FIHRIS_MINILM_DYNAMIC_INT8_PER_CHANNEL,HYBRID_PROTOTYPE,SCORE_AND_GAP,0.85,0.15,0,146,0.0,,0
FIHRIS_MINILM_DYNAMIC_INT8_PER_CHANNEL,HYBRID_PROTOTYPE,SCORE_AND_GAP,0.85,0.2,0,146,0.0,,0
FIHRIS_MINILM_DYNAMIC_INT8_PER_CHANNEL,HYBRID_PROTOTYPE,SCORE_AND_GAP,0.9,0.01,0,146,0.0,,0
FIHRIS_MINILM_DYNAMIC_INT8_PER_CHANNEL,HYBRID_PROTOTYPE,SCORE_AND_GAP,0.9,0.02,0,146,0.0,,0
FIHRIS_MINILM_DYNAMIC_INT8_PER_CHANNEL,HYBRID_PROTOTYPE,SCORE_AND_GAP,0.9,0.03,0,146,0.0,,0
FIHRIS_MINILM_DYNAMIC_INT8_PER_CHANNEL,HYBRID_PROTOTYPE,SCORE_AND_GAP,0.9,0.04,0,146,0.0,,0
FIHRIS_MINILM_DYNAMIC_INT8_PER_CHANNEL,HYBRID_PROTOTYPE,SCORE_AND_GAP,0.9,0.05,0,146,0.0,,0
FIHRIS_MINILM_DYNAMIC_INT8_PER_CHANNEL,HYBRID_PROTOTYPE,SCORE_AND_GAP,0.9,0.06,0,146,0.0,,0
FIHRIS_MINILM_DYNAMIC_INT8_PER_CHANNEL,HYBRID_PROTOTYPE,SCORE_AND_GAP,0.9,0.08,0,146,0.0,,0
FIHRIS_MINILM_DYNAMIC_INT8_PER_CHANNEL,HYBRID_PROTOTYPE,SCORE_AND_GAP,0.9,0.1,0,146,0.0,,0
FIHRIS_MINILM_DYNAMIC_INT8_PER_CHANNEL,HYBRID_PROTOTYPE,SCORE_AND_GAP,0.9,0.12,0,146,0.0,,0
FIHRIS_MINILM_DYNAMIC_INT8_PER_CHANNEL,HYBRID_PROTOTYPE,SCORE_AND_GAP,0.9,0.15,0,146,0.0,,0
FIHRIS_MINILM_DYNAMIC_INT8_PER_CHANNEL,HYBRID_PROTOTYPE,SCORE_AND_GAP,0.9,0.2,0,146,0.0,,0
LEXICAL_FUZZY_BASELINE,LEXICAL_KEYWORD_FUZZY,GAP_ONLY,,0.01,115,31,78.76712328767124,0.3826086956521739,71
LEXICAL_FUZZY_BASELINE,LEXICAL_KEYWORD_FUZZY,GAP_ONLY,,0.02,99,47,67.8082191780822,0.43434343434343436,56
LEXICAL_FUZZY_BASELINE,LEXICAL_KEYWORD_FUZZY,GAP_ONLY,,0.03,84,62,57.534246575342465,0.4642857142857143,45
LEXICAL_FUZZY_BASELINE,LEXICAL_KEYWORD_FUZZY,GAP_ONLY,,0.04,72,74,49.31506849315068,0.5,36
LEXICAL_FUZZY_BASELINE,LEXICAL_KEYWORD_FUZZY,GAP_ONLY,,0.05,66,80,45.205479452054796,0.5,33
LEXICAL_FUZZY_BASELINE,LEXICAL_KEYWORD_FUZZY,GAP_ONLY,,0.06,60,86,41.0958904109589,0.55,27
LEXICAL_FUZZY_BASELINE,LEXICAL_KEYWORD_FUZZY,GAP_ONLY,,0.08,45,101,30.82191780821918,0.6444444444444445,16
LEXICAL_FUZZY_BASELINE,LEXICAL_KEYWORD_FUZZY,GAP_ONLY,,0.1,30,116,20.54794520547945,0.7333333333333333,8
LEXICAL_FUZZY_BASELINE,LEXICAL_KEYWORD_FUZZY,GAP_ONLY,,0.12,22,124,15.068493150684931,0.9090909090909091,2
LEXICAL_FUZZY_BASELINE,LEXICAL_KEYWORD_FUZZY,GAP_ONLY,,0.15,18,128,12.32876712328767,0.8888888888888888,2
LEXICAL_FUZZY_BASELINE,LEXICAL_KEYWORD_FUZZY,GAP_ONLY,,0.2,9,137,6.164383561643835,0.8888888888888888,1
LEXICAL_FUZZY_BASELINE,LEXICAL_KEYWORD_FUZZY,SCORE_AND_GAP,0.2,0.01,115,31,78.76712328767124,0.3826086956521739,71
LEXICAL_FUZZY_BASELINE,LEXICAL_KEYWORD_FUZZY,SCORE_AND_GAP,0.2,0.02,99,47,67.8082191780822,0.43434343434343436,56
LEXICAL_FUZZY_BASELINE,LEXICAL_KEYWORD_FUZZY,SCORE_AND_GAP,0.2,0.03,84,62,57.534246575342465,0.4642857142857143,45
LEXICAL_FUZZY_BASELINE,LEXICAL_KEYWORD_FUZZY,SCORE_AND_GAP,0.2,0.04,72,74,49.31506849315068,0.5,36
LEXICAL_FUZZY_BASELINE,LEXICAL_KEYWORD_FUZZY,SCORE_AND_GAP,0.2,0.05,66,80,45.205479452054796,0.5,33
LEXICAL_FUZZY_BASELINE,LEXICAL_KEYWORD_FUZZY,SCORE_AND_GAP,0.2,0.06,60,86,41.0958904109589,0.55,27
LEXICAL_FUZZY_BASELINE,LEXICAL_KEYWORD_FUZZY,SCORE_AND_GAP,0.2,0.08,45,101,30.82191780821918,0.6444444444444445,16
LEXICAL_FUZZY_BASELINE,LEXICAL_KEYWORD_FUZZY,SCORE_AND_GAP,0.2,0.1,30,116,20.54794520547945,0.7333333333333333,8
LEXICAL_FUZZY_BASELINE,LEXICAL_KEYWORD_FUZZY,SCORE_AND_GAP,0.2,0.12,22,124,15.068493150684931,0.9090909090909091,2
LEXICAL_FUZZY_BASELINE,LEXICAL_KEYWORD_FUZZY,SCORE_AND_GAP,0.2,0.15,18,128,12.32876712328767,0.8888888888888888,2
LEXICAL_FUZZY_BASELINE,LEXICAL_KEYWORD_FUZZY,SCORE_AND_GAP,0.2,0.2,9,137,6.164383561643835,0.8888888888888888,1
LEXICAL_FUZZY_BASELINE,LEXICAL_KEYWORD_FUZZY,SCORE_AND_GAP,0.25,0.01,111,35,76.02739726027397,0.3963963963963964,67
LEXICAL_FUZZY_BASELINE,LEXICAL_KEYWORD_FUZZY,SCORE_AND_GAP,0.25,0.02,98,48,67.12328767123287,0.4387755102040816,55
LEXICAL_FUZZY_BASELINE,LEXICAL_KEYWORD_FUZZY,SCORE_AND_GAP,0.25,0.03,83,63,56.84931506849315,0.46987951807228917,44
LEXICAL_FUZZY_BASELINE,LEXICAL_KEYWORD_FUZZY,SCORE_AND_GAP,0.25,0.04,72,74,49.31506849315068,0.5,36
LEXICAL_FUZZY_BASELINE,LEXICAL_KEYWORD_FUZZY,SCORE_AND_GAP,0.25,0.05,66,80,45.205479452054796,0.5,33
LEXICAL_FUZZY_BASELINE,LEXICAL_KEYWORD_FUZZY,SCORE_AND_GAP,0.25,0.06,60,86,41.0958904109589,0.55,27
LEXICAL_FUZZY_BASELINE,LEXICAL_KEYWORD_FUZZY,SCORE_AND_GAP,0.25,0.08,45,101,30.82191780821918,0.6444444444444445,16
LEXICAL_FUZZY_BASELINE,LEXICAL_KEYWORD_FUZZY,SCORE_AND_GAP,0.25,0.1,30,116,20.54794520547945,0.7333333333333333,8
LEXICAL_FUZZY_BASELINE,LEXICAL_KEYWORD_FUZZY,SCORE_AND_GAP,0.25,0.12,22,124,15.068493150684931,0.9090909090909091,2
LEXICAL_FUZZY_BASELINE,LEXICAL_KEYWORD_FUZZY,SCORE_AND_GAP,0.25,0.15,18,128,12.32876712328767,0.8888888888888888,2
LEXICAL_FUZZY_BASELINE,LEXICAL_KEYWORD_FUZZY,SCORE_AND_GAP,0.25,0.2,9,137,6.164383561643835,0.8888888888888888,1
LEXICAL_FUZZY_BASELINE,LEXICAL_KEYWORD_FUZZY,SCORE_AND_GAP,0.3,0.01,96,50,65.75342465753425,0.4270833333333333,55
LEXICAL_FUZZY_BASELINE,LEXICAL_KEYWORD_FUZZY,SCORE_AND_GAP,0.3,0.02,87,59,59.58904109589041,0.45977011494252873,47
LEXICAL_FUZZY_BASELINE,LEXICAL_KEYWORD_FUZZY,SCORE_AND_GAP,0.3,0.03,76,70,52.054794520547944,0.5,38
LEXICAL_FUZZY_BASELINE,LEXICAL_KEYWORD_FUZZY,SCORE_AND_GAP,0.3,0.04,66,80,45.205479452054796,0.5303030303030303,31
LEXICAL_FUZZY_BASELINE,LEXICAL_KEYWORD_FUZZY,SCORE_AND_GAP,0.3,0.05,61,85,41.78082191780822,0.5409836065573771,28
LEXICAL_FUZZY_BASELINE,LEXICAL_KEYWORD_FUZZY,SCORE_AND_GAP,0.3,0.06,55,91,37.67123287671233,0.6,22
LEXICAL_FUZZY_BASELINE,LEXICAL_KEYWORD_FUZZY,SCORE_AND_GAP,0.3,0.08,44,102,30.136986301369863,0.6590909090909091,15
LEXICAL_FUZZY_BASELINE,LEXICAL_KEYWORD_FUZZY,SCORE_AND_GAP,0.3,0.1,30,116,20.54794520547945,0.7333333333333333,8
LEXICAL_FUZZY_BASELINE,LEXICAL_KEYWORD_FUZZY,SCORE_AND_GAP,0.3,0.12,22,124,15.068493150684931,0.9090909090909091,2
LEXICAL_FUZZY_BASELINE,LEXICAL_KEYWORD_FUZZY,SCORE_AND_GAP,0.3,0.15,18,128,12.32876712328767,0.8888888888888888,2
LEXICAL_FUZZY_BASELINE,LEXICAL_KEYWORD_FUZZY,SCORE_AND_GAP,0.3,0.2,9,137,6.164383561643835,0.8888888888888888,1
LEXICAL_FUZZY_BASELINE,LEXICAL_KEYWORD_FUZZY,SCORE_AND_GAP,0.35,0.01,61,85,41.78082191780822,0.6065573770491803,24
LEXICAL_FUZZY_BASELINE,LEXICAL_KEYWORD_FUZZY,SCORE_AND_GAP,0.35,0.02,60,86,41.0958904109589,0.6166666666666667,23
LEXICAL_FUZZY_BASELINE,LEXICAL_KEYWORD_FUZZY,SCORE_AND_GAP,0.35,0.03,58,88,39.726027397260275,0.6206896551724138,22
LEXICAL_FUZZY_BASELINE,LEXICAL_KEYWORD_FUZZY,SCORE_AND_GAP,0.35,0.04,51,95,34.93150684931507,0.6470588235294118,18
LEXICAL_FUZZY_BASELINE,LEXICAL_KEYWORD_FUZZY,SCORE_AND_GAP,0.35,0.05,48,98,32.87671232876713,0.6458333333333334,17
LEXICAL_FUZZY_BASELINE,LEXICAL_KEYWORD_FUZZY,SCORE_AND_GAP,0.35,0.06,48,98,32.87671232876713,0.6458333333333334,17
LEXICAL_FUZZY_BASELINE,LEXICAL_KEYWORD_FUZZY,SCORE_AND_GAP,0.35,0.08,42,104,28.767123287671232,0.6904761904761905,13
LEXICAL_FUZZY_BASELINE,LEXICAL_KEYWORD_FUZZY,SCORE_AND_GAP,0.35,0.1,29,117,19.863013698630137,0.7586206896551724,7
LEXICAL_FUZZY_BASELINE,LEXICAL_KEYWORD_FUZZY,SCORE_AND_GAP,0.35,0.12,22,124,15.068493150684931,0.9090909090909091,2
LEXICAL_FUZZY_BASELINE,LEXICAL_KEYWORD_FUZZY,SCORE_AND_GAP,0.35,0.15,18,128,12.32876712328767,0.8888888888888888,2
LEXICAL_FUZZY_BASELINE,LEXICAL_KEYWORD_FUZZY,SCORE_AND_GAP,0.35,0.2,9,137,6.164383561643835,0.8888888888888888,1
LEXICAL_FUZZY_BASELINE,LEXICAL_KEYWORD_FUZZY,SCORE_AND_GAP,0.4,0.01,43,103,29.45205479452055,0.7674418604651163,10
LEXICAL_FUZZY_BASELINE,LEXICAL_KEYWORD_FUZZY,SCORE_AND_GAP,0.4,0.02,43,103,29.45205479452055,0.7674418604651163,10
LEXICAL_FUZZY_BASELINE,LEXICAL_KEYWORD_FUZZY,SCORE_AND_GAP,0.4,0.03,42,104,28.767123287671232,0.7857142857142857,9
LEXICAL_FUZZY_BASELINE,LEXICAL_KEYWORD_FUZZY,SCORE_AND_GAP,0.4,0.04,41,105,28.08219178082192,0.7804878048780488,9
LEXICAL_FUZZY_BASELINE,LEXICAL_KEYWORD_FUZZY,SCORE_AND_GAP,0.4,0.05,39,107,26.71232876712329,0.7692307692307693,9
LEXICAL_FUZZY_BASELINE,LEXICAL_KEYWORD_FUZZY,SCORE_AND_GAP,0.4,0.06,39,107,26.71232876712329,0.7692307692307693,9
LEXICAL_FUZZY_BASELINE,LEXICAL_KEYWORD_FUZZY,SCORE_AND_GAP,0.4,0.08,36,110,24.65753424657534,0.7777777777777778,8
LEXICAL_FUZZY_BASELINE,LEXICAL_KEYWORD_FUZZY,SCORE_AND_GAP,0.4,0.1,27,119,18.493150684931507,0.8148148148148148,5
LEXICAL_FUZZY_BASELINE,LEXICAL_KEYWORD_FUZZY,SCORE_AND_GAP,0.4,0.12,21,125,14.383561643835616,0.9523809523809523,1
LEXICAL_FUZZY_BASELINE,LEXICAL_KEYWORD_FUZZY,SCORE_AND_GAP,0.4,0.15,17,129,11.643835616438356,0.9411764705882353,1
LEXICAL_FUZZY_BASELINE,LEXICAL_KEYWORD_FUZZY,SCORE_AND_GAP,0.4,0.2,9,137,6.164383561643835,0.8888888888888888,1
LEXICAL_FUZZY_BASELINE,LEXICAL_KEYWORD_FUZZY,SCORE_AND_GAP,0.45,0.01,21,125,14.383561643835616,0.8095238095238095,4
LEXICAL_FUZZY_BASELINE,LEXICAL_KEYWORD_FUZZY,SCORE_AND_GAP,0.45,0.02,21,125,14.383561643835616,0.8095238095238095,4
LEXICAL_FUZZY_BASELINE,LEXICAL_KEYWORD_FUZZY,SCORE_AND_GAP,0.45,0.03,21,125,14.383561643835616,0.8095238095238095,4
LEXICAL_FUZZY_BASELINE,LEXICAL_KEYWORD_FUZZY,SCORE_AND_GAP,0.45,0.04,21,125,14.383561643835616,0.8095238095238095,4
LEXICAL_FUZZY_BASELINE,LEXICAL_KEYWORD_FUZZY,SCORE_AND_GAP,0.45,0.05,21,125,14.383561643835616,0.8095238095238095,4
LEXICAL_FUZZY_BASELINE,LEXICAL_KEYWORD_FUZZY,SCORE_AND_GAP,0.45,0.06,21,125,14.383561643835616,0.8095238095238095,4
LEXICAL_FUZZY_BASELINE,LEXICAL_KEYWORD_FUZZY,SCORE_AND_GAP,0.45,0.08,19,127,13.013698630136986,0.7894736842105263,4
LEXICAL_FUZZY_BASELINE,LEXICAL_KEYWORD_FUZZY,SCORE_AND_GAP,0.45,0.1,16,130,10.95890410958904,0.75,4
LEXICAL_FUZZY_BASELINE,LEXICAL_KEYWORD_FUZZY,SCORE_AND_GAP,0.45,0.12,12,134,8.219178082191782,0.9166666666666666,1
LEXICAL_FUZZY_BASELINE,LEXICAL_KEYWORD_FUZZY,SCORE_AND_GAP,0.45,0.15,12,134,8.219178082191782,0.9166666666666666,1
LEXICAL_FUZZY_BASELINE,LEXICAL_KEYWORD_FUZZY,SCORE_AND_GAP,0.45,0.2,9,137,6.164383561643835,0.8888888888888888,1
LEXICAL_FUZZY_BASELINE,LEXICAL_KEYWORD_FUZZY,SCORE_AND_GAP,0.5,0.01,13,133,8.904109589041095,0.7692307692307693,3
LEXICAL_FUZZY_BASELINE,LEXICAL_KEYWORD_FUZZY,SCORE_AND_GAP,0.5,0.02,13,133,8.904109589041095,0.7692307692307693,3
LEXICAL_FUZZY_BASELINE,LEXICAL_KEYWORD_FUZZY,SCORE_AND_GAP,0.5,0.03,13,133,8.904109589041095,0.7692307692307693,3
LEXICAL_FUZZY_BASELINE,LEXICAL_KEYWORD_FUZZY,SCORE_AND_GAP,0.5,0.04,13,133,8.904109589041095,0.7692307692307693,3
LEXICAL_FUZZY_BASELINE,LEXICAL_KEYWORD_FUZZY,SCORE_AND_GAP,0.5,0.05,13,133,8.904109589041095,0.7692307692307693,3
LEXICAL_FUZZY_BASELINE,LEXICAL_KEYWORD_FUZZY,SCORE_AND_GAP,0.5,0.06,13,133,8.904109589041095,0.7692307692307693,3
LEXICAL_FUZZY_BASELINE,LEXICAL_KEYWORD_FUZZY,SCORE_AND_GAP,0.5,0.08,12,134,8.219178082191782,0.75,3
LEXICAL_FUZZY_BASELINE,LEXICAL_KEYWORD_FUZZY,SCORE_AND_GAP,0.5,0.1,11,135,7.534246575342466,0.7272727272727273,3
LEXICAL_FUZZY_BASELINE,LEXICAL_KEYWORD_FUZZY,SCORE_AND_GAP,0.5,0.12,8,138,5.47945205479452,0.875,1
LEXICAL_FUZZY_BASELINE,LEXICAL_KEYWORD_FUZZY,SCORE_AND_GAP,0.5,0.15,8,138,5.47945205479452,0.875,1
LEXICAL_FUZZY_BASELINE,LEXICAL_KEYWORD_FUZZY,SCORE_AND_GAP,0.5,0.2,7,139,4.794520547945205,0.8571428571428571,1
LEXICAL_FUZZY_BASELINE,LEXICAL_KEYWORD_FUZZY,SCORE_AND_GAP,0.55,0.01,7,139,4.794520547945205,1.0,0
LEXICAL_FUZZY_BASELINE,LEXICAL_KEYWORD_FUZZY,SCORE_AND_GAP,0.55,0.02,7,139,4.794520547945205,1.0,0
LEXICAL_FUZZY_BASELINE,LEXICAL_KEYWORD_FUZZY,SCORE_AND_GAP,0.55,0.03,7,139,4.794520547945205,1.0,0
LEXICAL_FUZZY_BASELINE,LEXICAL_KEYWORD_FUZZY,SCORE_AND_GAP,0.55,0.04,7,139,4.794520547945205,1.0,0
LEXICAL_FUZZY_BASELINE,LEXICAL_KEYWORD_FUZZY,SCORE_AND_GAP,0.55,0.05,7,139,4.794520547945205,1.0,0
LEXICAL_FUZZY_BASELINE,LEXICAL_KEYWORD_FUZZY,SCORE_AND_GAP,0.55,0.06,7,139,4.794520547945205,1.0,0
LEXICAL_FUZZY_BASELINE,LEXICAL_KEYWORD_FUZZY,SCORE_AND_GAP,0.55,0.08,6,140,4.109589041095891,1.0,0
LEXICAL_FUZZY_BASELINE,LEXICAL_KEYWORD_FUZZY,SCORE_AND_GAP,0.55,0.1,5,141,3.4246575342465753,1.0,0
LEXICAL_FUZZY_BASELINE,LEXICAL_KEYWORD_FUZZY,SCORE_AND_GAP,0.55,0.12,5,141,3.4246575342465753,1.0,0
LEXICAL_FUZZY_BASELINE,LEXICAL_KEYWORD_FUZZY,SCORE_AND_GAP,0.55,0.15,5,141,3.4246575342465753,1.0,0
LEXICAL_FUZZY_BASELINE,LEXICAL_KEYWORD_FUZZY,SCORE_AND_GAP,0.55,0.2,5,141,3.4246575342465753,1.0,0
LEXICAL_FUZZY_BASELINE,LEXICAL_KEYWORD_FUZZY,SCORE_AND_GAP,0.6,0.01,6,140,4.109589041095891,1.0,0
LEXICAL_FUZZY_BASELINE,LEXICAL_KEYWORD_FUZZY,SCORE_AND_GAP,0.6,0.02,6,140,4.109589041095891,1.0,0
LEXICAL_FUZZY_BASELINE,LEXICAL_KEYWORD_FUZZY,SCORE_AND_GAP,0.6,0.03,6,140,4.109589041095891,1.0,0
LEXICAL_FUZZY_BASELINE,LEXICAL_KEYWORD_FUZZY,SCORE_AND_GAP,0.6,0.04,6,140,4.109589041095891,1.0,0
LEXICAL_FUZZY_BASELINE,LEXICAL_KEYWORD_FUZZY,SCORE_AND_GAP,0.6,0.05,6,140,4.109589041095891,1.0,0
LEXICAL_FUZZY_BASELINE,LEXICAL_KEYWORD_FUZZY,SCORE_AND_GAP,0.6,0.06,6,140,4.109589041095891,1.0,0
LEXICAL_FUZZY_BASELINE,LEXICAL_KEYWORD_FUZZY,SCORE_AND_GAP,0.6,0.08,5,141,3.4246575342465753,1.0,0
LEXICAL_FUZZY_BASELINE,LEXICAL_KEYWORD_FUZZY,SCORE_AND_GAP,0.6,0.1,4,142,2.73972602739726,1.0,0
LEXICAL_FUZZY_BASELINE,LEXICAL_KEYWORD_FUZZY,SCORE_AND_GAP,0.6,0.12,4,142,2.73972602739726,1.0,0
LEXICAL_FUZZY_BASELINE,LEXICAL_KEYWORD_FUZZY,SCORE_AND_GAP,0.6,0.15,4,142,2.73972602739726,1.0,0
LEXICAL_FUZZY_BASELINE,LEXICAL_KEYWORD_FUZZY,SCORE_AND_GAP,0.6,0.2,4,142,2.73972602739726,1.0,0
LEXICAL_FUZZY_BASELINE,LEXICAL_KEYWORD_FUZZY,SCORE_AND_GAP,0.65,0.01,3,143,2.0547945205479454,1.0,0
LEXICAL_FUZZY_BASELINE,LEXICAL_KEYWORD_FUZZY,SCORE_AND_GAP,0.65,0.02,3,143,2.0547945205479454,1.0,0
LEXICAL_FUZZY_BASELINE,LEXICAL_KEYWORD_FUZZY,SCORE_AND_GAP,0.65,0.03,3,143,2.0547945205479454,1.0,0
LEXICAL_FUZZY_BASELINE,LEXICAL_KEYWORD_FUZZY,SCORE_AND_GAP,0.65,0.04,3,143,2.0547945205479454,1.0,0
LEXICAL_FUZZY_BASELINE,LEXICAL_KEYWORD_FUZZY,SCORE_AND_GAP,0.65,0.05,3,143,2.0547945205479454,1.0,0
LEXICAL_FUZZY_BASELINE,LEXICAL_KEYWORD_FUZZY,SCORE_AND_GAP,0.65,0.06,3,143,2.0547945205479454,1.0,0
LEXICAL_FUZZY_BASELINE,LEXICAL_KEYWORD_FUZZY,SCORE_AND_GAP,0.65,0.08,3,143,2.0547945205479454,1.0,0
LEXICAL_FUZZY_BASELINE,LEXICAL_KEYWORD_FUZZY,SCORE_AND_GAP,0.65,0.1,3,143,2.0547945205479454,1.0,0
LEXICAL_FUZZY_BASELINE,LEXICAL_KEYWORD_FUZZY,SCORE_AND_GAP,0.65,0.12,3,143,2.0547945205479454,1.0,0
LEXICAL_FUZZY_BASELINE,LEXICAL_KEYWORD_FUZZY,SCORE_AND_GAP,0.65,0.15,3,143,2.0547945205479454,1.0,0
LEXICAL_FUZZY_BASELINE,LEXICAL_KEYWORD_FUZZY,SCORE_AND_GAP,0.65,0.2,3,143,2.0547945205479454,1.0,0
LEXICAL_FUZZY_BASELINE,LEXICAL_KEYWORD_FUZZY,SCORE_AND_GAP,0.7,0.01,2,144,1.36986301369863,1.0,0
LEXICAL_FUZZY_BASELINE,LEXICAL_KEYWORD_FUZZY,SCORE_AND_GAP,0.7,0.02,2,144,1.36986301369863,1.0,0
LEXICAL_FUZZY_BASELINE,LEXICAL_KEYWORD_FUZZY,SCORE_AND_GAP,0.7,0.03,2,144,1.36986301369863,1.0,0
LEXICAL_FUZZY_BASELINE,LEXICAL_KEYWORD_FUZZY,SCORE_AND_GAP,0.7,0.04,2,144,1.36986301369863,1.0,0
LEXICAL_FUZZY_BASELINE,LEXICAL_KEYWORD_FUZZY,SCORE_AND_GAP,0.7,0.05,2,144,1.36986301369863,1.0,0
LEXICAL_FUZZY_BASELINE,LEXICAL_KEYWORD_FUZZY,SCORE_AND_GAP,0.7,0.06,2,144,1.36986301369863,1.0,0
LEXICAL_FUZZY_BASELINE,LEXICAL_KEYWORD_FUZZY,SCORE_AND_GAP,0.7,0.08,2,144,1.36986301369863,1.0,0
LEXICAL_FUZZY_BASELINE,LEXICAL_KEYWORD_FUZZY,SCORE_AND_GAP,0.7,0.1,2,144,1.36986301369863,1.0,0
LEXICAL_FUZZY_BASELINE,LEXICAL_KEYWORD_FUZZY,SCORE_AND_GAP,0.7,0.12,2,144,1.36986301369863,1.0,0
LEXICAL_FUZZY_BASELINE,LEXICAL_KEYWORD_FUZZY,SCORE_AND_GAP,0.7,0.15,2,144,1.36986301369863,1.0,0
LEXICAL_FUZZY_BASELINE,LEXICAL_KEYWORD_FUZZY,SCORE_AND_GAP,0.7,0.2,2,144,1.36986301369863,1.0,0
LEXICAL_FUZZY_BASELINE,LEXICAL_KEYWORD_FUZZY,SCORE_AND_GAP,0.75,0.01,2,144,1.36986301369863,1.0,0
LEXICAL_FUZZY_BASELINE,LEXICAL_KEYWORD_FUZZY,SCORE_AND_GAP,0.75,0.02,2,144,1.36986301369863,1.0,0
LEXICAL_FUZZY_BASELINE,LEXICAL_KEYWORD_FUZZY,SCORE_AND_GAP,0.75,0.03,2,144,1.36986301369863,1.0,0
LEXICAL_FUZZY_BASELINE,LEXICAL_KEYWORD_FUZZY,SCORE_AND_GAP,0.75,0.04,2,144,1.36986301369863,1.0,0
LEXICAL_FUZZY_BASELINE,LEXICAL_KEYWORD_FUZZY,SCORE_AND_GAP,0.75,0.05,2,144,1.36986301369863,1.0,0
LEXICAL_FUZZY_BASELINE,LEXICAL_KEYWORD_FUZZY,SCORE_AND_GAP,0.75,0.06,2,144,1.36986301369863,1.0,0
LEXICAL_FUZZY_BASELINE,LEXICAL_KEYWORD_FUZZY,SCORE_AND_GAP,0.75,0.08,2,144,1.36986301369863,1.0,0
LEXICAL_FUZZY_BASELINE,LEXICAL_KEYWORD_FUZZY,SCORE_AND_GAP,0.75,0.1,2,144,1.36986301369863,1.0,0
LEXICAL_FUZZY_BASELINE,LEXICAL_KEYWORD_FUZZY,SCORE_AND_GAP,0.75,0.12,2,144,1.36986301369863,1.0,0
LEXICAL_FUZZY_BASELINE,LEXICAL_KEYWORD_FUZZY,SCORE_AND_GAP,0.75,0.15,2,144,1.36986301369863,1.0,0
LEXICAL_FUZZY_BASELINE,LEXICAL_KEYWORD_FUZZY,SCORE_AND_GAP,0.75,0.2,2,144,1.36986301369863,1.0,0
LEXICAL_FUZZY_BASELINE,LEXICAL_KEYWORD_FUZZY,SCORE_AND_GAP,0.8,0.01,2,144,1.36986301369863,1.0,0
LEXICAL_FUZZY_BASELINE,LEXICAL_KEYWORD_FUZZY,SCORE_AND_GAP,0.8,0.02,2,144,1.36986301369863,1.0,0
LEXICAL_FUZZY_BASELINE,LEXICAL_KEYWORD_FUZZY,SCORE_AND_GAP,0.8,0.03,2,144,1.36986301369863,1.0,0
LEXICAL_FUZZY_BASELINE,LEXICAL_KEYWORD_FUZZY,SCORE_AND_GAP,0.8,0.04,2,144,1.36986301369863,1.0,0
LEXICAL_FUZZY_BASELINE,LEXICAL_KEYWORD_FUZZY,SCORE_AND_GAP,0.8,0.05,2,144,1.36986301369863,1.0,0
LEXICAL_FUZZY_BASELINE,LEXICAL_KEYWORD_FUZZY,SCORE_AND_GAP,0.8,0.06,2,144,1.36986301369863,1.0,0
LEXICAL_FUZZY_BASELINE,LEXICAL_KEYWORD_FUZZY,SCORE_AND_GAP,0.8,0.08,2,144,1.36986301369863,1.0,0
LEXICAL_FUZZY_BASELINE,LEXICAL_KEYWORD_FUZZY,SCORE_AND_GAP,0.8,0.1,2,144,1.36986301369863,1.0,0
LEXICAL_FUZZY_BASELINE,LEXICAL_KEYWORD_FUZZY,SCORE_AND_GAP,0.8,0.12,2,144,1.36986301369863,1.0,0
LEXICAL_FUZZY_BASELINE,LEXICAL_KEYWORD_FUZZY,SCORE_AND_GAP,0.8,0.15,2,144,1.36986301369863,1.0,0
LEXICAL_FUZZY_BASELINE,LEXICAL_KEYWORD_FUZZY,SCORE_AND_GAP,0.8,0.2,2,144,1.36986301369863,1.0,0
LEXICAL_FUZZY_BASELINE,LEXICAL_KEYWORD_FUZZY,SCORE_AND_GAP,0.85,0.01,2,144,1.36986301369863,1.0,0
LEXICAL_FUZZY_BASELINE,LEXICAL_KEYWORD_FUZZY,SCORE_AND_GAP,0.85,0.02,2,144,1.36986301369863,1.0,0
LEXICAL_FUZZY_BASELINE,LEXICAL_KEYWORD_FUZZY,SCORE_AND_GAP,0.85,0.03,2,144,1.36986301369863,1.0,0
LEXICAL_FUZZY_BASELINE,LEXICAL_KEYWORD_FUZZY,SCORE_AND_GAP,0.85,0.04,2,144,1.36986301369863,1.0,0
LEXICAL_FUZZY_BASELINE,LEXICAL_KEYWORD_FUZZY,SCORE_AND_GAP,0.85,0.05,2,144,1.36986301369863,1.0,0
LEXICAL_FUZZY_BASELINE,LEXICAL_KEYWORD_FUZZY,SCORE_AND_GAP,0.85,0.06,2,144,1.36986301369863,1.0,0
LEXICAL_FUZZY_BASELINE,LEXICAL_KEYWORD_FUZZY,SCORE_AND_GAP,0.85,0.08,2,144,1.36986301369863,1.0,0
LEXICAL_FUZZY_BASELINE,LEXICAL_KEYWORD_FUZZY,SCORE_AND_GAP,0.85,0.1,2,144,1.36986301369863,1.0,0
LEXICAL_FUZZY_BASELINE,LEXICAL_KEYWORD_FUZZY,SCORE_AND_GAP,0.85,0.12,2,144,1.36986301369863,1.0,0
LEXICAL_FUZZY_BASELINE,LEXICAL_KEYWORD_FUZZY,SCORE_AND_GAP,0.85,0.15,2,144,1.36986301369863,1.0,0
LEXICAL_FUZZY_BASELINE,LEXICAL_KEYWORD_FUZZY,SCORE_AND_GAP,0.85,0.2,2,144,1.36986301369863,1.0,0
LEXICAL_FUZZY_BASELINE,LEXICAL_KEYWORD_FUZZY,SCORE_AND_GAP,0.9,0.01,0,146,0.0,,0
LEXICAL_FUZZY_BASELINE,LEXICAL_KEYWORD_FUZZY,SCORE_AND_GAP,0.9,0.02,0,146,0.0,,0
LEXICAL_FUZZY_BASELINE,LEXICAL_KEYWORD_FUZZY,SCORE_AND_GAP,0.9,0.03,0,146,0.0,,0
LEXICAL_FUZZY_BASELINE,LEXICAL_KEYWORD_FUZZY,SCORE_AND_GAP,0.9,0.04,0,146,0.0,,0
LEXICAL_FUZZY_BASELINE,LEXICAL_KEYWORD_FUZZY,SCORE_AND_GAP,0.9,0.05,0,146,0.0,,0
LEXICAL_FUZZY_BASELINE,LEXICAL_KEYWORD_FUZZY,SCORE_AND_GAP,0.9,0.06,0,146,0.0,,0
LEXICAL_FUZZY_BASELINE,LEXICAL_KEYWORD_FUZZY,SCORE_AND_GAP,0.9,0.08,0,146,0.0,,0
LEXICAL_FUZZY_BASELINE,LEXICAL_KEYWORD_FUZZY,SCORE_AND_GAP,0.9,0.1,0,146,0.0,,0
LEXICAL_FUZZY_BASELINE,LEXICAL_KEYWORD_FUZZY,SCORE_AND_GAP,0.9,0.12,0,146,0.0,,0
LEXICAL_FUZZY_BASELINE,LEXICAL_KEYWORD_FUZZY,SCORE_AND_GAP,0.9,0.15,0,146,0.0,,0
LEXICAL_FUZZY_BASELINE,LEXICAL_KEYWORD_FUZZY,SCORE_AND_GAP,0.9,0.2,0,146,0.0,,0
