canonical_id,text,category,language,variant_type,model,strategy,predicted_category,top1_score,top2_category,top2_score,score_gap,top3_categories,top3_scores,top1_correct,top3_correct
chicken_breast,Chicken Breast,Groceries,en,clean,PYTORCH,HYBRID_PROTOTYPE,Groceries,0.8424720764160156,Restaurants,0.8384321331977844,0.004039943218231201,"[""Groceries"", ""Restaurants"", ""Fruits & Vegetables""]","[0.8424720764160156, 0.8384321331977844, 0.8343464732170105]",True,True
milk_1l,Milk 1L,Groceries,en,clean,PYTORCH,HYBRID_PROTOTYPE,Groceries,0.8909553289413452,Medicine,0.8692010641098022,0.02175426483154297,"[""Groceries"", ""Medicine"", ""Restaurants""]","[0.8909553289413452, 0.8692010641098022, 0.8671056628227234]",True,True
rice_1kg,Rice 1KG,Groceries,en,clean,PYTORCH,HYBRID_PROTOTYPE,Groceries,0.8881735801696777,Medicine,0.8741477131843567,0.014025866985321045,"[""Groceries"", ""Medicine"", ""Restaurants""]","[0.8881735801696777, 0.8741477131843567, 0.8718634843826294]",True,True
groceries_egyptian_white_cheese,Egyptian White Cheese,Groceries,en,clean,PYTORCH,HYBRID_PROTOTYPE,Restaurants,0.8688348531723022,Fruits & Vegetables,0.8623045682907104,0.006530284881591797,"[""Restaurants"", ""Fruits & Vegetables"", ""Groceries""]","[0.8688348531723022, 0.8623045682907104, 0.8585535883903503]",False,True
chicken_breast,صدور فراخ,Groceries,ar,clean,PYTORCH,HYBRID_PROTOTYPE,Restaurants,0.8559867143630981,Groceries,0.8505603075027466,0.0054264068603515625,"[""Restaurants"", ""Groceries"", ""Fruits & Vegetables""]","[0.8559867143630981, 0.8505603075027466, 0.8502209186553955]",False,True
milk_1l,لبن كامل الدسم,Groceries,ar,clean,PYTORCH,HYBRID_PROTOTYPE,Groceries,0.8620598316192627,Household,0.8581876158714294,0.003872215747833252,"[""Groceries"", ""Household"", ""Restaurants""]","[0.8620598316192627, 0.8581876158714294, 0.8557190895080566]",True,True
rice_1kg,كيس أرز 1 كيلو,Groceries,ar,clean,PYTORCH,HYBRID_PROTOTYPE,Groceries,0.8948283791542053,Restaurants,0.8845608830451965,0.010267496109008789,"[""Groceries"", ""Restaurants"", ""Medicine""]","[0.8948283791542053, 0.8845608830451965, 0.8766446113586426]",True,True
groceries_8,علبة تونة,Groceries,ar,clean,PYTORCH,HYBRID_PROTOTYPE,Household,0.8643911480903625,Shopping,0.8636021614074707,0.0007889866828918457,"[""Household"", ""Shopping"", ""Medicine""]","[0.8643911480903625, 0.8636021614074707, 0.8621009588241577]",False,False
milk_1l,Fresh Milk لبن,Groceries,mixed,mixed_language,PYTORCH,HYBRID_PROTOTYPE,Groceries,0.9077332019805908,Fruits & Vegetables,0.8989923596382141,0.008740842342376709,"[""Groceries"", ""Fruits & Vegetables"", ""Restaurants""]","[0.9077332019805908, 0.8989923596382141, 0.88987135887146]",True,True
chicken_breast,Chicken فراخ مجمدة,Groceries,mixed,mixed_language,PYTORCH,HYBRID_PROTOTYPE,Restaurants,0.9037394523620605,Groceries,0.9027210474014282,0.0010184049606323242,"[""Restaurants"", ""Groceries"", ""Household""]","[0.9037394523620605, 0.9027210474014282, 0.8870623707771301]",False,True
milk_1l,M1LK 1L,Groceries,en,ocr_noise,PYTORCH,HYBRID_PROTOTYPE,Groceries,0.8600467443466187,Medicine,0.8559373617172241,0.004109382629394531,"[""Groceries"", ""Medicine"", ""Shopping""]","[0.8600467443466187, 0.8559373617172241, 0.8481153249740601]",True,True
rice_1kg,R1CE 1KG,Groceries,en,ocr_noise,PYTORCH,HYBRID_PROTOTYPE,Groceries,0.8735745549201965,Medicine,0.8700713515281677,0.0035032033920288086,"[""Groceries"", ""Medicine"", ""Restaurants""]","[0.8735745549201965, 0.8700713515281677, 0.8648654222488403]",True,True
banana,Banana,Fruits & Vegetables,en,clean,PYTORCH,HYBRID_PROTOTYPE,Fruits & Vegetables,0.8564512729644775,Groceries,0.8498842716217041,0.0065670013427734375,"[""Fruits & Vegetables"", ""Groceries"", ""Shopping""]","[0.8564512729644775, 0.8498842716217041, 0.8452289700508118]",True,True
tomatoes,Fresh Tomatoes,Fruits & Vegetables,en,clean,PYTORCH,HYBRID_PROTOTYPE,Fruits & Vegetables,0.8871586918830872,Restaurants,0.8603008985519409,0.02685779333114624,"[""Fruits & Vegetables"", ""Restaurants"", ""Groceries""]","[0.8871586918830872, 0.8603008985519409, 0.8567617535591125]",True,True
apples,Green Apples,Fruits & Vegetables,en,clean,PYTORCH,HYBRID_PROTOTYPE,Fruits & Vegetables,0.8561930656433105,Restaurants,0.8387489318847656,0.017444133758544922,"[""Fruits & Vegetables"", ""Restaurants"", ""Groceries""]","[0.8561930656433105, 0.8387489318847656, 0.8319965600967407]",True,True
cucumber,Cucumber Pack,Fruits & Vegetables,en,clean,PYTORCH,HYBRID_PROTOTYPE,Groceries,0.8668354749679565,Restaurants,0.8601738810539246,0.006661593914031982,"[""Groceries"", ""Restaurants"", ""Household""]","[0.8668354749679565, 0.8601738810539246, 0.8516770601272583]",False,False
tomatoes,طماطم,Fruits & Vegetables,ar,clean,PYTORCH,HYBRID_PROTOTYPE,Fruits & Vegetables,0.8857361078262329,Groceries,0.8528342247009277,0.032901883125305176,"[""Fruits & Vegetables"", ""Groceries"", ""Restaurants""]","[0.8857361078262329, 0.8528342247009277, 0.8506382703781128]",True,True
apples,تفاح,Fruits & Vegetables,ar,clean,PYTORCH,HYBRID_PROTOTYPE,Fruits & Vegetables,0.8735405206680298,Restaurants,0.8488715887069702,0.02466893196105957,"[""Fruits & Vegetables"", ""Restaurants"", ""Groceries""]","[0.8735405206680298, 0.8488715887069702, 0.8474540710449219]",True,True
banana,موز بلدي,Fruits & Vegetables,ar,clean,PYTORCH,HYBRID_PROTOTYPE,Fruits & Vegetables,0.8726146221160889,Groceries,0.8693315386772156,0.003283083438873291,"[""Fruits & Vegetables"", ""Groceries"", ""Transport""]","[0.8726146221160889, 0.8693315386772156, 0.8691568970680237]",True,True
cucumber,خيار طازج,Fruits & Vegetables,ar,clean,PYTORCH,HYBRID_PROTOTYPE,Groceries,0.8802348375320435,Restaurants,0.8787986636161804,0.0014361739158630371,"[""Groceries"", ""Restaurants"", ""Books""]","[0.8802348375320435, 0.8787986636161804, 0.8757848143577576]",False,False
banana,Banana موز,Fruits & Vegetables,mixed,mixed_language,PYTORCH,HYBRID_PROTOTYPE,Fruits & Vegetables,0.8818327188491821,Groceries,0.8688244819641113,0.0130082368850708,"[""Fruits & Vegetables"", ""Groceries"", ""Restaurants""]","[0.8818327188491821, 0.8688244819641113, 0.8575631380081177]",True,True
tomatoes,Fresh طماطم,Fruits & Vegetables,mixed,mixed_language,PYTORCH,HYBRID_PROTOTYPE,Fruits & Vegetables,0.9223186373710632,Groceries,0.8935959339141846,0.028722703456878662,"[""Fruits & Vegetables"", ""Groceries"", ""Restaurants""]","[0.9223186373710632, 0.8935959339141846, 0.8913995623588562]",True,True
tomatoes,T0MAT0ES,Fruits & Vegetables,en,ocr_noise,PYTORCH,HYBRID_PROTOTYPE,Books,0.8596171140670776,Shopping,0.8581276535987854,0.0014894604682922363,"[""Books"", ""Shopping"", ""Fruits & Vegetables""]","[0.8596171140670776, 0.8581276535987854, 0.8569973707199097]",False,True
apples,تفـاح,Fruits & Vegetables,ar,ocr_noise,PYTORCH,HYBRID_PROTOTYPE,Books,0.8718492984771729,Restaurants,0.862268328666687,0.00958096981048584,"[""Books"", ""Restaurants"", ""Shopping""]","[0.8718492984771729, 0.862268328666687, 0.8607622385025024]",False,False
mcchicken_meal,McChicken Meal,Restaurants,en,clean,PYTORCH,HYBRID_PROTOTYPE,Restaurants,0.87112957239151,Groceries,0.8643583059310913,0.006771266460418701,"[""Restaurants"", ""Groceries"", ""Fruits & Vegetables""]","[0.87112957239151, 0.8643583059310913, 0.8451806902885437]",True,True
margherita_pizza,Margherita Pizza,Restaurants,en,clean,PYTORCH,HYBRID_PROTOTYPE,Restaurants,0.84726482629776,Groceries,0.8399754166603088,0.007289409637451172,"[""Restaurants"", ""Groceries"", ""Household""]","[0.84726482629776, 0.8399754166603088, 0.8320493102073669]",True,True
coffee,Cappuccino,Restaurants,en,clean,PYTORCH,HYBRID_PROTOTYPE,Restaurants,0.8613603115081787,Groceries,0.8482956886291504,0.01306462287902832,"[""Restaurants"", ""Groceries"", ""Personal Care""]","[0.8613603115081787, 0.8482956886291504, 0.8420339226722717]",True,True
restaurants_kfc_family_meal,KFC Family Meal,Restaurants,en,clean,PYTORCH,HYBRID_PROTOTYPE,Groceries,0.8677940964698792,Restaurants,0.8669075965881348,0.0008864998817443848,"[""Groceries"", ""Restaurants"", ""Household""]","[0.8677940964698792, 0.8669075965881348, 0.848432183265686]",False,True
margherita_pizza,بيتزا مارجريتا,Restaurants,ar,clean,PYTORCH,HYBRID_PROTOTYPE,Restaurants,0.8210690021514893,Groceries,0.8163250684738159,0.00474393367767334,"[""Restaurants"", ""Groceries"", ""Transport""]","[0.8210690021514893, 0.8163250684738159, 0.8143652081489563]",True,True
burger_meal,وجبة برجر,Restaurants,ar,clean,PYTORCH,HYBRID_PROTOTYPE,Restaurants,0.8659965991973877,Groceries,0.8568727374076843,0.00912386178970337,"[""Restaurants"", ""Groceries"", ""Fruits & Vegetables""]","[0.8659965991973877, 0.8568727374076843, 0.850677490234375]",True,True
coffee,قهوة لاتيه,Restaurants,ar,clean,PYTORCH,HYBRID_PROTOTYPE,Restaurants,0.8859001994132996,Groceries,0.8724972009658813,0.013402998447418213,"[""Restaurants"", ""Groceries"", ""Personal Care""]","[0.8859001994132996, 0.8724972009658813, 0.8673408031463623]",True,True
restaurants_32,ساندوتش شاورما,Restaurants,ar,clean,PYTORCH,HYBRID_PROTOTYPE,Books,0.8076384663581848,Groceries,0.8063766360282898,0.0012618303298950195,"[""Books"", ""Groceries"", ""Entertainment""]","[0.8076384663581848, 0.8063766360282898, 0.8002645969390869]",False,False
coffee,Coffee قهوة,Restaurants,mixed,mixed_language,PYTORCH,HYBRID_PROTOTYPE,Restaurants,0.9180242419242859,Groceries,0.8980079889297485,0.020016252994537354,"[""Restaurants"", ""Groceries"", ""Fruits & Vegetables""]","[0.9180242419242859, 0.8980079889297485, 0.8943195939064026]",True,True
burger_meal,Burger وجبة,Restaurants,mixed,mixed_language,PYTORCH,HYBRID_PROTOTYPE,Restaurants,0.9055201411247253,Groceries,0.8935627937316895,0.011957347393035889,"[""Restaurants"", ""Groceries"", ""Fruits & Vegetables""]","[0.9055201411247253, 0.8935627937316895, 0.8825953006744385]",True,True
mcchicken_meal,McCh1cken MeaI,Restaurants,en,ocr_noise,PYTORCH,HYBRID_PROTOTYPE,Restaurants,0.8702300786972046,Books,0.8692648410797119,0.0009652376174926758,"[""Restaurants"", ""Books"", ""Groceries""]","[0.8702300786972046, 0.8692648410797119, 0.8677279949188232]",True,True
margherita_pizza,P1ZZA MARGHER1TA,Restaurants,en,ocr_noise,PYTORCH,HYBRID_PROTOTYPE,Groceries,0.8533725738525391,Personal Care,0.8478632569313049,0.005509316921234131,"[""Groceries"", ""Personal Care"", ""Restaurants""]","[0.8533725738525391, 0.8478632569313049, 0.8466987609863281]",False,True
uber_trip,Uber Trip,Transport,en,clean,PYTORCH,HYBRID_PROTOTYPE,Transport,0.8653531670570374,Restaurants,0.8491567373275757,0.01619642972946167,"[""Transport"", ""Restaurants"", ""Entertainment""]","[0.8653531670570374, 0.8491567373275757, 0.8488555550575256]",True,True
careem_ride,Careem Ride,Transport,en,clean,PYTORCH,HYBRID_PROTOTYPE,Transport,0.8601553440093994,Shopping,0.8495076894760132,0.01064765453338623,"[""Transport"", ""Shopping"", ""Entertainment""]","[0.8601553440093994, 0.8495076894760132, 0.8479441404342651]",True,True
metro_ticket,Cairo Metro Ticket,Transport,en,clean,PYTORCH,HYBRID_PROTOTYPE,Transport,0.8597946763038635,Entertainment,0.8378947973251343,0.021899878978729248,"[""Transport"", ""Entertainment"", ""Shopping""]","[0.8597946763038635, 0.8378947973251343, 0.8322455883026123]",True,True
gasoline_92,Gasoline 92,Transport,en,clean,PYTORCH,HYBRID_PROTOTYPE,Shopping,0.8346884250640869,Household,0.8344062566757202,0.0002821683883666992,"[""Shopping"", ""Household"", ""Bills""]","[0.8346884250640869, 0.8344062566757202, 0.8333075046539307]",False,False
uber_trip,رحلة أوبر,Transport,ar,clean,PYTORCH,HYBRID_PROTOTYPE,Transport,0.8594571352005005,Books,0.8492794036865234,0.01017773151397705,"[""Transport"", ""Books"", ""Restaurants""]","[0.8594571352005005, 0.8492794036865234, 0.842751145362854]",True,True
careem_ride,مشوار كريم,Transport,ar,clean,PYTORCH,HYBRID_PROTOTYPE,Personal Care,0.8764258623123169,Transport,0.8721027970314026,0.004323065280914307,"[""Personal Care"", ""Transport"", ""Books""]","[0.8764258623123169, 0.8721027970314026, 0.8678644895553589]",False,True
metro_ticket,تذكرة مترو,Transport,ar,clean,PYTORCH,HYBRID_PROTOTYPE,Transport,0.9003925323486328,Entertainment,0.8752380609512329,0.025154471397399902,"[""Transport"", ""Entertainment"", ""Shopping""]","[0.9003925323486328, 0.8752380609512329, 0.867820680141449]",True,True
gasoline_92,بنزين 92,Transport,ar,clean,PYTORCH,HYBRID_PROTOTYPE,Groceries,0.8582272529602051,Transport,0.8581569790840149,7.027387619018555e-05,"[""Groceries"", ""Transport"", ""Fruits & Vegetables""]","[0.8582272529602051, 0.8581569790840149, 0.8555834293365479]",False,True
uber_trip,Uber مشوار,Transport,mixed,mixed_language,PYTORCH,HYBRID_PROTOTYPE,Transport,0.8692482709884644,Restaurants,0.8537548780441284,0.015493392944335938,"[""Transport"", ""Restaurants"", ""Shopping""]","[0.8692482709884644, 0.8537548780441284, 0.8531931638717651]",True,True
careem_ride,Careem رحلة,Transport,mixed,mixed_language,PYTORCH,HYBRID_PROTOTYPE,Transport,0.8926600217819214,Personal Care,0.8775473237037659,0.015112698078155518,"[""Transport"", ""Personal Care"", ""Restaurants""]","[0.8926600217819214, 0.8775473237037659, 0.8763226866722107]",True,True
uber_trip,UBER TR1P,Transport,en,ocr_noise,PYTORCH,HYBRID_PROTOTYPE,Medicine,0.8514758348464966,Transport,0.8485597968101501,0.0029160380363464355,"[""Medicine"", ""Transport"", ""Restaurants""]","[0.8514758348464966, 0.8485597968101501, 0.8474135994911194]",False,True
careem_ride,CAR EEM R1DE,Transport,en,ocr_noise,PYTORCH,HYBRID_PROTOTYPE,Transport,0.8688619136810303,Shopping,0.8685296773910522,0.00033223628997802734,"[""Transport"", ""Shopping"", ""Groceries""]","[0.8688619136810303, 0.8685296773910522, 0.8615790605545044]",True,True
dettol_floor_cleaner,Dettol Floor Cleaner,Household,en,clean,PYTORCH,HYBRID_PROTOTYPE,Household,0.8877801299095154,Personal Care,0.8640491962432861,0.023730933666229248,"[""Household"", ""Personal Care"", ""Medicine""]","[0.8877801299095154, 0.8640491962432861, 0.8529999852180481]",True,True
fairy_dish_liquid,Fairy Dishwashing Liquid,Household,en,clean,PYTORCH,HYBRID_PROTOTYPE,Household,0.8832165002822876,Groceries,0.8650022745132446,0.01821422576904297,"[""Household"", ""Groceries"", ""Personal Care""]","[0.8832165002822876, 0.8650022745132446, 0.8602117300033569]",True,True
persil_gel,Persil Gel,Household,en,clean,PYTORCH,HYBRID_PROTOTYPE,Personal Care,0.8632696866989136,Household,0.8569322228431702,0.006337463855743408,"[""Personal Care"", ""Household"", ""Medicine""]","[0.8632696866989136, 0.8569322228431702, 0.8542168140411377]",False,True
clorox_bleach,Clorox Bleach,Household,en,clean,PYTORCH,HYBRID_PROTOTYPE,Household,0.862366795539856,Medicine,0.8520330786705017,0.010333716869354248,"[""Household"", ""Medicine"", ""Groceries""]","[0.862366795539856, 0.8520330786705017, 0.8499339818954468]",True,True
dettol_floor_cleaner,منظف أرضيات ديتول,Household,ar,clean,PYTORCH,HYBRID_PROTOTYPE,Household,0.87766432762146,Personal Care,0.8539303541183472,0.023733973503112793,"[""Household"", ""Personal Care"", ""Medicine""]","[0.87766432762146, 0.8539303541183472, 0.8507713079452515]",True,True
fairy_dish_liquid,سائل غسيل أطباق,Household,ar,clean,PYTORCH,HYBRID_PROTOTYPE,Household,0.9151967763900757,Groceries,0.899364709854126,0.015832066535949707,"[""Household"", ""Groceries"", ""Restaurants""]","[0.9151967763900757, 0.899364709854126, 0.8892877101898193]",True,True
persil_gel,مسحوق غسيل برسيل,Household,ar,clean,PYTORCH,HYBRID_PROTOTYPE,Household,0.8932175040245056,Groceries,0.8688250780105591,0.024392426013946533,"[""Household"", ""Groceries"", ""Personal Care""]","[0.8932175040245056, 0.8688250780105591, 0.8669375777244568]",True,True
clorox_bleach,كلور مبيض,Household,ar,clean,PYTORCH,HYBRID_PROTOTYPE,Personal Care,0.8162742853164673,Books,0.815991997718811,0.00028228759765625,"[""Personal Care"", ""Books"", ""Household""]","[0.8162742853164673, 0.815991997718811, 0.8138247132301331]",False,True
dettol_floor_cleaner,Dettol منظف أرضيات,Household,mixed,mixed_language,PYTORCH,HYBRID_PROTOTYPE,Household,0.8988444805145264,Personal Care,0.877967894077301,0.020876586437225342,"[""Household"", ""Personal Care"", ""Restaurants""]","[0.8988444805145264, 0.877967894077301, 0.8713242411613464]",True,True
fairy_dish_liquid,Fairy صابون أطباق,Household,mixed,mixed_language,PYTORCH,HYBRID_PROTOTYPE,Household,0.9113782048225403,Restaurants,0.9101877212524414,0.001190483570098877,"[""Household"", ""Restaurants"", ""Personal Care""]","[0.9113782048225403, 0.9101877212524414, 0.9101235270500183]",True,True
dettol_floor_cleaner,DettoI Floor C1eaner,Household,en,ocr_noise,PYTORCH,HYBRID_PROTOTYPE,Household,0.8685795068740845,Books,0.8668622970581055,0.001717209815979004,"[""Household"", ""Books"", ""Personal Care""]","[0.8685795068740845, 0.8668622970581055, 0.8665176033973694]",True,True
persil_gel,PersiI GeI,Household,en,ocr_noise,PYTORCH,HYBRID_PROTOTYPE,Books,0.8548760414123535,Groceries,0.853346586227417,0.0015294551849365234,"[""Books"", ""Groceries"", ""Restaurants""]","[0.8548760414123535, 0.853346586227417, 0.8507746458053589]",False,False
panadol_extra,Panadol Extra,Medicine,en,clean,PYTORCH,HYBRID_PROTOTYPE,Medicine,0.8635955452919006,Groceries,0.8625417947769165,0.0010537505149841309,"[""Medicine"", ""Groceries"", ""Fruits & Vegetables""]","[0.8635955452919006, 0.8625417947769165, 0.860335648059845]",True,True
brufen_400,Brufen 400,Medicine,en,clean,PYTORCH,HYBRID_PROTOTYPE,Shopping,0.845470666885376,Books,0.8432619571685791,0.002208709716796875,"[""Shopping"", ""Books"", ""Personal Care""]","[0.845470666885376, 0.8432619571685791, 0.8432015776634216]",False,False
folic_acid_600_mcg,Folic Acid 600 MCG,Medicine,en,clean,PYTORCH,HYBRID_PROTOTYPE,Medicine,0.8695580363273621,Groceries,0.8618618249893188,0.007696211338043213,"[""Medicine"", ""Groceries"", ""Household""]","[0.8695580363273621, 0.8618618249893188, 0.8548988699913025]",True,True
immulant_plus_20_cap,Immulant Plus 20 Cap,Medicine,en,clean,PYTORCH,HYBRID_PROTOTYPE,Medicine,0.8615266680717468,Household,0.855548083782196,0.005978584289550781,"[""Medicine"", ""Household"", ""Groceries""]","[0.8615266680717468, 0.855548083782196, 0.8551100492477417]",True,True
panadol_extra,بنادول إكسترا,Medicine,ar,clean,PYTORCH,HYBRID_PROTOTYPE,Medicine,0.8346567749977112,Groceries,0.8334282636642456,0.0012285113334655762,"[""Medicine"", ""Groceries"", ""Household""]","[0.8346567749977112, 0.8334282636642456, 0.8303732872009277]",True,True
brufen_400,بروفين 400,Medicine,ar,clean,PYTORCH,HYBRID_PROTOTYPE,Medicine,0.8575475811958313,Transport,0.8523352146148682,0.005212366580963135,"[""Medicine"", ""Transport"", ""Personal Care""]","[0.8575475811958313, 0.8523352146148682, 0.8511728048324585]",True,True
folic_acid_600_mcg,حمض الفوليك,Medicine,ar,clean,PYTORCH,HYBRID_PROTOTYPE,Medicine,0.8552876710891724,Household,0.8493867516517639,0.005900919437408447,"[""Medicine"", ""Household"", ""Personal Care""]","[0.8552876710891724, 0.8493867516517639, 0.8467556238174438]",True,True
medicine_68,فيتامين سي,Medicine,ar,clean,PYTORCH,HYBRID_PROTOTYPE,Medicine,0.8684804439544678,Groceries,0.8471670746803284,0.021313369274139404,"[""Medicine"", ""Groceries"", ""Personal Care""]","[0.8684804439544678, 0.8471670746803284, 0.8459963202476501]",True,True
panadol_extra,Panadol مسكن,Medicine,mixed,mixed_language,PYTORCH,HYBRID_PROTOTYPE,Household,0.8689641952514648,Groceries,0.867672324180603,0.0012918710708618164,"[""Household"", ""Groceries"", ""Medicine""]","[0.8689641952514648, 0.867672324180603, 0.86680006980896]",False,True
vitamin_d,Vitamin D فيتامين,Medicine,mixed,mixed_language,PYTORCH,HYBRID_PROTOTYPE,Medicine,0.8878841400146484,Personal Care,0.864750862121582,0.023133277893066406,"[""Medicine"", ""Personal Care"", ""Groceries""]","[0.8878841400146484, 0.864750862121582, 0.8618289232254028]",True,True
panadol_extra,PANAD0L EXTRA,Medicine,en,ocr_noise,PYTORCH,HYBRID_PROTOTYPE,Groceries,0.8556714653968811,Fruits & Vegetables,0.8490884304046631,0.006583034992218018,"[""Groceries"", ""Fruits & Vegetables"", ""Shopping""]","[0.8556714653968811, 0.8490884304046631, 0.8453019261360168]",False,False
folic_acid_600_mcg,F0LIC ACID 600 MCG,Medicine,en,ocr_noise,PYTORCH,HYBRID_PROTOTYPE,Medicine,0.862790584564209,Groceries,0.8573987483978271,0.005391836166381836,"[""Medicine"", ""Groceries"", ""Household""]","[0.862790584564209, 0.8573987483978271, 0.8527092337608337]",True,True
immulant_plus_20_cap,MLANT PLUS 20 CAP,Medicine,en,ocr_noise,PYTORCH,HYBRID_PROTOTYPE,Medicine,0.8450522422790527,Groceries,0.8424026966094971,0.002649545669555664,"[""Medicine"", ""Groceries"", ""Household""]","[0.8450522422790527, 0.8424026966094971, 0.841163158416748]",True,True
folic_acid_600_mcg,FoLic AciD 600 McG,Medicine,en,ocr_noise,PYTORCH,HYBRID_PROTOTYPE,Medicine,0.8614659309387207,Groceries,0.8565623760223389,0.004903554916381836,"[""Medicine"", ""Groceries"", ""Household""]","[0.8614659309387207, 0.8565623760223389, 0.8527868986129761]",True,True
cotton_tshirt,Cotton T Shirt,Shopping,en,clean,PYTORCH,HYBRID_PROTOTYPE,Shopping,0.8477616906166077,Groceries,0.8404260873794556,0.0073356032371521,"[""Shopping"", ""Groceries"", ""Household""]","[0.8477616906166077, 0.8404260873794556, 0.8372154831886292]",True,True
running_shoes,Running Shoes,Shopping,en,clean,PYTORCH,HYBRID_PROTOTYPE,Shopping,0.8454665541648865,Books,0.8235334753990173,0.02193307876586914,"[""Shopping"", ""Books"", ""Personal Care""]","[0.8454665541648865, 0.8235334753990173, 0.8224372863769531]",True,True
wireless_headphones,Wireless Headphones,Shopping,en,clean,PYTORCH,HYBRID_PROTOTYPE,Shopping,0.8566199541091919,Medicine,0.8414203524589539,0.015199601650238037,"[""Shopping"", ""Medicine"", ""Personal Care""]","[0.8566199541091919, 0.8414203524589539, 0.840654730796814]",True,True
phone_charger,Phone Charger,Shopping,en,clean,PYTORCH,HYBRID_PROTOTYPE,Shopping,0.8680825233459473,Bills,0.8665785193443298,0.0015040040016174316,"[""Shopping"", ""Bills"", ""Personal Care""]","[0.8680825233459473, 0.8665785193443298, 0.8527948260307312]",True,True
cotton_tshirt,تيشيرت قطن,Shopping,ar,clean,PYTORCH,HYBRID_PROTOTYPE,Transport,0.8836241960525513,Groceries,0.8733441829681396,0.010280013084411621,"[""Transport"", ""Groceries"", ""Restaurants""]","[0.8836241960525513, 0.8733441829681396, 0.8713020086288452]",False,False
running_shoes,حذاء رياضي,Shopping,ar,clean,PYTORCH,HYBRID_PROTOTYPE,Shopping,0.8799911141395569,Books,0.8722206354141235,0.00777047872543335,"[""Shopping"", ""Books"", ""Entertainment""]","[0.8799911141395569, 0.8722206354141235, 0.8616703748703003]",True,True
wireless_headphones,سماعات بلوتوث,Shopping,ar,clean,PYTORCH,HYBRID_PROTOTYPE,Entertainment,0.8514960408210754,Books,0.8497761487960815,0.0017198920249938965,"[""Entertainment"", ""Books"", ""Personal Care""]","[0.8514960408210754, 0.8497761487960815, 0.8465504050254822]",False,False
phone_charger,شاحن موبايل,Shopping,ar,clean,PYTORCH,HYBRID_PROTOTYPE,Shopping,0.8543248176574707,Books,0.8503205180168152,0.004004299640655518,"[""Shopping"", ""Books"", ""Bills""]","[0.8543248176574707, 0.8503205180168152, 0.8500087261199951]",True,True
running_shoes,Nike حذاء,Shopping,mixed,mixed_language,PYTORCH,HYBRID_PROTOTYPE,Shopping,0.8927011489868164,Books,0.8831983804702759,0.009502768516540527,"[""Shopping"", ""Books"", ""Personal Care""]","[0.8927011489868164, 0.8831983804702759, 0.8794064521789551]",True,True
wireless_headphones,Headphones سماعات,Shopping,mixed,mixed_language,PYTORCH,HYBRID_PROTOTYPE,Shopping,0.8925422430038452,Personal Care,0.891775906085968,0.0007663369178771973,"[""Shopping"", ""Personal Care"", ""Entertainment""]","[0.8925422430038452, 0.891775906085968, 0.8864104151725769]",True,True
wireless_headphones,W1RELESS HEADPH0NES,Shopping,en,ocr_noise,PYTORCH,HYBRID_PROTOTYPE,Shopping,0.845576286315918,Medicine,0.8347857594490051,0.010790526866912842,"[""Shopping"", ""Medicine"", ""Personal Care""]","[0.845576286315918, 0.8347857594490051, 0.8312065601348877]",True,True
phone_charger,PH0NE CHARGER,Shopping,en,ocr_noise,PYTORCH,HYBRID_PROTOTYPE,Shopping,0.8247889876365662,Personal Care,0.821220874786377,0.003568112850189209,"[""Shopping"", ""Personal Care"", ""Medicine""]","[0.8247889876365662, 0.821220874786377, 0.8192013502120972]",True,True
electricity_bill,Electricity Bill,Bills,en,clean,PYTORCH,HYBRID_PROTOTYPE,Bills,0.8939740657806396,Shopping,0.8455268144607544,0.048447251319885254,"[""Bills"", ""Shopping"", ""Other""]","[0.8939740657806396, 0.8455268144607544, 0.8434178829193115]",True,True
internet_bill,WE Internet Bill,Bills,en,clean,PYTORCH,HYBRID_PROTOTYPE,Bills,0.8804822564125061,Shopping,0.8418993353843689,0.03858292102813721,"[""Bills"", ""Shopping"", ""Books""]","[0.8804822564125061, 0.8418993353843689, 0.841223418712616]",True,True
water_bill,Water Utility Bill,Bills,en,clean,PYTORCH,HYBRID_PROTOTYPE,Bills,0.9016140699386597,Household,0.8572217226028442,0.04439234733581543,"[""Bills"", ""Household"", ""Other""]","[0.9016140699386597, 0.8572217226028442, 0.8540606498718262]",True,True
mobile_bill,Mobile Phone Bill,Bills,en,clean,PYTORCH,HYBRID_PROTOTYPE,Bills,0.9005274772644043,Shopping,0.8660705089569092,0.03445696830749512,"[""Bills"", ""Shopping"", ""Other""]","[0.9005274772644043, 0.8660705089569092, 0.8606456518173218]",True,True
electricity_bill,فاتورة كهرباء,Bills,ar,clean,PYTORCH,HYBRID_PROTOTYPE,Bills,0.9133238196372986,Other,0.8842013478279114,0.029122471809387207,"[""Bills"", ""Other"", ""Shopping""]","[0.9133238196372986, 0.8842013478279114, 0.8817082047462463]",True,True
internet_bill,فاتورة انترنت WE,Bills,mixed,mixed_language,PYTORCH,HYBRID_PROTOTYPE,Bills,0.9157518148422241,Books,0.8962808847427368,0.019470930099487305,"[""Bills"", ""Books"", ""Other""]","[0.9157518148422241, 0.8962808847427368, 0.8893115520477295]",True,True
water_bill,فاتورة مياه,Bills,ar,clean,PYTORCH,HYBRID_PROTOTYPE,Bills,0.9104281663894653,Other,0.8882858753204346,0.02214229106903076,"[""Bills"", ""Other"", ""Household""]","[0.9104281663894653, 0.8882858753204346, 0.8802536725997925]",True,True
gas_bill,فاتورة غاز,Bills,ar,clean,PYTORCH,HYBRID_PROTOTYPE,Bills,0.9076936841011047,Transport,0.8909155130386353,0.016778171062469482,"[""Bills"", ""Transport"", ""Other""]","[0.9076936841011047, 0.8909155130386353, 0.8886586427688599]",True,True
mobile_bill,Orange فاتورة موبايل,Bills,mixed,mixed_language,PYTORCH,HYBRID_PROTOTYPE,Bills,0.9015757441520691,Shopping,0.8915748596191406,0.010000884532928467,"[""Bills"", ""Shopping"", ""Transport""]","[0.9015757441520691, 0.8915748596191406, 0.8911272287368774]",True,True
internet_bill,Internet فاتورة شهرية,Bills,mixed,mixed_language,PYTORCH,HYBRID_PROTOTYPE,Bills,0.9095027446746826,Other,0.8814020156860352,0.02810072898864746,"[""Bills"", ""Other"", ""Shopping""]","[0.9095027446746826, 0.8814020156860352, 0.8790595531463623]",True,True
electricity_bill,ELECTR1C1TY B1LL,Bills,en,ocr_noise,PYTORCH,HYBRID_PROTOTYPE,Shopping,0.865644633769989,Books,0.8624886274337769,0.003156006336212158,"[""Shopping"", ""Books"", ""Bills""]","[0.865644633769989, 0.8624886274337769, 0.8620744943618774]",False,True
internet_bill,WE 1NTERNET B1LL,Bills,en,ocr_noise,PYTORCH,HYBRID_PROTOTYPE,Groceries,0.8526337146759033,Books,0.8450766205787659,0.007557094097137451,"[""Groceries"", ""Books"", ""Household""]","[0.8526337146759033, 0.8450766205787659, 0.8429937362670898]",False,False
netflix,Netflix,Entertainment,en,clean,PYTORCH,HYBRID_PROTOTYPE,Entertainment,0.8602747321128845,Books,0.8558064103126526,0.004468321800231934,"[""Entertainment"", ""Books"", ""Restaurants""]","[0.8602747321128845, 0.8558064103126526, 0.8505396842956543]",True,True
cinema_ticket,Cinema Ticket,Entertainment,en,clean,PYTORCH,HYBRID_PROTOTYPE,Entertainment,0.8851228952407837,Transport,0.8530340790748596,0.03208881616592407,"[""Entertainment"", ""Transport"", ""Restaurants""]","[0.8851228952407837, 0.8530340790748596, 0.8427739143371582]",True,True
playstation_game,PlayStation Game,Entertainment,en,clean,PYTORCH,HYBRID_PROTOTYPE,Entertainment,0.8474306464195251,Shopping,0.8455748558044434,0.0018557906150817871,"[""Entertainment"", ""Shopping"", ""Fruits & Vegetables""]","[0.8474306464195251, 0.8455748558044434, 0.8327537178993225]",True,True
concert_ticket,Concert Ticket,Entertainment,en,clean,PYTORCH,HYBRID_PROTOTYPE,Entertainment,0.8456025123596191,Other,0.830632209777832,0.01497030258178711,"[""Entertainment"", ""Other"", ""Shopping""]","[0.8456025123596191, 0.830632209777832, 0.8276364207267761]",True,True
cinema_ticket,تذكرة سينما,Entertainment,ar,clean,PYTORCH,HYBRID_PROTOTYPE,Entertainment,0.8968955278396606,Transport,0.881109356880188,0.015786170959472656,"[""Entertainment"", ""Transport"", ""Restaurants""]","[0.8968955278396606, 0.881109356880188, 0.8671674728393555]",True,True
netflix,اشتراك مشاهدة أفلام,Entertainment,ar,clean,PYTORCH,HYBRID_PROTOTYPE,Entertainment,0.9048329591751099,Books,0.875636875629425,0.029196083545684814,"[""Entertainment"", ""Books"", ""Shopping""]","[0.9048329591751099, 0.875636875629425, 0.8714768290519714]",True,True
playstation_game,لعبة بلايستيشن,Entertainment,ar,clean,PYTORCH,HYBRID_PROTOTYPE,Shopping,0.8641603589057922,Entertainment,0.8612158298492432,0.0029445290565490723,"[""Shopping"", ""Entertainment"", ""Books""]","[0.8641603589057922, 0.8612158298492432, 0.8579816222190857]",False,True
concert_ticket,تذكرة حفلة,Entertainment,ar,clean,PYTORCH,HYBRID_PROTOTYPE,Entertainment,0.8855271935462952,Transport,0.8827711343765259,0.002756059169769287,"[""Entertainment"", ""Transport"", ""Restaurants""]","[0.8855271935462952, 0.8827711343765259, 0.8755016326904297]",True,True
netflix,Netflix اشتراك,Entertainment,mixed,mixed_language,PYTORCH,HYBRID_PROTOTYPE,Entertainment,0.8904691934585571,Shopping,0.8775126934051514,0.012956500053405762,"[""Entertainment"", ""Shopping"", ""Groceries""]","[0.8904691934585571, 0.8775126934051514, 0.8749452829360962]",True,True
cinema_ticket,Cinema تذكرة,Entertainment,mixed,mixed_language,PYTORCH,HYBRID_PROTOTYPE,Entertainment,0.9175097942352295,Transport,0.8984867334365845,0.01902306079864502,"[""Entertainment"", ""Transport"", ""Restaurants""]","[0.9175097942352295, 0.8984867334365845, 0.8894420862197876]",True,True
netflix,NETFL1X,Entertainment,en,ocr_noise,PYTORCH,HYBRID_PROTOTYPE,Shopping,0.8309566974639893,Groceries,0.82948899269104,0.0014677047729492188,"[""Shopping"", ""Groceries"", ""Entertainment""]","[0.8309566974639893, 0.82948899269104, 0.8276686072349548]",False,True
cinema_ticket,C1NEMA T1CKET,Entertainment,en,ocr_noise,PYTORCH,HYBRID_PROTOTYPE,Shopping,0.8499706983566284,Groceries,0.8478641510009766,0.0021065473556518555,"[""Shopping"", ""Groceries"", ""Restaurants""]","[0.8499706983566284, 0.8478641510009766, 0.8472193479537964]",False,False
dove_shampoo,Dove Shampoo,Personal Care,en,clean,PYTORCH,HYBRID_PROTOTYPE,Personal Care,0.8679333925247192,Household,0.8518232107162476,0.01611018180847168,"[""Personal Care"", ""Household"", ""Shopping""]","[0.8679333925247192, 0.8518232107162476, 0.8405637741088867]",True,True
nivea_face_cream,Nivea Face Cream,Personal Care,en,clean,PYTORCH,HYBRID_PROTOTYPE,Personal Care,0.8774072527885437,Medicine,0.8657783269882202,0.011628925800323486,"[""Personal Care"", ""Medicine"", ""Household""]","[0.8774072527885437, 0.8657783269882202, 0.8638405799865723]",True,True
gillette_razor,Gillette Razor,Personal Care,en,clean,PYTORCH,HYBRID_PROTOTYPE,Personal Care,0.8503314852714539,Household,0.8480159640312195,0.002315521240234375,"[""Personal Care"", ""Household"", ""Groceries""]","[0.8503314852714539, 0.8480159640312195, 0.8469991683959961]",True,True
haircut,Haircut,Personal Care,en,clean,PYTORCH,HYBRID_PROTOTYPE,Personal Care,0.8504897356033325,Shopping,0.8471016883850098,0.003388047218322754,"[""Personal Care"", ""Shopping"", ""Restaurants""]","[0.8504897356033325, 0.8471016883850098, 0.8437714576721191]",True,True
dove_shampoo,شامبو دوف,Personal Care,ar,clean,PYTORCH,HYBRID_PROTOTYPE,Personal Care,0.882756769657135,Household,0.8742039203643799,0.008552849292755127,"[""Personal Care"", ""Household"", ""Groceries""]","[0.882756769657135, 0.8742039203643799, 0.8634463548660278]",True,True
nivea_face_cream,كريم نيفيا للوجه,Personal Care,ar,clean,PYTORCH,HYBRID_PROTOTYPE,Personal Care,0.8735153675079346,Medicine,0.8630647659301758,0.010450601577758789,"[""Personal Care"", ""Medicine"", ""Household""]","[0.8735153675079346, 0.8630647659301758, 0.8623757362365723]",True,True
gillette_razor,شفرة حلاقة,Personal Care,ar,clean,PYTORCH,HYBRID_PROTOTYPE,Personal Care,0.8899486064910889,Books,0.8622156977653503,0.027732908725738525,"[""Personal Care"", ""Books"", ""Shopping""]","[0.8899486064910889, 0.8622156977653503, 0.8614565134048462]",True,True
haircut,قص شعر,Personal Care,ar,clean,PYTORCH,HYBRID_PROTOTYPE,Personal Care,0.8748052716255188,Books,0.8741483688354492,0.0006569027900695801,"[""Personal Care"", ""Books"", ""Shopping""]","[0.8748052716255188, 0.8741483688354492, 0.8726922869682312]",True,True
dove_shampoo,Shampoo شامبو,Personal Care,mixed,mixed_language,PYTORCH,HYBRID_PROTOTYPE,Personal Care,0.9021068811416626,Household,0.8876243829727173,0.014482498168945312,"[""Personal Care"", ""Household"", ""Shopping""]","[0.9021068811416626, 0.8876243829727173, 0.8737798929214478]",True,True
nivea_face_cream,Nivea كريم بشرة,Personal Care,mixed,mixed_language,PYTORCH,HYBRID_PROTOTYPE,Personal Care,0.8986395001411438,Medicine,0.8942776918411255,0.0043618083000183105,"[""Personal Care"", ""Medicine"", ""Household""]","[0.8986395001411438, 0.8942776918411255, 0.8891700506210327]",True,True
dove_shampoo,شامبو D0VE,Personal Care,mixed,ocr_noise,PYTORCH,HYBRID_PROTOTYPE,Personal Care,0.8920290470123291,Household,0.8843947649002075,0.007634282112121582,"[""Personal Care"", ""Household"", ""Shopping""]","[0.8920290470123291, 0.8843947649002075, 0.8755253553390503]",True,True
gillette_razor,G1LLETTE RAZ0R,Personal Care,en,ocr_noise,PYTORCH,HYBRID_PROTOTYPE,Groceries,0.8485603928565979,Shopping,0.8459445238113403,0.0026158690452575684,"[""Groceries"", ""Shopping"", ""Books""]","[0.8485603928565979, 0.8459445238113403, 0.8439813256263733]",False,False
service_fee,Service Fee,Other,en,clean,PYTORCH,HYBRID_PROTOTYPE,Other,0.8915354013442993,Bills,0.8851876258850098,0.006347775459289551,"[""Other"", ""Bills"", ""Shopping""]","[0.8915354013442993, 0.8851876258850098, 0.8696269989013672]",True,True
charity_donation,Charity Donation,Other,en,clean,PYTORCH,HYBRID_PROTOTYPE,Other,0.8337085247039795,Groceries,0.8293830752372742,0.004325449466705322,"[""Other"", ""Groceries"", ""Household""]","[0.8337085247039795, 0.8293830752372742, 0.8293391466140747]",True,True
document_printing,Document Printing,Other,en,clean,PYTORCH,HYBRID_PROTOTYPE,Books,0.8394515514373779,Shopping,0.8340086936950684,0.00544285774230957,"[""Books"", ""Shopping"", ""Groceries""]","[0.8394515514373779, 0.8340086936950684, 0.8337774276733398]",False,False
delivery_fee,Delivery Fee,Other,en,clean,PYTORCH,HYBRID_PROTOTYPE,Other,0.877001166343689,Bills,0.8585554361343384,0.018445730209350586,"[""Other"", ""Bills"", ""Restaurants""]","[0.877001166343689, 0.8585554361343384, 0.855623722076416]",True,True
service_fee,رسوم خدمة,Other,ar,clean,PYTORCH,HYBRID_PROTOTYPE,Bills,0.883581817150116,Other,0.8818454742431641,0.0017363429069519043,"[""Bills"", ""Other"", ""Transport""]","[0.883581817150116, 0.8818454742431641, 0.8677455186843872]",False,True
charity_donation,تبرع خيري,Other,ar,clean,PYTORCH,HYBRID_PROTOTYPE,Other,0.8745572566986084,Groceries,0.870840311050415,0.0037169456481933594,"[""Other"", ""Groceries"", ""Books""]","[0.8745572566986084, 0.870840311050415, 0.8697585463523865]",True,True
document_printing,طباعة مستندات,Other,ar,clean,PYTORCH,HYBRID_PROTOTYPE,Books,0.8751596212387085,Other,0.8673021793365479,0.007857441902160645,"[""Books"", ""Other"", ""Medicine""]","[0.8751596212387085, 0.8673021793365479, 0.8636065125465393]",False,True
misc_expense,مصاريف متنوعة,Other,ar,clean,PYTORCH,HYBRID_PROTOTYPE,Other,0.8978803753852844,Bills,0.8864051103591919,0.01147526502609253,"[""Other"", ""Bills"", ""Shopping""]","[0.8978803753852844, 0.8864051103591919, 0.8833674788475037]",True,True
delivery_fee,Delivery رسوم,Other,mixed,mixed_language,PYTORCH,HYBRID_PROTOTYPE,Other,0.8963768482208252,Restaurants,0.8860684633255005,0.010308384895324707,"[""Other"", ""Restaurants"", ""Groceries""]","[0.8963768482208252, 0.8860684633255005, 0.8835563063621521]",True,True
service_fee,Service مصاريف,Other,mixed,mixed_language,PYTORCH,HYBRID_PROTOTYPE,Other,0.9027323722839355,Bills,0.8952925205230713,0.007439851760864258,"[""Other"", ""Bills"", ""Transport""]","[0.9027323722839355, 0.8952925205230713, 0.888940155506134]",True,True
service_fee,SERV1CE FEE,Other,en,ocr_noise,PYTORCH,HYBRID_PROTOTYPE,Other,0.8555330634117126,Bills,0.8472100496292114,0.00832301378250122,"[""Other"", ""Bills"", ""Restaurants""]","[0.8555330634117126, 0.8472100496292114, 0.8446909785270691]",True,True
misc_expense,M1SC EXPENSE,Other,en,ocr_noise,PYTORCH,HYBRID_PROTOTYPE,Medicine,0.84745192527771,Other,0.8427917957305908,0.004660129547119141,"[""Medicine"", ""Other"", ""Shopping""]","[0.84745192527771, 0.8427917957305908, 0.8417340517044067]",False,True
atomic_habits,Atomic Habits,Books,en,clean,PYTORCH,HYBRID_PROTOTYPE,Shopping,0.8594377040863037,Books,0.8578315377235413,0.0016061663627624512,"[""Shopping"", ""Books"", ""Restaurants""]","[0.8594377040863037, 0.8578315377235413, 0.852657675743103]",False,True
clean_code,Clean Code,Books,en,clean,PYTORCH,HYBRID_PROTOTYPE,Household,0.8590812683105469,Personal Care,0.8485071063041687,0.010574162006378174,"[""Household"", ""Personal Care"", ""Shopping""]","[0.8590812683105469, 0.8485071063041687, 0.8464536070823669]",False,False
psychology_of_money,The Psychology of Money,Books,en,clean,PYTORCH,HYBRID_PROTOTYPE,Bills,0.8636000156402588,Other,0.8586407899856567,0.004959225654602051,"[""Bills"", ""Other"", ""Books""]","[0.8636000156402588, 0.8586407899856567, 0.857588529586792]",False,True
pragmatic_programmer,The Pragmatic Programmer,Books,en,clean,PYTORCH,HYBRID_PROTOTYPE,Restaurants,0.8457479476928711,Shopping,0.8421125411987305,0.003635406494140625,"[""Restaurants"", ""Shopping"", ""Books""]","[0.8457479476928711, 0.8421125411987305, 0.8416376709938049]",False,True
atomic_habits,العادات الذرية,Books,ar,clean,PYTORCH,HYBRID_PROTOTYPE,Books,0.8575121164321899,Restaurants,0.8572579026222229,0.000254213809967041,"[""Books"", ""Restaurants"", ""Personal Care""]","[0.8575121164321899, 0.8572579026222229, 0.8535405397415161]",True,True
art_of_not_caring,كتاب فن اللامبالاة,Books,ar,clean,PYTORCH,HYBRID_PROTOTYPE,Books,0.8696630597114563,Personal Care,0.851874589920044,0.017788469791412354,"[""Books"", ""Personal Care"", ""Restaurants""]","[0.8696630597114563, 0.851874589920044, 0.8481110334396362]",True,True
awlad_haretna,رواية أولاد حارتنا,Books,ar,clean,PYTORCH,HYBRID_PROTOTYPE,Books,0.848944902420044,Restaurants,0.830890417098999,0.018054485321044922,"[""Books"", ""Restaurants"", ""Transport""]","[0.848944902420044, 0.830890417098999, 0.8278447389602661]",True,True
learn_python_book,كتاب تعلم بايثون,Books,ar,clean,PYTORCH,HYBRID_PROTOTYPE,Books,0.8926435708999634,Restaurants,0.8632482886314392,0.02939528226852417,"[""Books"", ""Restaurants"", ""Shopping""]","[0.8926435708999634, 0.8632482886314392, 0.8624354600906372]",True,True
clean_code,Clean Code كتاب,Books,mixed,mixed_language,PYTORCH,HYBRID_PROTOTYPE,Books,0.9165706634521484,Household,0.8941280841827393,0.02244257926940918,"[""Books"", ""Household"", ""Restaurants""]","[0.9165706634521484, 0.8941280841827393, 0.8913237452507019]",True,True
atomic_habits,Atomic Habits نسخة عربية,Books,mixed,mixed_language,PYTORCH,HYBRID_PROTOTYPE,Books,0.8731675148010254,Transport,0.8720693588256836,0.0010981559753417969,"[""Books"", ""Transport"", ""Shopping""]","[0.8731675148010254, 0.8720693588256836, 0.869143545627594]",True,True
atomic_habits,AT0MIC HAB1TS,Books,en,ocr_noise,PYTORCH,HYBRID_PROTOTYPE,Medicine,0.8484511375427246,Shopping,0.8452104330062866,0.0032407045364379883,"[""Medicine"", ""Shopping"", ""Groceries""]","[0.8484511375427246, 0.8452104330062866, 0.8425688147544861]",False,False
clean_code,CLEAN C0DE,Books,en,ocr_noise,PYTORCH,HYBRID_PROTOTYPE,Household,0.8619592785835266,Personal Care,0.8508708477020264,0.011088430881500244,"[""Household"", ""Personal Care"", ""Shopping""]","[0.8619592785835266, 0.8508708477020264, 0.8495481610298157]",False,False
chicken_breast,Chicken Breast,Groceries,en,clean,ONNX_FP32,HYBRID_PROTOTYPE,Groceries,0.8424720764160156,Restaurants,0.8384320735931396,0.0040400028228759766,"[""Groceries"", ""Restaurants"", ""Fruits & Vegetables""]","[0.8424720764160156, 0.8384320735931396, 0.8343465328216553]",True,True
milk_1l,Milk 1L,Groceries,en,clean,ONNX_FP32,HYBRID_PROTOTYPE,Groceries,0.8909553289413452,Medicine,0.8692010641098022,0.02175426483154297,"[""Groceries"", ""Medicine"", ""Restaurants""]","[0.8909553289413452, 0.8692010641098022, 0.8671056032180786]",True,True
rice_1kg,Rice 1KG,Groceries,en,clean,ONNX_FP32,HYBRID_PROTOTYPE,Groceries,0.8881735801696777,Medicine,0.8741476535797119,0.01402592658996582,"[""Groceries"", ""Medicine"", ""Restaurants""]","[0.8881735801696777, 0.8741476535797119, 0.8718634247779846]",True,True
groceries_egyptian_white_cheese,Egyptian White Cheese,Groceries,en,clean,ONNX_FP32,HYBRID_PROTOTYPE,Restaurants,0.8688349723815918,Fruits & Vegetables,0.8623045682907104,0.006530404090881348,"[""Restaurants"", ""Fruits & Vegetables"", ""Groceries""]","[0.8688349723815918, 0.8623045682907104, 0.8585537075996399]",False,True
chicken_breast,صدور فراخ,Groceries,ar,clean,ONNX_FP32,HYBRID_PROTOTYPE,Restaurants,0.8559867143630981,Groceries,0.8505603075027466,0.0054264068603515625,"[""Restaurants"", ""Groceries"", ""Fruits & Vegetables""]","[0.8559867143630981, 0.8505603075027466, 0.8502209186553955]",False,True
milk_1l,لبن كامل الدسم,Groceries,ar,clean,ONNX_FP32,HYBRID_PROTOTYPE,Groceries,0.8620599508285522,Household,0.8581876754760742,0.0038722753524780273,"[""Groceries"", ""Household"", ""Restaurants""]","[0.8620599508285522, 0.8581876754760742, 0.8557190895080566]",True,True
rice_1kg,كيس أرز 1 كيلو,Groceries,ar,clean,ONNX_FP32,HYBRID_PROTOTYPE,Groceries,0.8948283195495605,Restaurants,0.8845609426498413,0.010267376899719238,"[""Groceries"", ""Restaurants"", ""Medicine""]","[0.8948283195495605, 0.8845609426498413, 0.8766446113586426]",True,True
groceries_8,علبة تونة,Groceries,ar,clean,ONNX_FP32,HYBRID_PROTOTYPE,Household,0.8643912076950073,Shopping,0.8636021018028259,0.0007891058921813965,"[""Household"", ""Shopping"", ""Medicine""]","[0.8643912076950073, 0.8636021018028259, 0.8621009588241577]",False,False
milk_1l,Fresh Milk لبن,Groceries,mixed,mixed_language,ONNX_FP32,HYBRID_PROTOTYPE,Groceries,0.9077332019805908,Fruits & Vegetables,0.8989924192428589,0.008740782737731934,"[""Groceries"", ""Fruits & Vegetables"", ""Restaurants""]","[0.9077332019805908, 0.8989924192428589, 0.88987135887146]",True,True
chicken_breast,Chicken فراخ مجمدة,Groceries,mixed,mixed_language,ONNX_FP32,HYBRID_PROTOTYPE,Restaurants,0.9037394523620605,Groceries,0.9027210474014282,0.0010184049606323242,"[""Restaurants"", ""Groceries"", ""Household""]","[0.9037394523620605, 0.9027210474014282, 0.8870624303817749]",False,True
milk_1l,M1LK 1L,Groceries,en,ocr_noise,ONNX_FP32,HYBRID_PROTOTYPE,Groceries,0.8600467443466187,Medicine,0.8559374213218689,0.004109323024749756,"[""Groceries"", ""Medicine"", ""Shopping""]","[0.8600467443466187, 0.8559374213218689, 0.8481152057647705]",True,True
rice_1kg,R1CE 1KG,Groceries,en,ocr_noise,ONNX_FP32,HYBRID_PROTOTYPE,Groceries,0.8735744953155518,Medicine,0.8700713515281677,0.003503143787384033,"[""Groceries"", ""Medicine"", ""Restaurants""]","[0.8735744953155518, 0.8700713515281677, 0.8648653626441956]",True,True
banana,Banana,Fruits & Vegetables,en,clean,ONNX_FP32,HYBRID_PROTOTYPE,Fruits & Vegetables,0.8564512729644775,Groceries,0.8498842716217041,0.0065670013427734375,"[""Fruits & Vegetables"", ""Groceries"", ""Shopping""]","[0.8564512729644775, 0.8498842716217041, 0.845228910446167]",True,True
tomatoes,Fresh Tomatoes,Fruits & Vegetables,en,clean,ONNX_FP32,HYBRID_PROTOTYPE,Fruits & Vegetables,0.8871586322784424,Restaurants,0.8603008389472961,0.02685779333114624,"[""Fruits & Vegetables"", ""Restaurants"", ""Groceries""]","[0.8871586322784424, 0.8603008389472961, 0.8567616939544678]",True,True
apples,Green Apples,Fruits & Vegetables,en,clean,ONNX_FP32,HYBRID_PROTOTYPE,Fruits & Vegetables,0.8561930060386658,Restaurants,0.8387488722801208,0.017444133758544922,"[""Fruits & Vegetables"", ""Restaurants"", ""Groceries""]","[0.8561930060386658, 0.8387488722801208, 0.8319965600967407]",True,True
cucumber,Cucumber Pack,Fruits & Vegetables,en,clean,ONNX_FP32,HYBRID_PROTOTYPE,Groceries,0.8668354749679565,Restaurants,0.8601739406585693,0.006661534309387207,"[""Groceries"", ""Restaurants"", ""Household""]","[0.8668354749679565, 0.8601739406585693, 0.8516771197319031]",False,False
tomatoes,طماطم,Fruits & Vegetables,ar,clean,ONNX_FP32,HYBRID_PROTOTYPE,Fruits & Vegetables,0.8857361078262329,Groceries,0.8528342843055725,0.0329018235206604,"[""Fruits & Vegetables"", ""Groceries"", ""Restaurants""]","[0.8857361078262329, 0.8528342843055725, 0.8506382703781128]",True,True
apples,تفاح,Fruits & Vegetables,ar,clean,ONNX_FP32,HYBRID_PROTOTYPE,Fruits & Vegetables,0.8735405802726746,Restaurants,0.8488717079162598,0.024668872356414795,"[""Fruits & Vegetables"", ""Restaurants"", ""Groceries""]","[0.8735405802726746, 0.8488717079162598, 0.8474541306495667]",True,True
banana,موز بلدي,Fruits & Vegetables,ar,clean,ONNX_FP32,HYBRID_PROTOTYPE,Fruits & Vegetables,0.8726146221160889,Groceries,0.8693315982818604,0.0032830238342285156,"[""Fruits & Vegetables"", ""Groceries"", ""Transport""]","[0.8726146221160889, 0.8693315982818604, 0.8691568374633789]",True,True
cucumber,خيار طازج,Fruits & Vegetables,ar,clean,ONNX_FP32,HYBRID_PROTOTYPE,Groceries,0.8802347779273987,Restaurants,0.8787986040115356,0.0014361739158630371,"[""Groceries"", ""Restaurants"", ""Books""]","[0.8802347779273987, 0.8787986040115356, 0.8757847547531128]",False,False
banana,Banana موز,Fruits & Vegetables,mixed,mixed_language,ONNX_FP32,HYBRID_PROTOTYPE,Fruits & Vegetables,0.8818327188491821,Groceries,0.8688244819641113,0.0130082368850708,"[""Fruits & Vegetables"", ""Groceries"", ""Restaurants""]","[0.8818327188491821, 0.8688244819641113, 0.8575630784034729]",True,True
tomatoes,Fresh طماطم,Fruits & Vegetables,mixed,mixed_language,ONNX_FP32,HYBRID_PROTOTYPE,Fruits & Vegetables,0.9223185777664185,Groceries,0.8935959339141846,0.028722643852233887,"[""Fruits & Vegetables"", ""Groceries"", ""Restaurants""]","[0.9223185777664185, 0.8935959339141846, 0.8913995623588562]",True,True
tomatoes,T0MAT0ES,Fruits & Vegetables,en,ocr_noise,ONNX_FP32,HYBRID_PROTOTYPE,Books,0.8596171140670776,Shopping,0.8581275939941406,0.0014895200729370117,"[""Books"", ""Shopping"", ""Fruits & Vegetables""]","[0.8596171140670776, 0.8581275939941406, 0.8569974303245544]",False,True
apples,تفـاح,Fruits & Vegetables,ar,ocr_noise,ONNX_FP32,HYBRID_PROTOTYPE,Books,0.8718492984771729,Restaurants,0.8622682094573975,0.00958108901977539,"[""Books"", ""Restaurants"", ""Shopping""]","[0.8718492984771729, 0.8622682094573975, 0.8607620596885681]",False,False
mcchicken_meal,McChicken Meal,Restaurants,en,clean,ONNX_FP32,HYBRID_PROTOTYPE,Restaurants,0.87112957239151,Groceries,0.8643583059310913,0.006771266460418701,"[""Restaurants"", ""Groceries"", ""Fruits & Vegetables""]","[0.87112957239151, 0.8643583059310913, 0.8451807498931885]",True,True
margherita_pizza,Margherita Pizza,Restaurants,en,clean,ONNX_FP32,HYBRID_PROTOTYPE,Restaurants,0.8472650051116943,Groceries,0.8399755358695984,0.007289469242095947,"[""Restaurants"", ""Groceries"", ""Household""]","[0.8472650051116943, 0.8399755358695984, 0.8320494890213013]",True,True
coffee,Cappuccino,Restaurants,en,clean,ONNX_FP32,HYBRID_PROTOTYPE,Restaurants,0.8613602519035339,Groceries,0.8482956290245056,0.01306462287902832,"[""Restaurants"", ""Groceries"", ""Personal Care""]","[0.8613602519035339, 0.8482956290245056, 0.8420338034629822]",True,True
restaurants_kfc_family_meal,KFC Family Meal,Restaurants,en,clean,ONNX_FP32,HYBRID_PROTOTYPE,Groceries,0.8677941560745239,Restaurants,0.8669075965881348,0.0008865594863891602,"[""Groceries"", ""Restaurants"", ""Household""]","[0.8677941560745239, 0.8669075965881348, 0.848432183265686]",False,True
margherita_pizza,بيتزا مارجريتا,Restaurants,ar,clean,ONNX_FP32,HYBRID_PROTOTYPE,Restaurants,0.8210690021514893,Groceries,0.8163251280784607,0.0047438740730285645,"[""Restaurants"", ""Groceries"", ""Transport""]","[0.8210690021514893, 0.8163251280784607, 0.8143652677536011]",True,True
burger_meal,وجبة برجر,Restaurants,ar,clean,ONNX_FP32,HYBRID_PROTOTYPE,Restaurants,0.8659964799880981,Groceries,0.8568726778030396,0.009123802185058594,"[""Restaurants"", ""Groceries"", ""Fruits & Vegetables""]","[0.8659964799880981, 0.8568726778030396, 0.850677490234375]",True,True
coffee,قهوة لاتيه,Restaurants,ar,clean,ONNX_FP32,HYBRID_PROTOTYPE,Restaurants,0.8859001398086548,Groceries,0.8724972009658813,0.013402938842773438,"[""Restaurants"", ""Groceries"", ""Personal Care""]","[0.8859001398086548, 0.8724972009658813, 0.8673406839370728]",True,True
restaurants_32,ساندوتش شاورما,Restaurants,ar,clean,ONNX_FP32,HYBRID_PROTOTYPE,Books,0.8076384663581848,Groceries,0.8063766360282898,0.0012618303298950195,"[""Books"", ""Groceries"", ""Entertainment""]","[0.8076384663581848, 0.8063766360282898, 0.8002645969390869]",False,False
coffee,Coffee قهوة,Restaurants,mixed,mixed_language,ONNX_FP32,HYBRID_PROTOTYPE,Restaurants,0.9180241823196411,Groceries,0.8980079889297485,0.020016193389892578,"[""Restaurants"", ""Groceries"", ""Fruits & Vegetables""]","[0.9180241823196411, 0.8980079889297485, 0.8943195939064026]",True,True
burger_meal,Burger وجبة,Restaurants,mixed,mixed_language,ONNX_FP32,HYBRID_PROTOTYPE,Restaurants,0.9055200815200806,Groceries,0.8935627341270447,0.011957347393035889,"[""Restaurants"", ""Groceries"", ""Fruits & Vegetables""]","[0.9055200815200806, 0.8935627341270447, 0.8825952410697937]",True,True
mcchicken_meal,McCh1cken MeaI,Restaurants,en,ocr_noise,ONNX_FP32,HYBRID_PROTOTYPE,Restaurants,0.8702300786972046,Books,0.8692647814750671,0.0009652972221374512,"[""Restaurants"", ""Books"", ""Groceries""]","[0.8702300786972046, 0.8692647814750671, 0.8677281141281128]",True,True
margherita_pizza,P1ZZA MARGHER1TA,Restaurants,en,ocr_noise,ONNX_FP32,HYBRID_PROTOTYPE,Groceries,0.8533724546432495,Personal Care,0.8478631973266602,0.0055092573165893555,"[""Groceries"", ""Personal Care"", ""Restaurants""]","[0.8533724546432495, 0.8478631973266602, 0.8466987609863281]",False,True
uber_trip,Uber Trip,Transport,en,clean,ONNX_FP32,HYBRID_PROTOTYPE,Transport,0.8653531074523926,Restaurants,0.8491566777229309,0.01619642972946167,"[""Transport"", ""Restaurants"", ""Entertainment""]","[0.8653531074523926, 0.8491566777229309, 0.8488554954528809]",True,True
careem_ride,Careem Ride,Transport,en,clean,ONNX_FP32,HYBRID_PROTOTYPE,Transport,0.8601553440093994,Shopping,0.8495076298713684,0.010647714138031006,"[""Transport"", ""Shopping"", ""Entertainment""]","[0.8601553440093994, 0.8495076298713684, 0.8479441404342651]",True,True
metro_ticket,Cairo Metro Ticket,Transport,en,clean,ONNX_FP32,HYBRID_PROTOTYPE,Transport,0.8597947359085083,Entertainment,0.8378949165344238,0.021899819374084473,"[""Transport"", ""Entertainment"", ""Shopping""]","[0.8597947359085083, 0.8378949165344238, 0.8322455286979675]",True,True
gasoline_92,Gasoline 92,Transport,en,clean,ONNX_FP32,HYBRID_PROTOTYPE,Shopping,0.8346883058547974,Household,0.834406316280365,0.00028198957443237305,"[""Shopping"", ""Household"", ""Bills""]","[0.8346883058547974, 0.834406316280365, 0.8333076238632202]",False,False
uber_trip,رحلة أوبر,Transport,ar,clean,ONNX_FP32,HYBRID_PROTOTYPE,Transport,0.8594571352005005,Books,0.8492794036865234,0.01017773151397705,"[""Transport"", ""Books"", ""Restaurants""]","[0.8594571352005005, 0.8492794036865234, 0.842751145362854]",True,True
careem_ride,مشوار كريم,Transport,ar,clean,ONNX_FP32,HYBRID_PROTOTYPE,Personal Care,0.8764258623123169,Transport,0.8721028566360474,0.004323005676269531,"[""Personal Care"", ""Transport"", ""Books""]","[0.8764258623123169, 0.8721028566360474, 0.8678645491600037]",False,True
metro_ticket,تذكرة مترو,Transport,ar,clean,ONNX_FP32,HYBRID_PROTOTYPE,Transport,0.9003925323486328,Entertainment,0.8752380609512329,0.025154471397399902,"[""Transport"", ""Entertainment"", ""Shopping""]","[0.9003925323486328, 0.8752380609512329, 0.8678205609321594]",True,True
gasoline_92,بنزين 92,Transport,ar,clean,ONNX_FP32,HYBRID_PROTOTYPE,Groceries,0.8582271337509155,Transport,0.8581570386886597,7.009506225585938e-05,"[""Groceries"", ""Transport"", ""Fruits & Vegetables""]","[0.8582271337509155, 0.8581570386886597, 0.8555833101272583]",False,True
uber_trip,Uber مشوار,Transport,mixed,mixed_language,ONNX_FP32,HYBRID_PROTOTYPE,Transport,0.8692483305931091,Restaurants,0.8537548780441284,0.015493452548980713,"[""Transport"", ""Restaurants"", ""Shopping""]","[0.8692483305931091, 0.8537548780441284, 0.8531930446624756]",True,True
careem_ride,Careem رحلة,Transport,mixed,mixed_language,ONNX_FP32,HYBRID_PROTOTYPE,Transport,0.8926601409912109,Personal Care,0.8775472044944763,0.01511293649673462,"[""Transport"", ""Personal Care"", ""Restaurants""]","[0.8926601409912109, 0.8775472044944763, 0.8763226270675659]",True,True
uber_trip,UBER TR1P,Transport,en,ocr_noise,ONNX_FP32,HYBRID_PROTOTYPE,Medicine,0.851475715637207,Transport,0.8485597372055054,0.00291597843170166,"[""Medicine"", ""Transport"", ""Restaurants""]","[0.851475715637207, 0.8485597372055054, 0.8474134802818298]",False,True
careem_ride,CAR EEM R1DE,Transport,en,ocr_noise,ONNX_FP32,HYBRID_PROTOTYPE,Transport,0.868861973285675,Shopping,0.8685295581817627,0.0003324151039123535,"[""Transport"", ""Shopping"", ""Groceries""]","[0.868861973285675, 0.8685295581817627, 0.8615790009498596]",True,True
dettol_floor_cleaner,Dettol Floor Cleaner,Household,en,clean,ONNX_FP32,HYBRID_PROTOTYPE,Household,0.8877800107002258,Personal Care,0.8640490770339966,0.023730933666229248,"[""Household"", ""Personal Care"", ""Medicine""]","[0.8877800107002258, 0.8640490770339966, 0.8529999256134033]",True,True
fairy_dish_liquid,Fairy Dishwashing Liquid,Household,en,clean,ONNX_FP32,HYBRID_PROTOTYPE,Household,0.8832165002822876,Groceries,0.8650022745132446,0.01821422576904297,"[""Household"", ""Groceries"", ""Personal Care""]","[0.8832165002822876, 0.8650022745132446, 0.8602117300033569]",True,True
persil_gel,Persil Gel,Household,en,clean,ONNX_FP32,HYBRID_PROTOTYPE,Personal Care,0.8632696866989136,Household,0.8569321632385254,0.006337523460388184,"[""Personal Care"", ""Household"", ""Medicine""]","[0.8632696866989136, 0.8569321632385254, 0.8542168140411377]",False,True
clorox_bleach,Clorox Bleach,Household,en,clean,ONNX_FP32,HYBRID_PROTOTYPE,Household,0.8623666763305664,Medicine,0.8520331382751465,0.010333538055419922,"[""Household"", ""Medicine"", ""Groceries""]","[0.8623666763305664, 0.8520331382751465, 0.849933922290802]",True,True
dettol_floor_cleaner,منظف أرضيات ديتول,Household,ar,clean,ONNX_FP32,HYBRID_PROTOTYPE,Household,0.8776642084121704,Personal Care,0.8539302349090576,0.023733973503112793,"[""Household"", ""Personal Care"", ""Medicine""]","[0.8776642084121704, 0.8539302349090576, 0.8507711887359619]",True,True
fairy_dish_liquid,سائل غسيل أطباق,Household,ar,clean,ONNX_FP32,HYBRID_PROTOTYPE,Household,0.9151967167854309,Groceries,0.8993645906448364,0.015832126140594482,"[""Household"", ""Groceries"", ""Restaurants""]","[0.9151967167854309, 0.8993645906448364, 0.8892875909805298]",True,True
persil_gel,مسحوق غسيل برسيل,Household,ar,clean,ONNX_FP32,HYBRID_PROTOTYPE,Household,0.8932175040245056,Groceries,0.8688249588012695,0.024392545223236084,"[""Household"", ""Groceries"", ""Personal Care""]","[0.8932175040245056, 0.8688249588012695, 0.8669374585151672]",True,True
clorox_bleach,كلور مبيض,Household,ar,clean,ONNX_FP32,HYBRID_PROTOTYPE,Personal Care,0.8162742853164673,Books,0.815991997718811,0.00028228759765625,"[""Personal Care"", ""Books"", ""Household""]","[0.8162742853164673, 0.815991997718811, 0.8138247132301331]",False,True
dettol_floor_cleaner,Dettol منظف أرضيات,Household,mixed,mixed_language,ONNX_FP32,HYBRID_PROTOTYPE,Household,0.8988443613052368,Personal Care,0.8779677748680115,0.020876586437225342,"[""Household"", ""Personal Care"", ""Restaurants""]","[0.8988443613052368, 0.8779677748680115, 0.8713241815567017]",True,True
fairy_dish_liquid,Fairy صابون أطباق,Household,mixed,mixed_language,ONNX_FP32,HYBRID_PROTOTYPE,Household,0.9113780856132507,Restaurants,0.9101876616477966,0.0011904239654541016,"[""Household"", ""Restaurants"", ""Personal Care""]","[0.9113780856132507, 0.9101876616477966, 0.910123348236084]",True,True
dettol_floor_cleaner,DettoI Floor C1eaner,Household,en,ocr_noise,ONNX_FP32,HYBRID_PROTOTYPE,Household,0.8685793876647949,Books,0.8668623566627502,0.0017170310020446777,"[""Household"", ""Books"", ""Personal Care""]","[0.8685793876647949, 0.8668623566627502, 0.8665176630020142]",True,True
persil_gel,PersiI GeI,Household,en,ocr_noise,ONNX_FP32,HYBRID_PROTOTYPE,Books,0.8548760414123535,Groceries,0.853346586227417,0.0015294551849365234,"[""Books"", ""Groceries"", ""Restaurants""]","[0.8548760414123535, 0.853346586227417, 0.8507745862007141]",False,False
panadol_extra,Panadol Extra,Medicine,en,clean,ONNX_FP32,HYBRID_PROTOTYPE,Medicine,0.8635956048965454,Groceries,0.8625417947769165,0.0010538101196289062,"[""Medicine"", ""Groceries"", ""Fruits & Vegetables""]","[0.8635956048965454, 0.8625417947769165, 0.8603357076644897]",True,True
brufen_400,Brufen 400,Medicine,en,clean,ONNX_FP32,HYBRID_PROTOTYPE,Shopping,0.8454704880714417,Books,0.8432620167732239,0.0022084712982177734,"[""Shopping"", ""Books"", ""Personal Care""]","[0.8454704880714417, 0.8432620167732239, 0.8432015180587769]",False,False
folic_acid_600_mcg,Folic Acid 600 MCG,Medicine,en,clean,ONNX_FP32,HYBRID_PROTOTYPE,Medicine,0.8695579171180725,Groceries,0.8618616461753845,0.007696270942687988,"[""Medicine"", ""Groceries"", ""Household""]","[0.8695579171180725, 0.8618616461753845, 0.8548988699913025]",True,True
immulant_plus_20_cap,Immulant Plus 20 Cap,Medicine,en,clean,ONNX_FP32,HYBRID_PROTOTYPE,Medicine,0.8615266680717468,Household,0.855548083782196,0.005978584289550781,"[""Medicine"", ""Household"", ""Groceries""]","[0.8615266680717468, 0.855548083782196, 0.8551100492477417]",True,True
panadol_extra,بنادول إكسترا,Medicine,ar,clean,ONNX_FP32,HYBRID_PROTOTYPE,Medicine,0.8346567153930664,Groceries,0.8334282636642456,0.0012284517288208008,"[""Medicine"", ""Groceries"", ""Household""]","[0.8346567153930664, 0.8334282636642456, 0.8303732872009277]",True,True
brufen_400,بروفين 400,Medicine,ar,clean,ONNX_FP32,HYBRID_PROTOTYPE,Medicine,0.8575475215911865,Transport,0.8523350954055786,0.00521242618560791,"[""Medicine"", ""Transport"", ""Personal Care""]","[0.8575475215911865, 0.8523350954055786, 0.8511727452278137]",True,True
folic_acid_600_mcg,حمض الفوليك,Medicine,ar,clean,ONNX_FP32,HYBRID_PROTOTYPE,Medicine,0.8552876114845276,Household,0.8493866920471191,0.005900919437408447,"[""Medicine"", ""Household"", ""Personal Care""]","[0.8552876114845276, 0.8493866920471191, 0.8467556238174438]",True,True
medicine_68,فيتامين سي,Medicine,ar,clean,ONNX_FP32,HYBRID_PROTOTYPE,Medicine,0.8684804439544678,Groceries,0.8471670150756836,0.02131342887878418,"[""Medicine"", ""Groceries"", ""Personal Care""]","[0.8684804439544678, 0.8471670150756836, 0.8459962606430054]",True,True
panadol_extra,Panadol مسكن,Medicine,mixed,mixed_language,ONNX_FP32,HYBRID_PROTOTYPE,Household,0.8689641952514648,Groceries,0.867672324180603,0.0012918710708618164,"[""Household"", ""Groceries"", ""Medicine""]","[0.8689641952514648, 0.867672324180603, 0.86680006980896]",False,True
vitamin_d,Vitamin D فيتامين,Medicine,mixed,mixed_language,ONNX_FP32,HYBRID_PROTOTYPE,Medicine,0.8878840208053589,Personal Care,0.8647506833076477,0.02313333749771118,"[""Medicine"", ""Personal Care"", ""Groceries""]","[0.8878840208053589, 0.8647506833076477, 0.8618288040161133]",True,True
panadol_extra,PANAD0L EXTRA,Medicine,en,ocr_noise,ONNX_FP32,HYBRID_PROTOTYPE,Groceries,0.8556714057922363,Fruits & Vegetables,0.8490884304046631,0.006582975387573242,"[""Groceries"", ""Fruits & Vegetables"", ""Shopping""]","[0.8556714057922363, 0.8490884304046631, 0.8453016877174377]",False,False
folic_acid_600_mcg,F0LIC ACID 600 MCG,Medicine,en,ocr_noise,ONNX_FP32,HYBRID_PROTOTYPE,Medicine,0.862790584564209,Groceries,0.8573987483978271,0.005391836166381836,"[""Medicine"", ""Groceries"", ""Household""]","[0.862790584564209, 0.8573987483978271, 0.8527092933654785]",True,True
immulant_plus_20_cap,MLANT PLUS 20 CAP,Medicine,en,ocr_noise,ONNX_FP32,HYBRID_PROTOTYPE,Medicine,0.8450522422790527,Groceries,0.8424026966094971,0.002649545669555664,"[""Medicine"", ""Groceries"", ""Household""]","[0.8450522422790527, 0.8424026966094971, 0.8411632180213928]",True,True
folic_acid_600_mcg,FoLic AciD 600 McG,Medicine,en,ocr_noise,ONNX_FP32,HYBRID_PROTOTYPE,Medicine,0.8614659905433655,Groceries,0.8565624952316284,0.0049034953117370605,"[""Medicine"", ""Groceries"", ""Household""]","[0.8614659905433655, 0.8565624952316284, 0.8527870178222656]",True,True
cotton_tshirt,Cotton T Shirt,Shopping,en,clean,ONNX_FP32,HYBRID_PROTOTYPE,Shopping,0.8477615714073181,Groceries,0.840425968170166,0.0073356032371521,"[""Shopping"", ""Groceries"", ""Household""]","[0.8477615714073181, 0.840425968170166, 0.8372154831886292]",True,True
running_shoes,Running Shoes,Shopping,en,clean,ONNX_FP32,HYBRID_PROTOTYPE,Shopping,0.8454663753509521,Books,0.8235334157943726,0.02193295955657959,"[""Shopping"", ""Books"", ""Personal Care""]","[0.8454663753509521, 0.8235334157943726, 0.8224371671676636]",True,True
wireless_headphones,Wireless Headphones,Shopping,en,clean,ONNX_FP32,HYBRID_PROTOTYPE,Shopping,0.8566199541091919,Medicine,0.8414202928543091,0.015199661254882812,"[""Shopping"", ""Medicine"", ""Personal Care""]","[0.8566199541091919, 0.8414202928543091, 0.8406546711921692]",True,True
phone_charger,Phone Charger,Shopping,en,clean,ONNX_FP32,HYBRID_PROTOTYPE,Shopping,0.8680825233459473,Bills,0.8665784597396851,0.001504063606262207,"[""Shopping"", ""Bills"", ""Personal Care""]","[0.8680825233459473, 0.8665784597396851, 0.8527946472167969]",True,True
cotton_tshirt,تيشيرت قطن,Shopping,ar,clean,ONNX_FP32,HYBRID_PROTOTYPE,Transport,0.8836241960525513,Groceries,0.8733441829681396,0.010280013084411621,"[""Transport"", ""Groceries"", ""Restaurants""]","[0.8836241960525513, 0.8733441829681396, 0.8713020086288452]",False,False
running_shoes,حذاء رياضي,Shopping,ar,clean,ONNX_FP32,HYBRID_PROTOTYPE,Shopping,0.8799910545349121,Books,0.8722207546234131,0.0077702999114990234,"[""Shopping"", ""Books"", ""Entertainment""]","[0.8799910545349121, 0.8722207546234131, 0.8616704344749451]",True,True
wireless_headphones,سماعات بلوتوث,Shopping,ar,clean,ONNX_FP32,HYBRID_PROTOTYPE,Entertainment,0.8514961004257202,Books,0.8497760891914368,0.0017200112342834473,"[""Entertainment"", ""Books"", ""Personal Care""]","[0.8514961004257202, 0.8497760891914368, 0.8465503454208374]",False,False
phone_charger,شاحن موبايل,Shopping,ar,clean,ONNX_FP32,HYBRID_PROTOTYPE,Shopping,0.8543247580528259,Books,0.8503204584121704,0.004004299640655518,"[""Shopping"", ""Books"", ""Bills""]","[0.8543247580528259, 0.8503204584121704, 0.8500086665153503]",True,True
running_shoes,Nike حذاء,Shopping,mixed,mixed_language,ONNX_FP32,HYBRID_PROTOTYPE,Shopping,0.8927011489868164,Books,0.8831984996795654,0.009502649307250977,"[""Shopping"", ""Books"", ""Personal Care""]","[0.8927011489868164, 0.8831984996795654, 0.8794063925743103]",True,True
wireless_headphones,Headphones سماعات,Shopping,mixed,mixed_language,ONNX_FP32,HYBRID_PROTOTYPE,Shopping,0.8925422430038452,Personal Care,0.8917758464813232,0.0007663965225219727,"[""Shopping"", ""Personal Care"", ""Entertainment""]","[0.8925422430038452, 0.8917758464813232, 0.8864103555679321]",True,True
wireless_headphones,W1RELESS HEADPH0NES,Shopping,en,ocr_noise,ONNX_FP32,HYBRID_PROTOTYPE,Shopping,0.8455761671066284,Medicine,0.8347856998443604,0.010790467262268066,"[""Shopping"", ""Medicine"", ""Personal Care""]","[0.8455761671066284, 0.8347856998443604, 0.8312064409255981]",True,True
phone_charger,PH0NE CHARGER,Shopping,en,ocr_noise,ONNX_FP32,HYBRID_PROTOTYPE,Shopping,0.8247889280319214,Personal Care,0.8212207555770874,0.0035681724548339844,"[""Shopping"", ""Personal Care"", ""Medicine""]","[0.8247889280319214, 0.8212207555770874, 0.8192012310028076]",True,True
electricity_bill,Electricity Bill,Bills,en,clean,ONNX_FP32,HYBRID_PROTOTYPE,Bills,0.8939740061759949,Shopping,0.8455266952514648,0.04844731092453003,"[""Bills"", ""Shopping"", ""Other""]","[0.8939740061759949, 0.8455266952514648, 0.8434178829193115]",True,True
internet_bill,WE Internet Bill,Bills,en,clean,ONNX_FP32,HYBRID_PROTOTYPE,Bills,0.8804821968078613,Shopping,0.8418992757797241,0.03858292102813721,"[""Bills"", ""Shopping"", ""Books""]","[0.8804821968078613, 0.8418992757797241, 0.841223418712616]",True,True
water_bill,Water Utility Bill,Bills,en,clean,ONNX_FP32,HYBRID_PROTOTYPE,Bills,0.9016140699386597,Household,0.8572218418121338,0.04439222812652588,"[""Bills"", ""Household"", ""Other""]","[0.9016140699386597, 0.8572218418121338, 0.854060709476471]",True,True
mobile_bill,Mobile Phone Bill,Bills,en,clean,ONNX_FP32,HYBRID_PROTOTYPE,Bills,0.9005274176597595,Shopping,0.8660704493522644,0.03445696830749512,"[""Bills"", ""Shopping"", ""Other""]","[0.9005274176597595, 0.8660704493522644, 0.8606457710266113]",True,True
electricity_bill,فاتورة كهرباء,Bills,ar,clean,ONNX_FP32,HYBRID_PROTOTYPE,Bills,0.9133238792419434,Other,0.8842012882232666,0.029122591018676758,"[""Bills"", ""Other"", ""Shopping""]","[0.9133238792419434, 0.8842012882232666, 0.8817080855369568]",True,True
internet_bill,فاتورة انترنت WE,Bills,mixed,mixed_language,ONNX_FP32,HYBRID_PROTOTYPE,Bills,0.9157519340515137,Books,0.8962809443473816,0.01947098970413208,"[""Bills"", ""Books"", ""Other""]","[0.9157519340515137, 0.8962809443473816, 0.8893115520477295]",True,True
water_bill,فاتورة مياه,Bills,ar,clean,ONNX_FP32,HYBRID_PROTOTYPE,Bills,0.9104281663894653,Other,0.8882858753204346,0.02214229106903076,"[""Bills"", ""Other"", ""Household""]","[0.9104281663894653, 0.8882858753204346, 0.8802536725997925]",True,True
gas_bill,فاتورة غاز,Bills,ar,clean,ONNX_FP32,HYBRID_PROTOTYPE,Bills,0.90769362449646,Transport,0.8909153938293457,0.016778230667114258,"[""Bills"", ""Transport"", ""Other""]","[0.90769362449646, 0.8909153938293457, 0.8886586427688599]",True,True
mobile_bill,Orange فاتورة موبايل,Bills,mixed,mixed_language,ONNX_FP32,HYBRID_PROTOTYPE,Bills,0.9015757441520691,Shopping,0.8915746808052063,0.010001063346862793,"[""Bills"", ""Shopping"", ""Transport""]","[0.9015757441520691, 0.8915746808052063, 0.891127347946167]",True,True
internet_bill,Internet فاتورة شهرية,Bills,mixed,mixed_language,ONNX_FP32,HYBRID_PROTOTYPE,Bills,0.9095026254653931,Other,0.8814018964767456,0.02810072898864746,"[""Bills"", ""Other"", ""Shopping""]","[0.9095026254653931, 0.8814018964767456, 0.8790594339370728]",True,True
electricity_bill,ELECTR1C1TY B1LL,Bills,en,ocr_noise,ONNX_FP32,HYBRID_PROTOTYPE,Shopping,0.8656445741653442,Books,0.8624886274337769,0.003155946731567383,"[""Shopping"", ""Books"", ""Bills""]","[0.8656445741653442, 0.8624886274337769, 0.8620744943618774]",False,True
internet_bill,WE 1NTERNET B1LL,Bills,en,ocr_noise,ONNX_FP32,HYBRID_PROTOTYPE,Groceries,0.8526336550712585,Books,0.8450765609741211,0.007557094097137451,"[""Groceries"", ""Books"", ""Household""]","[0.8526336550712585, 0.8450765609741211, 0.8429937362670898]",False,False
netflix,Netflix,Entertainment,en,clean,ONNX_FP32,HYBRID_PROTOTYPE,Entertainment,0.8602747321128845,Books,0.8558063507080078,0.004468381404876709,"[""Entertainment"", ""Books"", ""Restaurants""]","[0.8602747321128845, 0.8558063507080078, 0.8505396246910095]",True,True
cinema_ticket,Cinema Ticket,Entertainment,en,clean,ONNX_FP32,HYBRID_PROTOTYPE,Entertainment,0.8851227760314941,Transport,0.8530341386795044,0.032088637351989746,"[""Entertainment"", ""Transport"", ""Restaurants""]","[0.8851227760314941, 0.8530341386795044, 0.8427738547325134]",True,True
playstation_game,PlayStation Game,Entertainment,en,clean,ONNX_FP32,HYBRID_PROTOTYPE,Entertainment,0.8474307060241699,Shopping,0.8455747365951538,0.0018559694290161133,"[""Entertainment"", ""Shopping"", ""Fruits & Vegetables""]","[0.8474307060241699, 0.8455747365951538, 0.8327538371086121]",True,True
concert_ticket,Concert Ticket,Entertainment,en,clean,ONNX_FP32,HYBRID_PROTOTYPE,Entertainment,0.8456025123596191,Other,0.8306321501731873,0.014970362186431885,"[""Entertainment"", ""Other"", ""Shopping""]","[0.8456025123596191, 0.8306321501731873, 0.8276364207267761]",True,True
cinema_ticket,تذكرة سينما,Entertainment,ar,clean,ONNX_FP32,HYBRID_PROTOTYPE,Entertainment,0.8968954086303711,Transport,0.881109356880188,0.015786051750183105,"[""Entertainment"", ""Transport"", ""Restaurants""]","[0.8968954086303711, 0.881109356880188, 0.8671674728393555]",True,True
netflix,اشتراك مشاهدة أفلام,Entertainment,ar,clean,ONNX_FP32,HYBRID_PROTOTYPE,Entertainment,0.9048329591751099,Books,0.875636875629425,0.029196083545684814,"[""Entertainment"", ""Books"", ""Shopping""]","[0.9048329591751099, 0.875636875629425, 0.8714767098426819]",True,True
playstation_game,لعبة بلايستيشن,Entertainment,ar,clean,ONNX_FP32,HYBRID_PROTOTYPE,Shopping,0.8641602396965027,Entertainment,0.8612157106399536,0.0029445290565490723,"[""Shopping"", ""Entertainment"", ""Books""]","[0.8641602396965027, 0.8612157106399536, 0.8579815626144409]",False,True
concert_ticket,تذكرة حفلة,Entertainment,ar,clean,ONNX_FP32,HYBRID_PROTOTYPE,Entertainment,0.8855270147323608,Transport,0.8827710151672363,0.0027559995651245117,"[""Entertainment"", ""Transport"", ""Restaurants""]","[0.8855270147323608, 0.8827710151672363, 0.8755015730857849]",True,True
netflix,Netflix اشتراك,Entertainment,mixed,mixed_language,ONNX_FP32,HYBRID_PROTOTYPE,Entertainment,0.8904691934585571,Shopping,0.8775125741958618,0.012956619262695312,"[""Entertainment"", ""Shopping"", ""Groceries""]","[0.8904691934585571, 0.8775125741958618, 0.8749454021453857]",True,True
cinema_ticket,Cinema تذكرة,Entertainment,mixed,mixed_language,ONNX_FP32,HYBRID_PROTOTYPE,Entertainment,0.9175096750259399,Transport,0.8984867334365845,0.01902294158935547,"[""Entertainment"", ""Transport"", ""Restaurants""]","[0.9175096750259399, 0.8984867334365845, 0.8894422054290771]",True,True
netflix,NETFL1X,Entertainment,en,ocr_noise,ONNX_FP32,HYBRID_PROTOTYPE,Shopping,0.8309565782546997,Groceries,0.8294889330863953,0.0014676451683044434,"[""Shopping"", ""Groceries"", ""Entertainment""]","[0.8309565782546997, 0.8294889330863953, 0.8276684284210205]",False,True
cinema_ticket,C1NEMA T1CKET,Entertainment,en,ocr_noise,ONNX_FP32,HYBRID_PROTOTYPE,Shopping,0.8499706983566284,Groceries,0.8478641510009766,0.0021065473556518555,"[""Shopping"", ""Groceries"", ""Restaurants""]","[0.8499706983566284, 0.8478641510009766, 0.8472193479537964]",False,False
dove_shampoo,Dove Shampoo,Personal Care,en,clean,ONNX_FP32,HYBRID_PROTOTYPE,Personal Care,0.8679333925247192,Household,0.8518234491348267,0.016109943389892578,"[""Personal Care"", ""Household"", ""Shopping""]","[0.8679333925247192, 0.8518234491348267, 0.8405637741088867]",True,True
nivea_face_cream,Nivea Face Cream,Personal Care,en,clean,ONNX_FP32,HYBRID_PROTOTYPE,Personal Care,0.8774073123931885,Medicine,0.8657783269882202,0.011628985404968262,"[""Personal Care"", ""Medicine"", ""Household""]","[0.8774073123931885, 0.8657783269882202, 0.8638405799865723]",True,True
gillette_razor,Gillette Razor,Personal Care,en,clean,ONNX_FP32,HYBRID_PROTOTYPE,Personal Care,0.8503315448760986,Household,0.8480161428451538,0.0023154020309448242,"[""Personal Care"", ""Household"", ""Groceries""]","[0.8503315448760986, 0.8480161428451538, 0.8469992280006409]",True,True
haircut,Haircut,Personal Care,en,clean,ONNX_FP32,HYBRID_PROTOTYPE,Personal Care,0.8504896759986877,Shopping,0.8471015095710754,0.0033881664276123047,"[""Personal Care"", ""Shopping"", ""Restaurants""]","[0.8504896759986877, 0.8471015095710754, 0.8437713384628296]",True,True
dove_shampoo,شامبو دوف,Personal Care,ar,clean,ONNX_FP32,HYBRID_PROTOTYPE,Personal Care,0.882756769657135,Household,0.8742040395736694,0.008552730083465576,"[""Personal Care"", ""Household"", ""Groceries""]","[0.882756769657135, 0.8742040395736694, 0.8634463548660278]",True,True
nivea_face_cream,كريم نيفيا للوجه,Personal Care,ar,clean,ONNX_FP32,HYBRID_PROTOTYPE,Personal Care,0.8735153079032898,Medicine,0.8630646467208862,0.010450661182403564,"[""Personal Care"", ""Medicine"", ""Household""]","[0.8735153079032898, 0.8630646467208862, 0.8623756170272827]",True,True
gillette_razor,شفرة حلاقة,Personal Care,ar,clean,ONNX_FP32,HYBRID_PROTOTYPE,Personal Care,0.8899485468864441,Books,0.8622157573699951,0.027732789516448975,"[""Personal Care"", ""Books"", ""Shopping""]","[0.8899485468864441, 0.8622157573699951, 0.8614563345909119]",True,True
haircut,قص شعر,Personal Care,ar,clean,ONNX_FP32,HYBRID_PROTOTYPE,Personal Care,0.8748052716255188,Books,0.8741483688354492,0.0006569027900695801,"[""Personal Care"", ""Books"", ""Shopping""]","[0.8748052716255188, 0.8741483688354492, 0.8726922273635864]",True,True
dove_shampoo,Shampoo شامبو,Personal Care,mixed,mixed_language,ONNX_FP32,HYBRID_PROTOTYPE,Personal Care,0.902106761932373,Household,0.8876244425773621,0.014482319355010986,"[""Personal Care"", ""Household"", ""Shopping""]","[0.902106761932373, 0.8876244425773621, 0.8737797737121582]",True,True
nivea_face_cream,Nivea كريم بشرة,Personal Care,mixed,mixed_language,ONNX_FP32,HYBRID_PROTOTYPE,Personal Care,0.8986395597457886,Medicine,0.8942775726318359,0.004361987113952637,"[""Personal Care"", ""Medicine"", ""Household""]","[0.8986395597457886, 0.8942775726318359, 0.8891700506210327]",True,True
dove_shampoo,شامبو D0VE,Personal Care,mixed,ocr_noise,ONNX_FP32,HYBRID_PROTOTYPE,Personal Care,0.8920289278030396,Household,0.8843947649002075,0.007634162902832031,"[""Personal Care"", ""Household"", ""Shopping""]","[0.8920289278030396, 0.8843947649002075, 0.8755252361297607]",True,True
gillette_razor,G1LLETTE RAZ0R,Personal Care,en,ocr_noise,ONNX_FP32,HYBRID_PROTOTYPE,Groceries,0.8485603332519531,Shopping,0.8459444046020508,0.0026159286499023438,"[""Groceries"", ""Shopping"", ""Books""]","[0.8485603332519531, 0.8459444046020508, 0.8439812660217285]",False,False
service_fee,Service Fee,Other,en,clean,ONNX_FP32,HYBRID_PROTOTYPE,Other,0.8915354013442993,Bills,0.8851877450942993,0.00634765625,"[""Other"", ""Bills"", ""Shopping""]","[0.8915354013442993, 0.8851877450942993, 0.8696268796920776]",True,True
charity_donation,Charity Donation,Other,en,clean,ONNX_FP32,HYBRID_PROTOTYPE,Other,0.8337084054946899,Groceries,0.8293829560279846,0.004325449466705322,"[""Other"", ""Groceries"", ""Household""]","[0.8337084054946899, 0.8293829560279846, 0.8293391466140747]",True,True
document_printing,Document Printing,Other,en,clean,ONNX_FP32,HYBRID_PROTOTYPE,Books,0.8394515514373779,Shopping,0.8340085744857788,0.005442976951599121,"[""Books"", ""Shopping"", ""Groceries""]","[0.8394515514373779, 0.8340085744857788, 0.8337773680686951]",False,False
delivery_fee,Delivery Fee,Other,en,clean,ONNX_FP32,HYBRID_PROTOTYPE,Other,0.877001166343689,Bills,0.8585555553436279,0.018445611000061035,"[""Other"", ""Bills"", ""Restaurants""]","[0.877001166343689, 0.8585555553436279, 0.8556236028671265]",True,True
service_fee,رسوم خدمة,Other,ar,clean,ONNX_FP32,HYBRID_PROTOTYPE,Bills,0.8835818767547607,Other,0.8818455934524536,0.001736283302307129,"[""Bills"", ""Other"", ""Transport""]","[0.8835818767547607, 0.8818455934524536, 0.8677456378936768]",False,True
charity_donation,تبرع خيري,Other,ar,clean,ONNX_FP32,HYBRID_PROTOTYPE,Other,0.8745572566986084,Groceries,0.8708401322364807,0.0037171244621276855,"[""Other"", ""Groceries"", ""Books""]","[0.8745572566986084, 0.8708401322364807, 0.8697584867477417]",True,True
document_printing,طباعة مستندات,Other,ar,clean,ONNX_FP32,HYBRID_PROTOTYPE,Books,0.875159502029419,Other,0.8673020601272583,0.007857441902160645,"[""Books"", ""Other"", ""Medicine""]","[0.875159502029419, 0.8673020601272583, 0.8636063933372498]",False,True
misc_expense,مصاريف متنوعة,Other,ar,clean,ONNX_FP32,HYBRID_PROTOTYPE,Other,0.8978803157806396,Bills,0.8864051103591919,0.011475205421447754,"[""Other"", ""Bills"", ""Shopping""]","[0.8978803157806396, 0.8864051103591919, 0.8833673000335693]",True,True
delivery_fee,Delivery رسوم,Other,mixed,mixed_language,ONNX_FP32,HYBRID_PROTOTYPE,Other,0.8963767290115356,Restaurants,0.8860684633255005,0.010308265686035156,"[""Other"", ""Restaurants"", ""Groceries""]","[0.8963767290115356, 0.8860684633255005, 0.8835561871528625]",True,True
service_fee,Service مصاريف,Other,mixed,mixed_language,ONNX_FP32,HYBRID_PROTOTYPE,Other,0.9027323722839355,Bills,0.8952924609184265,0.007439911365509033,"[""Other"", ""Bills"", ""Transport""]","[0.9027323722839355, 0.8952924609184265, 0.8889402151107788]",True,True
service_fee,SERV1CE FEE,Other,en,ocr_noise,ONNX_FP32,HYBRID_PROTOTYPE,Other,0.8555329442024231,Bills,0.8472100496292114,0.00832289457321167,"[""Other"", ""Bills"", ""Restaurants""]","[0.8555329442024231, 0.8472100496292114, 0.8446909785270691]",True,True
misc_expense,M1SC EXPENSE,Other,en,ocr_noise,ONNX_FP32,HYBRID_PROTOTYPE,Medicine,0.8474518656730652,Other,0.8427916765213013,0.004660189151763916,"[""Medicine"", ""Other"", ""Shopping""]","[0.8474518656730652, 0.8427916765213013, 0.8417339324951172]",False,True
atomic_habits,Atomic Habits,Books,en,clean,ONNX_FP32,HYBRID_PROTOTYPE,Shopping,0.8594375848770142,Books,0.8578314781188965,0.0016061067581176758,"[""Shopping"", ""Books"", ""Restaurants""]","[0.8594375848770142, 0.8578314781188965, 0.852657675743103]",False,True
clean_code,Clean Code,Books,en,clean,ONNX_FP32,HYBRID_PROTOTYPE,Household,0.8590813279151917,Personal Care,0.8485070466995239,0.010574281215667725,"[""Household"", ""Personal Care"", ""Shopping""]","[0.8590813279151917, 0.8485070466995239, 0.8464534282684326]",False,False
psychology_of_money,The Psychology of Money,Books,en,clean,ONNX_FP32,HYBRID_PROTOTYPE,Bills,0.8636000752449036,Other,0.8586408495903015,0.004959225654602051,"[""Bills"", ""Other"", ""Books""]","[0.8636000752449036, 0.8586408495903015, 0.8575884699821472]",False,True
pragmatic_programmer,The Pragmatic Programmer,Books,en,clean,ONNX_FP32,HYBRID_PROTOTYPE,Restaurants,0.8457480072975159,Shopping,0.8421126008033752,0.003635406494140625,"[""Restaurants"", ""Shopping"", ""Books""]","[0.8457480072975159, 0.8421126008033752, 0.8416377305984497]",False,True
atomic_habits,العادات الذرية,Books,ar,clean,ONNX_FP32,HYBRID_PROTOTYPE,Books,0.8575121164321899,Restaurants,0.8572579026222229,0.000254213809967041,"[""Books"", ""Restaurants"", ""Personal Care""]","[0.8575121164321899, 0.8572579026222229, 0.8535405397415161]",True,True
art_of_not_caring,كتاب فن اللامبالاة,Books,ar,clean,ONNX_FP32,HYBRID_PROTOTYPE,Books,0.8696631193161011,Personal Care,0.851874589920044,0.01778852939605713,"[""Books"", ""Personal Care"", ""Restaurants""]","[0.8696631193161011, 0.851874589920044, 0.8481110334396362]",True,True
awlad_haretna,رواية أولاد حارتنا,Books,ar,clean,ONNX_FP32,HYBRID_PROTOTYPE,Books,0.848944902420044,Restaurants,0.830890417098999,0.018054485321044922,"[""Books"", ""Restaurants"", ""Transport""]","[0.848944902420044, 0.830890417098999, 0.8278447389602661]",True,True
learn_python_book,كتاب تعلم بايثون,Books,ar,clean,ONNX_FP32,HYBRID_PROTOTYPE,Books,0.8926434516906738,Restaurants,0.8632482886314392,0.02939516305923462,"[""Books"", ""Restaurants"", ""Shopping""]","[0.8926434516906738, 0.8632482886314392, 0.8624354004859924]",True,True
clean_code,Clean Code كتاب,Books,mixed,mixed_language,ONNX_FP32,HYBRID_PROTOTYPE,Books,0.9165706634521484,Household,0.8941280841827393,0.02244257926940918,"[""Books"", ""Household"", ""Restaurants""]","[0.9165706634521484, 0.8941280841827393, 0.8913238048553467]",True,True
atomic_habits,Atomic Habits نسخة عربية,Books,mixed,mixed_language,ONNX_FP32,HYBRID_PROTOTYPE,Books,0.8731674551963806,Transport,0.8720693588256836,0.0010980963706970215,"[""Books"", ""Transport"", ""Shopping""]","[0.8731674551963806, 0.8720693588256836, 0.8691433668136597]",True,True
atomic_habits,AT0MIC HAB1TS,Books,en,ocr_noise,ONNX_FP32,HYBRID_PROTOTYPE,Medicine,0.8484510183334351,Shopping,0.8452102541923523,0.0032407641410827637,"[""Medicine"", ""Shopping"", ""Groceries""]","[0.8484510183334351, 0.8452102541923523, 0.8425687551498413]",False,False
clean_code,CLEAN C0DE,Books,en,ocr_noise,ONNX_FP32,HYBRID_PROTOTYPE,Household,0.8619593381881714,Personal Care,0.8508708477020264,0.01108849048614502,"[""Household"", ""Personal Care"", ""Shopping""]","[0.8619593381881714, 0.8508708477020264, 0.8495480418205261]",False,False
chicken_breast,Chicken Breast,Groceries,en,clean,ONNX_INT8,HYBRID_PROTOTYPE,Groceries,0.8490426540374756,Household,0.83695387840271,0.012088775634765625,"[""Groceries"", ""Household"", ""Restaurants""]","[0.8490426540374756, 0.83695387840271, 0.8365107774734497]",True,True
milk_1l,Milk 1L,Groceries,en,clean,ONNX_INT8,HYBRID_PROTOTYPE,Groceries,0.889660656452179,Medicine,0.8714138269424438,0.018246829509735107,"[""Groceries"", ""Medicine"", ""Household""]","[0.889660656452179, 0.8714138269424438, 0.8648889064788818]",True,True
rice_1kg,Rice 1KG,Groceries,en,clean,ONNX_INT8,HYBRID_PROTOTYPE,Groceries,0.8903453350067139,Medicine,0.8730764389038086,0.017268896102905273,"[""Groceries"", ""Medicine"", ""Restaurants""]","[0.8903453350067139, 0.8730764389038086, 0.8697475790977478]",True,True
groceries_egyptian_white_cheese,Egyptian White Cheese,Groceries,en,clean,ONNX_INT8,HYBRID_PROTOTYPE,Restaurants,0.8725179433822632,Groceries,0.8706175088882446,0.0019004344940185547,"[""Restaurants"", ""Groceries"", ""Fruits & Vegetables""]","[0.8725179433822632, 0.8706175088882446, 0.8696960210800171]",False,True
chicken_breast,صدور فراخ,Groceries,ar,clean,ONNX_INT8,HYBRID_PROTOTYPE,Restaurants,0.8627932071685791,Other,0.8596476912498474,0.0031455159187316895,"[""Restaurants"", ""Other"", ""Household""]","[0.8627932071685791, 0.8596476912498474, 0.8594106435775757]",False,False
milk_1l,لبن كامل الدسم,Groceries,ar,clean,ONNX_INT8,HYBRID_PROTOTYPE,Groceries,0.8838765621185303,Household,0.8830980062484741,0.0007785558700561523,"[""Groceries"", ""Household"", ""Medicine""]","[0.8838765621185303, 0.8830980062484741, 0.8781794309616089]",True,True
rice_1kg,كيس أرز 1 كيلو,Groceries,ar,clean,ONNX_INT8,HYBRID_PROTOTYPE,Groceries,0.903552770614624,Restaurants,0.8875881433486938,0.015964627265930176,"[""Groceries"", ""Restaurants"", ""Medicine""]","[0.903552770614624, 0.8875881433486938, 0.8856154680252075]",True,True
groceries_8,علبة تونة,Groceries,ar,clean,ONNX_INT8,HYBRID_PROTOTYPE,Household,0.8868894577026367,Shopping,0.8865070343017578,0.00038242340087890625,"[""Household"", ""Shopping"", ""Groceries""]","[0.8868894577026367, 0.8865070343017578, 0.8837732076644897]",False,True
milk_1l,Fresh Milk لبن,Groceries,mixed,mixed_language,ONNX_INT8,HYBRID_PROTOTYPE,Groceries,0.9152107238769531,Fruits & Vegetables,0.9029092788696289,0.012301445007324219,"[""Groceries"", ""Fruits & Vegetables"", ""Restaurants""]","[0.9152107238769531, 0.9029092788696289, 0.8976272940635681]",True,True
chicken_breast,Chicken فراخ مجمدة,Groceries,mixed,mixed_language,ONNX_INT8,HYBRID_PROTOTYPE,Groceries,0.909936785697937,Restaurants,0.9028702974319458,0.007066488265991211,"[""Groceries"", ""Restaurants"", ""Household""]","[0.909936785697937, 0.9028702974319458, 0.8960974216461182]",True,True
milk_1l,M1LK 1L,Groceries,en,ocr_noise,ONNX_INT8,HYBRID_PROTOTYPE,Groceries,0.8658850789070129,Medicine,0.8620463609695435,0.0038387179374694824,"[""Groceries"", ""Medicine"", ""Bills""]","[0.8658850789070129, 0.8620463609695435, 0.856752872467041]",True,True
rice_1kg,R1CE 1KG,Groceries,en,ocr_noise,ONNX_INT8,HYBRID_PROTOTYPE,Groceries,0.8770403861999512,Medicine,0.8682950735092163,0.008745312690734863,"[""Groceries"", ""Medicine"", ""Shopping""]","[0.8770403861999512, 0.8682950735092163, 0.865939736366272]",True,True
banana,Banana,Fruits & Vegetables,en,clean,ONNX_INT8,HYBRID_PROTOTYPE,Groceries,0.8590576648712158,Fruits & Vegetables,0.8580747842788696,0.0009828805923461914,"[""Groceries"", ""Fruits & Vegetables"", ""Shopping""]","[0.8590576648712158, 0.8580747842788696, 0.8518729209899902]",False,True
tomatoes,Fresh Tomatoes,Fruits & Vegetables,en,clean,ONNX_INT8,HYBRID_PROTOTYPE,Fruits & Vegetables,0.9039968848228455,Groceries,0.8739466071128845,0.030050277709960938,"[""Fruits & Vegetables"", ""Groceries"", ""Restaurants""]","[0.9039968848228455, 0.8739466071128845, 0.8727023601531982]",True,True
apples,Green Apples,Fruits & Vegetables,en,clean,ONNX_INT8,HYBRID_PROTOTYPE,Fruits & Vegetables,0.8675912618637085,Shopping,0.84427410364151,0.023317158222198486,"[""Fruits & Vegetables"", ""Shopping"", ""Groceries""]","[0.8675912618637085, 0.84427410364151, 0.8414773941040039]",True,True
cucumber,Cucumber Pack,Fruits & Vegetables,en,clean,ONNX_INT8,HYBRID_PROTOTYPE,Groceries,0.8751111030578613,Restaurants,0.8629448413848877,0.012166261672973633,"[""Groceries"", ""Restaurants"", ""Household""]","[0.8751111030578613, 0.8629448413848877, 0.8629432916641235]",False,False
tomatoes,طماطم,Fruits & Vegetables,ar,clean,ONNX_INT8,HYBRID_PROTOTYPE,Fruits & Vegetables,0.8951356410980225,Groceries,0.8656537532806396,0.029481887817382812,"[""Fruits & Vegetables"", ""Groceries"", ""Transport""]","[0.8951356410980225, 0.8656537532806396, 0.8587797284126282]",True,True
apples,تفاح,Fruits & Vegetables,ar,clean,ONNX_INT8,HYBRID_PROTOTYPE,Fruits & Vegetables,0.8973650932312012,Restaurants,0.8710858821868896,0.026279211044311523,"[""Fruits & Vegetables"", ""Restaurants"", ""Groceries""]","[0.8973650932312012, 0.8710858821868896, 0.8704659938812256]",True,True
banana,موز بلدي,Fruits & Vegetables,ar,clean,ONNX_INT8,HYBRID_PROTOTYPE,Fruits & Vegetables,0.8830069303512573,Groceries,0.8816448450088501,0.0013620853424072266,"[""Fruits & Vegetables"", ""Groceries"", ""Transport""]","[0.8830069303512573, 0.8816448450088501, 0.8783167004585266]",True,True
cucumber,خيار طازج,Fruits & Vegetables,ar,clean,ONNX_INT8,HYBRID_PROTOTYPE,Groceries,0.8969682455062866,Restaurants,0.8960463404655457,0.0009219050407409668,"[""Groceries"", ""Restaurants"", ""Books""]","[0.8969682455062866, 0.8960463404655457, 0.894483208656311]",False,False
banana,Banana موز,Fruits & Vegetables,mixed,mixed_language,ONNX_INT8,HYBRID_PROTOTYPE,Fruits & Vegetables,0.8880784511566162,Groceries,0.8766234517097473,0.011454999446868896,"[""Fruits & Vegetables"", ""Groceries"", ""Books""]","[0.8880784511566162, 0.8766234517097473, 0.863802433013916]",True,True
tomatoes,Fresh طماطم,Fruits & Vegetables,mixed,mixed_language,ONNX_INT8,HYBRID_PROTOTYPE,Fruits & Vegetables,0.9279911518096924,Groceries,0.9035968780517578,0.02439427375793457,"[""Fruits & Vegetables"", ""Groceries"", ""Restaurants""]","[0.9279911518096924, 0.9035968780517578, 0.9004135131835938]",True,True
tomatoes,T0MAT0ES,Fruits & Vegetables,en,ocr_noise,ONNX_INT8,HYBRID_PROTOTYPE,Fruits & Vegetables,0.8765406012535095,Shopping,0.8747130632400513,0.001827538013458252,"[""Fruits & Vegetables"", ""Shopping"", ""Books""]","[0.8765406012535095, 0.8747130632400513, 0.8723278045654297]",True,True
apples,تفـاح,Fruits & Vegetables,ar,ocr_noise,ONNX_INT8,HYBRID_PROTOTYPE,Books,0.8922958970069885,Restaurants,0.8858233094215393,0.006472587585449219,"[""Books"", ""Restaurants"", ""Groceries""]","[0.8922958970069885, 0.8858233094215393, 0.8857372999191284]",False,False
mcchicken_meal,McChicken Meal,Restaurants,en,clean,ONNX_INT8,HYBRID_PROTOTYPE,Groceries,0.8605332970619202,Restaurants,0.8585214614868164,0.0020118355751037598,"[""Groceries"", ""Restaurants"", ""Household""]","[0.8605332970619202, 0.8585214614868164, 0.838996171951294]",False,True
margherita_pizza,Margherita Pizza,Restaurants,en,clean,ONNX_INT8,HYBRID_PROTOTYPE,Restaurants,0.8499557971954346,Groceries,0.8491319417953491,0.0008238554000854492,"[""Restaurants"", ""Groceries"", ""Entertainment""]","[0.8499557971954346, 0.8491319417953491, 0.838429868221283]",True,True
coffee,Cappuccino,Restaurants,en,clean,ONNX_INT8,HYBRID_PROTOTYPE,Restaurants,0.8634374141693115,Groceries,0.8533483147621155,0.010089099407196045,"[""Restaurants"", ""Groceries"", ""Medicine""]","[0.8634374141693115, 0.8533483147621155, 0.8471361398696899]",True,True
restaurants_kfc_family_meal,KFC Family Meal,Restaurants,en,clean,ONNX_INT8,HYBRID_PROTOTYPE,Groceries,0.8799524903297424,Restaurants,0.8766809105873108,0.0032715797424316406,"[""Groceries"", ""Restaurants"", ""Household""]","[0.8799524903297424, 0.8766809105873108, 0.8618587255477905]",False,True
margherita_pizza,بيتزا مارجريتا,Restaurants,ar,clean,ONNX_INT8,HYBRID_PROTOTYPE,Restaurants,0.8481289148330688,Groceries,0.8455309867858887,0.0025979280471801758,"[""Restaurants"", ""Groceries"", ""Transport""]","[0.8481289148330688, 0.8455309867858887, 0.843032717704773]",True,True
burger_meal,وجبة برجر,Restaurants,ar,clean,ONNX_INT8,HYBRID_PROTOTYPE,Groceries,0.8834512829780579,Restaurants,0.8828331828117371,0.0006181001663208008,"[""Groceries"", ""Restaurants"", ""Fruits & Vegetables""]","[0.8834512829780579, 0.8828331828117371, 0.8730036020278931]",False,True
coffee,قهوة لاتيه,Restaurants,ar,clean,ONNX_INT8,HYBRID_PROTOTYPE,Restaurants,0.9039877653121948,Groceries,0.8901573419570923,0.013830423355102539,"[""Restaurants"", ""Groceries"", ""Personal Care""]","[0.9039877653121948, 0.8901573419570923, 0.8846958875656128]",True,True
restaurants_32,ساندوتش شاورما,Restaurants,ar,clean,ONNX_INT8,HYBRID_PROTOTYPE,Groceries,0.8588025569915771,Books,0.8581241369247437,0.0006784200668334961,"[""Groceries"", ""Books"", ""Entertainment""]","[0.8588025569915771, 0.8581241369247437, 0.8538362979888916]",False,False
coffee,Coffee قهوة,Restaurants,mixed,mixed_language,ONNX_INT8,HYBRID_PROTOTYPE,Restaurants,0.9354870915412903,Groceries,0.914871335029602,0.020615756511688232,"[""Restaurants"", ""Groceries"", ""Fruits & Vegetables""]","[0.9354870915412903, 0.914871335029602, 0.9082936644554138]",True,True
burger_meal,Burger وجبة,Restaurants,mixed,mixed_language,ONNX_INT8,HYBRID_PROTOTYPE,Restaurants,0.9075925350189209,Groceries,0.904220461845398,0.0033720731735229492,"[""Restaurants"", ""Groceries"", ""Fruits & Vegetables""]","[0.9075925350189209, 0.904220461845398, 0.8860624432563782]",True,True
mcchicken_meal,McCh1cken MeaI,Restaurants,en,ocr_noise,ONNX_INT8,HYBRID_PROTOTYPE,Groceries,0.8745245933532715,Books,0.8704857230186462,0.004038870334625244,"[""Groceries"", ""Books"", ""Restaurants""]","[0.8745245933532715, 0.8704857230186462, 0.8702289462089539]",False,True
margherita_pizza,P1ZZA MARGHER1TA,Restaurants,en,ocr_noise,ONNX_INT8,HYBRID_PROTOTYPE,Groceries,0.8645399212837219,Personal Care,0.85666424036026,0.007875680923461914,"[""Groceries"", ""Personal Care"", ""Restaurants""]","[0.8645399212837219, 0.85666424036026, 0.8561952710151672]",False,True
uber_trip,Uber Trip,Transport,en,clean,ONNX_INT8,HYBRID_PROTOTYPE,Transport,0.8655726909637451,Entertainment,0.8504037857055664,0.015168905258178711,"[""Transport"", ""Entertainment"", ""Restaurants""]","[0.8655726909637451, 0.8504037857055664, 0.8502470850944519]",True,True
careem_ride,Careem Ride,Transport,en,clean,ONNX_INT8,HYBRID_PROTOTYPE,Transport,0.8631107807159424,Entertainment,0.862811267375946,0.0002995133399963379,"[""Transport"", ""Entertainment"", ""Shopping""]","[0.8631107807159424, 0.862811267375946, 0.8580522537231445]",True,True
metro_ticket,Cairo Metro Ticket,Transport,en,clean,ONNX_INT8,HYBRID_PROTOTYPE,Transport,0.8682105541229248,Entertainment,0.8488427400588989,0.01936781406402588,"[""Transport"", ""Entertainment"", ""Groceries""]","[0.8682105541229248, 0.8488427400588989, 0.8477554321289062]",True,True
gasoline_92,Gasoline 92,Transport,en,clean,ONNX_INT8,HYBRID_PROTOTYPE,Bills,0.8480963706970215,Shopping,0.8454968929290771,0.002599477767944336,"[""Bills"", ""Shopping"", ""Household""]","[0.8480963706970215, 0.8454968929290771, 0.8450917601585388]",False,False
uber_trip,رحلة أوبر,Transport,ar,clean,ONNX_INT8,HYBRID_PROTOTYPE,Transport,0.8865566849708557,Books,0.879069447517395,0.007487237453460693,"[""Transport"", ""Books"", ""Restaurants""]","[0.8865566849708557, 0.879069447517395, 0.87111496925354]",True,True
careem_ride,مشوار كريم,Transport,ar,clean,ONNX_INT8,HYBRID_PROTOTYPE,Personal Care,0.8986167907714844,Groceries,0.8880480527877808,0.010568737983703613,"[""Personal Care"", ""Groceries"", ""Shopping""]","[0.8986167907714844, 0.8880480527877808, 0.887802004814148]",False,False
metro_ticket,تذكرة مترو,Transport,ar,clean,ONNX_INT8,HYBRID_PROTOTYPE,Transport,0.9101805686950684,Entertainment,0.8858280777931213,0.02435249090194702,"[""Transport"", ""Entertainment"", ""Shopping""]","[0.9101805686950684, 0.8858280777931213, 0.8835187554359436]",True,True
gasoline_92,بنزين 92,Transport,ar,clean,ONNX_INT8,HYBRID_PROTOTYPE,Groceries,0.8706595301628113,Transport,0.8688209652900696,0.0018385648727416992,"[""Groceries"", ""Transport"", ""Shopping""]","[0.8706595301628113, 0.8688209652900696, 0.8684520721435547]",False,True
uber_trip,Uber مشوار,Transport,mixed,mixed_language,ONNX_INT8,HYBRID_PROTOTYPE,Transport,0.8868024945259094,Shopping,0.8746487498283386,0.0121537446975708,"[""Transport"", ""Shopping"", ""Books""]","[0.8868024945259094, 0.8746487498283386, 0.869295597076416]",True,True
careem_ride,Careem رحلة,Transport,mixed,mixed_language,ONNX_INT8,HYBRID_PROTOTYPE,Transport,0.9035921096801758,Restaurants,0.8926389217376709,0.010953187942504883,"[""Transport"", ""Restaurants"", ""Shopping""]","[0.9035921096801758, 0.8926389217376709, 0.891845703125]",True,True
uber_trip,UBER TR1P,Transport,en,ocr_noise,ONNX_INT8,HYBRID_PROTOTYPE,Transport,0.858608067035675,Bills,0.8577778339385986,0.000830233097076416,"[""Transport"", ""Bills"", ""Groceries""]","[0.858608067035675, 0.8577778339385986, 0.856609582901001]",True,True
careem_ride,CAR EEM R1DE,Transport,en,ocr_noise,ONNX_INT8,HYBRID_PROTOTYPE,Transport,0.8714920282363892,Shopping,0.8708102703094482,0.000681757926940918,"[""Transport"", ""Shopping"", ""Groceries""]","[0.8714920282363892, 0.8708102703094482, 0.8678157329559326]",True,True
dettol_floor_cleaner,Dettol Floor Cleaner,Household,en,clean,ONNX_INT8,HYBRID_PROTOTYPE,Household,0.8913977146148682,Personal Care,0.8732439279556274,0.018153786659240723,"[""Household"", ""Personal Care"", ""Groceries""]","[0.8913977146148682, 0.8732439279556274, 0.8602436780929565]",True,True
fairy_dish_liquid,Fairy Dishwashing Liquid,Household,en,clean,ONNX_INT8,HYBRID_PROTOTYPE,Household,0.8922297954559326,Groceries,0.8800152540206909,0.0122145414352417,"[""Household"", ""Groceries"", ""Personal Care""]","[0.8922297954559326, 0.8800152540206909, 0.8706564903259277]",True,True
persil_gel,Persil Gel,Household,en,clean,ONNX_INT8,HYBRID_PROTOTYPE,Personal Care,0.8637810945510864,Household,0.8627229332923889,0.0010581612586975098,"[""Personal Care"", ""Household"", ""Groceries""]","[0.8637810945510864, 0.8627229332923889, 0.8581133484840393]",False,True
clorox_bleach,Clorox Bleach,Household,en,clean,ONNX_INT8,HYBRID_PROTOTYPE,Household,0.8583723306655884,Groceries,0.8541210889816284,0.004251241683959961,"[""Household"", ""Groceries"", ""Medicine""]","[0.8583723306655884, 0.8541210889816284, 0.8496838808059692]",True,True
dettol_floor_cleaner,منظف أرضيات ديتول,Household,ar,clean,ONNX_INT8,HYBRID_PROTOTYPE,Household,0.8960204124450684,Personal Care,0.8720962405204773,0.023924171924591064,"[""Household"", ""Personal Care"", ""Medicine""]","[0.8960204124450684, 0.8720962405204773, 0.8676011562347412]",True,True
fairy_dish_liquid,سائل غسيل أطباق,Household,ar,clean,ONNX_INT8,HYBRID_PROTOTYPE,Household,0.9207219481468201,Groceries,0.9034335017204285,0.0172884464263916,"[""Household"", ""Groceries"", ""Restaurants""]","[0.9207219481468201, 0.9034335017204285, 0.8940422534942627]",True,True
persil_gel,مسحوق غسيل برسيل,Household,ar,clean,ONNX_INT8,HYBRID_PROTOTYPE,Household,0.9082299470901489,Groceries,0.8846087455749512,0.023621201515197754,"[""Household"", ""Groceries"", ""Personal Care""]","[0.9082299470901489, 0.8846087455749512, 0.8845536708831787]",True,True
clorox_bleach,كلور مبيض,Household,ar,clean,ONNX_INT8,HYBRID_PROTOTYPE,Books,0.8697247505187988,Personal Care,0.8694124221801758,0.0003123283386230469,"[""Books"", ""Personal Care"", ""Household""]","[0.8697247505187988, 0.8694124221801758, 0.868169903755188]",False,True
dettol_floor_cleaner,Dettol منظف أرضيات,Household,mixed,mixed_language,ONNX_INT8,HYBRID_PROTOTYPE,Household,0.909206748008728,Personal Care,0.8884942531585693,0.02071249485015869,"[""Household"", ""Personal Care"", ""Restaurants""]","[0.909206748008728, 0.8884942531585693, 0.8852508068084717]",True,True
fairy_dish_liquid,Fairy صابون أطباق,Household,mixed,mixed_language,ONNX_INT8,HYBRID_PROTOTYPE,Household,0.9155593514442444,Personal Care,0.9139242172241211,0.001635134220123291,"[""Household"", ""Personal Care"", ""Restaurants""]","[0.9155593514442444, 0.9139242172241211, 0.9117637872695923]",True,True
dettol_floor_cleaner,DettoI Floor C1eaner,Household,en,ocr_noise,ONNX_INT8,HYBRID_PROTOTYPE,Household,0.8783873319625854,Groceries,0.8762978315353394,0.0020895004272460938,"[""Household"", ""Groceries"", ""Books""]","[0.8783873319625854, 0.8762978315353394, 0.8742150068283081]",True,True
persil_gel,PersiI GeI,Household,en,ocr_noise,ONNX_INT8,HYBRID_PROTOTYPE,Groceries,0.8643783330917358,Restaurants,0.8620045781135559,0.0023737549781799316,"[""Groceries"", ""Restaurants"", ""Books""]","[0.8643783330917358, 0.8620045781135559, 0.8613494634628296]",False,False
panadol_extra,Panadol Extra,Medicine,en,clean,ONNX_INT8,HYBRID_PROTOTYPE,Groceries,0.8691648840904236,Medicine,0.8633131980895996,0.005851686000823975,"[""Groceries"", ""Medicine"", ""Fruits & Vegetables""]","[0.8691648840904236, 0.8633131980895996, 0.861067533493042]",False,True
brufen_400,Brufen 400,Medicine,en,clean,ONNX_INT8,HYBRID_PROTOTYPE,Shopping,0.8541473746299744,Books,0.8524696826934814,0.00167769193649292,"[""Shopping"", ""Books"", ""Personal Care""]","[0.8541473746299744, 0.8524696826934814, 0.8508809208869934]",False,False
folic_acid_600_mcg,Folic Acid 600 MCG,Medicine,en,clean,ONNX_INT8,HYBRID_PROTOTYPE,Medicine,0.8750214576721191,Groceries,0.8699849843978882,0.005036473274230957,"[""Medicine"", ""Groceries"", ""Household""]","[0.8750214576721191, 0.8699849843978882, 0.8641407489776611]",True,True
immulant_plus_20_cap,Immulant Plus 20 Cap,Medicine,en,clean,ONNX_INT8,HYBRID_PROTOTYPE,Medicine,0.8675256371498108,Groceries,0.861571729183197,0.0059539079666137695,"[""Medicine"", ""Groceries"", ""Household""]","[0.8675256371498108, 0.861571729183197, 0.8607970476150513]",True,True
panadol_extra,بنادول إكسترا,Medicine,ar,clean,ONNX_INT8,HYBRID_PROTOTYPE,Shopping,0.8700647354125977,Groceries,0.8700295686721802,3.516674041748047e-05,"[""Shopping"", ""Groceries"", ""Medicine""]","[0.8700647354125977, 0.8700295686721802, 0.8683018684387207]",False,True
brufen_400,بروفين 400,Medicine,ar,clean,ONNX_INT8,HYBRID_PROTOTYPE,Medicine,0.8843702077865601,Personal Care,0.8775652647018433,0.006804943084716797,"[""Medicine"", ""Personal Care"", ""Transport""]","[0.8843702077865601, 0.8775652647018433, 0.8760808706283569]",True,True
folic_acid_600_mcg,حمض الفوليك,Medicine,ar,clean,ONNX_INT8,HYBRID_PROTOTYPE,Medicine,0.8761366605758667,Household,0.8741989135742188,0.0019377470016479492,"[""Medicine"", ""Household"", ""Groceries""]","[0.8761366605758667, 0.8741989135742188, 0.8724806308746338]",True,True
medicine_68,فيتامين سي,Medicine,ar,clean,ONNX_INT8,HYBRID_PROTOTYPE,Medicine,0.8898897171020508,Household,0.869306206703186,0.020583510398864746,"[""Medicine"", ""Household"", ""Groceries""]","[0.8898897171020508, 0.869306206703186, 0.8678958415985107]",True,True
panadol_extra,Panadol مسكن,Medicine,mixed,mixed_language,ONNX_INT8,HYBRID_PROTOTYPE,Household,0.883033275604248,Groceries,0.8822250366210938,0.0008082389831542969,"[""Household"", ""Groceries"", ""Restaurants""]","[0.883033275604248, 0.8822250366210938, 0.8771170973777771]",False,False
vitamin_d,Vitamin D فيتامين,Medicine,mixed,mixed_language,ONNX_INT8,HYBRID_PROTOTYPE,Medicine,0.9010014533996582,Personal Care,0.874765157699585,0.026236295700073242,"[""Medicine"", ""Personal Care"", ""Household""]","[0.9010014533996582, 0.874765157699585, 0.8727903366088867]",True,True
panadol_extra,PANAD0L EXTRA,Medicine,en,ocr_noise,ONNX_INT8,HYBRID_PROTOTYPE,Groceries,0.8707289695739746,Shopping,0.8632467985153198,0.007482171058654785,"[""Groceries"", ""Shopping"", ""Bills""]","[0.8707289695739746, 0.8632467985153198, 0.8615723252296448]",False,False
folic_acid_600_mcg,F0LIC ACID 600 MCG,Medicine,en,ocr_noise,ONNX_INT8,HYBRID_PROTOTYPE,Medicine,0.8612532615661621,Groceries,0.8605608940124512,0.0006923675537109375,"[""Medicine"", ""Groceries"", ""Household""]","[0.8612532615661621, 0.8605608940124512, 0.8551087379455566]",True,True
immulant_plus_20_cap,MLANT PLUS 20 CAP,Medicine,en,ocr_noise,ONNX_INT8,HYBRID_PROTOTYPE,Medicine,0.852754533290863,Groceries,0.8501142263412476,0.0026403069496154785,"[""Medicine"", ""Groceries"", ""Household""]","[0.852754533290863, 0.8501142263412476, 0.8492380380630493]",True,True
folic_acid_600_mcg,FoLic AciD 600 McG,Medicine,en,ocr_noise,ONNX_INT8,HYBRID_PROTOTYPE,Medicine,0.8668392896652222,Groceries,0.8641225099563599,0.0027167797088623047,"[""Medicine"", ""Groceries"", ""Household""]","[0.8668392896652222, 0.8641225099563599, 0.8594562411308289]",True,True
cotton_tshirt,Cotton T Shirt,Shopping,en,clean,ONNX_INT8,HYBRID_PROTOTYPE,Shopping,0.8580790162086487,Groceries,0.8519084453582764,0.0061705708503723145,"[""Shopping"", ""Groceries"", ""Household""]","[0.8580790162086487, 0.8519084453582764, 0.8496990203857422]",True,True
running_shoes,Running Shoes,Shopping,en,clean,ONNX_INT8,HYBRID_PROTOTYPE,Shopping,0.8648004531860352,Other,0.8439580202102661,0.020842432975769043,"[""Shopping"", ""Other"", ""Books""]","[0.8648004531860352, 0.8439580202102661, 0.8434938192367554]",True,True
wireless_headphones,Wireless Headphones,Shopping,en,clean,ONNX_INT8,HYBRID_PROTOTYPE,Shopping,0.8694455623626709,Bills,0.8589314222335815,0.010514140129089355,"[""Shopping"", ""Bills"", ""Personal Care""]","[0.8694455623626709, 0.8589314222335815, 0.8571573495864868]",True,True
phone_charger,Phone Charger,Shopping,en,clean,ONNX_INT8,HYBRID_PROTOTYPE,Bills,0.8701985478401184,Shopping,0.8696543574333191,0.0005441904067993164,"[""Bills"", ""Shopping"", ""Personal Care""]","[0.8701985478401184, 0.8696543574333191, 0.8584623336791992]",False,True
cotton_tshirt,تيشيرت قطن,Shopping,ar,clean,ONNX_INT8,HYBRID_PROTOTYPE,Transport,0.9014557600021362,Groceries,0.8984894156455994,0.0029663443565368652,"[""Transport"", ""Groceries"", ""Restaurants""]","[0.9014557600021362, 0.8984894156455994, 0.8965331315994263]",False,False
running_shoes,حذاء رياضي,Shopping,ar,clean,ONNX_INT8,HYBRID_PROTOTYPE,Shopping,0.8900137543678284,Books,0.8826125860214233,0.007401168346405029,"[""Shopping"", ""Books"", ""Transport""]","[0.8900137543678284, 0.8826125860214233, 0.8721010684967041]",True,True
wireless_headphones,سماعات بلوتوث,Shopping,ar,clean,ONNX_INT8,HYBRID_PROTOTYPE,Personal Care,0.8850768804550171,Entertainment,0.8848510980606079,0.0002257823944091797,"[""Personal Care"", ""Entertainment"", ""Household""]","[0.8850768804550171, 0.8848510980606079, 0.8835798501968384]",False,False
phone_charger,شاحن موبايل,Shopping,ar,clean,ONNX_INT8,HYBRID_PROTOTYPE,Shopping,0.873206615447998,Transport,0.8729915618896484,0.00021505355834960938,"[""Shopping"", ""Transport"", ""Books""]","[0.873206615447998, 0.8729915618896484, 0.8713356852531433]",True,True
running_shoes,Nike حذاء,Shopping,mixed,mixed_language,ONNX_INT8,HYBRID_PROTOTYPE,Shopping,0.9041708111763,Books,0.8929727077484131,0.011198103427886963,"[""Shopping"", ""Books"", ""Personal Care""]","[0.9041708111763, 0.8929727077484131, 0.8926870226860046]",True,True
wireless_headphones,Headphones سماعات,Shopping,mixed,mixed_language,ONNX_INT8,HYBRID_PROTOTYPE,Personal Care,0.9040474891662598,Shopping,0.9029358625411987,0.0011116266250610352,"[""Personal Care"", ""Shopping"", ""Medicine""]","[0.9040474891662598, 0.9029358625411987, 0.8960812091827393]",False,True
wireless_headphones,W1RELESS HEADPH0NES,Shopping,en,ocr_noise,ONNX_INT8,HYBRID_PROTOTYPE,Shopping,0.8546134233474731,Personal Care,0.8435672521591187,0.011046171188354492,"[""Shopping"", ""Personal Care"", ""Entertainment""]","[0.8546134233474731, 0.8435672521591187, 0.8433449268341064]",True,True
phone_charger,PH0NE CHARGER,Shopping,en,ocr_noise,ONNX_INT8,HYBRID_PROTOTYPE,Shopping,0.8387249708175659,Personal Care,0.8386664986610413,5.84721565246582e-05,"[""Shopping"", ""Personal Care"", ""Medicine""]","[0.8387249708175659, 0.8386664986610413, 0.8365740776062012]",True,True
electricity_bill,Electricity Bill,Bills,en,clean,ONNX_INT8,HYBRID_PROTOTYPE,Bills,0.9087159633636475,Other,0.864288866519928,0.04442709684371948,"[""Bills"", ""Other"", ""Shopping""]","[0.9087159633636475, 0.864288866519928, 0.8631207346916199]",True,True
internet_bill,WE Internet Bill,Bills,en,clean,ONNX_INT8,HYBRID_PROTOTYPE,Bills,0.8941279649734497,Shopping,0.8572303056716919,0.03689765930175781,"[""Bills"", ""Shopping"", ""Books""]","[0.8941279649734497, 0.8572303056716919, 0.8549096584320068]",True,True
water_bill,Water Utility Bill,Bills,en,clean,ONNX_INT8,HYBRID_PROTOTYPE,Bills,0.9132484197616577,Other,0.8701246380805969,0.04312378168106079,"[""Bills"", ""Other"", ""Household""]","[0.9132484197616577, 0.8701246380805969, 0.863684356212616]",True,True
mobile_bill,Mobile Phone Bill,Bills,en,clean,ONNX_INT8,HYBRID_PROTOTYPE,Bills,0.9049245119094849,Shopping,0.872839093208313,0.032085418701171875,"[""Bills"", ""Shopping"", ""Other""]","[0.9049245119094849, 0.872839093208313, 0.8659473657608032]",True,True
electricity_bill,فاتورة كهرباء,Bills,ar,clean,ONNX_INT8,HYBRID_PROTOTYPE,Bills,0.9189496040344238,Shopping,0.9016216993331909,0.01732790470123291,"[""Bills"", ""Shopping"", ""Other""]","[0.9189496040344238, 0.9016216993331909, 0.9008497595787048]",True,True
internet_bill,فاتورة انترنت WE,Bills,mixed,mixed_language,ONNX_INT8,HYBRID_PROTOTYPE,Bills,0.917765736579895,Books,0.9021310806274414,0.015634655952453613,"[""Bills"", ""Books"", ""Shopping""]","[0.917765736579895, 0.9021310806274414, 0.8954905271530151]",True,True
water_bill,فاتورة مياه,Bills,ar,clean,ONNX_INT8,HYBRID_PROTOTYPE,Bills,0.9201136231422424,Other,0.904890775680542,0.01522284746170044,"[""Bills"", ""Other"", ""Medicine""]","[0.9201136231422424, 0.904890775680542, 0.8996727466583252]",True,True
gas_bill,فاتورة غاز,Bills,ar,clean,ONNX_INT8,HYBRID_PROTOTYPE,Bills,0.9126361012458801,Transport,0.9009548425674438,0.01168125867843628,"[""Bills"", ""Transport"", ""Other""]","[0.9126361012458801, 0.9009548425674438, 0.8932638168334961]",True,True
mobile_bill,Orange فاتورة موبايل,Bills,mixed,mixed_language,ONNX_INT8,HYBRID_PROTOTYPE,Transport,0.9014459848403931,Bills,0.9009992480278015,0.00044673681259155273,"[""Transport"", ""Bills"", ""Shopping""]","[0.9014459848403931, 0.9009992480278015, 0.897620677947998]",False,True
internet_bill,Internet فاتورة شهرية,Bills,mixed,mixed_language,ONNX_INT8,HYBRID_PROTOTYPE,Bills,0.9168287515640259,Shopping,0.894516110420227,0.022312641143798828,"[""Bills"", ""Shopping"", ""Other""]","[0.9168287515640259, 0.894516110420227, 0.8942133784294128]",True,True
electricity_bill,ELECTR1C1TY B1LL,Bills,en,ocr_noise,ONNX_INT8,HYBRID_PROTOTYPE,Shopping,0.8830208778381348,Bills,0.880690336227417,0.0023305416107177734,"[""Shopping"", ""Bills"", ""Books""]","[0.8830208778381348, 0.880690336227417, 0.8795740604400635]",False,True
internet_bill,WE 1NTERNET B1LL,Bills,en,ocr_noise,ONNX_INT8,HYBRID_PROTOTYPE,Groceries,0.865472674369812,Household,0.8563985228538513,0.009074151515960693,"[""Groceries"", ""Household"", ""Bills""]","[0.865472674369812, 0.8563985228538513, 0.8540043830871582]",False,True
netflix,Netflix,Entertainment,en,clean,ONNX_INT8,HYBRID_PROTOTYPE,Entertainment,0.8724462985992432,Books,0.8644883632659912,0.007957935333251953,"[""Entertainment"", ""Books"", ""Shopping""]","[0.8724462985992432, 0.8644883632659912, 0.8635508418083191]",True,True
cinema_ticket,Cinema Ticket,Entertainment,en,clean,ONNX_INT8,HYBRID_PROTOTYPE,Entertainment,0.8971515893936157,Transport,0.8659729957580566,0.031178593635559082,"[""Entertainment"", ""Transport"", ""Shopping""]","[0.8971515893936157, 0.8659729957580566, 0.8561209440231323]",True,True
playstation_game,PlayStation Game,Entertainment,en,clean,ONNX_INT8,HYBRID_PROTOTYPE,Entertainment,0.854426383972168,Shopping,0.8469204306602478,0.007505953311920166,"[""Entertainment"", ""Shopping"", ""Other""]","[0.854426383972168, 0.8469204306602478, 0.8373655080795288]",True,True
concert_ticket,Concert Ticket,Entertainment,en,clean,ONNX_INT8,HYBRID_PROTOTYPE,Entertainment,0.8683993220329285,Other,0.853242039680481,0.01515728235244751,"[""Entertainment"", ""Other"", ""Transport""]","[0.8683993220329285, 0.853242039680481, 0.8511447906494141]",True,True
cinema_ticket,تذكرة سينما,Entertainment,ar,clean,ONNX_INT8,HYBRID_PROTOTYPE,Entertainment,0.911246657371521,Transport,0.900474488735199,0.010772168636322021,"[""Entertainment"", ""Transport"", ""Restaurants""]","[0.911246657371521, 0.900474488735199, 0.8879515528678894]",True,True
netflix,اشتراك مشاهدة أفلام,Entertainment,ar,clean,ONNX_INT8,HYBRID_PROTOTYPE,Entertainment,0.912455677986145,Books,0.8880300521850586,0.024425625801086426,"[""Entertainment"", ""Books"", ""Shopping""]","[0.912455677986145, 0.8880300521850586, 0.8859670758247375]",True,True
playstation_game,لعبة بلايستيشن,Entertainment,ar,clean,ONNX_INT8,HYBRID_PROTOTYPE,Shopping,0.8883554339408875,Entertainment,0.8853731155395508,0.00298231840133667,"[""Shopping"", ""Entertainment"", ""Books""]","[0.8883554339408875, 0.8853731155395508, 0.8804857730865479]",False,True
concert_ticket,تذكرة حفلة,Entertainment,ar,clean,ONNX_INT8,HYBRID_PROTOTYPE,Transport,0.9026567339897156,Entertainment,0.9003138542175293,0.0023428797721862793,"[""Transport"", ""Entertainment"", ""Restaurants""]","[0.9026567339897156, 0.9003138542175293, 0.895637035369873]",False,True
netflix,Netflix اشتراك,Entertainment,mixed,mixed_language,ONNX_INT8,HYBRID_PROTOTYPE,Entertainment,0.9011505246162415,Shopping,0.8910977840423584,0.010052740573883057,"[""Entertainment"", ""Shopping"", ""Restaurants""]","[0.9011505246162415, 0.8910977840423584, 0.8880631923675537]",True,True
cinema_ticket,Cinema تذكرة,Entertainment,mixed,mixed_language,ONNX_INT8,HYBRID_PROTOTYPE,Entertainment,0.9242120981216431,Transport,0.9109886884689331,0.013223409652709961,"[""Entertainment"", ""Transport"", ""Restaurants""]","[0.9242120981216431, 0.9109886884689331, 0.9012839794158936]",True,True
netflix,NETFL1X,Entertainment,en,ocr_noise,ONNX_INT8,HYBRID_PROTOTYPE,Groceries,0.8494490385055542,Shopping,0.8489797711372375,0.0004692673683166504,"[""Groceries"", ""Shopping"", ""Entertainment""]","[0.8494490385055542, 0.8489797711372375, 0.8482173681259155]",False,True
cinema_ticket,C1NEMA T1CKET,Entertainment,en,ocr_noise,ONNX_INT8,HYBRID_PROTOTYPE,Shopping,0.8547820448875427,Entertainment,0.8512102365493774,0.003571808338165283,"[""Shopping"", ""Entertainment"", ""Groceries""]","[0.8547820448875427, 0.8512102365493774, 0.8502683639526367]",False,True
dove_shampoo,Dove Shampoo,Personal Care,en,clean,ONNX_INT8,HYBRID_PROTOTYPE,Personal Care,0.866107702255249,Household,0.8527737259864807,0.01333397626876831,"[""Personal Care"", ""Household"", ""Shopping""]","[0.866107702255249, 0.8527737259864807, 0.8471174240112305]",True,True
nivea_face_cream,Nivea Face Cream,Personal Care,en,clean,ONNX_INT8,HYBRID_PROTOTYPE,Personal Care,0.8729730844497681,Medicine,0.8661962151527405,0.006776869297027588,"[""Personal Care"", ""Medicine"", ""Household""]","[0.8729730844497681, 0.8661962151527405, 0.8633068203926086]",True,True
gillette_razor,Gillette Razor,Personal Care,en,clean,ONNX_INT8,HYBRID_PROTOTYPE,Groceries,0.8486270308494568,Personal Care,0.8462280631065369,0.002398967742919922,"[""Groceries"", ""Personal Care"", ""Household""]","[0.8486270308494568, 0.8462280631065369, 0.8450371623039246]",False,True
haircut,Haircut,Personal Care,en,clean,ONNX_INT8,HYBRID_PROTOTYPE,Personal Care,0.8486413955688477,Shopping,0.8457640409469604,0.002877354621887207,"[""Personal Care"", ""Shopping"", ""Restaurants""]","[0.8486413955688477, 0.8457640409469604, 0.8405744433403015]",True,True
dove_shampoo,شامبو دوف,Personal Care,ar,clean,ONNX_INT8,HYBRID_PROTOTYPE,Personal Care,0.8951830863952637,Household,0.889354944229126,0.005828142166137695,"[""Personal Care"", ""Household"", ""Restaurants""]","[0.8951830863952637, 0.889354944229126, 0.8861416578292847]",True,True
nivea_face_cream,كريم نيفيا للوجه,Personal Care,ar,clean,ONNX_INT8,HYBRID_PROTOTYPE,Personal Care,0.8884587287902832,Household,0.8822838068008423,0.006174921989440918,"[""Personal Care"", ""Household"", ""Medicine""]","[0.8884587287902832, 0.8822838068008423, 0.8801541328430176]",True,True
gillette_razor,شفرة حلاقة,Personal Care,ar,clean,ONNX_INT8,HYBRID_PROTOTYPE,Personal Care,0.9116203784942627,Household,0.8923405408859253,0.019279837608337402,"[""Personal Care"", ""Household"", ""Shopping""]","[0.9116203784942627, 0.8923405408859253, 0.8874896168708801]",True,True
haircut,قص شعر,Personal Care,ar,clean,ONNX_INT8,HYBRID_PROTOTYPE,Shopping,0.886504054069519,Personal Care,0.8853167295455933,0.0011873245239257812,"[""Shopping"", ""Personal Care"", ""Books""]","[0.886504054069519, 0.8853167295455933, 0.8840948939323425]",False,True
dove_shampoo,Shampoo شامبو,Personal Care,mixed,mixed_language,ONNX_INT8,HYBRID_PROTOTYPE,Personal Care,0.9058456420898438,Household,0.8923531174659729,0.01349252462387085,"[""Personal Care"", ""Household"", ""Shopping""]","[0.9058456420898438, 0.8923531174659729, 0.8771424293518066]",True,True
nivea_face_cream,Nivea كريم بشرة,Personal Care,mixed,mixed_language,ONNX_INT8,HYBRID_PROTOTYPE,Personal Care,0.9033223390579224,Medicine,0.9002075791358948,0.003114759922027588,"[""Personal Care"", ""Medicine"", ""Household""]","[0.9033223390579224, 0.9002075791358948, 0.8953886032104492]",True,True
dove_shampoo,شامبو D0VE,Personal Care,mixed,ocr_noise,ONNX_INT8,HYBRID_PROTOTYPE,Personal Care,0.9027697443962097,Household,0.8962662220001221,0.0065035223960876465,"[""Personal Care"", ""Household"", ""Shopping""]","[0.9027697443962097, 0.8962662220001221, 0.8876672983169556]",True,True
gillette_razor,G1LLETTE RAZ0R,Personal Care,en,ocr_noise,ONNX_INT8,HYBRID_PROTOTYPE,Groceries,0.8631303906440735,Books,0.8582767248153687,0.004853665828704834,"[""Groceries"", ""Books"", ""Shopping""]","[0.8631303906440735, 0.8582767248153687, 0.856542706489563]",False,False
service_fee,Service Fee,Other,en,clean,ONNX_INT8,HYBRID_PROTOTYPE,Other,0.8997211456298828,Bills,0.8878575563430786,0.0118635892868042,"[""Other"", ""Bills"", ""Shopping""]","[0.8997211456298828, 0.8878575563430786, 0.8757472038269043]",True,True
charity_donation,Charity Donation,Other,en,clean,ONNX_INT8,HYBRID_PROTOTYPE,Other,0.8604987859725952,Shopping,0.8466175198554993,0.013881266117095947,"[""Other"", ""Shopping"", ""Medicine""]","[0.8604987859725952, 0.8466175198554993, 0.8459254503250122]",True,True
document_printing,Document Printing,Other,en,clean,ONNX_INT8,HYBRID_PROTOTYPE,Books,0.8549864292144775,Bills,0.8470059633255005,0.00798046588897705,"[""Books"", ""Bills"", ""Shopping""]","[0.8549864292144775, 0.8470059633255005, 0.8467645049095154]",False,False
delivery_fee,Delivery Fee,Other,en,clean,ONNX_INT8,HYBRID_PROTOTYPE,Other,0.8902826309204102,Bills,0.8716062903404236,0.018676340579986572,"[""Other"", ""Bills"", ""Shopping""]","[0.8902826309204102, 0.8716062903404236, 0.8665769100189209]",True,True
service_fee,رسوم خدمة,Other,ar,clean,ONNX_INT8,HYBRID_PROTOTYPE,Other,0.8981342315673828,Bills,0.8918807506561279,0.006253480911254883,"[""Other"", ""Bills"", ""Shopping""]","[0.8981342315673828, 0.8918807506561279, 0.8798154592514038]",True,True
charity_donation,تبرع خيري,Other,ar,clean,ONNX_INT8,HYBRID_PROTOTYPE,Other,0.8895039558410645,Groceries,0.8859216570854187,0.003582298755645752,"[""Other"", ""Groceries"", ""Books""]","[0.8895039558410645, 0.8859216570854187, 0.8837616443634033]",True,True
document_printing,طباعة مستندات,Other,ar,clean,ONNX_INT8,HYBRID_PROTOTYPE,Books,0.8905531167984009,Other,0.885689377784729,0.004863739013671875,"[""Books"", ""Other"", ""Medicine""]","[0.8905531167984009, 0.885689377784729, 0.8835578560829163]",False,True
misc_expense,مصاريف متنوعة,Other,ar,clean,ONNX_INT8,HYBRID_PROTOTYPE,Other,0.9015849828720093,Medicine,0.9003777503967285,0.0012072324752807617,"[""Other"", ""Medicine"", ""Groceries""]","[0.9015849828720093, 0.9003777503967285, 0.8971976041793823]",True,True
delivery_fee,Delivery رسوم,Other,mixed,mixed_language,ONNX_INT8,HYBRID_PROTOTYPE,Other,0.9067163467407227,Restaurants,0.8946126699447632,0.012103676795959473,"[""Other"", ""Restaurants"", ""Groceries""]","[0.9067163467407227, 0.8946126699447632, 0.8931353092193604]",True,True
service_fee,Service مصاريف,Other,mixed,mixed_language,ONNX_INT8,HYBRID_PROTOTYPE,Other,0.9147394895553589,Bills,0.9014957547187805,0.01324373483657837,"[""Other"", ""Bills"", ""Restaurants""]","[0.9147394895553589, 0.9014957547187805, 0.8999049067497253]",True,True
service_fee,SERV1CE FEE,Other,en,ocr_noise,ONNX_INT8,HYBRID_PROTOTYPE,Other,0.8738709688186646,Bills,0.8612327575683594,0.012638211250305176,"[""Other"", ""Bills"", ""Groceries""]","[0.8738709688186646, 0.8612327575683594, 0.8599685430526733]",True,True
misc_expense,M1SC EXPENSE,Other,en,ocr_noise,ONNX_INT8,HYBRID_PROTOTYPE,Other,0.8517587184906006,Medicine,0.8477826118469238,0.003976106643676758,"[""Other"", ""Medicine"", ""Shopping""]","[0.8517587184906006, 0.8477826118469238, 0.8469239473342896]",True,True
atomic_habits,Atomic Habits,Books,en,clean,ONNX_INT8,HYBRID_PROTOTYPE,Shopping,0.8759076595306396,Books,0.872314989566803,0.00359266996383667,"[""Shopping"", ""Books"", ""Restaurants""]","[0.8759076595306396, 0.872314989566803, 0.8656229376792908]",False,True
clean_code,Clean Code,Books,en,clean,ONNX_INT8,HYBRID_PROTOTYPE,Household,0.8774099946022034,Shopping,0.8700720071792603,0.007337987422943115,"[""Household"", ""Shopping"", ""Personal Care""]","[0.8774099946022034, 0.8700720071792603, 0.8691017627716064]",False,False
psychology_of_money,The Psychology of Money,Books,en,clean,ONNX_INT8,HYBRID_PROTOTYPE,Other,0.8721979260444641,Bills,0.8701212406158447,0.0020766854286193848,"[""Other"", ""Bills"", ""Books""]","[0.8721979260444641, 0.8701212406158447, 0.8678076863288879]",False,True
pragmatic_programmer,The Pragmatic Programmer,Books,en,clean,ONNX_INT8,HYBRID_PROTOTYPE,Shopping,0.8543605804443359,Books,0.8511950969696045,0.0031654834747314453,"[""Shopping"", ""Books"", ""Household""]","[0.8543605804443359, 0.8511950969696045, 0.8500691652297974]",False,True
atomic_habits,العادات الذرية,Books,ar,clean,ONNX_INT8,HYBRID_PROTOTYPE,Personal Care,0.8772123456001282,Books,0.8771381378173828,7.420778274536133e-05,"[""Personal Care"", ""Books"", ""Restaurants""]","[0.8772123456001282, 0.8771381378173828, 0.8766279816627502]",False,True
art_of_not_caring,كتاب فن اللامبالاة,Books,ar,clean,ONNX_INT8,HYBRID_PROTOTYPE,Books,0.8770239353179932,Personal Care,0.8620355129241943,0.014988422393798828,"[""Books"", ""Personal Care"", ""Restaurants""]","[0.8770239353179932, 0.8620355129241943, 0.858085572719574]",True,True
awlad_haretna,رواية أولاد حارتنا,Books,ar,clean,ONNX_INT8,HYBRID_PROTOTYPE,Books,0.870270848274231,Groceries,0.8544692397117615,0.015801608562469482,"[""Books"", ""Groceries"", ""Restaurants""]","[0.870270848274231, 0.8544692397117615, 0.8544154763221741]",True,True
learn_python_book,كتاب تعلم بايثون,Books,ar,clean,ONNX_INT8,HYBRID_PROTOTYPE,Books,0.9002227783203125,Shopping,0.8790081739425659,0.021214604377746582,"[""Books"", ""Shopping"", ""Medicine""]","[0.9002227783203125, 0.8790081739425659, 0.87493497133255]",True,True
clean_code,Clean Code كتاب,Books,mixed,mixed_language,ONNX_INT8,HYBRID_PROTOTYPE,Books,0.9265997409820557,Household,0.9055147171020508,0.021085023880004883,"[""Books"", ""Household"", ""Personal Care""]","[0.9265997409820557, 0.9055147171020508, 0.9020664095878601]",True,True
atomic_habits,Atomic Habits نسخة عربية,Books,mixed,mixed_language,ONNX_INT8,HYBRID_PROTOTYPE,Books,0.9024269580841064,Transport,0.8983879089355469,0.00403904914855957,"[""Books"", ""Transport"", ""Shopping""]","[0.9024269580841064, 0.8983879089355469, 0.8971203565597534]",True,True
atomic_habits,AT0MIC HAB1TS,Books,en,ocr_noise,ONNX_INT8,HYBRID_PROTOTYPE,Shopping,0.8670673966407776,Medicine,0.8661994934082031,0.0008679032325744629,"[""Shopping"", ""Medicine"", ""Groceries""]","[0.8670673966407776, 0.8661994934082031, 0.8645671606063843]",False,False
clean_code,CLEAN C0DE,Books,en,ocr_noise,ONNX_INT8,HYBRID_PROTOTYPE,Household,0.8656337261199951,Shopping,0.8581901788711548,0.007443547248840332,"[""Household"", ""Shopping"", ""Personal Care""]","[0.8656337261199951, 0.8581901788711548, 0.8550897240638733]",False,False
