model,strategy,threshold_type,minimum_score,minimum_gap,accepted_suggestions,abstained,coverage_percentage,accepted_accuracy,incorrect_accepted_suggestions
sentence-transformers/paraphrase-multilingual-MiniLM-L12-v2,DESCRIPTION_ONLY,GAP_ONLY,,0.01,130,16,89.04109589041096,0.6923076923076923,40
sentence-transformers/paraphrase-multilingual-MiniLM-L12-v2,DESCRIPTION_ONLY,GAP_ONLY,,0.02,116,30,79.45205479452055,0.7327586206896551,31
sentence-transformers/paraphrase-multilingual-MiniLM-L12-v2,DESCRIPTION_ONLY,GAP_ONLY,,0.03,106,40,72.6027397260274,0.7264150943396226,29
sentence-transformers/paraphrase-multilingual-MiniLM-L12-v2,DESCRIPTION_ONLY,GAP_ONLY,,0.04,100,46,68.4931506849315,0.76,24
sentence-transformers/paraphrase-multilingual-MiniLM-L12-v2,DESCRIPTION_ONLY,GAP_ONLY,,0.05,92,54,63.013698630136986,0.7717391304347826,21
sentence-transformers/paraphrase-multilingual-MiniLM-L12-v2,DESCRIPTION_ONLY,GAP_ONLY,,0.06,86,60,58.9041095890411,0.813953488372093,16
sentence-transformers/paraphrase-multilingual-MiniLM-L12-v2,DESCRIPTION_ONLY,GAP_ONLY,,0.08,77,69,52.73972602739726,0.8571428571428571,11
sentence-transformers/paraphrase-multilingual-MiniLM-L12-v2,DESCRIPTION_ONLY,GAP_ONLY,,0.1,65,81,44.52054794520548,0.9230769230769231,5
sentence-transformers/paraphrase-multilingual-MiniLM-L12-v2,DESCRIPTION_ONLY,GAP_ONLY,,0.12,54,92,36.986301369863014,0.9629629629629629,2
sentence-transformers/paraphrase-multilingual-MiniLM-L12-v2,DESCRIPTION_ONLY,GAP_ONLY,,0.15,42,104,28.767123287671232,0.9761904761904762,1
sentence-transformers/paraphrase-multilingual-MiniLM-L12-v2,DESCRIPTION_ONLY,GAP_ONLY,,0.2,26,120,17.80821917808219,1.0,0
sentence-transformers/paraphrase-multilingual-MiniLM-L12-v2,DESCRIPTION_ONLY,SCORE_AND_GAP,0.2,0.01,101,45,69.17808219178082,0.7821782178217822,22
sentence-transformers/paraphrase-multilingual-MiniLM-L12-v2,DESCRIPTION_ONLY,SCORE_AND_GAP,0.2,0.02,97,49,66.43835616438356,0.7835051546391752,21
sentence-transformers/paraphrase-multilingual-MiniLM-L12-v2,DESCRIPTION_ONLY,SCORE_AND_GAP,0.2,0.03,91,55,62.32876712328767,0.7912087912087912,19
sentence-transformers/paraphrase-multilingual-MiniLM-L12-v2,DESCRIPTION_ONLY,SCORE_AND_GAP,0.2,0.04,88,58,60.273972602739725,0.8181818181818182,16
sentence-transformers/paraphrase-multilingual-MiniLM-L12-v2,DESCRIPTION_ONLY,SCORE_AND_GAP,0.2,0.05,83,63,56.84931506849315,0.8192771084337349,15
sentence-transformers/paraphrase-multilingual-MiniLM-L12-v2,DESCRIPTION_ONLY,SCORE_AND_GAP,0.2,0.06,80,66,54.794520547945204,0.8375,13
sentence-transformers/paraphrase-multilingual-MiniLM-L12-v2,DESCRIPTION_ONLY,SCORE_AND_GAP,0.2,0.08,73,73,50.0,0.863013698630137,10
sentence-transformers/paraphrase-multilingual-MiniLM-L12-v2,DESCRIPTION_ONLY,SCORE_AND_GAP,0.2,0.1,64,82,43.83561643835616,0.921875,5
sentence-transformers/paraphrase-multilingual-MiniLM-L12-v2,DESCRIPTION_ONLY,SCORE_AND_GAP,0.2,0.12,54,92,36.986301369863014,0.9629629629629629,2
sentence-transformers/paraphrase-multilingual-MiniLM-L12-v2,DESCRIPTION_ONLY,SCORE_AND_GAP,0.2,0.15,42,104,28.767123287671232,0.9761904761904762,1
sentence-transformers/paraphrase-multilingual-MiniLM-L12-v2,DESCRIPTION_ONLY,SCORE_AND_GAP,0.2,0.2,26,120,17.80821917808219,1.0,0
sentence-transformers/paraphrase-multilingual-MiniLM-L12-v2,DESCRIPTION_ONLY,SCORE_AND_GAP,0.25,0.01,90,56,61.64383561643836,0.7888888888888889,19
sentence-transformers/paraphrase-multilingual-MiniLM-L12-v2,DESCRIPTION_ONLY,SCORE_AND_GAP,0.25,0.02,88,58,60.273972602739725,0.7954545454545454,18
sentence-transformers/paraphrase-multilingual-MiniLM-L12-v2,DESCRIPTION_ONLY,SCORE_AND_GAP,0.25,0.03,83,63,56.84931506849315,0.8072289156626506,16
sentence-transformers/paraphrase-multilingual-MiniLM-L12-v2,DESCRIPTION_ONLY,SCORE_AND_GAP,0.25,0.04,80,66,54.794520547945204,0.8375,13
sentence-transformers/paraphrase-multilingual-MiniLM-L12-v2,DESCRIPTION_ONLY,SCORE_AND_GAP,0.25,0.05,76,70,52.054794520547944,0.8289473684210527,13
sentence-transformers/paraphrase-multilingual-MiniLM-L12-v2,DESCRIPTION_ONLY,SCORE_AND_GAP,0.25,0.06,75,71,51.36986301369863,0.84,12
sentence-transformers/paraphrase-multilingual-MiniLM-L12-v2,DESCRIPTION_ONLY,SCORE_AND_GAP,0.25,0.08,69,77,47.26027397260274,0.8695652173913043,9
sentence-transformers/paraphrase-multilingual-MiniLM-L12-v2,DESCRIPTION_ONLY,SCORE_AND_GAP,0.25,0.1,63,83,43.15068493150685,0.9206349206349206,5
sentence-transformers/paraphrase-multilingual-MiniLM-L12-v2,DESCRIPTION_ONLY,SCORE_AND_GAP,0.25,0.12,53,93,36.3013698630137,0.9622641509433962,2
sentence-transformers/paraphrase-multilingual-MiniLM-L12-v2,DESCRIPTION_ONLY,SCORE_AND_GAP,0.25,0.15,42,104,28.767123287671232,0.9761904761904762,1
sentence-transformers/paraphrase-multilingual-MiniLM-L12-v2,DESCRIPTION_ONLY,SCORE_AND_GAP,0.25,0.2,26,120,17.80821917808219,1.0,0
sentence-transformers/paraphrase-multilingual-MiniLM-L12-v2,DESCRIPTION_ONLY,SCORE_AND_GAP,0.3,0.01,73,73,50.0,0.8356164383561644,12
sentence-transformers/paraphrase-multilingual-MiniLM-L12-v2,DESCRIPTION_ONLY,SCORE_AND_GAP,0.3,0.02,71,75,48.63013698630137,0.8450704225352113,11
sentence-transformers/paraphrase-multilingual-MiniLM-L12-v2,DESCRIPTION_ONLY,SCORE_AND_GAP,0.3,0.03,69,77,47.26027397260274,0.8405797101449275,11
sentence-transformers/paraphrase-multilingual-MiniLM-L12-v2,DESCRIPTION_ONLY,SCORE_AND_GAP,0.3,0.04,67,79,45.89041095890411,0.8656716417910447,9
sentence-transformers/paraphrase-multilingual-MiniLM-L12-v2,DESCRIPTION_ONLY,SCORE_AND_GAP,0.3,0.05,64,82,43.83561643835616,0.859375,9
sentence-transformers/paraphrase-multilingual-MiniLM-L12-v2,DESCRIPTION_ONLY,SCORE_AND_GAP,0.3,0.06,64,82,43.83561643835616,0.859375,9
sentence-transformers/paraphrase-multilingual-MiniLM-L12-v2,DESCRIPTION_ONLY,SCORE_AND_GAP,0.3,0.08,62,84,42.465753424657535,0.8709677419354839,8
sentence-transformers/paraphrase-multilingual-MiniLM-L12-v2,DESCRIPTION_ONLY,SCORE_AND_GAP,0.3,0.1,56,90,38.35616438356164,0.9285714285714286,4
sentence-transformers/paraphrase-multilingual-MiniLM-L12-v2,DESCRIPTION_ONLY,SCORE_AND_GAP,0.3,0.12,48,98,32.87671232876713,0.9791666666666666,1
sentence-transformers/paraphrase-multilingual-MiniLM-L12-v2,DESCRIPTION_ONLY,SCORE_AND_GAP,0.3,0.15,39,107,26.71232876712329,0.9743589743589743,1
sentence-transformers/paraphrase-multilingual-MiniLM-L12-v2,DESCRIPTION_ONLY,SCORE_AND_GAP,0.3,0.2,26,120,17.80821917808219,1.0,0
sentence-transformers/paraphrase-multilingual-MiniLM-L12-v2,DESCRIPTION_ONLY,SCORE_AND_GAP,0.35,0.01,52,94,35.61643835616438,0.8846153846153846,6
sentence-transformers/paraphrase-multilingual-MiniLM-L12-v2,DESCRIPTION_ONLY,SCORE_AND_GAP,0.35,0.02,50,96,34.24657534246575,0.9,5
sentence-transformers/paraphrase-multilingual-MiniLM-L12-v2,DESCRIPTION_ONLY,SCORE_AND_GAP,0.35,0.03,50,96,34.24657534246575,0.9,5
sentence-transformers/paraphrase-multilingual-MiniLM-L12-v2,DESCRIPTION_ONLY,SCORE_AND_GAP,0.35,0.04,50,96,34.24657534246575,0.9,5
sentence-transformers/paraphrase-multilingual-MiniLM-L12-v2,DESCRIPTION_ONLY,SCORE_AND_GAP,0.35,0.05,49,97,33.56164383561644,0.8979591836734694,5
sentence-transformers/paraphrase-multilingual-MiniLM-L12-v2,DESCRIPTION_ONLY,SCORE_AND_GAP,0.35,0.06,49,97,33.56164383561644,0.8979591836734694,5
sentence-transformers/paraphrase-multilingual-MiniLM-L12-v2,DESCRIPTION_ONLY,SCORE_AND_GAP,0.35,0.08,47,99,32.19178082191781,0.9148936170212766,4
sentence-transformers/paraphrase-multilingual-MiniLM-L12-v2,DESCRIPTION_ONLY,SCORE_AND_GAP,0.35,0.1,42,104,28.767123287671232,0.9761904761904762,1
sentence-transformers/paraphrase-multilingual-MiniLM-L12-v2,DESCRIPTION_ONLY,SCORE_AND_GAP,0.35,0.12,38,108,26.027397260273972,1.0,0
sentence-transformers/paraphrase-multilingual-MiniLM-L12-v2,DESCRIPTION_ONLY,SCORE_AND_GAP,0.35,0.15,32,114,21.91780821917808,1.0,0
sentence-transformers/paraphrase-multilingual-MiniLM-L12-v2,DESCRIPTION_ONLY,SCORE_AND_GAP,0.35,0.2,25,121,17.123287671232877,1.0,0
sentence-transformers/paraphrase-multilingual-MiniLM-L12-v2,DESCRIPTION_ONLY,SCORE_AND_GAP,0.4,0.01,36,110,24.65753424657534,0.9444444444444444,2
sentence-transformers/paraphrase-multilingual-MiniLM-L12-v2,DESCRIPTION_ONLY,SCORE_AND_GAP,0.4,0.02,35,111,23.972602739726028,0.9428571428571428,2
sentence-transformers/paraphrase-multilingual-MiniLM-L12-v2,DESCRIPTION_ONLY,SCORE_AND_GAP,0.4,0.03,35,111,23.972602739726028,0.9428571428571428,2
sentence-transformers/paraphrase-multilingual-MiniLM-L12-v2,DESCRIPTION_ONLY,SCORE_AND_GAP,0.4,0.04,35,111,23.972602739726028,0.9428571428571428,2
sentence-transformers/paraphrase-multilingual-MiniLM-L12-v2,DESCRIPTION_ONLY,SCORE_AND_GAP,0.4,0.05,34,112,23.28767123287671,0.9411764705882353,2
sentence-transformers/paraphrase-multilingual-MiniLM-L12-v2,DESCRIPTION_ONLY,SCORE_AND_GAP,0.4,0.06,34,112,23.28767123287671,0.9411764705882353,2
sentence-transformers/paraphrase-multilingual-MiniLM-L12-v2,DESCRIPTION_ONLY,SCORE_AND_GAP,0.4,0.08,32,114,21.91780821917808,0.96875,1
sentence-transformers/paraphrase-multilingual-MiniLM-L12-v2,DESCRIPTION_ONLY,SCORE_AND_GAP,0.4,0.1,29,117,19.863013698630137,1.0,0
sentence-transformers/paraphrase-multilingual-MiniLM-L12-v2,DESCRIPTION_ONLY,SCORE_AND_GAP,0.4,0.12,27,119,18.493150684931507,1.0,0
sentence-transformers/paraphrase-multilingual-MiniLM-L12-v2,DESCRIPTION_ONLY,SCORE_AND_GAP,0.4,0.15,22,124,15.068493150684931,1.0,0
sentence-transformers/paraphrase-multilingual-MiniLM-L12-v2,DESCRIPTION_ONLY,SCORE_AND_GAP,0.4,0.2,20,126,13.698630136986301,1.0,0
sentence-transformers/paraphrase-multilingual-MiniLM-L12-v2,DESCRIPTION_ONLY,SCORE_AND_GAP,0.45,0.01,22,124,15.068493150684931,1.0,0
sentence-transformers/paraphrase-multilingual-MiniLM-L12-v2,DESCRIPTION_ONLY,SCORE_AND_GAP,0.45,0.02,21,125,14.383561643835616,1.0,0
sentence-transformers/paraphrase-multilingual-MiniLM-L12-v2,DESCRIPTION_ONLY,SCORE_AND_GAP,0.45,0.03,21,125,14.383561643835616,1.0,0
sentence-transformers/paraphrase-multilingual-MiniLM-L12-v2,DESCRIPTION_ONLY,SCORE_AND_GAP,0.45,0.04,21,125,14.383561643835616,1.0,0
sentence-transformers/paraphrase-multilingual-MiniLM-L12-v2,DESCRIPTION_ONLY,SCORE_AND_GAP,0.45,0.05,21,125,14.383561643835616,1.0,0
sentence-transformers/paraphrase-multilingual-MiniLM-L12-v2,DESCRIPTION_ONLY,SCORE_AND_GAP,0.45,0.06,21,125,14.383561643835616,1.0,0
sentence-transformers/paraphrase-multilingual-MiniLM-L12-v2,DESCRIPTION_ONLY,SCORE_AND_GAP,0.45,0.08,21,125,14.383561643835616,1.0,0
sentence-transformers/paraphrase-multilingual-MiniLM-L12-v2,DESCRIPTION_ONLY,SCORE_AND_GAP,0.45,0.1,21,125,14.383561643835616,1.0,0
sentence-transformers/paraphrase-multilingual-MiniLM-L12-v2,DESCRIPTION_ONLY,SCORE_AND_GAP,0.45,0.12,19,127,13.013698630136986,1.0,0
sentence-transformers/paraphrase-multilingual-MiniLM-L12-v2,DESCRIPTION_ONLY,SCORE_AND_GAP,0.45,0.15,18,128,12.32876712328767,1.0,0
sentence-transformers/paraphrase-multilingual-MiniLM-L12-v2,DESCRIPTION_ONLY,SCORE_AND_GAP,0.45,0.2,17,129,11.643835616438356,1.0,0
sentence-transformers/paraphrase-multilingual-MiniLM-L12-v2,DESCRIPTION_ONLY,SCORE_AND_GAP,0.5,0.01,9,137,6.164383561643835,1.0,0
sentence-transformers/paraphrase-multilingual-MiniLM-L12-v2,DESCRIPTION_ONLY,SCORE_AND_GAP,0.5,0.02,9,137,6.164383561643835,1.0,0
sentence-transformers/paraphrase-multilingual-MiniLM-L12-v2,DESCRIPTION_ONLY,SCORE_AND_GAP,0.5,0.03,9,137,6.164383561643835,1.0,0
sentence-transformers/paraphrase-multilingual-MiniLM-L12-v2,DESCRIPTION_ONLY,SCORE_AND_GAP,0.5,0.04,9,137,6.164383561643835,1.0,0
sentence-transformers/paraphrase-multilingual-MiniLM-L12-v2,DESCRIPTION_ONLY,SCORE_AND_GAP,0.5,0.05,9,137,6.164383561643835,1.0,0
sentence-transformers/paraphrase-multilingual-MiniLM-L12-v2,DESCRIPTION_ONLY,SCORE_AND_GAP,0.5,0.06,9,137,6.164383561643835,1.0,0
sentence-transformers/paraphrase-multilingual-MiniLM-L12-v2,DESCRIPTION_ONLY,SCORE_AND_GAP,0.5,0.08,9,137,6.164383561643835,1.0,0
sentence-transformers/paraphrase-multilingual-MiniLM-L12-v2,DESCRIPTION_ONLY,SCORE_AND_GAP,0.5,0.1,9,137,6.164383561643835,1.0,0
sentence-transformers/paraphrase-multilingual-MiniLM-L12-v2,DESCRIPTION_ONLY,SCORE_AND_GAP,0.5,0.12,8,138,5.47945205479452,1.0,0
sentence-transformers/paraphrase-multilingual-MiniLM-L12-v2,DESCRIPTION_ONLY,SCORE_AND_GAP,0.5,0.15,7,139,4.794520547945205,1.0,0
sentence-transformers/paraphrase-multilingual-MiniLM-L12-v2,DESCRIPTION_ONLY,SCORE_AND_GAP,0.5,0.2,7,139,4.794520547945205,1.0,0
sentence-transformers/paraphrase-multilingual-MiniLM-L12-v2,DESCRIPTION_ONLY,SCORE_AND_GAP,0.55,0.01,7,139,4.794520547945205,1.0,0
sentence-transformers/paraphrase-multilingual-MiniLM-L12-v2,DESCRIPTION_ONLY,SCORE_AND_GAP,0.55,0.02,7,139,4.794520547945205,1.0,0
sentence-transformers/paraphrase-multilingual-MiniLM-L12-v2,DESCRIPTION_ONLY,SCORE_AND_GAP,0.55,0.03,7,139,4.794520547945205,1.0,0
sentence-transformers/paraphrase-multilingual-MiniLM-L12-v2,DESCRIPTION_ONLY,SCORE_AND_GAP,0.55,0.04,7,139,4.794520547945205,1.0,0
sentence-transformers/paraphrase-multilingual-MiniLM-L12-v2,DESCRIPTION_ONLY,SCORE_AND_GAP,0.55,0.05,7,139,4.794520547945205,1.0,0
sentence-transformers/paraphrase-multilingual-MiniLM-L12-v2,DESCRIPTION_ONLY,SCORE_AND_GAP,0.55,0.06,7,139,4.794520547945205,1.0,0
sentence-transformers/paraphrase-multilingual-MiniLM-L12-v2,DESCRIPTION_ONLY,SCORE_AND_GAP,0.55,0.08,7,139,4.794520547945205,1.0,0
sentence-transformers/paraphrase-multilingual-MiniLM-L12-v2,DESCRIPTION_ONLY,SCORE_AND_GAP,0.55,0.1,7,139,4.794520547945205,1.0,0
sentence-transformers/paraphrase-multilingual-MiniLM-L12-v2,DESCRIPTION_ONLY,SCORE_AND_GAP,0.55,0.12,7,139,4.794520547945205,1.0,0
sentence-transformers/paraphrase-multilingual-MiniLM-L12-v2,DESCRIPTION_ONLY,SCORE_AND_GAP,0.55,0.15,6,140,4.109589041095891,1.0,0
sentence-transformers/paraphrase-multilingual-MiniLM-L12-v2,DESCRIPTION_ONLY,SCORE_AND_GAP,0.55,0.2,6,140,4.109589041095891,1.0,0
sentence-transformers/paraphrase-multilingual-MiniLM-L12-v2,DESCRIPTION_ONLY,SCORE_AND_GAP,0.6,0.01,2,144,1.36986301369863,1.0,0
sentence-transformers/paraphrase-multilingual-MiniLM-L12-v2,DESCRIPTION_ONLY,SCORE_AND_GAP,0.6,0.02,2,144,1.36986301369863,1.0,0
sentence-transformers/paraphrase-multilingual-MiniLM-L12-v2,DESCRIPTION_ONLY,SCORE_AND_GAP,0.6,0.03,2,144,1.36986301369863,1.0,0
sentence-transformers/paraphrase-multilingual-MiniLM-L12-v2,DESCRIPTION_ONLY,SCORE_AND_GAP,0.6,0.04,2,144,1.36986301369863,1.0,0
sentence-transformers/paraphrase-multilingual-MiniLM-L12-v2,DESCRIPTION_ONLY,SCORE_AND_GAP,0.6,0.05,2,144,1.36986301369863,1.0,0
sentence-transformers/paraphrase-multilingual-MiniLM-L12-v2,DESCRIPTION_ONLY,SCORE_AND_GAP,0.6,0.06,2,144,1.36986301369863,1.0,0
sentence-transformers/paraphrase-multilingual-MiniLM-L12-v2,DESCRIPTION_ONLY,SCORE_AND_GAP,0.6,0.08,2,144,1.36986301369863,1.0,0
sentence-transformers/paraphrase-multilingual-MiniLM-L12-v2,DESCRIPTION_ONLY,SCORE_AND_GAP,0.6,0.1,2,144,1.36986301369863,1.0,0
sentence-transformers/paraphrase-multilingual-MiniLM-L12-v2,DESCRIPTION_ONLY,SCORE_AND_GAP,0.6,0.12,2,144,1.36986301369863,1.0,0
sentence-transformers/paraphrase-multilingual-MiniLM-L12-v2,DESCRIPTION_ONLY,SCORE_AND_GAP,0.6,0.15,1,145,0.684931506849315,1.0,0
sentence-transformers/paraphrase-multilingual-MiniLM-L12-v2,DESCRIPTION_ONLY,SCORE_AND_GAP,0.6,0.2,1,145,0.684931506849315,1.0,0
sentence-transformers/paraphrase-multilingual-MiniLM-L12-v2,DESCRIPTION_ONLY,SCORE_AND_GAP,0.65,0.01,0,146,0.0,,0
sentence-transformers/paraphrase-multilingual-MiniLM-L12-v2,DESCRIPTION_ONLY,SCORE_AND_GAP,0.65,0.02,0,146,0.0,,0
sentence-transformers/paraphrase-multilingual-MiniLM-L12-v2,DESCRIPTION_ONLY,SCORE_AND_GAP,0.65,0.03,0,146,0.0,,0
sentence-transformers/paraphrase-multilingual-MiniLM-L12-v2,DESCRIPTION_ONLY,SCORE_AND_GAP,0.65,0.04,0,146,0.0,,0
sentence-transformers/paraphrase-multilingual-MiniLM-L12-v2,DESCRIPTION_ONLY,SCORE_AND_GAP,0.65,0.05,0,146,0.0,,0
sentence-transformers/paraphrase-multilingual-MiniLM-L12-v2,DESCRIPTION_ONLY,SCORE_AND_GAP,0.65,0.06,0,146,0.0,,0
sentence-transformers/paraphrase-multilingual-MiniLM-L12-v2,DESCRIPTION_ONLY,SCORE_AND_GAP,0.65,0.08,0,146,0.0,,0
sentence-transformers/paraphrase-multilingual-MiniLM-L12-v2,DESCRIPTION_ONLY,SCORE_AND_GAP,0.65,0.1,0,146,0.0,,0
sentence-transformers/paraphrase-multilingual-MiniLM-L12-v2,DESCRIPTION_ONLY,SCORE_AND_GAP,0.65,0.12,0,146,0.0,,0
sentence-transformers/paraphrase-multilingual-MiniLM-L12-v2,DESCRIPTION_ONLY,SCORE_AND_GAP,0.65,0.15,0,146,0.0,,0
sentence-transformers/paraphrase-multilingual-MiniLM-L12-v2,DESCRIPTION_ONLY,SCORE_AND_GAP,0.65,0.2,0,146,0.0,,0
sentence-transformers/paraphrase-multilingual-MiniLM-L12-v2,DESCRIPTION_ONLY,SCORE_AND_GAP,0.7,0.01,0,146,0.0,,0
sentence-transformers/paraphrase-multilingual-MiniLM-L12-v2,DESCRIPTION_ONLY,SCORE_AND_GAP,0.7,0.02,0,146,0.0,,0
sentence-transformers/paraphrase-multilingual-MiniLM-L12-v2,DESCRIPTION_ONLY,SCORE_AND_GAP,0.7,0.03,0,146,0.0,,0
sentence-transformers/paraphrase-multilingual-MiniLM-L12-v2,DESCRIPTION_ONLY,SCORE_AND_GAP,0.7,0.04,0,146,0.0,,0
sentence-transformers/paraphrase-multilingual-MiniLM-L12-v2,DESCRIPTION_ONLY,SCORE_AND_GAP,0.7,0.05,0,146,0.0,,0
sentence-transformers/paraphrase-multilingual-MiniLM-L12-v2,DESCRIPTION_ONLY,SCORE_AND_GAP,0.7,0.06,0,146,0.0,,0
sentence-transformers/paraphrase-multilingual-MiniLM-L12-v2,DESCRIPTION_ONLY,SCORE_AND_GAP,0.7,0.08,0,146,0.0,,0
sentence-transformers/paraphrase-multilingual-MiniLM-L12-v2,DESCRIPTION_ONLY,SCORE_AND_GAP,0.7,0.1,0,146,0.0,,0
sentence-transformers/paraphrase-multilingual-MiniLM-L12-v2,DESCRIPTION_ONLY,SCORE_AND_GAP,0.7,0.12,0,146,0.0,,0
sentence-transformers/paraphrase-multilingual-MiniLM-L12-v2,DESCRIPTION_ONLY,SCORE_AND_GAP,0.7,0.15,0,146,0.0,,0
sentence-transformers/paraphrase-multilingual-MiniLM-L12-v2,DESCRIPTION_ONLY,SCORE_AND_GAP,0.7,0.2,0,146,0.0,,0
sentence-transformers/paraphrase-multilingual-MiniLM-L12-v2,DESCRIPTION_ONLY,SCORE_AND_GAP,0.75,0.01,0,146,0.0,,0
sentence-transformers/paraphrase-multilingual-MiniLM-L12-v2,DESCRIPTION_ONLY,SCORE_AND_GAP,0.75,0.02,0,146,0.0,,0
sentence-transformers/paraphrase-multilingual-MiniLM-L12-v2,DESCRIPTION_ONLY,SCORE_AND_GAP,0.75,0.03,0,146,0.0,,0
sentence-transformers/paraphrase-multilingual-MiniLM-L12-v2,DESCRIPTION_ONLY,SCORE_AND_GAP,0.75,0.04,0,146,0.0,,0
sentence-transformers/paraphrase-multilingual-MiniLM-L12-v2,DESCRIPTION_ONLY,SCORE_AND_GAP,0.75,0.05,0,146,0.0,,0
sentence-transformers/paraphrase-multilingual-MiniLM-L12-v2,DESCRIPTION_ONLY,SCORE_AND_GAP,0.75,0.06,0,146,0.0,,0
sentence-transformers/paraphrase-multilingual-MiniLM-L12-v2,DESCRIPTION_ONLY,SCORE_AND_GAP,0.75,0.08,0,146,0.0,,0
sentence-transformers/paraphrase-multilingual-MiniLM-L12-v2,DESCRIPTION_ONLY,SCORE_AND_GAP,0.75,0.1,0,146,0.0,,0
sentence-transformers/paraphrase-multilingual-MiniLM-L12-v2,DESCRIPTION_ONLY,SCORE_AND_GAP,0.75,0.12,0,146,0.0,,0
sentence-transformers/paraphrase-multilingual-MiniLM-L12-v2,DESCRIPTION_ONLY,SCORE_AND_GAP,0.75,0.15,0,146,0.0,,0
sentence-transformers/paraphrase-multilingual-MiniLM-L12-v2,DESCRIPTION_ONLY,SCORE_AND_GAP,0.75,0.2,0,146,0.0,,0
sentence-transformers/paraphrase-multilingual-MiniLM-L12-v2,DESCRIPTION_ONLY,SCORE_AND_GAP,0.8,0.01,0,146,0.0,,0
sentence-transformers/paraphrase-multilingual-MiniLM-L12-v2,DESCRIPTION_ONLY,SCORE_AND_GAP,0.8,0.02,0,146,0.0,,0
sentence-transformers/paraphrase-multilingual-MiniLM-L12-v2,DESCRIPTION_ONLY,SCORE_AND_GAP,0.8,0.03,0,146,0.0,,0
sentence-transformers/paraphrase-multilingual-MiniLM-L12-v2,DESCRIPTION_ONLY,SCORE_AND_GAP,0.8,0.04,0,146,0.0,,0
sentence-transformers/paraphrase-multilingual-MiniLM-L12-v2,DESCRIPTION_ONLY,SCORE_AND_GAP,0.8,0.05,0,146,0.0,,0
sentence-transformers/paraphrase-multilingual-MiniLM-L12-v2,DESCRIPTION_ONLY,SCORE_AND_GAP,0.8,0.06,0,146,0.0,,0
sentence-transformers/paraphrase-multilingual-MiniLM-L12-v2,DESCRIPTION_ONLY,SCORE_AND_GAP,0.8,0.08,0,146,0.0,,0
sentence-transformers/paraphrase-multilingual-MiniLM-L12-v2,DESCRIPTION_ONLY,SCORE_AND_GAP,0.8,0.1,0,146,0.0,,0
sentence-transformers/paraphrase-multilingual-MiniLM-L12-v2,DESCRIPTION_ONLY,SCORE_AND_GAP,0.8,0.12,0,146,0.0,,0
sentence-transformers/paraphrase-multilingual-MiniLM-L12-v2,DESCRIPTION_ONLY,SCORE_AND_GAP,0.8,0.15,0,146,0.0,,0
sentence-transformers/paraphrase-multilingual-MiniLM-L12-v2,DESCRIPTION_ONLY,SCORE_AND_GAP,0.8,0.2,0,146,0.0,,0
sentence-transformers/paraphrase-multilingual-MiniLM-L12-v2,DESCRIPTION_ONLY,SCORE_AND_GAP,0.85,0.01,0,146,0.0,,0
sentence-transformers/paraphrase-multilingual-MiniLM-L12-v2,DESCRIPTION_ONLY,SCORE_AND_GAP,0.85,0.02,0,146,0.0,,0
sentence-transformers/paraphrase-multilingual-MiniLM-L12-v2,DESCRIPTION_ONLY,SCORE_AND_GAP,0.85,0.03,0,146,0.0,,0
sentence-transformers/paraphrase-multilingual-MiniLM-L12-v2,DESCRIPTION_ONLY,SCORE_AND_GAP,0.85,0.04,0,146,0.0,,0
sentence-transformers/paraphrase-multilingual-MiniLM-L12-v2,DESCRIPTION_ONLY,SCORE_AND_GAP,0.85,0.05,0,146,0.0,,0
sentence-transformers/paraphrase-multilingual-MiniLM-L12-v2,DESCRIPTION_ONLY,SCORE_AND_GAP,0.85,0.06,0,146,0.0,,0
sentence-transformers/paraphrase-multilingual-MiniLM-L12-v2,DESCRIPTION_ONLY,SCORE_AND_GAP,0.85,0.08,0,146,0.0,,0
sentence-transformers/paraphrase-multilingual-MiniLM-L12-v2,DESCRIPTION_ONLY,SCORE_AND_GAP,0.85,0.1,0,146,0.0,,0
sentence-transformers/paraphrase-multilingual-MiniLM-L12-v2,DESCRIPTION_ONLY,SCORE_AND_GAP,0.85,0.12,0,146,0.0,,0
sentence-transformers/paraphrase-multilingual-MiniLM-L12-v2,DESCRIPTION_ONLY,SCORE_AND_GAP,0.85,0.15,0,146,0.0,,0
sentence-transformers/paraphrase-multilingual-MiniLM-L12-v2,DESCRIPTION_ONLY,SCORE_AND_GAP,0.85,0.2,0,146,0.0,,0
sentence-transformers/paraphrase-multilingual-MiniLM-L12-v2,DESCRIPTION_ONLY,SCORE_AND_GAP,0.9,0.01,0,146,0.0,,0
sentence-transformers/paraphrase-multilingual-MiniLM-L12-v2,DESCRIPTION_ONLY,SCORE_AND_GAP,0.9,0.02,0,146,0.0,,0
sentence-transformers/paraphrase-multilingual-MiniLM-L12-v2,DESCRIPTION_ONLY,SCORE_AND_GAP,0.9,0.03,0,146,0.0,,0
sentence-transformers/paraphrase-multilingual-MiniLM-L12-v2,DESCRIPTION_ONLY,SCORE_AND_GAP,0.9,0.04,0,146,0.0,,0
sentence-transformers/paraphrase-multilingual-MiniLM-L12-v2,DESCRIPTION_ONLY,SCORE_AND_GAP,0.9,0.05,0,146,0.0,,0
sentence-transformers/paraphrase-multilingual-MiniLM-L12-v2,DESCRIPTION_ONLY,SCORE_AND_GAP,0.9,0.06,0,146,0.0,,0
sentence-transformers/paraphrase-multilingual-MiniLM-L12-v2,DESCRIPTION_ONLY,SCORE_AND_GAP,0.9,0.08,0,146,0.0,,0
sentence-transformers/paraphrase-multilingual-MiniLM-L12-v2,DESCRIPTION_ONLY,SCORE_AND_GAP,0.9,0.1,0,146,0.0,,0
sentence-transformers/paraphrase-multilingual-MiniLM-L12-v2,DESCRIPTION_ONLY,SCORE_AND_GAP,0.9,0.12,0,146,0.0,,0
sentence-transformers/paraphrase-multilingual-MiniLM-L12-v2,DESCRIPTION_ONLY,SCORE_AND_GAP,0.9,0.15,0,146,0.0,,0
sentence-transformers/paraphrase-multilingual-MiniLM-L12-v2,DESCRIPTION_ONLY,SCORE_AND_GAP,0.9,0.2,0,146,0.0,,0
sentence-transformers/paraphrase-multilingual-MiniLM-L12-v2,EXAMPLE_CENTROID,GAP_ONLY,,0.01,134,12,91.78082191780823,0.5522388059701493,60
sentence-transformers/paraphrase-multilingual-MiniLM-L12-v2,EXAMPLE_CENTROID,GAP_ONLY,,0.02,125,21,85.61643835616438,0.576,53
sentence-transformers/paraphrase-multilingual-MiniLM-L12-v2,EXAMPLE_CENTROID,GAP_ONLY,,0.03,110,36,75.34246575342466,0.6272727272727273,41
sentence-transformers/paraphrase-multilingual-MiniLM-L12-v2,EXAMPLE_CENTROID,GAP_ONLY,,0.04,99,47,67.8082191780822,0.6565656565656566,34
sentence-transformers/paraphrase-multilingual-MiniLM-L12-v2,EXAMPLE_CENTROID,GAP_ONLY,,0.05,92,54,63.013698630136986,0.6739130434782609,30
sentence-transformers/paraphrase-multilingual-MiniLM-L12-v2,EXAMPLE_CENTROID,GAP_ONLY,,0.06,81,65,55.47945205479452,0.691358024691358,25
sentence-transformers/paraphrase-multilingual-MiniLM-L12-v2,EXAMPLE_CENTROID,GAP_ONLY,,0.08,61,85,41.78082191780822,0.7540983606557377,15
sentence-transformers/paraphrase-multilingual-MiniLM-L12-v2,EXAMPLE_CENTROID,GAP_ONLY,,0.1,54,92,36.986301369863014,0.7777777777777778,12
sentence-transformers/paraphrase-multilingual-MiniLM-L12-v2,EXAMPLE_CENTROID,GAP_ONLY,,0.12,37,109,25.34246575342466,0.8648648648648649,5
sentence-transformers/paraphrase-multilingual-MiniLM-L12-v2,EXAMPLE_CENTROID,GAP_ONLY,,0.15,27,119,18.493150684931507,0.8518518518518519,4
sentence-transformers/paraphrase-multilingual-MiniLM-L12-v2,EXAMPLE_CENTROID,GAP_ONLY,,0.2,12,134,8.219178082191782,0.9166666666666666,1
sentence-transformers/paraphrase-multilingual-MiniLM-L12-v2,EXAMPLE_CENTROID,SCORE_AND_GAP,0.2,0.01,134,12,91.78082191780823,0.5522388059701493,60
sentence-transformers/paraphrase-multilingual-MiniLM-L12-v2,EXAMPLE_CENTROID,SCORE_AND_GAP,0.2,0.02,125,21,85.61643835616438,0.576,53
sentence-transformers/paraphrase-multilingual-MiniLM-L12-v2,EXAMPLE_CENTROID,SCORE_AND_GAP,0.2,0.03,110,36,75.34246575342466,0.6272727272727273,41
sentence-transformers/paraphrase-multilingual-MiniLM-L12-v2,EXAMPLE_CENTROID,SCORE_AND_GAP,0.2,0.04,99,47,67.8082191780822,0.6565656565656566,34
sentence-transformers/paraphrase-multilingual-MiniLM-L12-v2,EXAMPLE_CENTROID,SCORE_AND_GAP,0.2,0.05,92,54,63.013698630136986,0.6739130434782609,30
sentence-transformers/paraphrase-multilingual-MiniLM-L12-v2,EXAMPLE_CENTROID,SCORE_AND_GAP,0.2,0.06,81,65,55.47945205479452,0.691358024691358,25
sentence-transformers/paraphrase-multilingual-MiniLM-L12-v2,EXAMPLE_CENTROID,SCORE_AND_GAP,0.2,0.08,61,85,41.78082191780822,0.7540983606557377,15
sentence-transformers/paraphrase-multilingual-MiniLM-L12-v2,EXAMPLE_CENTROID,SCORE_AND_GAP,0.2,0.1,54,92,36.986301369863014,0.7777777777777778,12
sentence-transformers/paraphrase-multilingual-MiniLM-L12-v2,EXAMPLE_CENTROID,SCORE_AND_GAP,0.2,0.12,37,109,25.34246575342466,0.8648648648648649,5
sentence-transformers/paraphrase-multilingual-MiniLM-L12-v2,EXAMPLE_CENTROID,SCORE_AND_GAP,0.2,0.15,27,119,18.493150684931507,0.8518518518518519,4
sentence-transformers/paraphrase-multilingual-MiniLM-L12-v2,EXAMPLE_CENTROID,SCORE_AND_GAP,0.2,0.2,12,134,8.219178082191782,0.9166666666666666,1
sentence-transformers/paraphrase-multilingual-MiniLM-L12-v2,EXAMPLE_CENTROID,SCORE_AND_GAP,0.25,0.01,134,12,91.78082191780823,0.5522388059701493,60
sentence-transformers/paraphrase-multilingual-MiniLM-L12-v2,EXAMPLE_CENTROID,SCORE_AND_GAP,0.25,0.02,125,21,85.61643835616438,0.576,53
sentence-transformers/paraphrase-multilingual-MiniLM-L12-v2,EXAMPLE_CENTROID,SCORE_AND_GAP,0.25,0.03,110,36,75.34246575342466,0.6272727272727273,41
sentence-transformers/paraphrase-multilingual-MiniLM-L12-v2,EXAMPLE_CENTROID,SCORE_AND_GAP,0.25,0.04,99,47,67.8082191780822,0.6565656565656566,34
sentence-transformers/paraphrase-multilingual-MiniLM-L12-v2,EXAMPLE_CENTROID,SCORE_AND_GAP,0.25,0.05,92,54,63.013698630136986,0.6739130434782609,30
sentence-transformers/paraphrase-multilingual-MiniLM-L12-v2,EXAMPLE_CENTROID,SCORE_AND_GAP,0.25,0.06,81,65,55.47945205479452,0.691358024691358,25
sentence-transformers/paraphrase-multilingual-MiniLM-L12-v2,EXAMPLE_CENTROID,SCORE_AND_GAP,0.25,0.08,61,85,41.78082191780822,0.7540983606557377,15
sentence-transformers/paraphrase-multilingual-MiniLM-L12-v2,EXAMPLE_CENTROID,SCORE_AND_GAP,0.25,0.1,54,92,36.986301369863014,0.7777777777777778,12
sentence-transformers/paraphrase-multilingual-MiniLM-L12-v2,EXAMPLE_CENTROID,SCORE_AND_GAP,0.25,0.12,37,109,25.34246575342466,0.8648648648648649,5
sentence-transformers/paraphrase-multilingual-MiniLM-L12-v2,EXAMPLE_CENTROID,SCORE_AND_GAP,0.25,0.15,27,119,18.493150684931507,0.8518518518518519,4
sentence-transformers/paraphrase-multilingual-MiniLM-L12-v2,EXAMPLE_CENTROID,SCORE_AND_GAP,0.25,0.2,12,134,8.219178082191782,0.9166666666666666,1
sentence-transformers/paraphrase-multilingual-MiniLM-L12-v2,EXAMPLE_CENTROID,SCORE_AND_GAP,0.3,0.01,131,15,89.72602739726027,0.5648854961832062,57
sentence-transformers/paraphrase-multilingual-MiniLM-L12-v2,EXAMPLE_CENTROID,SCORE_AND_GAP,0.3,0.02,122,24,83.56164383561644,0.5901639344262295,50
sentence-transformers/paraphrase-multilingual-MiniLM-L12-v2,EXAMPLE_CENTROID,SCORE_AND_GAP,0.3,0.03,108,38,73.97260273972603,0.6388888888888888,39
sentence-transformers/paraphrase-multilingual-MiniLM-L12-v2,EXAMPLE_CENTROID,SCORE_AND_GAP,0.3,0.04,97,49,66.43835616438356,0.6701030927835051,32
sentence-transformers/paraphrase-multilingual-MiniLM-L12-v2,EXAMPLE_CENTROID,SCORE_AND_GAP,0.3,0.05,90,56,61.64383561643836,0.6888888888888889,28
sentence-transformers/paraphrase-multilingual-MiniLM-L12-v2,EXAMPLE_CENTROID,SCORE_AND_GAP,0.3,0.06,80,66,54.794520547945204,0.7,24
sentence-transformers/paraphrase-multilingual-MiniLM-L12-v2,EXAMPLE_CENTROID,SCORE_AND_GAP,0.3,0.08,61,85,41.78082191780822,0.7540983606557377,15
sentence-transformers/paraphrase-multilingual-MiniLM-L12-v2,EXAMPLE_CENTROID,SCORE_AND_GAP,0.3,0.1,54,92,36.986301369863014,0.7777777777777778,12
sentence-transformers/paraphrase-multilingual-MiniLM-L12-v2,EXAMPLE_CENTROID,SCORE_AND_GAP,0.3,0.12,37,109,25.34246575342466,0.8648648648648649,5
sentence-transformers/paraphrase-multilingual-MiniLM-L12-v2,EXAMPLE_CENTROID,SCORE_AND_GAP,0.3,0.15,27,119,18.493150684931507,0.8518518518518519,4
sentence-transformers/paraphrase-multilingual-MiniLM-L12-v2,EXAMPLE_CENTROID,SCORE_AND_GAP,0.3,0.2,12,134,8.219178082191782,0.9166666666666666,1
sentence-transformers/paraphrase-multilingual-MiniLM-L12-v2,EXAMPLE_CENTROID,SCORE_AND_GAP,0.35,0.01,122,24,83.56164383561644,0.5819672131147541,51
sentence-transformers/paraphrase-multilingual-MiniLM-L12-v2,EXAMPLE_CENTROID,SCORE_AND_GAP,0.35,0.02,114,32,78.08219178082192,0.6052631578947368,45
sentence-transformers/paraphrase-multilingual-MiniLM-L12-v2,EXAMPLE_CENTROID,SCORE_AND_GAP,0.35,0.03,102,44,69.86301369863014,0.6470588235294118,36
sentence-transformers/paraphrase-multilingual-MiniLM-L12-v2,EXAMPLE_CENTROID,SCORE_AND_GAP,0.35,0.04,94,52,64.38356164383562,0.6808510638297872,30
sentence-transformers/paraphrase-multilingual-MiniLM-L12-v2,EXAMPLE_CENTROID,SCORE_AND_GAP,0.35,0.05,87,59,59.58904109589041,0.7011494252873564,26
sentence-transformers/paraphrase-multilingual-MiniLM-L12-v2,EXAMPLE_CENTROID,SCORE_AND_GAP,0.35,0.06,78,68,53.42465753424658,0.7051282051282052,23
sentence-transformers/paraphrase-multilingual-MiniLM-L12-v2,EXAMPLE_CENTROID,SCORE_AND_GAP,0.35,0.08,60,86,41.0958904109589,0.7666666666666667,14
sentence-transformers/paraphrase-multilingual-MiniLM-L12-v2,EXAMPLE_CENTROID,SCORE_AND_GAP,0.35,0.1,53,93,36.3013698630137,0.7924528301886793,11
sentence-transformers/paraphrase-multilingual-MiniLM-L12-v2,EXAMPLE_CENTROID,SCORE_AND_GAP,0.35,0.12,37,109,25.34246575342466,0.8648648648648649,5
sentence-transformers/paraphrase-multilingual-MiniLM-L12-v2,EXAMPLE_CENTROID,SCORE_AND_GAP,0.35,0.15,27,119,18.493150684931507,0.8518518518518519,4
sentence-transformers/paraphrase-multilingual-MiniLM-L12-v2,EXAMPLE_CENTROID,SCORE_AND_GAP,0.35,0.2,12,134,8.219178082191782,0.9166666666666666,1
sentence-transformers/paraphrase-multilingual-MiniLM-L12-v2,EXAMPLE_CENTROID,SCORE_AND_GAP,0.4,0.01,112,34,76.71232876712328,0.5982142857142857,45
sentence-transformers/paraphrase-multilingual-MiniLM-L12-v2,EXAMPLE_CENTROID,SCORE_AND_GAP,0.4,0.02,104,42,71.23287671232876,0.625,39
sentence-transformers/paraphrase-multilingual-MiniLM-L12-v2,EXAMPLE_CENTROID,SCORE_AND_GAP,0.4,0.03,94,52,64.38356164383562,0.6595744680851063,32
sentence-transformers/paraphrase-multilingual-MiniLM-L12-v2,EXAMPLE_CENTROID,SCORE_AND_GAP,0.4,0.04,87,59,59.58904109589041,0.6896551724137931,27
sentence-transformers/paraphrase-multilingual-MiniLM-L12-v2,EXAMPLE_CENTROID,SCORE_AND_GAP,0.4,0.05,82,64,56.16438356164384,0.7073170731707317,24
sentence-transformers/paraphrase-multilingual-MiniLM-L12-v2,EXAMPLE_CENTROID,SCORE_AND_GAP,0.4,0.06,75,71,51.36986301369863,0.7066666666666667,22
sentence-transformers/paraphrase-multilingual-MiniLM-L12-v2,EXAMPLE_CENTROID,SCORE_AND_GAP,0.4,0.08,58,88,39.726027397260275,0.7586206896551724,14
sentence-transformers/paraphrase-multilingual-MiniLM-L12-v2,EXAMPLE_CENTROID,SCORE_AND_GAP,0.4,0.1,52,94,35.61643835616438,0.7884615384615384,11
sentence-transformers/paraphrase-multilingual-MiniLM-L12-v2,EXAMPLE_CENTROID,SCORE_AND_GAP,0.4,0.12,36,110,24.65753424657534,0.8611111111111112,5
sentence-transformers/paraphrase-multilingual-MiniLM-L12-v2,EXAMPLE_CENTROID,SCORE_AND_GAP,0.4,0.15,27,119,18.493150684931507,0.8518518518518519,4
sentence-transformers/paraphrase-multilingual-MiniLM-L12-v2,EXAMPLE_CENTROID,SCORE_AND_GAP,0.4,0.2,12,134,8.219178082191782,0.9166666666666666,1
sentence-transformers/paraphrase-multilingual-MiniLM-L12-v2,EXAMPLE_CENTROID,SCORE_AND_GAP,0.45,0.01,96,50,65.75342465753425,0.59375,39
sentence-transformers/paraphrase-multilingual-MiniLM-L12-v2,EXAMPLE_CENTROID,SCORE_AND_GAP,0.45,0.02,88,58,60.273972602739725,0.625,33
sentence-transformers/paraphrase-multilingual-MiniLM-L12-v2,EXAMPLE_CENTROID,SCORE_AND_GAP,0.45,0.03,79,67,54.10958904109589,0.6582278481012658,27
sentence-transformers/paraphrase-multilingual-MiniLM-L12-v2,EXAMPLE_CENTROID,SCORE_AND_GAP,0.45,0.04,73,73,50.0,0.6986301369863014,22
sentence-transformers/paraphrase-multilingual-MiniLM-L12-v2,EXAMPLE_CENTROID,SCORE_AND_GAP,0.45,0.05,69,77,47.26027397260274,0.7101449275362319,20
sentence-transformers/paraphrase-multilingual-MiniLM-L12-v2,EXAMPLE_CENTROID,SCORE_AND_GAP,0.45,0.06,62,84,42.465753424657535,0.7096774193548387,18
sentence-transformers/paraphrase-multilingual-MiniLM-L12-v2,EXAMPLE_CENTROID,SCORE_AND_GAP,0.45,0.08,50,96,34.24657534246575,0.76,12
sentence-transformers/paraphrase-multilingual-MiniLM-L12-v2,EXAMPLE_CENTROID,SCORE_AND_GAP,0.45,0.1,46,100,31.506849315068493,0.782608695652174,10
sentence-transformers/paraphrase-multilingual-MiniLM-L12-v2,EXAMPLE_CENTROID,SCORE_AND_GAP,0.45,0.12,31,115,21.232876712328768,0.8709677419354839,4
sentence-transformers/paraphrase-multilingual-MiniLM-L12-v2,EXAMPLE_CENTROID,SCORE_AND_GAP,0.45,0.15,25,121,17.123287671232877,0.88,3
sentence-transformers/paraphrase-multilingual-MiniLM-L12-v2,EXAMPLE_CENTROID,SCORE_AND_GAP,0.45,0.2,12,134,8.219178082191782,0.9166666666666666,1
sentence-transformers/paraphrase-multilingual-MiniLM-L12-v2,EXAMPLE_CENTROID,SCORE_AND_GAP,0.5,0.01,73,73,50.0,0.6164383561643836,28
sentence-transformers/paraphrase-multilingual-MiniLM-L12-v2,EXAMPLE_CENTROID,SCORE_AND_GAP,0.5,0.02,69,77,47.26027397260274,0.6231884057971014,26
sentence-transformers/paraphrase-multilingual-MiniLM-L12-v2,EXAMPLE_CENTROID,SCORE_AND_GAP,0.5,0.03,63,83,43.15068493150685,0.6666666666666666,21
sentence-transformers/paraphrase-multilingual-MiniLM-L12-v2,EXAMPLE_CENTROID,SCORE_AND_GAP,0.5,0.04,58,88,39.726027397260275,0.7068965517241379,17
sentence-transformers/paraphrase-multilingual-MiniLM-L12-v2,EXAMPLE_CENTROID,SCORE_AND_GAP,0.5,0.05,55,91,37.67123287671233,0.7272727272727273,15
sentence-transformers/paraphrase-multilingual-MiniLM-L12-v2,EXAMPLE_CENTROID,SCORE_AND_GAP,0.5,0.06,51,95,34.93150684931507,0.7254901960784313,14
sentence-transformers/paraphrase-multilingual-MiniLM-L12-v2,EXAMPLE_CENTROID,SCORE_AND_GAP,0.5,0.08,42,104,28.767123287671232,0.7857142857142857,9
sentence-transformers/paraphrase-multilingual-MiniLM-L12-v2,EXAMPLE_CENTROID,SCORE_AND_GAP,0.5,0.1,39,107,26.71232876712329,0.7948717948717948,8
sentence-transformers/paraphrase-multilingual-MiniLM-L12-v2,EXAMPLE_CENTROID,SCORE_AND_GAP,0.5,0.12,26,120,17.80821917808219,0.8846153846153846,3
sentence-transformers/paraphrase-multilingual-MiniLM-L12-v2,EXAMPLE_CENTROID,SCORE_AND_GAP,0.5,0.15,22,124,15.068493150684931,0.9090909090909091,2
sentence-transformers/paraphrase-multilingual-MiniLM-L12-v2,EXAMPLE_CENTROID,SCORE_AND_GAP,0.5,0.2,12,134,8.219178082191782,0.9166666666666666,1
sentence-transformers/paraphrase-multilingual-MiniLM-L12-v2,EXAMPLE_CENTROID,SCORE_AND_GAP,0.55,0.01,44,102,30.136986301369863,0.7045454545454546,13
sentence-transformers/paraphrase-multilingual-MiniLM-L12-v2,EXAMPLE_CENTROID,SCORE_AND_GAP,0.55,0.02,41,105,28.08219178082192,0.7073170731707317,12
sentence-transformers/paraphrase-multilingual-MiniLM-L12-v2,EXAMPLE_CENTROID,SCORE_AND_GAP,0.55,0.03,36,110,24.65753424657534,0.8055555555555556,7
sentence-transformers/paraphrase-multilingual-MiniLM-L12-v2,EXAMPLE_CENTROID,SCORE_AND_GAP,0.55,0.04,34,112,23.28767123287671,0.8529411764705882,5
sentence-transformers/paraphrase-multilingual-MiniLM-L12-v2,EXAMPLE_CENTROID,SCORE_AND_GAP,0.55,0.05,32,114,21.91780821917808,0.875,4
sentence-transformers/paraphrase-multilingual-MiniLM-L12-v2,EXAMPLE_CENTROID,SCORE_AND_GAP,0.55,0.06,30,116,20.54794520547945,0.8666666666666667,4
sentence-transformers/paraphrase-multilingual-MiniLM-L12-v2,EXAMPLE_CENTROID,SCORE_AND_GAP,0.55,0.08,23,123,15.753424657534246,1.0,0
sentence-transformers/paraphrase-multilingual-MiniLM-L12-v2,EXAMPLE_CENTROID,SCORE_AND_GAP,0.55,0.1,23,123,15.753424657534246,1.0,0
sentence-transformers/paraphrase-multilingual-MiniLM-L12-v2,EXAMPLE_CENTROID,SCORE_AND_GAP,0.55,0.12,19,127,13.013698630136986,1.0,0
sentence-transformers/paraphrase-multilingual-MiniLM-L12-v2,EXAMPLE_CENTROID,SCORE_AND_GAP,0.55,0.15,19,127,13.013698630136986,1.0,0
sentence-transformers/paraphrase-multilingual-MiniLM-L12-v2,EXAMPLE_CENTROID,SCORE_AND_GAP,0.55,0.2,10,136,6.8493150684931505,1.0,0
sentence-transformers/paraphrase-multilingual-MiniLM-L12-v2,EXAMPLE_CENTROID,SCORE_AND_GAP,0.6,0.01,32,114,21.91780821917808,0.65625,11
sentence-transformers/paraphrase-multilingual-MiniLM-L12-v2,EXAMPLE_CENTROID,SCORE_AND_GAP,0.6,0.02,30,116,20.54794520547945,0.6666666666666666,10
sentence-transformers/paraphrase-multilingual-MiniLM-L12-v2,EXAMPLE_CENTROID,SCORE_AND_GAP,0.6,0.03,26,120,17.80821917808219,0.7692307692307693,6
sentence-transformers/paraphrase-multilingual-MiniLM-L12-v2,EXAMPLE_CENTROID,SCORE_AND_GAP,0.6,0.04,25,121,17.123287671232877,0.8,5
sentence-transformers/paraphrase-multilingual-MiniLM-L12-v2,EXAMPLE_CENTROID,SCORE_AND_GAP,0.6,0.05,24,122,16.438356164383563,0.8333333333333334,4
sentence-transformers/paraphrase-multilingual-MiniLM-L12-v2,EXAMPLE_CENTROID,SCORE_AND_GAP,0.6,0.06,23,123,15.753424657534246,0.8260869565217391,4
sentence-transformers/paraphrase-multilingual-MiniLM-L12-v2,EXAMPLE_CENTROID,SCORE_AND_GAP,0.6,0.08,16,130,10.95890410958904,1.0,0
sentence-transformers/paraphrase-multilingual-MiniLM-L12-v2,EXAMPLE_CENTROID,SCORE_AND_GAP,0.6,0.1,16,130,10.95890410958904,1.0,0
sentence-transformers/paraphrase-multilingual-MiniLM-L12-v2,EXAMPLE_CENTROID,SCORE_AND_GAP,0.6,0.12,13,133,8.904109589041095,1.0,0
sentence-transformers/paraphrase-multilingual-MiniLM-L12-v2,EXAMPLE_CENTROID,SCORE_AND_GAP,0.6,0.15,13,133,8.904109589041095,1.0,0
sentence-transformers/paraphrase-multilingual-MiniLM-L12-v2,EXAMPLE_CENTROID,SCORE_AND_GAP,0.6,0.2,8,138,5.47945205479452,1.0,0
sentence-transformers/paraphrase-multilingual-MiniLM-L12-v2,EXAMPLE_CENTROID,SCORE_AND_GAP,0.65,0.01,18,128,12.32876712328767,0.7222222222222222,5
sentence-transformers/paraphrase-multilingual-MiniLM-L12-v2,EXAMPLE_CENTROID,SCORE_AND_GAP,0.65,0.02,17,129,11.643835616438356,0.7647058823529411,4
sentence-transformers/paraphrase-multilingual-MiniLM-L12-v2,EXAMPLE_CENTROID,SCORE_AND_GAP,0.65,0.03,15,131,10.273972602739725,0.8666666666666667,2
sentence-transformers/paraphrase-multilingual-MiniLM-L12-v2,EXAMPLE_CENTROID,SCORE_AND_GAP,0.65,0.04,14,132,9.58904109589041,0.9285714285714286,1
sentence-transformers/paraphrase-multilingual-MiniLM-L12-v2,EXAMPLE_CENTROID,SCORE_AND_GAP,0.65,0.05,14,132,9.58904109589041,0.9285714285714286,1
sentence-transformers/paraphrase-multilingual-MiniLM-L12-v2,EXAMPLE_CENTROID,SCORE_AND_GAP,0.65,0.06,13,133,8.904109589041095,0.9230769230769231,1
sentence-transformers/paraphrase-multilingual-MiniLM-L12-v2,EXAMPLE_CENTROID,SCORE_AND_GAP,0.65,0.08,12,134,8.219178082191782,1.0,0
sentence-transformers/paraphrase-multilingual-MiniLM-L12-v2,EXAMPLE_CENTROID,SCORE_AND_GAP,0.65,0.1,12,134,8.219178082191782,1.0,0
sentence-transformers/paraphrase-multilingual-MiniLM-L12-v2,EXAMPLE_CENTROID,SCORE_AND_GAP,0.65,0.12,10,136,6.8493150684931505,1.0,0
sentence-transformers/paraphrase-multilingual-MiniLM-L12-v2,EXAMPLE_CENTROID,SCORE_AND_GAP,0.65,0.15,10,136,6.8493150684931505,1.0,0
sentence-transformers/paraphrase-multilingual-MiniLM-L12-v2,EXAMPLE_CENTROID,SCORE_AND_GAP,0.65,0.2,5,141,3.4246575342465753,1.0,0
sentence-transformers/paraphrase-multilingual-MiniLM-L12-v2,EXAMPLE_CENTROID,SCORE_AND_GAP,0.7,0.01,9,137,6.164383561643835,0.6666666666666666,3
sentence-transformers/paraphrase-multilingual-MiniLM-L12-v2,EXAMPLE_CENTROID,SCORE_AND_GAP,0.7,0.02,8,138,5.47945205479452,0.75,2
sentence-transformers/paraphrase-multilingual-MiniLM-L12-v2,EXAMPLE_CENTROID,SCORE_AND_GAP,0.7,0.03,7,139,4.794520547945205,0.8571428571428571,1
sentence-transformers/paraphrase-multilingual-MiniLM-L12-v2,EXAMPLE_CENTROID,SCORE_AND_GAP,0.7,0.04,7,139,4.794520547945205,0.8571428571428571,1
sentence-transformers/paraphrase-multilingual-MiniLM-L12-v2,EXAMPLE_CENTROID,SCORE_AND_GAP,0.7,0.05,7,139,4.794520547945205,0.8571428571428571,1
sentence-transformers/paraphrase-multilingual-MiniLM-L12-v2,EXAMPLE_CENTROID,SCORE_AND_GAP,0.7,0.06,6,140,4.109589041095891,0.8333333333333334,1
sentence-transformers/paraphrase-multilingual-MiniLM-L12-v2,EXAMPLE_CENTROID,SCORE_AND_GAP,0.7,0.08,5,141,3.4246575342465753,1.0,0
sentence-transformers/paraphrase-multilingual-MiniLM-L12-v2,EXAMPLE_CENTROID,SCORE_AND_GAP,0.7,0.1,5,141,3.4246575342465753,1.0,0
sentence-transformers/paraphrase-multilingual-MiniLM-L12-v2,EXAMPLE_CENTROID,SCORE_AND_GAP,0.7,0.12,4,142,2.73972602739726,1.0,0
sentence-transformers/paraphrase-multilingual-MiniLM-L12-v2,EXAMPLE_CENTROID,SCORE_AND_GAP,0.7,0.15,4,142,2.73972602739726,1.0,0
sentence-transformers/paraphrase-multilingual-MiniLM-L12-v2,EXAMPLE_CENTROID,SCORE_AND_GAP,0.7,0.2,2,144,1.36986301369863,1.0,0
sentence-transformers/paraphrase-multilingual-MiniLM-L12-v2,EXAMPLE_CENTROID,SCORE_AND_GAP,0.75,0.01,2,144,1.36986301369863,1.0,0
sentence-transformers/paraphrase-multilingual-MiniLM-L12-v2,EXAMPLE_CENTROID,SCORE_AND_GAP,0.75,0.02,2,144,1.36986301369863,1.0,0
sentence-transformers/paraphrase-multilingual-MiniLM-L12-v2,EXAMPLE_CENTROID,SCORE_AND_GAP,0.75,0.03,2,144,1.36986301369863,1.0,0
sentence-transformers/paraphrase-multilingual-MiniLM-L12-v2,EXAMPLE_CENTROID,SCORE_AND_GAP,0.75,0.04,2,144,1.36986301369863,1.0,0
sentence-transformers/paraphrase-multilingual-MiniLM-L12-v2,EXAMPLE_CENTROID,SCORE_AND_GAP,0.75,0.05,2,144,1.36986301369863,1.0,0
sentence-transformers/paraphrase-multilingual-MiniLM-L12-v2,EXAMPLE_CENTROID,SCORE_AND_GAP,0.75,0.06,2,144,1.36986301369863,1.0,0
sentence-transformers/paraphrase-multilingual-MiniLM-L12-v2,EXAMPLE_CENTROID,SCORE_AND_GAP,0.75,0.08,2,144,1.36986301369863,1.0,0
sentence-transformers/paraphrase-multilingual-MiniLM-L12-v2,EXAMPLE_CENTROID,SCORE_AND_GAP,0.75,0.1,2,144,1.36986301369863,1.0,0
sentence-transformers/paraphrase-multilingual-MiniLM-L12-v2,EXAMPLE_CENTROID,SCORE_AND_GAP,0.75,0.12,1,145,0.684931506849315,1.0,0
sentence-transformers/paraphrase-multilingual-MiniLM-L12-v2,EXAMPLE_CENTROID,SCORE_AND_GAP,0.75,0.15,1,145,0.684931506849315,1.0,0
sentence-transformers/paraphrase-multilingual-MiniLM-L12-v2,EXAMPLE_CENTROID,SCORE_AND_GAP,0.75,0.2,0,146,0.0,,0
sentence-transformers/paraphrase-multilingual-MiniLM-L12-v2,EXAMPLE_CENTROID,SCORE_AND_GAP,0.8,0.01,1,145,0.684931506849315,1.0,0
sentence-transformers/paraphrase-multilingual-MiniLM-L12-v2,EXAMPLE_CENTROID,SCORE_AND_GAP,0.8,0.02,1,145,0.684931506849315,1.0,0
sentence-transformers/paraphrase-multilingual-MiniLM-L12-v2,EXAMPLE_CENTROID,SCORE_AND_GAP,0.8,0.03,1,145,0.684931506849315,1.0,0
sentence-transformers/paraphrase-multilingual-MiniLM-L12-v2,EXAMPLE_CENTROID,SCORE_AND_GAP,0.8,0.04,1,145,0.684931506849315,1.0,0
sentence-transformers/paraphrase-multilingual-MiniLM-L12-v2,EXAMPLE_CENTROID,SCORE_AND_GAP,0.8,0.05,1,145,0.684931506849315,1.0,0
sentence-transformers/paraphrase-multilingual-MiniLM-L12-v2,EXAMPLE_CENTROID,SCORE_AND_GAP,0.8,0.06,1,145,0.684931506849315,1.0,0
sentence-transformers/paraphrase-multilingual-MiniLM-L12-v2,EXAMPLE_CENTROID,SCORE_AND_GAP,0.8,0.08,1,145,0.684931506849315,1.0,0
sentence-transformers/paraphrase-multilingual-MiniLM-L12-v2,EXAMPLE_CENTROID,SCORE_AND_GAP,0.8,0.1,1,145,0.684931506849315,1.0,0
sentence-transformers/paraphrase-multilingual-MiniLM-L12-v2,EXAMPLE_CENTROID,SCORE_AND_GAP,0.8,0.12,0,146,0.0,,0
sentence-transformers/paraphrase-multilingual-MiniLM-L12-v2,EXAMPLE_CENTROID,SCORE_AND_GAP,0.8,0.15,0,146,0.0,,0
sentence-transformers/paraphrase-multilingual-MiniLM-L12-v2,EXAMPLE_CENTROID,SCORE_AND_GAP,0.8,0.2,0,146,0.0,,0
sentence-transformers/paraphrase-multilingual-MiniLM-L12-v2,EXAMPLE_CENTROID,SCORE_AND_GAP,0.85,0.01,0,146,0.0,,0
sentence-transformers/paraphrase-multilingual-MiniLM-L12-v2,EXAMPLE_CENTROID,SCORE_AND_GAP,0.85,0.02,0,146,0.0,,0
sentence-transformers/paraphrase-multilingual-MiniLM-L12-v2,EXAMPLE_CENTROID,SCORE_AND_GAP,0.85,0.03,0,146,0.0,,0
sentence-transformers/paraphrase-multilingual-MiniLM-L12-v2,EXAMPLE_CENTROID,SCORE_AND_GAP,0.85,0.04,0,146,0.0,,0
sentence-transformers/paraphrase-multilingual-MiniLM-L12-v2,EXAMPLE_CENTROID,SCORE_AND_GAP,0.85,0.05,0,146,0.0,,0
sentence-transformers/paraphrase-multilingual-MiniLM-L12-v2,EXAMPLE_CENTROID,SCORE_AND_GAP,0.85,0.06,0,146,0.0,,0
sentence-transformers/paraphrase-multilingual-MiniLM-L12-v2,EXAMPLE_CENTROID,SCORE_AND_GAP,0.85,0.08,0,146,0.0,,0
sentence-transformers/paraphrase-multilingual-MiniLM-L12-v2,EXAMPLE_CENTROID,SCORE_AND_GAP,0.85,0.1,0,146,0.0,,0
sentence-transformers/paraphrase-multilingual-MiniLM-L12-v2,EXAMPLE_CENTROID,SCORE_AND_GAP,0.85,0.12,0,146,0.0,,0
sentence-transformers/paraphrase-multilingual-MiniLM-L12-v2,EXAMPLE_CENTROID,SCORE_AND_GAP,0.85,0.15,0,146,0.0,,0
sentence-transformers/paraphrase-multilingual-MiniLM-L12-v2,EXAMPLE_CENTROID,SCORE_AND_GAP,0.85,0.2,0,146,0.0,,0
sentence-transformers/paraphrase-multilingual-MiniLM-L12-v2,EXAMPLE_CENTROID,SCORE_AND_GAP,0.9,0.01,0,146,0.0,,0
sentence-transformers/paraphrase-multilingual-MiniLM-L12-v2,EXAMPLE_CENTROID,SCORE_AND_GAP,0.9,0.02,0,146,0.0,,0
sentence-transformers/paraphrase-multilingual-MiniLM-L12-v2,EXAMPLE_CENTROID,SCORE_AND_GAP,0.9,0.03,0,146,0.0,,0
sentence-transformers/paraphrase-multilingual-MiniLM-L12-v2,EXAMPLE_CENTROID,SCORE_AND_GAP,0.9,0.04,0,146,0.0,,0
sentence-transformers/paraphrase-multilingual-MiniLM-L12-v2,EXAMPLE_CENTROID,SCORE_AND_GAP,0.9,0.05,0,146,0.0,,0
sentence-transformers/paraphrase-multilingual-MiniLM-L12-v2,EXAMPLE_CENTROID,SCORE_AND_GAP,0.9,0.06,0,146,0.0,,0
sentence-transformers/paraphrase-multilingual-MiniLM-L12-v2,EXAMPLE_CENTROID,SCORE_AND_GAP,0.9,0.08,0,146,0.0,,0
sentence-transformers/paraphrase-multilingual-MiniLM-L12-v2,EXAMPLE_CENTROID,SCORE_AND_GAP,0.9,0.1,0,146,0.0,,0
sentence-transformers/paraphrase-multilingual-MiniLM-L12-v2,EXAMPLE_CENTROID,SCORE_AND_GAP,0.9,0.12,0,146,0.0,,0
sentence-transformers/paraphrase-multilingual-MiniLM-L12-v2,EXAMPLE_CENTROID,SCORE_AND_GAP,0.9,0.15,0,146,0.0,,0
sentence-transformers/paraphrase-multilingual-MiniLM-L12-v2,EXAMPLE_CENTROID,SCORE_AND_GAP,0.9,0.2,0,146,0.0,,0
sentence-transformers/paraphrase-multilingual-MiniLM-L12-v2,HYBRID_PROTOTYPE,GAP_ONLY,,0.01,135,11,92.46575342465754,0.7185185185185186,38
sentence-transformers/paraphrase-multilingual-MiniLM-L12-v2,HYBRID_PROTOTYPE,GAP_ONLY,,0.02,124,22,84.93150684931507,0.75,31
sentence-transformers/paraphrase-multilingual-MiniLM-L12-v2,HYBRID_PROTOTYPE,GAP_ONLY,,0.03,119,27,81.5068493150685,0.7647058823529411,28
sentence-transformers/paraphrase-multilingual-MiniLM-L12-v2,HYBRID_PROTOTYPE,GAP_ONLY,,0.04,114,32,78.08219178082192,0.7894736842105263,24
sentence-transformers/paraphrase-multilingual-MiniLM-L12-v2,HYBRID_PROTOTYPE,GAP_ONLY,,0.05,109,37,74.65753424657534,0.7981651376146789,22
sentence-transformers/paraphrase-multilingual-MiniLM-L12-v2,HYBRID_PROTOTYPE,GAP_ONLY,,0.06,100,46,68.4931506849315,0.83,17
sentence-transformers/paraphrase-multilingual-MiniLM-L12-v2,HYBRID_PROTOTYPE,GAP_ONLY,,0.08,83,63,56.84931506849315,0.8433734939759037,13
sentence-transformers/paraphrase-multilingual-MiniLM-L12-v2,HYBRID_PROTOTYPE,GAP_ONLY,,0.1,64,82,43.83561643835616,0.84375,10
sentence-transformers/paraphrase-multilingual-MiniLM-L12-v2,HYBRID_PROTOTYPE,GAP_ONLY,,0.12,51,95,34.93150684931507,0.8823529411764706,6
sentence-transformers/paraphrase-multilingual-MiniLM-L12-v2,HYBRID_PROTOTYPE,GAP_ONLY,,0.15,40,106,27.397260273972602,0.925,3
sentence-transformers/paraphrase-multilingual-MiniLM-L12-v2,HYBRID_PROTOTYPE,GAP_ONLY,,0.2,17,129,11.643835616438356,1.0,0
sentence-transformers/paraphrase-multilingual-MiniLM-L12-v2,HYBRID_PROTOTYPE,SCORE_AND_GAP,0.2,0.01,133,13,91.0958904109589,0.7293233082706767,36
sentence-transformers/paraphrase-multilingual-MiniLM-L12-v2,HYBRID_PROTOTYPE,SCORE_AND_GAP,0.2,0.02,123,23,84.24657534246575,0.7560975609756098,30
sentence-transformers/paraphrase-multilingual-MiniLM-L12-v2,HYBRID_PROTOTYPE,SCORE_AND_GAP,0.2,0.03,118,28,80.82191780821918,0.7711864406779662,27
sentence-transformers/paraphrase-multilingual-MiniLM-L12-v2,HYBRID_PROTOTYPE,SCORE_AND_GAP,0.2,0.04,114,32,78.08219178082192,0.7894736842105263,24
sentence-transformers/paraphrase-multilingual-MiniLM-L12-v2,HYBRID_PROTOTYPE,SCORE_AND_GAP,0.2,0.05,109,37,74.65753424657534,0.7981651376146789,22
sentence-transformers/paraphrase-multilingual-MiniLM-L12-v2,HYBRID_PROTOTYPE,SCORE_AND_GAP,0.2,0.06,100,46,68.4931506849315,0.83,17
sentence-transformers/paraphrase-multilingual-MiniLM-L12-v2,HYBRID_PROTOTYPE,SCORE_AND_GAP,0.2,0.08,83,63,56.84931506849315,0.8433734939759037,13
sentence-transformers/paraphrase-multilingual-MiniLM-L12-v2,HYBRID_PROTOTYPE,SCORE_AND_GAP,0.2,0.1,64,82,43.83561643835616,0.84375,10
sentence-transformers/paraphrase-multilingual-MiniLM-L12-v2,HYBRID_PROTOTYPE,SCORE_AND_GAP,0.2,0.12,51,95,34.93150684931507,0.8823529411764706,6
sentence-transformers/paraphrase-multilingual-MiniLM-L12-v2,HYBRID_PROTOTYPE,SCORE_AND_GAP,0.2,0.15,40,106,27.397260273972602,0.925,3
sentence-transformers/paraphrase-multilingual-MiniLM-L12-v2,HYBRID_PROTOTYPE,SCORE_AND_GAP,0.2,0.2,17,129,11.643835616438356,1.0,0
sentence-transformers/paraphrase-multilingual-MiniLM-L12-v2,HYBRID_PROTOTYPE,SCORE_AND_GAP,0.25,0.01,129,17,88.35616438356165,0.7441860465116279,33
sentence-transformers/paraphrase-multilingual-MiniLM-L12-v2,HYBRID_PROTOTYPE,SCORE_AND_GAP,0.25,0.02,120,26,82.1917808219178,0.7666666666666667,28
sentence-transformers/paraphrase-multilingual-MiniLM-L12-v2,HYBRID_PROTOTYPE,SCORE_AND_GAP,0.25,0.03,116,30,79.45205479452055,0.7758620689655172,26
sentence-transformers/paraphrase-multilingual-MiniLM-L12-v2,HYBRID_PROTOTYPE,SCORE_AND_GAP,0.25,0.04,113,33,77.3972602739726,0.7964601769911505,23
sentence-transformers/paraphrase-multilingual-MiniLM-L12-v2,HYBRID_PROTOTYPE,SCORE_AND_GAP,0.25,0.05,108,38,73.97260273972603,0.8055555555555556,21
sentence-transformers/paraphrase-multilingual-MiniLM-L12-v2,HYBRID_PROTOTYPE,SCORE_AND_GAP,0.25,0.06,99,47,67.8082191780822,0.8383838383838383,16
sentence-transformers/paraphrase-multilingual-MiniLM-L12-v2,HYBRID_PROTOTYPE,SCORE_AND_GAP,0.25,0.08,83,63,56.84931506849315,0.8433734939759037,13
sentence-transformers/paraphrase-multilingual-MiniLM-L12-v2,HYBRID_PROTOTYPE,SCORE_AND_GAP,0.25,0.1,64,82,43.83561643835616,0.84375,10
sentence-transformers/paraphrase-multilingual-MiniLM-L12-v2,HYBRID_PROTOTYPE,SCORE_AND_GAP,0.25,0.12,51,95,34.93150684931507,0.8823529411764706,6
sentence-transformers/paraphrase-multilingual-MiniLM-L12-v2,HYBRID_PROTOTYPE,SCORE_AND_GAP,0.25,0.15,40,106,27.397260273972602,0.925,3
sentence-transformers/paraphrase-multilingual-MiniLM-L12-v2,HYBRID_PROTOTYPE,SCORE_AND_GAP,0.25,0.2,17,129,11.643835616438356,1.0,0
sentence-transformers/paraphrase-multilingual-MiniLM-L12-v2,HYBRID_PROTOTYPE,SCORE_AND_GAP,0.3,0.01,121,25,82.87671232876713,0.7603305785123967,29
sentence-transformers/paraphrase-multilingual-MiniLM-L12-v2,HYBRID_PROTOTYPE,SCORE_AND_GAP,0.3,0.02,115,31,78.76712328767124,0.782608695652174,25
sentence-transformers/paraphrase-multilingual-MiniLM-L12-v2,HYBRID_PROTOTYPE,SCORE_AND_GAP,0.3,0.03,113,33,77.3972602739726,0.7876106194690266,24
sentence-transformers/paraphrase-multilingual-MiniLM-L12-v2,HYBRID_PROTOTYPE,SCORE_AND_GAP,0.3,0.04,110,36,75.34246575342466,0.8090909090909091,21
sentence-transformers/paraphrase-multilingual-MiniLM-L12-v2,HYBRID_PROTOTYPE,SCORE_AND_GAP,0.3,0.05,105,41,71.91780821917808,0.819047619047619,19
sentence-transformers/paraphrase-multilingual-MiniLM-L12-v2,HYBRID_PROTOTYPE,SCORE_AND_GAP,0.3,0.06,97,49,66.43835616438356,0.845360824742268,15
sentence-transformers/paraphrase-multilingual-MiniLM-L12-v2,HYBRID_PROTOTYPE,SCORE_AND_GAP,0.3,0.08,83,63,56.84931506849315,0.8433734939759037,13
sentence-transformers/paraphrase-multilingual-MiniLM-L12-v2,HYBRID_PROTOTYPE,SCORE_AND_GAP,0.3,0.1,64,82,43.83561643835616,0.84375,10
sentence-transformers/paraphrase-multilingual-MiniLM-L12-v2,HYBRID_PROTOTYPE,SCORE_AND_GAP,0.3,0.12,51,95,34.93150684931507,0.8823529411764706,6
sentence-transformers/paraphrase-multilingual-MiniLM-L12-v2,HYBRID_PROTOTYPE,SCORE_AND_GAP,0.3,0.15,40,106,27.397260273972602,0.925,3
sentence-transformers/paraphrase-multilingual-MiniLM-L12-v2,HYBRID_PROTOTYPE,SCORE_AND_GAP,0.3,0.2,17,129,11.643835616438356,1.0,0
sentence-transformers/paraphrase-multilingual-MiniLM-L12-v2,HYBRID_PROTOTYPE,SCORE_AND_GAP,0.35,0.01,113,33,77.3972602739726,0.7522123893805309,28
sentence-transformers/paraphrase-multilingual-MiniLM-L12-v2,HYBRID_PROTOTYPE,SCORE_AND_GAP,0.35,0.02,107,39,73.28767123287672,0.7757009345794392,24
sentence-transformers/paraphrase-multilingual-MiniLM-L12-v2,HYBRID_PROTOTYPE,SCORE_AND_GAP,0.35,0.03,105,41,71.91780821917808,0.780952380952381,23
sentence-transformers/paraphrase-multilingual-MiniLM-L12-v2,HYBRID_PROTOTYPE,SCORE_AND_GAP,0.35,0.04,102,44,69.86301369863014,0.803921568627451,20
sentence-transformers/paraphrase-multilingual-MiniLM-L12-v2,HYBRID_PROTOTYPE,SCORE_AND_GAP,0.35,0.05,97,49,66.43835616438356,0.8144329896907216,18
sentence-transformers/paraphrase-multilingual-MiniLM-L12-v2,HYBRID_PROTOTYPE,SCORE_AND_GAP,0.35,0.06,91,55,62.32876712328767,0.8351648351648352,15
sentence-transformers/paraphrase-multilingual-MiniLM-L12-v2,HYBRID_PROTOTYPE,SCORE_AND_GAP,0.35,0.08,77,69,52.73972602739726,0.8311688311688312,13
sentence-transformers/paraphrase-multilingual-MiniLM-L12-v2,HYBRID_PROTOTYPE,SCORE_AND_GAP,0.35,0.1,61,85,41.78082191780822,0.8360655737704918,10
sentence-transformers/paraphrase-multilingual-MiniLM-L12-v2,HYBRID_PROTOTYPE,SCORE_AND_GAP,0.35,0.12,51,95,34.93150684931507,0.8823529411764706,6
sentence-transformers/paraphrase-multilingual-MiniLM-L12-v2,HYBRID_PROTOTYPE,SCORE_AND_GAP,0.35,0.15,40,106,27.397260273972602,0.925,3
sentence-transformers/paraphrase-multilingual-MiniLM-L12-v2,HYBRID_PROTOTYPE,SCORE_AND_GAP,0.35,0.2,17,129,11.643835616438356,1.0,0
sentence-transformers/paraphrase-multilingual-MiniLM-L12-v2,HYBRID_PROTOTYPE,SCORE_AND_GAP,0.4,0.01,95,51,65.06849315068493,0.7789473684210526,21
sentence-transformers/paraphrase-multilingual-MiniLM-L12-v2,HYBRID_PROTOTYPE,SCORE_AND_GAP,0.4,0.02,90,56,61.64383561643836,0.8111111111111111,17
sentence-transformers/paraphrase-multilingual-MiniLM-L12-v2,HYBRID_PROTOTYPE,SCORE_AND_GAP,0.4,0.03,88,58,60.273972602739725,0.8181818181818182,16
sentence-transformers/paraphrase-multilingual-MiniLM-L12-v2,HYBRID_PROTOTYPE,SCORE_AND_GAP,0.4,0.04,86,60,58.9041095890411,0.8372093023255814,14
sentence-transformers/paraphrase-multilingual-MiniLM-L12-v2,HYBRID_PROTOTYPE,SCORE_AND_GAP,0.4,0.05,82,64,56.16438356164384,0.8536585365853658,12
sentence-transformers/paraphrase-multilingual-MiniLM-L12-v2,HYBRID_PROTOTYPE,SCORE_AND_GAP,0.4,0.06,79,67,54.10958904109589,0.8734177215189873,10
sentence-transformers/paraphrase-multilingual-MiniLM-L12-v2,HYBRID_PROTOTYPE,SCORE_AND_GAP,0.4,0.08,67,79,45.89041095890411,0.8656716417910447,9
sentence-transformers/paraphrase-multilingual-MiniLM-L12-v2,HYBRID_PROTOTYPE,SCORE_AND_GAP,0.4,0.1,54,92,36.986301369863014,0.8703703703703703,7
sentence-transformers/paraphrase-multilingual-MiniLM-L12-v2,HYBRID_PROTOTYPE,SCORE_AND_GAP,0.4,0.12,49,97,33.56164383561644,0.8979591836734694,5
sentence-transformers/paraphrase-multilingual-MiniLM-L12-v2,HYBRID_PROTOTYPE,SCORE_AND_GAP,0.4,0.15,40,106,27.397260273972602,0.925,3
sentence-transformers/paraphrase-multilingual-MiniLM-L12-v2,HYBRID_PROTOTYPE,SCORE_AND_GAP,0.4,0.2,17,129,11.643835616438356,1.0,0
sentence-transformers/paraphrase-multilingual-MiniLM-L12-v2,HYBRID_PROTOTYPE,SCORE_AND_GAP,0.45,0.01,75,71,51.36986301369863,0.84,12
sentence-transformers/paraphrase-multilingual-MiniLM-L12-v2,HYBRID_PROTOTYPE,SCORE_AND_GAP,0.45,0.02,73,73,50.0,0.863013698630137,10
sentence-transformers/paraphrase-multilingual-MiniLM-L12-v2,HYBRID_PROTOTYPE,SCORE_AND_GAP,0.45,0.03,73,73,50.0,0.863013698630137,10
sentence-transformers/paraphrase-multilingual-MiniLM-L12-v2,HYBRID_PROTOTYPE,SCORE_AND_GAP,0.45,0.04,72,74,49.31506849315068,0.875,9
sentence-transformers/paraphrase-multilingual-MiniLM-L12-v2,HYBRID_PROTOTYPE,SCORE_AND_GAP,0.45,0.05,69,77,47.26027397260274,0.8840579710144928,8
sentence-transformers/paraphrase-multilingual-MiniLM-L12-v2,HYBRID_PROTOTYPE,SCORE_AND_GAP,0.45,0.06,67,79,45.89041095890411,0.8955223880597015,7
sentence-transformers/paraphrase-multilingual-MiniLM-L12-v2,HYBRID_PROTOTYPE,SCORE_AND_GAP,0.45,0.08,58,88,39.726027397260275,0.8793103448275862,7
sentence-transformers/paraphrase-multilingual-MiniLM-L12-v2,HYBRID_PROTOTYPE,SCORE_AND_GAP,0.45,0.1,46,100,31.506849315068493,0.8913043478260869,5
sentence-transformers/paraphrase-multilingual-MiniLM-L12-v2,HYBRID_PROTOTYPE,SCORE_AND_GAP,0.45,0.12,43,103,29.45205479452055,0.9069767441860465,4
sentence-transformers/paraphrase-multilingual-MiniLM-L12-v2,HYBRID_PROTOTYPE,SCORE_AND_GAP,0.45,0.15,36,110,24.65753424657534,0.9444444444444444,2
sentence-transformers/paraphrase-multilingual-MiniLM-L12-v2,HYBRID_PROTOTYPE,SCORE_AND_GAP,0.45,0.2,17,129,11.643835616438356,1.0,0
sentence-transformers/paraphrase-multilingual-MiniLM-L12-v2,HYBRID_PROTOTYPE,SCORE_AND_GAP,0.5,0.01,59,87,40.41095890410959,0.8813559322033898,7
sentence-transformers/paraphrase-multilingual-MiniLM-L12-v2,HYBRID_PROTOTYPE,SCORE_AND_GAP,0.5,0.02,58,88,39.726027397260275,0.896551724137931,6
sentence-transformers/paraphrase-multilingual-MiniLM-L12-v2,HYBRID_PROTOTYPE,SCORE_AND_GAP,0.5,0.03,58,88,39.726027397260275,0.896551724137931,6
sentence-transformers/paraphrase-multilingual-MiniLM-L12-v2,HYBRID_PROTOTYPE,SCORE_AND_GAP,0.5,0.04,57,89,39.04109589041096,0.9122807017543859,5
sentence-transformers/paraphrase-multilingual-MiniLM-L12-v2,HYBRID_PROTOTYPE,SCORE_AND_GAP,0.5,0.05,55,91,37.67123287671233,0.9272727272727272,4
sentence-transformers/paraphrase-multilingual-MiniLM-L12-v2,HYBRID_PROTOTYPE,SCORE_AND_GAP,0.5,0.06,53,93,36.3013698630137,0.9433962264150944,3
sentence-transformers/paraphrase-multilingual-MiniLM-L12-v2,HYBRID_PROTOTYPE,SCORE_AND_GAP,0.5,0.08,46,100,31.506849315068493,0.9347826086956522,3
sentence-transformers/paraphrase-multilingual-MiniLM-L12-v2,HYBRID_PROTOTYPE,SCORE_AND_GAP,0.5,0.1,36,110,24.65753424657534,0.9444444444444444,2
sentence-transformers/paraphrase-multilingual-MiniLM-L12-v2,HYBRID_PROTOTYPE,SCORE_AND_GAP,0.5,0.12,34,112,23.28767123287671,0.9411764705882353,2
sentence-transformers/paraphrase-multilingual-MiniLM-L12-v2,HYBRID_PROTOTYPE,SCORE_AND_GAP,0.5,0.15,31,115,21.232876712328768,0.967741935483871,1
sentence-transformers/paraphrase-multilingual-MiniLM-L12-v2,HYBRID_PROTOTYPE,SCORE_AND_GAP,0.5,0.2,17,129,11.643835616438356,1.0,0
sentence-transformers/paraphrase-multilingual-MiniLM-L12-v2,HYBRID_PROTOTYPE,SCORE_AND_GAP,0.55,0.01,34,112,23.28767123287671,0.9411764705882353,2
sentence-transformers/paraphrase-multilingual-MiniLM-L12-v2,HYBRID_PROTOTYPE,SCORE_AND_GAP,0.55,0.02,34,112,23.28767123287671,0.9411764705882353,2
sentence-transformers/paraphrase-multilingual-MiniLM-L12-v2,HYBRID_PROTOTYPE,SCORE_AND_GAP,0.55,0.03,34,112,23.28767123287671,0.9411764705882353,2
sentence-transformers/paraphrase-multilingual-MiniLM-L12-v2,HYBRID_PROTOTYPE,SCORE_AND_GAP,0.55,0.04,34,112,23.28767123287671,0.9411764705882353,2
sentence-transformers/paraphrase-multilingual-MiniLM-L12-v2,HYBRID_PROTOTYPE,SCORE_AND_GAP,0.55,0.05,33,113,22.602739726027398,0.9393939393939394,2
sentence-transformers/paraphrase-multilingual-MiniLM-L12-v2,HYBRID_PROTOTYPE,SCORE_AND_GAP,0.55,0.06,32,114,21.91780821917808,0.96875,1
sentence-transformers/paraphrase-multilingual-MiniLM-L12-v2,HYBRID_PROTOTYPE,SCORE_AND_GAP,0.55,0.08,29,117,19.863013698630137,0.9655172413793104,1
sentence-transformers/paraphrase-multilingual-MiniLM-L12-v2,HYBRID_PROTOTYPE,SCORE_AND_GAP,0.55,0.1,23,123,15.753424657534246,1.0,0
sentence-transformers/paraphrase-multilingual-MiniLM-L12-v2,HYBRID_PROTOTYPE,SCORE_AND_GAP,0.55,0.12,22,124,15.068493150684931,1.0,0
sentence-transformers/paraphrase-multilingual-MiniLM-L12-v2,HYBRID_PROTOTYPE,SCORE_AND_GAP,0.55,0.15,20,126,13.698630136986301,1.0,0
sentence-transformers/paraphrase-multilingual-MiniLM-L12-v2,HYBRID_PROTOTYPE,SCORE_AND_GAP,0.55,0.2,13,133,8.904109589041095,1.0,0
sentence-transformers/paraphrase-multilingual-MiniLM-L12-v2,HYBRID_PROTOTYPE,SCORE_AND_GAP,0.6,0.01,18,128,12.32876712328767,1.0,0
sentence-transformers/paraphrase-multilingual-MiniLM-L12-v2,HYBRID_PROTOTYPE,SCORE_AND_GAP,0.6,0.02,18,128,12.32876712328767,1.0,0
sentence-transformers/paraphrase-multilingual-MiniLM-L12-v2,HYBRID_PROTOTYPE,SCORE_AND_GAP,0.6,0.03,18,128,12.32876712328767,1.0,0
sentence-transformers/paraphrase-multilingual-MiniLM-L12-v2,HYBRID_PROTOTYPE,SCORE_AND_GAP,0.6,0.04,18,128,12.32876712328767,1.0,0
sentence-transformers/paraphrase-multilingual-MiniLM-L12-v2,HYBRID_PROTOTYPE,SCORE_AND_GAP,0.6,0.05,17,129,11.643835616438356,1.0,0
sentence-transformers/paraphrase-multilingual-MiniLM-L12-v2,HYBRID_PROTOTYPE,SCORE_AND_GAP,0.6,0.06,17,129,11.643835616438356,1.0,0
sentence-transformers/paraphrase-multilingual-MiniLM-L12-v2,HYBRID_PROTOTYPE,SCORE_AND_GAP,0.6,0.08,17,129,11.643835616438356,1.0,0
sentence-transformers/paraphrase-multilingual-MiniLM-L12-v2,HYBRID_PROTOTYPE,SCORE_AND_GAP,0.6,0.1,14,132,9.58904109589041,1.0,0
sentence-transformers/paraphrase-multilingual-MiniLM-L12-v2,HYBRID_PROTOTYPE,SCORE_AND_GAP,0.6,0.12,13,133,8.904109589041095,1.0,0
sentence-transformers/paraphrase-multilingual-MiniLM-L12-v2,HYBRID_PROTOTYPE,SCORE_AND_GAP,0.6,0.15,12,134,8.219178082191782,1.0,0
sentence-transformers/paraphrase-multilingual-MiniLM-L12-v2,HYBRID_PROTOTYPE,SCORE_AND_GAP,0.6,0.2,10,136,6.8493150684931505,1.0,0
sentence-transformers/paraphrase-multilingual-MiniLM-L12-v2,HYBRID_PROTOTYPE,SCORE_AND_GAP,0.65,0.01,12,134,8.219178082191782,1.0,0
sentence-transformers/paraphrase-multilingual-MiniLM-L12-v2,HYBRID_PROTOTYPE,SCORE_AND_GAP,0.65,0.02,12,134,8.219178082191782,1.0,0
sentence-transformers/paraphrase-multilingual-MiniLM-L12-v2,HYBRID_PROTOTYPE,SCORE_AND_GAP,0.65,0.03,12,134,8.219178082191782,1.0,0
sentence-transformers/paraphrase-multilingual-MiniLM-L12-v2,HYBRID_PROTOTYPE,SCORE_AND_GAP,0.65,0.04,12,134,8.219178082191782,1.0,0
sentence-transformers/paraphrase-multilingual-MiniLM-L12-v2,HYBRID_PROTOTYPE,SCORE_AND_GAP,0.65,0.05,11,135,7.534246575342466,1.0,0
sentence-transformers/paraphrase-multilingual-MiniLM-L12-v2,HYBRID_PROTOTYPE,SCORE_AND_GAP,0.65,0.06,11,135,7.534246575342466,1.0,0
sentence-transformers/paraphrase-multilingual-MiniLM-L12-v2,HYBRID_PROTOTYPE,SCORE_AND_GAP,0.65,0.08,11,135,7.534246575342466,1.0,0
sentence-transformers/paraphrase-multilingual-MiniLM-L12-v2,HYBRID_PROTOTYPE,SCORE_AND_GAP,0.65,0.1,9,137,6.164383561643835,1.0,0
sentence-transformers/paraphrase-multilingual-MiniLM-L12-v2,HYBRID_PROTOTYPE,SCORE_AND_GAP,0.65,0.12,8,138,5.47945205479452,1.0,0
sentence-transformers/paraphrase-multilingual-MiniLM-L12-v2,HYBRID_PROTOTYPE,SCORE_AND_GAP,0.65,0.15,7,139,4.794520547945205,1.0,0
sentence-transformers/paraphrase-multilingual-MiniLM-L12-v2,HYBRID_PROTOTYPE,SCORE_AND_GAP,0.65,0.2,6,140,4.109589041095891,1.0,0
sentence-transformers/paraphrase-multilingual-MiniLM-L12-v2,HYBRID_PROTOTYPE,SCORE_AND_GAP,0.7,0.01,7,139,4.794520547945205,1.0,0
sentence-transformers/paraphrase-multilingual-MiniLM-L12-v2,HYBRID_PROTOTYPE,SCORE_AND_GAP,0.7,0.02,7,139,4.794520547945205,1.0,0
sentence-transformers/paraphrase-multilingual-MiniLM-L12-v2,HYBRID_PROTOTYPE,SCORE_AND_GAP,0.7,0.03,7,139,4.794520547945205,1.0,0
sentence-transformers/paraphrase-multilingual-MiniLM-L12-v2,HYBRID_PROTOTYPE,SCORE_AND_GAP,0.7,0.04,7,139,4.794520547945205,1.0,0
sentence-transformers/paraphrase-multilingual-MiniLM-L12-v2,HYBRID_PROTOTYPE,SCORE_AND_GAP,0.7,0.05,7,139,4.794520547945205,1.0,0
sentence-transformers/paraphrase-multilingual-MiniLM-L12-v2,HYBRID_PROTOTYPE,SCORE_AND_GAP,0.7,0.06,7,139,4.794520547945205,1.0,0
sentence-transformers/paraphrase-multilingual-MiniLM-L12-v2,HYBRID_PROTOTYPE,SCORE_AND_GAP,0.7,0.08,7,139,4.794520547945205,1.0,0
sentence-transformers/paraphrase-multilingual-MiniLM-L12-v2,HYBRID_PROTOTYPE,SCORE_AND_GAP,0.7,0.1,6,140,4.109589041095891,1.0,0
sentence-transformers/paraphrase-multilingual-MiniLM-L12-v2,HYBRID_PROTOTYPE,SCORE_AND_GAP,0.7,0.12,6,140,4.109589041095891,1.0,0
sentence-transformers/paraphrase-multilingual-MiniLM-L12-v2,HYBRID_PROTOTYPE,SCORE_AND_GAP,0.7,0.15,5,141,3.4246575342465753,1.0,0
sentence-transformers/paraphrase-multilingual-MiniLM-L12-v2,HYBRID_PROTOTYPE,SCORE_AND_GAP,0.7,0.2,4,142,2.73972602739726,1.0,0
sentence-transformers/paraphrase-multilingual-MiniLM-L12-v2,HYBRID_PROTOTYPE,SCORE_AND_GAP,0.75,0.01,0,146,0.0,,0
sentence-transformers/paraphrase-multilingual-MiniLM-L12-v2,HYBRID_PROTOTYPE,SCORE_AND_GAP,0.75,0.02,0,146,0.0,,0
sentence-transformers/paraphrase-multilingual-MiniLM-L12-v2,HYBRID_PROTOTYPE,SCORE_AND_GAP,0.75,0.03,0,146,0.0,,0
sentence-transformers/paraphrase-multilingual-MiniLM-L12-v2,HYBRID_PROTOTYPE,SCORE_AND_GAP,0.75,0.04,0,146,0.0,,0
sentence-transformers/paraphrase-multilingual-MiniLM-L12-v2,HYBRID_PROTOTYPE,SCORE_AND_GAP,0.75,0.05,0,146,0.0,,0
sentence-transformers/paraphrase-multilingual-MiniLM-L12-v2,HYBRID_PROTOTYPE,SCORE_AND_GAP,0.75,0.06,0,146,0.0,,0
sentence-transformers/paraphrase-multilingual-MiniLM-L12-v2,HYBRID_PROTOTYPE,SCORE_AND_GAP,0.75,0.08,0,146,0.0,,0
sentence-transformers/paraphrase-multilingual-MiniLM-L12-v2,HYBRID_PROTOTYPE,SCORE_AND_GAP,0.75,0.1,0,146,0.0,,0
sentence-transformers/paraphrase-multilingual-MiniLM-L12-v2,HYBRID_PROTOTYPE,SCORE_AND_GAP,0.75,0.12,0,146,0.0,,0
sentence-transformers/paraphrase-multilingual-MiniLM-L12-v2,HYBRID_PROTOTYPE,SCORE_AND_GAP,0.75,0.15,0,146,0.0,,0
sentence-transformers/paraphrase-multilingual-MiniLM-L12-v2,HYBRID_PROTOTYPE,SCORE_AND_GAP,0.75,0.2,0,146,0.0,,0
sentence-transformers/paraphrase-multilingual-MiniLM-L12-v2,HYBRID_PROTOTYPE,SCORE_AND_GAP,0.8,0.01,0,146,0.0,,0
sentence-transformers/paraphrase-multilingual-MiniLM-L12-v2,HYBRID_PROTOTYPE,SCORE_AND_GAP,0.8,0.02,0,146,0.0,,0
sentence-transformers/paraphrase-multilingual-MiniLM-L12-v2,HYBRID_PROTOTYPE,SCORE_AND_GAP,0.8,0.03,0,146,0.0,,0
sentence-transformers/paraphrase-multilingual-MiniLM-L12-v2,HYBRID_PROTOTYPE,SCORE_AND_GAP,0.8,0.04,0,146,0.0,,0
sentence-transformers/paraphrase-multilingual-MiniLM-L12-v2,HYBRID_PROTOTYPE,SCORE_AND_GAP,0.8,0.05,0,146,0.0,,0
sentence-transformers/paraphrase-multilingual-MiniLM-L12-v2,HYBRID_PROTOTYPE,SCORE_AND_GAP,0.8,0.06,0,146,0.0,,0
sentence-transformers/paraphrase-multilingual-MiniLM-L12-v2,HYBRID_PROTOTYPE,SCORE_AND_GAP,0.8,0.08,0,146,0.0,,0
sentence-transformers/paraphrase-multilingual-MiniLM-L12-v2,HYBRID_PROTOTYPE,SCORE_AND_GAP,0.8,0.1,0,146,0.0,,0
sentence-transformers/paraphrase-multilingual-MiniLM-L12-v2,HYBRID_PROTOTYPE,SCORE_AND_GAP,0.8,0.12,0,146,0.0,,0
sentence-transformers/paraphrase-multilingual-MiniLM-L12-v2,HYBRID_PROTOTYPE,SCORE_AND_GAP,0.8,0.15,0,146,0.0,,0
sentence-transformers/paraphrase-multilingual-MiniLM-L12-v2,HYBRID_PROTOTYPE,SCORE_AND_GAP,0.8,0.2,0,146,0.0,,0
sentence-transformers/paraphrase-multilingual-MiniLM-L12-v2,HYBRID_PROTOTYPE,SCORE_AND_GAP,0.85,0.01,0,146,0.0,,0
sentence-transformers/paraphrase-multilingual-MiniLM-L12-v2,HYBRID_PROTOTYPE,SCORE_AND_GAP,0.85,0.02,0,146,0.0,,0
sentence-transformers/paraphrase-multilingual-MiniLM-L12-v2,HYBRID_PROTOTYPE,SCORE_AND_GAP,0.85,0.03,0,146,0.0,,0
sentence-transformers/paraphrase-multilingual-MiniLM-L12-v2,HYBRID_PROTOTYPE,SCORE_AND_GAP,0.85,0.04,0,146,0.0,,0
sentence-transformers/paraphrase-multilingual-MiniLM-L12-v2,HYBRID_PROTOTYPE,SCORE_AND_GAP,0.85,0.05,0,146,0.0,,0
sentence-transformers/paraphrase-multilingual-MiniLM-L12-v2,HYBRID_PROTOTYPE,SCORE_AND_GAP,0.85,0.06,0,146,0.0,,0
sentence-transformers/paraphrase-multilingual-MiniLM-L12-v2,HYBRID_PROTOTYPE,SCORE_AND_GAP,0.85,0.08,0,146,0.0,,0
sentence-transformers/paraphrase-multilingual-MiniLM-L12-v2,HYBRID_PROTOTYPE,SCORE_AND_GAP,0.85,0.1,0,146,0.0,,0
sentence-transformers/paraphrase-multilingual-MiniLM-L12-v2,HYBRID_PROTOTYPE,SCORE_AND_GAP,0.85,0.12,0,146,0.0,,0
sentence-transformers/paraphrase-multilingual-MiniLM-L12-v2,HYBRID_PROTOTYPE,SCORE_AND_GAP,0.85,0.15,0,146,0.0,,0
sentence-transformers/paraphrase-multilingual-MiniLM-L12-v2,HYBRID_PROTOTYPE,SCORE_AND_GAP,0.85,0.2,0,146,0.0,,0
sentence-transformers/paraphrase-multilingual-MiniLM-L12-v2,HYBRID_PROTOTYPE,SCORE_AND_GAP,0.9,0.01,0,146,0.0,,0
sentence-transformers/paraphrase-multilingual-MiniLM-L12-v2,HYBRID_PROTOTYPE,SCORE_AND_GAP,0.9,0.02,0,146,0.0,,0
sentence-transformers/paraphrase-multilingual-MiniLM-L12-v2,HYBRID_PROTOTYPE,SCORE_AND_GAP,0.9,0.03,0,146,0.0,,0
sentence-transformers/paraphrase-multilingual-MiniLM-L12-v2,HYBRID_PROTOTYPE,SCORE_AND_GAP,0.9,0.04,0,146,0.0,,0
sentence-transformers/paraphrase-multilingual-MiniLM-L12-v2,HYBRID_PROTOTYPE,SCORE_AND_GAP,0.9,0.05,0,146,0.0,,0
sentence-transformers/paraphrase-multilingual-MiniLM-L12-v2,HYBRID_PROTOTYPE,SCORE_AND_GAP,0.9,0.06,0,146,0.0,,0
sentence-transformers/paraphrase-multilingual-MiniLM-L12-v2,HYBRID_PROTOTYPE,SCORE_AND_GAP,0.9,0.08,0,146,0.0,,0
sentence-transformers/paraphrase-multilingual-MiniLM-L12-v2,HYBRID_PROTOTYPE,SCORE_AND_GAP,0.9,0.1,0,146,0.0,,0
sentence-transformers/paraphrase-multilingual-MiniLM-L12-v2,HYBRID_PROTOTYPE,SCORE_AND_GAP,0.9,0.12,0,146,0.0,,0
sentence-transformers/paraphrase-multilingual-MiniLM-L12-v2,HYBRID_PROTOTYPE,SCORE_AND_GAP,0.9,0.15,0,146,0.0,,0
sentence-transformers/paraphrase-multilingual-MiniLM-L12-v2,HYBRID_PROTOTYPE,SCORE_AND_GAP,0.9,0.2,0,146,0.0,,0
intfloat/multilingual-e5-small,DESCRIPTION_ONLY,GAP_ONLY,,0.01,79,67,54.10958904109589,0.9240506329113924,6
intfloat/multilingual-e5-small,DESCRIPTION_ONLY,GAP_ONLY,,0.02,45,101,30.82191780821918,0.9777777777777777,1
intfloat/multilingual-e5-small,DESCRIPTION_ONLY,GAP_ONLY,,0.03,23,123,15.753424657534246,1.0,0
intfloat/multilingual-e5-small,DESCRIPTION_ONLY,GAP_ONLY,,0.04,10,136,6.8493150684931505,1.0,0
intfloat/multilingual-e5-small,DESCRIPTION_ONLY,GAP_ONLY,,0.05,6,140,4.109589041095891,1.0,0
intfloat/multilingual-e5-small,DESCRIPTION_ONLY,GAP_ONLY,,0.06,1,145,0.684931506849315,1.0,0
intfloat/multilingual-e5-small,DESCRIPTION_ONLY,GAP_ONLY,,0.08,0,146,0.0,,0
intfloat/multilingual-e5-small,DESCRIPTION_ONLY,GAP_ONLY,,0.1,0,146,0.0,,0
intfloat/multilingual-e5-small,DESCRIPTION_ONLY,GAP_ONLY,,0.12,0,146,0.0,,0
intfloat/multilingual-e5-small,DESCRIPTION_ONLY,GAP_ONLY,,0.15,0,146,0.0,,0
intfloat/multilingual-e5-small,DESCRIPTION_ONLY,GAP_ONLY,,0.2,0,146,0.0,,0
intfloat/multilingual-e5-small,DESCRIPTION_ONLY,SCORE_AND_GAP,0.2,0.01,79,67,54.10958904109589,0.9240506329113924,6
intfloat/multilingual-e5-small,DESCRIPTION_ONLY,SCORE_AND_GAP,0.2,0.02,45,101,30.82191780821918,0.9777777777777777,1
intfloat/multilingual-e5-small,DESCRIPTION_ONLY,SCORE_AND_GAP,0.2,0.03,23,123,15.753424657534246,1.0,0
intfloat/multilingual-e5-small,DESCRIPTION_ONLY,SCORE_AND_GAP,0.2,0.04,10,136,6.8493150684931505,1.0,0
intfloat/multilingual-e5-small,DESCRIPTION_ONLY,SCORE_AND_GAP,0.2,0.05,6,140,4.109589041095891,1.0,0
intfloat/multilingual-e5-small,DESCRIPTION_ONLY,SCORE_AND_GAP,0.2,0.06,1,145,0.684931506849315,1.0,0
intfloat/multilingual-e5-small,DESCRIPTION_ONLY,SCORE_AND_GAP,0.2,0.08,0,146,0.0,,0
intfloat/multilingual-e5-small,DESCRIPTION_ONLY,SCORE_AND_GAP,0.2,0.1,0,146,0.0,,0
intfloat/multilingual-e5-small,DESCRIPTION_ONLY,SCORE_AND_GAP,0.2,0.12,0,146,0.0,,0
intfloat/multilingual-e5-small,DESCRIPTION_ONLY,SCORE_AND_GAP,0.2,0.15,0,146,0.0,,0
intfloat/multilingual-e5-small,DESCRIPTION_ONLY,SCORE_AND_GAP,0.2,0.2,0,146,0.0,,0
intfloat/multilingual-e5-small,DESCRIPTION_ONLY,SCORE_AND_GAP,0.25,0.01,79,67,54.10958904109589,0.9240506329113924,6
intfloat/multilingual-e5-small,DESCRIPTION_ONLY,SCORE_AND_GAP,0.25,0.02,45,101,30.82191780821918,0.9777777777777777,1
intfloat/multilingual-e5-small,DESCRIPTION_ONLY,SCORE_AND_GAP,0.25,0.03,23,123,15.753424657534246,1.0,0
intfloat/multilingual-e5-small,DESCRIPTION_ONLY,SCORE_AND_GAP,0.25,0.04,10,136,6.8493150684931505,1.0,0
intfloat/multilingual-e5-small,DESCRIPTION_ONLY,SCORE_AND_GAP,0.25,0.05,6,140,4.109589041095891,1.0,0
intfloat/multilingual-e5-small,DESCRIPTION_ONLY,SCORE_AND_GAP,0.25,0.06,1,145,0.684931506849315,1.0,0
intfloat/multilingual-e5-small,DESCRIPTION_ONLY,SCORE_AND_GAP,0.25,0.08,0,146,0.0,,0
intfloat/multilingual-e5-small,DESCRIPTION_ONLY,SCORE_AND_GAP,0.25,0.1,0,146,0.0,,0
intfloat/multilingual-e5-small,DESCRIPTION_ONLY,SCORE_AND_GAP,0.25,0.12,0,146,0.0,,0
intfloat/multilingual-e5-small,DESCRIPTION_ONLY,SCORE_AND_GAP,0.25,0.15,0,146,0.0,,0
intfloat/multilingual-e5-small,DESCRIPTION_ONLY,SCORE_AND_GAP,0.25,0.2,0,146,0.0,,0
intfloat/multilingual-e5-small,DESCRIPTION_ONLY,SCORE_AND_GAP,0.3,0.01,79,67,54.10958904109589,0.9240506329113924,6
intfloat/multilingual-e5-small,DESCRIPTION_ONLY,SCORE_AND_GAP,0.3,0.02,45,101,30.82191780821918,0.9777777777777777,1
intfloat/multilingual-e5-small,DESCRIPTION_ONLY,SCORE_AND_GAP,0.3,0.03,23,123,15.753424657534246,1.0,0
intfloat/multilingual-e5-small,DESCRIPTION_ONLY,SCORE_AND_GAP,0.3,0.04,10,136,6.8493150684931505,1.0,0
intfloat/multilingual-e5-small,DESCRIPTION_ONLY,SCORE_AND_GAP,0.3,0.05,6,140,4.109589041095891,1.0,0
intfloat/multilingual-e5-small,DESCRIPTION_ONLY,SCORE_AND_GAP,0.3,0.06,1,145,0.684931506849315,1.0,0
intfloat/multilingual-e5-small,DESCRIPTION_ONLY,SCORE_AND_GAP,0.3,0.08,0,146,0.0,,0
intfloat/multilingual-e5-small,DESCRIPTION_ONLY,SCORE_AND_GAP,0.3,0.1,0,146,0.0,,0
intfloat/multilingual-e5-small,DESCRIPTION_ONLY,SCORE_AND_GAP,0.3,0.12,0,146,0.0,,0
intfloat/multilingual-e5-small,DESCRIPTION_ONLY,SCORE_AND_GAP,0.3,0.15,0,146,0.0,,0
intfloat/multilingual-e5-small,DESCRIPTION_ONLY,SCORE_AND_GAP,0.3,0.2,0,146,0.0,,0
intfloat/multilingual-e5-small,DESCRIPTION_ONLY,SCORE_AND_GAP,0.35,0.01,79,67,54.10958904109589,0.9240506329113924,6
intfloat/multilingual-e5-small,DESCRIPTION_ONLY,SCORE_AND_GAP,0.35,0.02,45,101,30.82191780821918,0.9777777777777777,1
intfloat/multilingual-e5-small,DESCRIPTION_ONLY,SCORE_AND_GAP,0.35,0.03,23,123,15.753424657534246,1.0,0
intfloat/multilingual-e5-small,DESCRIPTION_ONLY,SCORE_AND_GAP,0.35,0.04,10,136,6.8493150684931505,1.0,0
intfloat/multilingual-e5-small,DESCRIPTION_ONLY,SCORE_AND_GAP,0.35,0.05,6,140,4.109589041095891,1.0,0
intfloat/multilingual-e5-small,DESCRIPTION_ONLY,SCORE_AND_GAP,0.35,0.06,1,145,0.684931506849315,1.0,0
intfloat/multilingual-e5-small,DESCRIPTION_ONLY,SCORE_AND_GAP,0.35,0.08,0,146,0.0,,0
intfloat/multilingual-e5-small,DESCRIPTION_ONLY,SCORE_AND_GAP,0.35,0.1,0,146,0.0,,0
intfloat/multilingual-e5-small,DESCRIPTION_ONLY,SCORE_AND_GAP,0.35,0.12,0,146,0.0,,0
intfloat/multilingual-e5-small,DESCRIPTION_ONLY,SCORE_AND_GAP,0.35,0.15,0,146,0.0,,0
intfloat/multilingual-e5-small,DESCRIPTION_ONLY,SCORE_AND_GAP,0.35,0.2,0,146,0.0,,0
intfloat/multilingual-e5-small,DESCRIPTION_ONLY,SCORE_AND_GAP,0.4,0.01,79,67,54.10958904109589,0.9240506329113924,6
intfloat/multilingual-e5-small,DESCRIPTION_ONLY,SCORE_AND_GAP,0.4,0.02,45,101,30.82191780821918,0.9777777777777777,1
intfloat/multilingual-e5-small,DESCRIPTION_ONLY,SCORE_AND_GAP,0.4,0.03,23,123,15.753424657534246,1.0,0
intfloat/multilingual-e5-small,DESCRIPTION_ONLY,SCORE_AND_GAP,0.4,0.04,10,136,6.8493150684931505,1.0,0
intfloat/multilingual-e5-small,DESCRIPTION_ONLY,SCORE_AND_GAP,0.4,0.05,6,140,4.109589041095891,1.0,0
intfloat/multilingual-e5-small,DESCRIPTION_ONLY,SCORE_AND_GAP,0.4,0.06,1,145,0.684931506849315,1.0,0
intfloat/multilingual-e5-small,DESCRIPTION_ONLY,SCORE_AND_GAP,0.4,0.08,0,146,0.0,,0
intfloat/multilingual-e5-small,DESCRIPTION_ONLY,SCORE_AND_GAP,0.4,0.1,0,146,0.0,,0
intfloat/multilingual-e5-small,DESCRIPTION_ONLY,SCORE_AND_GAP,0.4,0.12,0,146,0.0,,0
intfloat/multilingual-e5-small,DESCRIPTION_ONLY,SCORE_AND_GAP,0.4,0.15,0,146,0.0,,0
intfloat/multilingual-e5-small,DESCRIPTION_ONLY,SCORE_AND_GAP,0.4,0.2,0,146,0.0,,0
intfloat/multilingual-e5-small,DESCRIPTION_ONLY,SCORE_AND_GAP,0.45,0.01,79,67,54.10958904109589,0.9240506329113924,6
intfloat/multilingual-e5-small,DESCRIPTION_ONLY,SCORE_AND_GAP,0.45,0.02,45,101,30.82191780821918,0.9777777777777777,1
intfloat/multilingual-e5-small,DESCRIPTION_ONLY,SCORE_AND_GAP,0.45,0.03,23,123,15.753424657534246,1.0,0
intfloat/multilingual-e5-small,DESCRIPTION_ONLY,SCORE_AND_GAP,0.45,0.04,10,136,6.8493150684931505,1.0,0
intfloat/multilingual-e5-small,DESCRIPTION_ONLY,SCORE_AND_GAP,0.45,0.05,6,140,4.109589041095891,1.0,0
intfloat/multilingual-e5-small,DESCRIPTION_ONLY,SCORE_AND_GAP,0.45,0.06,1,145,0.684931506849315,1.0,0
intfloat/multilingual-e5-small,DESCRIPTION_ONLY,SCORE_AND_GAP,0.45,0.08,0,146,0.0,,0
intfloat/multilingual-e5-small,DESCRIPTION_ONLY,SCORE_AND_GAP,0.45,0.1,0,146,0.0,,0
intfloat/multilingual-e5-small,DESCRIPTION_ONLY,SCORE_AND_GAP,0.45,0.12,0,146,0.0,,0
intfloat/multilingual-e5-small,DESCRIPTION_ONLY,SCORE_AND_GAP,0.45,0.15,0,146,0.0,,0
intfloat/multilingual-e5-small,DESCRIPTION_ONLY,SCORE_AND_GAP,0.45,0.2,0,146,0.0,,0
intfloat/multilingual-e5-small,DESCRIPTION_ONLY,SCORE_AND_GAP,0.5,0.01,79,67,54.10958904109589,0.9240506329113924,6
intfloat/multilingual-e5-small,DESCRIPTION_ONLY,SCORE_AND_GAP,0.5,0.02,45,101,30.82191780821918,0.9777777777777777,1
intfloat/multilingual-e5-small,DESCRIPTION_ONLY,SCORE_AND_GAP,0.5,0.03,23,123,15.753424657534246,1.0,0
intfloat/multilingual-e5-small,DESCRIPTION_ONLY,SCORE_AND_GAP,0.5,0.04,10,136,6.8493150684931505,1.0,0
intfloat/multilingual-e5-small,DESCRIPTION_ONLY,SCORE_AND_GAP,0.5,0.05,6,140,4.109589041095891,1.0,0
intfloat/multilingual-e5-small,DESCRIPTION_ONLY,SCORE_AND_GAP,0.5,0.06,1,145,0.684931506849315,1.0,0
intfloat/multilingual-e5-small,DESCRIPTION_ONLY,SCORE_AND_GAP,0.5,0.08,0,146,0.0,,0
intfloat/multilingual-e5-small,DESCRIPTION_ONLY,SCORE_AND_GAP,0.5,0.1,0,146,0.0,,0
intfloat/multilingual-e5-small,DESCRIPTION_ONLY,SCORE_AND_GAP,0.5,0.12,0,146,0.0,,0
intfloat/multilingual-e5-small,DESCRIPTION_ONLY,SCORE_AND_GAP,0.5,0.15,0,146,0.0,,0
intfloat/multilingual-e5-small,DESCRIPTION_ONLY,SCORE_AND_GAP,0.5,0.2,0,146,0.0,,0
intfloat/multilingual-e5-small,DESCRIPTION_ONLY,SCORE_AND_GAP,0.55,0.01,79,67,54.10958904109589,0.9240506329113924,6
intfloat/multilingual-e5-small,DESCRIPTION_ONLY,SCORE_AND_GAP,0.55,0.02,45,101,30.82191780821918,0.9777777777777777,1
intfloat/multilingual-e5-small,DESCRIPTION_ONLY,SCORE_AND_GAP,0.55,0.03,23,123,15.753424657534246,1.0,0
intfloat/multilingual-e5-small,DESCRIPTION_ONLY,SCORE_AND_GAP,0.55,0.04,10,136,6.8493150684931505,1.0,0
intfloat/multilingual-e5-small,DESCRIPTION_ONLY,SCORE_AND_GAP,0.55,0.05,6,140,4.109589041095891,1.0,0
intfloat/multilingual-e5-small,DESCRIPTION_ONLY,SCORE_AND_GAP,0.55,0.06,1,145,0.684931506849315,1.0,0
intfloat/multilingual-e5-small,DESCRIPTION_ONLY,SCORE_AND_GAP,0.55,0.08,0,146,0.0,,0
intfloat/multilingual-e5-small,DESCRIPTION_ONLY,SCORE_AND_GAP,0.55,0.1,0,146,0.0,,0
intfloat/multilingual-e5-small,DESCRIPTION_ONLY,SCORE_AND_GAP,0.55,0.12,0,146,0.0,,0
intfloat/multilingual-e5-small,DESCRIPTION_ONLY,SCORE_AND_GAP,0.55,0.15,0,146,0.0,,0
intfloat/multilingual-e5-small,DESCRIPTION_ONLY,SCORE_AND_GAP,0.55,0.2,0,146,0.0,,0
intfloat/multilingual-e5-small,DESCRIPTION_ONLY,SCORE_AND_GAP,0.6,0.01,79,67,54.10958904109589,0.9240506329113924,6
intfloat/multilingual-e5-small,DESCRIPTION_ONLY,SCORE_AND_GAP,0.6,0.02,45,101,30.82191780821918,0.9777777777777777,1
intfloat/multilingual-e5-small,DESCRIPTION_ONLY,SCORE_AND_GAP,0.6,0.03,23,123,15.753424657534246,1.0,0
intfloat/multilingual-e5-small,DESCRIPTION_ONLY,SCORE_AND_GAP,0.6,0.04,10,136,6.8493150684931505,1.0,0
intfloat/multilingual-e5-small,DESCRIPTION_ONLY,SCORE_AND_GAP,0.6,0.05,6,140,4.109589041095891,1.0,0
intfloat/multilingual-e5-small,DESCRIPTION_ONLY,SCORE_AND_GAP,0.6,0.06,1,145,0.684931506849315,1.0,0
intfloat/multilingual-e5-small,DESCRIPTION_ONLY,SCORE_AND_GAP,0.6,0.08,0,146,0.0,,0
intfloat/multilingual-e5-small,DESCRIPTION_ONLY,SCORE_AND_GAP,0.6,0.1,0,146,0.0,,0
intfloat/multilingual-e5-small,DESCRIPTION_ONLY,SCORE_AND_GAP,0.6,0.12,0,146,0.0,,0
intfloat/multilingual-e5-small,DESCRIPTION_ONLY,SCORE_AND_GAP,0.6,0.15,0,146,0.0,,0
intfloat/multilingual-e5-small,DESCRIPTION_ONLY,SCORE_AND_GAP,0.6,0.2,0,146,0.0,,0
intfloat/multilingual-e5-small,DESCRIPTION_ONLY,SCORE_AND_GAP,0.65,0.01,79,67,54.10958904109589,0.9240506329113924,6
intfloat/multilingual-e5-small,DESCRIPTION_ONLY,SCORE_AND_GAP,0.65,0.02,45,101,30.82191780821918,0.9777777777777777,1
intfloat/multilingual-e5-small,DESCRIPTION_ONLY,SCORE_AND_GAP,0.65,0.03,23,123,15.753424657534246,1.0,0
intfloat/multilingual-e5-small,DESCRIPTION_ONLY,SCORE_AND_GAP,0.65,0.04,10,136,6.8493150684931505,1.0,0
intfloat/multilingual-e5-small,DESCRIPTION_ONLY,SCORE_AND_GAP,0.65,0.05,6,140,4.109589041095891,1.0,0
intfloat/multilingual-e5-small,DESCRIPTION_ONLY,SCORE_AND_GAP,0.65,0.06,1,145,0.684931506849315,1.0,0
intfloat/multilingual-e5-small,DESCRIPTION_ONLY,SCORE_AND_GAP,0.65,0.08,0,146,0.0,,0
intfloat/multilingual-e5-small,DESCRIPTION_ONLY,SCORE_AND_GAP,0.65,0.1,0,146,0.0,,0
intfloat/multilingual-e5-small,DESCRIPTION_ONLY,SCORE_AND_GAP,0.65,0.12,0,146,0.0,,0
intfloat/multilingual-e5-small,DESCRIPTION_ONLY,SCORE_AND_GAP,0.65,0.15,0,146,0.0,,0
intfloat/multilingual-e5-small,DESCRIPTION_ONLY,SCORE_AND_GAP,0.65,0.2,0,146,0.0,,0
intfloat/multilingual-e5-small,DESCRIPTION_ONLY,SCORE_AND_GAP,0.7,0.01,79,67,54.10958904109589,0.9240506329113924,6
intfloat/multilingual-e5-small,DESCRIPTION_ONLY,SCORE_AND_GAP,0.7,0.02,45,101,30.82191780821918,0.9777777777777777,1
intfloat/multilingual-e5-small,DESCRIPTION_ONLY,SCORE_AND_GAP,0.7,0.03,23,123,15.753424657534246,1.0,0
intfloat/multilingual-e5-small,DESCRIPTION_ONLY,SCORE_AND_GAP,0.7,0.04,10,136,6.8493150684931505,1.0,0
intfloat/multilingual-e5-small,DESCRIPTION_ONLY,SCORE_AND_GAP,0.7,0.05,6,140,4.109589041095891,1.0,0
intfloat/multilingual-e5-small,DESCRIPTION_ONLY,SCORE_AND_GAP,0.7,0.06,1,145,0.684931506849315,1.0,0
intfloat/multilingual-e5-small,DESCRIPTION_ONLY,SCORE_AND_GAP,0.7,0.08,0,146,0.0,,0
intfloat/multilingual-e5-small,DESCRIPTION_ONLY,SCORE_AND_GAP,0.7,0.1,0,146,0.0,,0
intfloat/multilingual-e5-small,DESCRIPTION_ONLY,SCORE_AND_GAP,0.7,0.12,0,146,0.0,,0
intfloat/multilingual-e5-small,DESCRIPTION_ONLY,SCORE_AND_GAP,0.7,0.15,0,146,0.0,,0
intfloat/multilingual-e5-small,DESCRIPTION_ONLY,SCORE_AND_GAP,0.7,0.2,0,146,0.0,,0
intfloat/multilingual-e5-small,DESCRIPTION_ONLY,SCORE_AND_GAP,0.75,0.01,79,67,54.10958904109589,0.9240506329113924,6
intfloat/multilingual-e5-small,DESCRIPTION_ONLY,SCORE_AND_GAP,0.75,0.02,45,101,30.82191780821918,0.9777777777777777,1
intfloat/multilingual-e5-small,DESCRIPTION_ONLY,SCORE_AND_GAP,0.75,0.03,23,123,15.753424657534246,1.0,0
intfloat/multilingual-e5-small,DESCRIPTION_ONLY,SCORE_AND_GAP,0.75,0.04,10,136,6.8493150684931505,1.0,0
intfloat/multilingual-e5-small,DESCRIPTION_ONLY,SCORE_AND_GAP,0.75,0.05,6,140,4.109589041095891,1.0,0
intfloat/multilingual-e5-small,DESCRIPTION_ONLY,SCORE_AND_GAP,0.75,0.06,1,145,0.684931506849315,1.0,0
intfloat/multilingual-e5-small,DESCRIPTION_ONLY,SCORE_AND_GAP,0.75,0.08,0,146,0.0,,0
intfloat/multilingual-e5-small,DESCRIPTION_ONLY,SCORE_AND_GAP,0.75,0.1,0,146,0.0,,0
intfloat/multilingual-e5-small,DESCRIPTION_ONLY,SCORE_AND_GAP,0.75,0.12,0,146,0.0,,0
intfloat/multilingual-e5-small,DESCRIPTION_ONLY,SCORE_AND_GAP,0.75,0.15,0,146,0.0,,0
intfloat/multilingual-e5-small,DESCRIPTION_ONLY,SCORE_AND_GAP,0.75,0.2,0,146,0.0,,0
intfloat/multilingual-e5-small,DESCRIPTION_ONLY,SCORE_AND_GAP,0.8,0.01,76,70,52.054794520547944,0.9210526315789473,6
intfloat/multilingual-e5-small,DESCRIPTION_ONLY,SCORE_AND_GAP,0.8,0.02,44,102,30.136986301369863,0.9772727272727273,1
intfloat/multilingual-e5-small,DESCRIPTION_ONLY,SCORE_AND_GAP,0.8,0.03,23,123,15.753424657534246,1.0,0
intfloat/multilingual-e5-small,DESCRIPTION_ONLY,SCORE_AND_GAP,0.8,0.04,10,136,6.8493150684931505,1.0,0
intfloat/multilingual-e5-small,DESCRIPTION_ONLY,SCORE_AND_GAP,0.8,0.05,6,140,4.109589041095891,1.0,0
intfloat/multilingual-e5-small,DESCRIPTION_ONLY,SCORE_AND_GAP,0.8,0.06,1,145,0.684931506849315,1.0,0
intfloat/multilingual-e5-small,DESCRIPTION_ONLY,SCORE_AND_GAP,0.8,0.08,0,146,0.0,,0
intfloat/multilingual-e5-small,DESCRIPTION_ONLY,SCORE_AND_GAP,0.8,0.1,0,146,0.0,,0
intfloat/multilingual-e5-small,DESCRIPTION_ONLY,SCORE_AND_GAP,0.8,0.12,0,146,0.0,,0
intfloat/multilingual-e5-small,DESCRIPTION_ONLY,SCORE_AND_GAP,0.8,0.15,0,146,0.0,,0
intfloat/multilingual-e5-small,DESCRIPTION_ONLY,SCORE_AND_GAP,0.8,0.2,0,146,0.0,,0
intfloat/multilingual-e5-small,DESCRIPTION_ONLY,SCORE_AND_GAP,0.85,0.01,23,123,15.753424657534246,0.9565217391304348,1
intfloat/multilingual-e5-small,DESCRIPTION_ONLY,SCORE_AND_GAP,0.85,0.02,18,128,12.32876712328767,1.0,0
intfloat/multilingual-e5-small,DESCRIPTION_ONLY,SCORE_AND_GAP,0.85,0.03,17,129,11.643835616438356,1.0,0
intfloat/multilingual-e5-small,DESCRIPTION_ONLY,SCORE_AND_GAP,0.85,0.04,8,138,5.47945205479452,1.0,0
intfloat/multilingual-e5-small,DESCRIPTION_ONLY,SCORE_AND_GAP,0.85,0.05,5,141,3.4246575342465753,1.0,0
intfloat/multilingual-e5-small,DESCRIPTION_ONLY,SCORE_AND_GAP,0.85,0.06,1,145,0.684931506849315,1.0,0
intfloat/multilingual-e5-small,DESCRIPTION_ONLY,SCORE_AND_GAP,0.85,0.08,0,146,0.0,,0
intfloat/multilingual-e5-small,DESCRIPTION_ONLY,SCORE_AND_GAP,0.85,0.1,0,146,0.0,,0
intfloat/multilingual-e5-small,DESCRIPTION_ONLY,SCORE_AND_GAP,0.85,0.12,0,146,0.0,,0
intfloat/multilingual-e5-small,DESCRIPTION_ONLY,SCORE_AND_GAP,0.85,0.15,0,146,0.0,,0
intfloat/multilingual-e5-small,DESCRIPTION_ONLY,SCORE_AND_GAP,0.85,0.2,0,146,0.0,,0
intfloat/multilingual-e5-small,DESCRIPTION_ONLY,SCORE_AND_GAP,0.9,0.01,0,146,0.0,,0
intfloat/multilingual-e5-small,DESCRIPTION_ONLY,SCORE_AND_GAP,0.9,0.02,0,146,0.0,,0
intfloat/multilingual-e5-small,DESCRIPTION_ONLY,SCORE_AND_GAP,0.9,0.03,0,146,0.0,,0
intfloat/multilingual-e5-small,DESCRIPTION_ONLY,SCORE_AND_GAP,0.9,0.04,0,146,0.0,,0
intfloat/multilingual-e5-small,DESCRIPTION_ONLY,SCORE_AND_GAP,0.9,0.05,0,146,0.0,,0
intfloat/multilingual-e5-small,DESCRIPTION_ONLY,SCORE_AND_GAP,0.9,0.06,0,146,0.0,,0
intfloat/multilingual-e5-small,DESCRIPTION_ONLY,SCORE_AND_GAP,0.9,0.08,0,146,0.0,,0
intfloat/multilingual-e5-small,DESCRIPTION_ONLY,SCORE_AND_GAP,0.9,0.1,0,146,0.0,,0
intfloat/multilingual-e5-small,DESCRIPTION_ONLY,SCORE_AND_GAP,0.9,0.12,0,146,0.0,,0
intfloat/multilingual-e5-small,DESCRIPTION_ONLY,SCORE_AND_GAP,0.9,0.15,0,146,0.0,,0
intfloat/multilingual-e5-small,DESCRIPTION_ONLY,SCORE_AND_GAP,0.9,0.2,0,146,0.0,,0
intfloat/multilingual-e5-small,EXAMPLE_CENTROID,GAP_ONLY,,0.01,34,112,23.28767123287671,0.7352941176470589,9
intfloat/multilingual-e5-small,EXAMPLE_CENTROID,GAP_ONLY,,0.02,5,141,3.4246575342465753,1.0,0
intfloat/multilingual-e5-small,EXAMPLE_CENTROID,GAP_ONLY,,0.03,2,144,1.36986301369863,1.0,0
intfloat/multilingual-e5-small,EXAMPLE_CENTROID,GAP_ONLY,,0.04,0,146,0.0,,0
intfloat/multilingual-e5-small,EXAMPLE_CENTROID,GAP_ONLY,,0.05,0,146,0.0,,0
intfloat/multilingual-e5-small,EXAMPLE_CENTROID,GAP_ONLY,,0.06,0,146,0.0,,0
intfloat/multilingual-e5-small,EXAMPLE_CENTROID,GAP_ONLY,,0.08,0,146,0.0,,0
intfloat/multilingual-e5-small,EXAMPLE_CENTROID,GAP_ONLY,,0.1,0,146,0.0,,0
intfloat/multilingual-e5-small,EXAMPLE_CENTROID,GAP_ONLY,,0.12,0,146,0.0,,0
intfloat/multilingual-e5-small,EXAMPLE_CENTROID,GAP_ONLY,,0.15,0,146,0.0,,0
intfloat/multilingual-e5-small,EXAMPLE_CENTROID,GAP_ONLY,,0.2,0,146,0.0,,0
intfloat/multilingual-e5-small,EXAMPLE_CENTROID,SCORE_AND_GAP,0.2,0.01,34,112,23.28767123287671,0.7352941176470589,9
intfloat/multilingual-e5-small,EXAMPLE_CENTROID,SCORE_AND_GAP,0.2,0.02,5,141,3.4246575342465753,1.0,0
intfloat/multilingual-e5-small,EXAMPLE_CENTROID,SCORE_AND_GAP,0.2,0.03,2,144,1.36986301369863,1.0,0
intfloat/multilingual-e5-small,EXAMPLE_CENTROID,SCORE_AND_GAP,0.2,0.04,0,146,0.0,,0
intfloat/multilingual-e5-small,EXAMPLE_CENTROID,SCORE_AND_GAP,0.2,0.05,0,146,0.0,,0
intfloat/multilingual-e5-small,EXAMPLE_CENTROID,SCORE_AND_GAP,0.2,0.06,0,146,0.0,,0
intfloat/multilingual-e5-small,EXAMPLE_CENTROID,SCORE_AND_GAP,0.2,0.08,0,146,0.0,,0
intfloat/multilingual-e5-small,EXAMPLE_CENTROID,SCORE_AND_GAP,0.2,0.1,0,146,0.0,,0
intfloat/multilingual-e5-small,EXAMPLE_CENTROID,SCORE_AND_GAP,0.2,0.12,0,146,0.0,,0
intfloat/multilingual-e5-small,EXAMPLE_CENTROID,SCORE_AND_GAP,0.2,0.15,0,146,0.0,,0
intfloat/multilingual-e5-small,EXAMPLE_CENTROID,SCORE_AND_GAP,0.2,0.2,0,146,0.0,,0
intfloat/multilingual-e5-small,EXAMPLE_CENTROID,SCORE_AND_GAP,0.25,0.01,34,112,23.28767123287671,0.7352941176470589,9
intfloat/multilingual-e5-small,EXAMPLE_CENTROID,SCORE_AND_GAP,0.25,0.02,5,141,3.4246575342465753,1.0,0
intfloat/multilingual-e5-small,EXAMPLE_CENTROID,SCORE_AND_GAP,0.25,0.03,2,144,1.36986301369863,1.0,0
intfloat/multilingual-e5-small,EXAMPLE_CENTROID,SCORE_AND_GAP,0.25,0.04,0,146,0.0,,0
intfloat/multilingual-e5-small,EXAMPLE_CENTROID,SCORE_AND_GAP,0.25,0.05,0,146,0.0,,0
intfloat/multilingual-e5-small,EXAMPLE_CENTROID,SCORE_AND_GAP,0.25,0.06,0,146,0.0,,0
intfloat/multilingual-e5-small,EXAMPLE_CENTROID,SCORE_AND_GAP,0.25,0.08,0,146,0.0,,0
intfloat/multilingual-e5-small,EXAMPLE_CENTROID,SCORE_AND_GAP,0.25,0.1,0,146,0.0,,0
intfloat/multilingual-e5-small,EXAMPLE_CENTROID,SCORE_AND_GAP,0.25,0.12,0,146,0.0,,0
intfloat/multilingual-e5-small,EXAMPLE_CENTROID,SCORE_AND_GAP,0.25,0.15,0,146,0.0,,0
intfloat/multilingual-e5-small,EXAMPLE_CENTROID,SCORE_AND_GAP,0.25,0.2,0,146,0.0,,0
intfloat/multilingual-e5-small,EXAMPLE_CENTROID,SCORE_AND_GAP,0.3,0.01,34,112,23.28767123287671,0.7352941176470589,9
intfloat/multilingual-e5-small,EXAMPLE_CENTROID,SCORE_AND_GAP,0.3,0.02,5,141,3.4246575342465753,1.0,0
intfloat/multilingual-e5-small,EXAMPLE_CENTROID,SCORE_AND_GAP,0.3,0.03,2,144,1.36986301369863,1.0,0
intfloat/multilingual-e5-small,EXAMPLE_CENTROID,SCORE_AND_GAP,0.3,0.04,0,146,0.0,,0
intfloat/multilingual-e5-small,EXAMPLE_CENTROID,SCORE_AND_GAP,0.3,0.05,0,146,0.0,,0
intfloat/multilingual-e5-small,EXAMPLE_CENTROID,SCORE_AND_GAP,0.3,0.06,0,146,0.0,,0
intfloat/multilingual-e5-small,EXAMPLE_CENTROID,SCORE_AND_GAP,0.3,0.08,0,146,0.0,,0
intfloat/multilingual-e5-small,EXAMPLE_CENTROID,SCORE_AND_GAP,0.3,0.1,0,146,0.0,,0
intfloat/multilingual-e5-small,EXAMPLE_CENTROID,SCORE_AND_GAP,0.3,0.12,0,146,0.0,,0
intfloat/multilingual-e5-small,EXAMPLE_CENTROID,SCORE_AND_GAP,0.3,0.15,0,146,0.0,,0
intfloat/multilingual-e5-small,EXAMPLE_CENTROID,SCORE_AND_GAP,0.3,0.2,0,146,0.0,,0
intfloat/multilingual-e5-small,EXAMPLE_CENTROID,SCORE_AND_GAP,0.35,0.01,34,112,23.28767123287671,0.7352941176470589,9
intfloat/multilingual-e5-small,EXAMPLE_CENTROID,SCORE_AND_GAP,0.35,0.02,5,141,3.4246575342465753,1.0,0
intfloat/multilingual-e5-small,EXAMPLE_CENTROID,SCORE_AND_GAP,0.35,0.03,2,144,1.36986301369863,1.0,0
intfloat/multilingual-e5-small,EXAMPLE_CENTROID,SCORE_AND_GAP,0.35,0.04,0,146,0.0,,0
intfloat/multilingual-e5-small,EXAMPLE_CENTROID,SCORE_AND_GAP,0.35,0.05,0,146,0.0,,0
intfloat/multilingual-e5-small,EXAMPLE_CENTROID,SCORE_AND_GAP,0.35,0.06,0,146,0.0,,0
intfloat/multilingual-e5-small,EXAMPLE_CENTROID,SCORE_AND_GAP,0.35,0.08,0,146,0.0,,0
intfloat/multilingual-e5-small,EXAMPLE_CENTROID,SCORE_AND_GAP,0.35,0.1,0,146,0.0,,0
intfloat/multilingual-e5-small,EXAMPLE_CENTROID,SCORE_AND_GAP,0.35,0.12,0,146,0.0,,0
intfloat/multilingual-e5-small,EXAMPLE_CENTROID,SCORE_AND_GAP,0.35,0.15,0,146,0.0,,0
intfloat/multilingual-e5-small,EXAMPLE_CENTROID,SCORE_AND_GAP,0.35,0.2,0,146,0.0,,0
intfloat/multilingual-e5-small,EXAMPLE_CENTROID,SCORE_AND_GAP,0.4,0.01,34,112,23.28767123287671,0.7352941176470589,9
intfloat/multilingual-e5-small,EXAMPLE_CENTROID,SCORE_AND_GAP,0.4,0.02,5,141,3.4246575342465753,1.0,0
intfloat/multilingual-e5-small,EXAMPLE_CENTROID,SCORE_AND_GAP,0.4,0.03,2,144,1.36986301369863,1.0,0
intfloat/multilingual-e5-small,EXAMPLE_CENTROID,SCORE_AND_GAP,0.4,0.04,0,146,0.0,,0
intfloat/multilingual-e5-small,EXAMPLE_CENTROID,SCORE_AND_GAP,0.4,0.05,0,146,0.0,,0
intfloat/multilingual-e5-small,EXAMPLE_CENTROID,SCORE_AND_GAP,0.4,0.06,0,146,0.0,,0
intfloat/multilingual-e5-small,EXAMPLE_CENTROID,SCORE_AND_GAP,0.4,0.08,0,146,0.0,,0
intfloat/multilingual-e5-small,EXAMPLE_CENTROID,SCORE_AND_GAP,0.4,0.1,0,146,0.0,,0
intfloat/multilingual-e5-small,EXAMPLE_CENTROID,SCORE_AND_GAP,0.4,0.12,0,146,0.0,,0
intfloat/multilingual-e5-small,EXAMPLE_CENTROID,SCORE_AND_GAP,0.4,0.15,0,146,0.0,,0
intfloat/multilingual-e5-small,EXAMPLE_CENTROID,SCORE_AND_GAP,0.4,0.2,0,146,0.0,,0
intfloat/multilingual-e5-small,EXAMPLE_CENTROID,SCORE_AND_GAP,0.45,0.01,34,112,23.28767123287671,0.7352941176470589,9
intfloat/multilingual-e5-small,EXAMPLE_CENTROID,SCORE_AND_GAP,0.45,0.02,5,141,3.4246575342465753,1.0,0
intfloat/multilingual-e5-small,EXAMPLE_CENTROID,SCORE_AND_GAP,0.45,0.03,2,144,1.36986301369863,1.0,0
intfloat/multilingual-e5-small,EXAMPLE_CENTROID,SCORE_AND_GAP,0.45,0.04,0,146,0.0,,0
intfloat/multilingual-e5-small,EXAMPLE_CENTROID,SCORE_AND_GAP,0.45,0.05,0,146,0.0,,0
intfloat/multilingual-e5-small,EXAMPLE_CENTROID,SCORE_AND_GAP,0.45,0.06,0,146,0.0,,0
intfloat/multilingual-e5-small,EXAMPLE_CENTROID,SCORE_AND_GAP,0.45,0.08,0,146,0.0,,0
intfloat/multilingual-e5-small,EXAMPLE_CENTROID,SCORE_AND_GAP,0.45,0.1,0,146,0.0,,0
intfloat/multilingual-e5-small,EXAMPLE_CENTROID,SCORE_AND_GAP,0.45,0.12,0,146,0.0,,0
intfloat/multilingual-e5-small,EXAMPLE_CENTROID,SCORE_AND_GAP,0.45,0.15,0,146,0.0,,0
intfloat/multilingual-e5-small,EXAMPLE_CENTROID,SCORE_AND_GAP,0.45,0.2,0,146,0.0,,0
intfloat/multilingual-e5-small,EXAMPLE_CENTROID,SCORE_AND_GAP,0.5,0.01,34,112,23.28767123287671,0.7352941176470589,9
intfloat/multilingual-e5-small,EXAMPLE_CENTROID,SCORE_AND_GAP,0.5,0.02,5,141,3.4246575342465753,1.0,0
intfloat/multilingual-e5-small,EXAMPLE_CENTROID,SCORE_AND_GAP,0.5,0.03,2,144,1.36986301369863,1.0,0
intfloat/multilingual-e5-small,EXAMPLE_CENTROID,SCORE_AND_GAP,0.5,0.04,0,146,0.0,,0
intfloat/multilingual-e5-small,EXAMPLE_CENTROID,SCORE_AND_GAP,0.5,0.05,0,146,0.0,,0
intfloat/multilingual-e5-small,EXAMPLE_CENTROID,SCORE_AND_GAP,0.5,0.06,0,146,0.0,,0
intfloat/multilingual-e5-small,EXAMPLE_CENTROID,SCORE_AND_GAP,0.5,0.08,0,146,0.0,,0
intfloat/multilingual-e5-small,EXAMPLE_CENTROID,SCORE_AND_GAP,0.5,0.1,0,146,0.0,,0
intfloat/multilingual-e5-small,EXAMPLE_CENTROID,SCORE_AND_GAP,0.5,0.12,0,146,0.0,,0
intfloat/multilingual-e5-small,EXAMPLE_CENTROID,SCORE_AND_GAP,0.5,0.15,0,146,0.0,,0
intfloat/multilingual-e5-small,EXAMPLE_CENTROID,SCORE_AND_GAP,0.5,0.2,0,146,0.0,,0
intfloat/multilingual-e5-small,EXAMPLE_CENTROID,SCORE_AND_GAP,0.55,0.01,34,112,23.28767123287671,0.7352941176470589,9
intfloat/multilingual-e5-small,EXAMPLE_CENTROID,SCORE_AND_GAP,0.55,0.02,5,141,3.4246575342465753,1.0,0
intfloat/multilingual-e5-small,EXAMPLE_CENTROID,SCORE_AND_GAP,0.55,0.03,2,144,1.36986301369863,1.0,0
intfloat/multilingual-e5-small,EXAMPLE_CENTROID,SCORE_AND_GAP,0.55,0.04,0,146,0.0,,0
intfloat/multilingual-e5-small,EXAMPLE_CENTROID,SCORE_AND_GAP,0.55,0.05,0,146,0.0,,0
intfloat/multilingual-e5-small,EXAMPLE_CENTROID,SCORE_AND_GAP,0.55,0.06,0,146,0.0,,0
intfloat/multilingual-e5-small,EXAMPLE_CENTROID,SCORE_AND_GAP,0.55,0.08,0,146,0.0,,0
intfloat/multilingual-e5-small,EXAMPLE_CENTROID,SCORE_AND_GAP,0.55,0.1,0,146,0.0,,0
intfloat/multilingual-e5-small,EXAMPLE_CENTROID,SCORE_AND_GAP,0.55,0.12,0,146,0.0,,0
intfloat/multilingual-e5-small,EXAMPLE_CENTROID,SCORE_AND_GAP,0.55,0.15,0,146,0.0,,0
intfloat/multilingual-e5-small,EXAMPLE_CENTROID,SCORE_AND_GAP,0.55,0.2,0,146,0.0,,0
intfloat/multilingual-e5-small,EXAMPLE_CENTROID,SCORE_AND_GAP,0.6,0.01,34,112,23.28767123287671,0.7352941176470589,9
intfloat/multilingual-e5-small,EXAMPLE_CENTROID,SCORE_AND_GAP,0.6,0.02,5,141,3.4246575342465753,1.0,0
intfloat/multilingual-e5-small,EXAMPLE_CENTROID,SCORE_AND_GAP,0.6,0.03,2,144,1.36986301369863,1.0,0
intfloat/multilingual-e5-small,EXAMPLE_CENTROID,SCORE_AND_GAP,0.6,0.04,0,146,0.0,,0
intfloat/multilingual-e5-small,EXAMPLE_CENTROID,SCORE_AND_GAP,0.6,0.05,0,146,0.0,,0
intfloat/multilingual-e5-small,EXAMPLE_CENTROID,SCORE_AND_GAP,0.6,0.06,0,146,0.0,,0
intfloat/multilingual-e5-small,EXAMPLE_CENTROID,SCORE_AND_GAP,0.6,0.08,0,146,0.0,,0
intfloat/multilingual-e5-small,EXAMPLE_CENTROID,SCORE_AND_GAP,0.6,0.1,0,146,0.0,,0
intfloat/multilingual-e5-small,EXAMPLE_CENTROID,SCORE_AND_GAP,0.6,0.12,0,146,0.0,,0
intfloat/multilingual-e5-small,EXAMPLE_CENTROID,SCORE_AND_GAP,0.6,0.15,0,146,0.0,,0
intfloat/multilingual-e5-small,EXAMPLE_CENTROID,SCORE_AND_GAP,0.6,0.2,0,146,0.0,,0
intfloat/multilingual-e5-small,EXAMPLE_CENTROID,SCORE_AND_GAP,0.65,0.01,34,112,23.28767123287671,0.7352941176470589,9
intfloat/multilingual-e5-small,EXAMPLE_CENTROID,SCORE_AND_GAP,0.65,0.02,5,141,3.4246575342465753,1.0,0
intfloat/multilingual-e5-small,EXAMPLE_CENTROID,SCORE_AND_GAP,0.65,0.03,2,144,1.36986301369863,1.0,0
intfloat/multilingual-e5-small,EXAMPLE_CENTROID,SCORE_AND_GAP,0.65,0.04,0,146,0.0,,0
intfloat/multilingual-e5-small,EXAMPLE_CENTROID,SCORE_AND_GAP,0.65,0.05,0,146,0.0,,0
intfloat/multilingual-e5-small,EXAMPLE_CENTROID,SCORE_AND_GAP,0.65,0.06,0,146,0.0,,0
intfloat/multilingual-e5-small,EXAMPLE_CENTROID,SCORE_AND_GAP,0.65,0.08,0,146,0.0,,0
intfloat/multilingual-e5-small,EXAMPLE_CENTROID,SCORE_AND_GAP,0.65,0.1,0,146,0.0,,0
intfloat/multilingual-e5-small,EXAMPLE_CENTROID,SCORE_AND_GAP,0.65,0.12,0,146,0.0,,0
intfloat/multilingual-e5-small,EXAMPLE_CENTROID,SCORE_AND_GAP,0.65,0.15,0,146,0.0,,0
intfloat/multilingual-e5-small,EXAMPLE_CENTROID,SCORE_AND_GAP,0.65,0.2,0,146,0.0,,0
intfloat/multilingual-e5-small,EXAMPLE_CENTROID,SCORE_AND_GAP,0.7,0.01,34,112,23.28767123287671,0.7352941176470589,9
intfloat/multilingual-e5-small,EXAMPLE_CENTROID,SCORE_AND_GAP,0.7,0.02,5,141,3.4246575342465753,1.0,0
intfloat/multilingual-e5-small,EXAMPLE_CENTROID,SCORE_AND_GAP,0.7,0.03,2,144,1.36986301369863,1.0,0
intfloat/multilingual-e5-small,EXAMPLE_CENTROID,SCORE_AND_GAP,0.7,0.04,0,146,0.0,,0
intfloat/multilingual-e5-small,EXAMPLE_CENTROID,SCORE_AND_GAP,0.7,0.05,0,146,0.0,,0
intfloat/multilingual-e5-small,EXAMPLE_CENTROID,SCORE_AND_GAP,0.7,0.06,0,146,0.0,,0
intfloat/multilingual-e5-small,EXAMPLE_CENTROID,SCORE_AND_GAP,0.7,0.08,0,146,0.0,,0
intfloat/multilingual-e5-small,EXAMPLE_CENTROID,SCORE_AND_GAP,0.7,0.1,0,146,0.0,,0
intfloat/multilingual-e5-small,EXAMPLE_CENTROID,SCORE_AND_GAP,0.7,0.12,0,146,0.0,,0
intfloat/multilingual-e5-small,EXAMPLE_CENTROID,SCORE_AND_GAP,0.7,0.15,0,146,0.0,,0
intfloat/multilingual-e5-small,EXAMPLE_CENTROID,SCORE_AND_GAP,0.7,0.2,0,146,0.0,,0
intfloat/multilingual-e5-small,EXAMPLE_CENTROID,SCORE_AND_GAP,0.75,0.01,34,112,23.28767123287671,0.7352941176470589,9
intfloat/multilingual-e5-small,EXAMPLE_CENTROID,SCORE_AND_GAP,0.75,0.02,5,141,3.4246575342465753,1.0,0
intfloat/multilingual-e5-small,EXAMPLE_CENTROID,SCORE_AND_GAP,0.75,0.03,2,144,1.36986301369863,1.0,0
intfloat/multilingual-e5-small,EXAMPLE_CENTROID,SCORE_AND_GAP,0.75,0.04,0,146,0.0,,0
intfloat/multilingual-e5-small,EXAMPLE_CENTROID,SCORE_AND_GAP,0.75,0.05,0,146,0.0,,0
intfloat/multilingual-e5-small,EXAMPLE_CENTROID,SCORE_AND_GAP,0.75,0.06,0,146,0.0,,0
intfloat/multilingual-e5-small,EXAMPLE_CENTROID,SCORE_AND_GAP,0.75,0.08,0,146,0.0,,0
intfloat/multilingual-e5-small,EXAMPLE_CENTROID,SCORE_AND_GAP,0.75,0.1,0,146,0.0,,0
intfloat/multilingual-e5-small,EXAMPLE_CENTROID,SCORE_AND_GAP,0.75,0.12,0,146,0.0,,0
intfloat/multilingual-e5-small,EXAMPLE_CENTROID,SCORE_AND_GAP,0.75,0.15,0,146,0.0,,0
intfloat/multilingual-e5-small,EXAMPLE_CENTROID,SCORE_AND_GAP,0.75,0.2,0,146,0.0,,0
intfloat/multilingual-e5-small,EXAMPLE_CENTROID,SCORE_AND_GAP,0.8,0.01,34,112,23.28767123287671,0.7352941176470589,9
intfloat/multilingual-e5-small,EXAMPLE_CENTROID,SCORE_AND_GAP,0.8,0.02,5,141,3.4246575342465753,1.0,0
intfloat/multilingual-e5-small,EXAMPLE_CENTROID,SCORE_AND_GAP,0.8,0.03,2,144,1.36986301369863,1.0,0
intfloat/multilingual-e5-small,EXAMPLE_CENTROID,SCORE_AND_GAP,0.8,0.04,0,146,0.0,,0
intfloat/multilingual-e5-small,EXAMPLE_CENTROID,SCORE_AND_GAP,0.8,0.05,0,146,0.0,,0
intfloat/multilingual-e5-small,EXAMPLE_CENTROID,SCORE_AND_GAP,0.8,0.06,0,146,0.0,,0
intfloat/multilingual-e5-small,EXAMPLE_CENTROID,SCORE_AND_GAP,0.8,0.08,0,146,0.0,,0
intfloat/multilingual-e5-small,EXAMPLE_CENTROID,SCORE_AND_GAP,0.8,0.1,0,146,0.0,,0
intfloat/multilingual-e5-small,EXAMPLE_CENTROID,SCORE_AND_GAP,0.8,0.12,0,146,0.0,,0
intfloat/multilingual-e5-small,EXAMPLE_CENTROID,SCORE_AND_GAP,0.8,0.15,0,146,0.0,,0
intfloat/multilingual-e5-small,EXAMPLE_CENTROID,SCORE_AND_GAP,0.8,0.2,0,146,0.0,,0
intfloat/multilingual-e5-small,EXAMPLE_CENTROID,SCORE_AND_GAP,0.85,0.01,33,113,22.602739726027398,0.7575757575757576,8
intfloat/multilingual-e5-small,EXAMPLE_CENTROID,SCORE_AND_GAP,0.85,0.02,5,141,3.4246575342465753,1.0,0
intfloat/multilingual-e5-small,EXAMPLE_CENTROID,SCORE_AND_GAP,0.85,0.03,2,144,1.36986301369863,1.0,0
intfloat/multilingual-e5-small,EXAMPLE_CENTROID,SCORE_AND_GAP,0.85,0.04,0,146,0.0,,0
intfloat/multilingual-e5-small,EXAMPLE_CENTROID,SCORE_AND_GAP,0.85,0.05,0,146,0.0,,0
intfloat/multilingual-e5-small,EXAMPLE_CENTROID,SCORE_AND_GAP,0.85,0.06,0,146,0.0,,0
intfloat/multilingual-e5-small,EXAMPLE_CENTROID,SCORE_AND_GAP,0.85,0.08,0,146,0.0,,0
intfloat/multilingual-e5-small,EXAMPLE_CENTROID,SCORE_AND_GAP,0.85,0.1,0,146,0.0,,0
intfloat/multilingual-e5-small,EXAMPLE_CENTROID,SCORE_AND_GAP,0.85,0.12,0,146,0.0,,0
intfloat/multilingual-e5-small,EXAMPLE_CENTROID,SCORE_AND_GAP,0.85,0.15,0,146,0.0,,0
intfloat/multilingual-e5-small,EXAMPLE_CENTROID,SCORE_AND_GAP,0.85,0.2,0,146,0.0,,0
intfloat/multilingual-e5-small,EXAMPLE_CENTROID,SCORE_AND_GAP,0.9,0.01,8,138,5.47945205479452,0.75,2
intfloat/multilingual-e5-small,EXAMPLE_CENTROID,SCORE_AND_GAP,0.9,0.02,0,146,0.0,,0
intfloat/multilingual-e5-small,EXAMPLE_CENTROID,SCORE_AND_GAP,0.9,0.03,0,146,0.0,,0
intfloat/multilingual-e5-small,EXAMPLE_CENTROID,SCORE_AND_GAP,0.9,0.04,0,146,0.0,,0
intfloat/multilingual-e5-small,EXAMPLE_CENTROID,SCORE_AND_GAP,0.9,0.05,0,146,0.0,,0
intfloat/multilingual-e5-small,EXAMPLE_CENTROID,SCORE_AND_GAP,0.9,0.06,0,146,0.0,,0
intfloat/multilingual-e5-small,EXAMPLE_CENTROID,SCORE_AND_GAP,0.9,0.08,0,146,0.0,,0
intfloat/multilingual-e5-small,EXAMPLE_CENTROID,SCORE_AND_GAP,0.9,0.1,0,146,0.0,,0
intfloat/multilingual-e5-small,EXAMPLE_CENTROID,SCORE_AND_GAP,0.9,0.12,0,146,0.0,,0
intfloat/multilingual-e5-small,EXAMPLE_CENTROID,SCORE_AND_GAP,0.9,0.15,0,146,0.0,,0
intfloat/multilingual-e5-small,EXAMPLE_CENTROID,SCORE_AND_GAP,0.9,0.2,0,146,0.0,,0
intfloat/multilingual-e5-small,HYBRID_PROTOTYPE,GAP_ONLY,,0.01,63,83,43.15068493150685,0.9523809523809523,3
intfloat/multilingual-e5-small,HYBRID_PROTOTYPE,GAP_ONLY,,0.02,27,119,18.493150684931507,1.0,0
intfloat/multilingual-e5-small,HYBRID_PROTOTYPE,GAP_ONLY,,0.03,6,140,4.109589041095891,1.0,0
intfloat/multilingual-e5-small,HYBRID_PROTOTYPE,GAP_ONLY,,0.04,2,144,1.36986301369863,1.0,0
intfloat/multilingual-e5-small,HYBRID_PROTOTYPE,GAP_ONLY,,0.05,0,146,0.0,,0
intfloat/multilingual-e5-small,HYBRID_PROTOTYPE,GAP_ONLY,,0.06,0,146,0.0,,0
intfloat/multilingual-e5-small,HYBRID_PROTOTYPE,GAP_ONLY,,0.08,0,146,0.0,,0
intfloat/multilingual-e5-small,HYBRID_PROTOTYPE,GAP_ONLY,,0.1,0,146,0.0,,0
intfloat/multilingual-e5-small,HYBRID_PROTOTYPE,GAP_ONLY,,0.12,0,146,0.0,,0
intfloat/multilingual-e5-small,HYBRID_PROTOTYPE,GAP_ONLY,,0.15,0,146,0.0,,0
intfloat/multilingual-e5-small,HYBRID_PROTOTYPE,GAP_ONLY,,0.2,0,146,0.0,,0
intfloat/multilingual-e5-small,HYBRID_PROTOTYPE,SCORE_AND_GAP,0.2,0.01,63,83,43.15068493150685,0.9523809523809523,3
intfloat/multilingual-e5-small,HYBRID_PROTOTYPE,SCORE_AND_GAP,0.2,0.02,27,119,18.493150684931507,1.0,0
intfloat/multilingual-e5-small,HYBRID_PROTOTYPE,SCORE_AND_GAP,0.2,0.03,6,140,4.109589041095891,1.0,0
intfloat/multilingual-e5-small,HYBRID_PROTOTYPE,SCORE_AND_GAP,0.2,0.04,2,144,1.36986301369863,1.0,0
intfloat/multilingual-e5-small,HYBRID_PROTOTYPE,SCORE_AND_GAP,0.2,0.05,0,146,0.0,,0
intfloat/multilingual-e5-small,HYBRID_PROTOTYPE,SCORE_AND_GAP,0.2,0.06,0,146,0.0,,0
intfloat/multilingual-e5-small,HYBRID_PROTOTYPE,SCORE_AND_GAP,0.2,0.08,0,146,0.0,,0
intfloat/multilingual-e5-small,HYBRID_PROTOTYPE,SCORE_AND_GAP,0.2,0.1,0,146,0.0,,0
intfloat/multilingual-e5-small,HYBRID_PROTOTYPE,SCORE_AND_GAP,0.2,0.12,0,146,0.0,,0
intfloat/multilingual-e5-small,HYBRID_PROTOTYPE,SCORE_AND_GAP,0.2,0.15,0,146,0.0,,0
intfloat/multilingual-e5-small,HYBRID_PROTOTYPE,SCORE_AND_GAP,0.2,0.2,0,146,0.0,,0
intfloat/multilingual-e5-small,HYBRID_PROTOTYPE,SCORE_AND_GAP,0.25,0.01,63,83,43.15068493150685,0.9523809523809523,3
intfloat/multilingual-e5-small,HYBRID_PROTOTYPE,SCORE_AND_GAP,0.25,0.02,27,119,18.493150684931507,1.0,0
intfloat/multilingual-e5-small,HYBRID_PROTOTYPE,SCORE_AND_GAP,0.25,0.03,6,140,4.109589041095891,1.0,0
intfloat/multilingual-e5-small,HYBRID_PROTOTYPE,SCORE_AND_GAP,0.25,0.04,2,144,1.36986301369863,1.0,0
intfloat/multilingual-e5-small,HYBRID_PROTOTYPE,SCORE_AND_GAP,0.25,0.05,0,146,0.0,,0
intfloat/multilingual-e5-small,HYBRID_PROTOTYPE,SCORE_AND_GAP,0.25,0.06,0,146,0.0,,0
intfloat/multilingual-e5-small,HYBRID_PROTOTYPE,SCORE_AND_GAP,0.25,0.08,0,146,0.0,,0
intfloat/multilingual-e5-small,HYBRID_PROTOTYPE,SCORE_AND_GAP,0.25,0.1,0,146,0.0,,0
intfloat/multilingual-e5-small,HYBRID_PROTOTYPE,SCORE_AND_GAP,0.25,0.12,0,146,0.0,,0
intfloat/multilingual-e5-small,HYBRID_PROTOTYPE,SCORE_AND_GAP,0.25,0.15,0,146,0.0,,0
intfloat/multilingual-e5-small,HYBRID_PROTOTYPE,SCORE_AND_GAP,0.25,0.2,0,146,0.0,,0
intfloat/multilingual-e5-small,HYBRID_PROTOTYPE,SCORE_AND_GAP,0.3,0.01,63,83,43.15068493150685,0.9523809523809523,3
intfloat/multilingual-e5-small,HYBRID_PROTOTYPE,SCORE_AND_GAP,0.3,0.02,27,119,18.493150684931507,1.0,0
intfloat/multilingual-e5-small,HYBRID_PROTOTYPE,SCORE_AND_GAP,0.3,0.03,6,140,4.109589041095891,1.0,0
intfloat/multilingual-e5-small,HYBRID_PROTOTYPE,SCORE_AND_GAP,0.3,0.04,2,144,1.36986301369863,1.0,0
intfloat/multilingual-e5-small,HYBRID_PROTOTYPE,SCORE_AND_GAP,0.3,0.05,0,146,0.0,,0
intfloat/multilingual-e5-small,HYBRID_PROTOTYPE,SCORE_AND_GAP,0.3,0.06,0,146,0.0,,0
intfloat/multilingual-e5-small,HYBRID_PROTOTYPE,SCORE_AND_GAP,0.3,0.08,0,146,0.0,,0
intfloat/multilingual-e5-small,HYBRID_PROTOTYPE,SCORE_AND_GAP,0.3,0.1,0,146,0.0,,0
intfloat/multilingual-e5-small,HYBRID_PROTOTYPE,SCORE_AND_GAP,0.3,0.12,0,146,0.0,,0
intfloat/multilingual-e5-small,HYBRID_PROTOTYPE,SCORE_AND_GAP,0.3,0.15,0,146,0.0,,0
intfloat/multilingual-e5-small,HYBRID_PROTOTYPE,SCORE_AND_GAP,0.3,0.2,0,146,0.0,,0
intfloat/multilingual-e5-small,HYBRID_PROTOTYPE,SCORE_AND_GAP,0.35,0.01,63,83,43.15068493150685,0.9523809523809523,3
intfloat/multilingual-e5-small,HYBRID_PROTOTYPE,SCORE_AND_GAP,0.35,0.02,27,119,18.493150684931507,1.0,0
intfloat/multilingual-e5-small,HYBRID_PROTOTYPE,SCORE_AND_GAP,0.35,0.03,6,140,4.109589041095891,1.0,0
intfloat/multilingual-e5-small,HYBRID_PROTOTYPE,SCORE_AND_GAP,0.35,0.04,2,144,1.36986301369863,1.0,0
intfloat/multilingual-e5-small,HYBRID_PROTOTYPE,SCORE_AND_GAP,0.35,0.05,0,146,0.0,,0
intfloat/multilingual-e5-small,HYBRID_PROTOTYPE,SCORE_AND_GAP,0.35,0.06,0,146,0.0,,0
intfloat/multilingual-e5-small,HYBRID_PROTOTYPE,SCORE_AND_GAP,0.35,0.08,0,146,0.0,,0
intfloat/multilingual-e5-small,HYBRID_PROTOTYPE,SCORE_AND_GAP,0.35,0.1,0,146,0.0,,0
intfloat/multilingual-e5-small,HYBRID_PROTOTYPE,SCORE_AND_GAP,0.35,0.12,0,146,0.0,,0
intfloat/multilingual-e5-small,HYBRID_PROTOTYPE,SCORE_AND_GAP,0.35,0.15,0,146,0.0,,0
intfloat/multilingual-e5-small,HYBRID_PROTOTYPE,SCORE_AND_GAP,0.35,0.2,0,146,0.0,,0
intfloat/multilingual-e5-small,HYBRID_PROTOTYPE,SCORE_AND_GAP,0.4,0.01,63,83,43.15068493150685,0.9523809523809523,3
intfloat/multilingual-e5-small,HYBRID_PROTOTYPE,SCORE_AND_GAP,0.4,0.02,27,119,18.493150684931507,1.0,0
intfloat/multilingual-e5-small,HYBRID_PROTOTYPE,SCORE_AND_GAP,0.4,0.03,6,140,4.109589041095891,1.0,0
intfloat/multilingual-e5-small,HYBRID_PROTOTYPE,SCORE_AND_GAP,0.4,0.04,2,144,1.36986301369863,1.0,0
intfloat/multilingual-e5-small,HYBRID_PROTOTYPE,SCORE_AND_GAP,0.4,0.05,0,146,0.0,,0
intfloat/multilingual-e5-small,HYBRID_PROTOTYPE,SCORE_AND_GAP,0.4,0.06,0,146,0.0,,0
intfloat/multilingual-e5-small,HYBRID_PROTOTYPE,SCORE_AND_GAP,0.4,0.08,0,146,0.0,,0
intfloat/multilingual-e5-small,HYBRID_PROTOTYPE,SCORE_AND_GAP,0.4,0.1,0,146,0.0,,0
intfloat/multilingual-e5-small,HYBRID_PROTOTYPE,SCORE_AND_GAP,0.4,0.12,0,146,0.0,,0
intfloat/multilingual-e5-small,HYBRID_PROTOTYPE,SCORE_AND_GAP,0.4,0.15,0,146,0.0,,0
intfloat/multilingual-e5-small,HYBRID_PROTOTYPE,SCORE_AND_GAP,0.4,0.2,0,146,0.0,,0
intfloat/multilingual-e5-small,HYBRID_PROTOTYPE,SCORE_AND_GAP,0.45,0.01,63,83,43.15068493150685,0.9523809523809523,3
intfloat/multilingual-e5-small,HYBRID_PROTOTYPE,SCORE_AND_GAP,0.45,0.02,27,119,18.493150684931507,1.0,0
intfloat/multilingual-e5-small,HYBRID_PROTOTYPE,SCORE_AND_GAP,0.45,0.03,6,140,4.109589041095891,1.0,0
intfloat/multilingual-e5-small,HYBRID_PROTOTYPE,SCORE_AND_GAP,0.45,0.04,2,144,1.36986301369863,1.0,0
intfloat/multilingual-e5-small,HYBRID_PROTOTYPE,SCORE_AND_GAP,0.45,0.05,0,146,0.0,,0
intfloat/multilingual-e5-small,HYBRID_PROTOTYPE,SCORE_AND_GAP,0.45,0.06,0,146,0.0,,0
intfloat/multilingual-e5-small,HYBRID_PROTOTYPE,SCORE_AND_GAP,0.45,0.08,0,146,0.0,,0
intfloat/multilingual-e5-small,HYBRID_PROTOTYPE,SCORE_AND_GAP,0.45,0.1,0,146,0.0,,0
intfloat/multilingual-e5-small,HYBRID_PROTOTYPE,SCORE_AND_GAP,0.45,0.12,0,146,0.0,,0
intfloat/multilingual-e5-small,HYBRID_PROTOTYPE,SCORE_AND_GAP,0.45,0.15,0,146,0.0,,0
intfloat/multilingual-e5-small,HYBRID_PROTOTYPE,SCORE_AND_GAP,0.45,0.2,0,146,0.0,,0
intfloat/multilingual-e5-small,HYBRID_PROTOTYPE,SCORE_AND_GAP,0.5,0.01,63,83,43.15068493150685,0.9523809523809523,3
intfloat/multilingual-e5-small,HYBRID_PROTOTYPE,SCORE_AND_GAP,0.5,0.02,27,119,18.493150684931507,1.0,0
intfloat/multilingual-e5-small,HYBRID_PROTOTYPE,SCORE_AND_GAP,0.5,0.03,6,140,4.109589041095891,1.0,0
intfloat/multilingual-e5-small,HYBRID_PROTOTYPE,SCORE_AND_GAP,0.5,0.04,2,144,1.36986301369863,1.0,0
intfloat/multilingual-e5-small,HYBRID_PROTOTYPE,SCORE_AND_GAP,0.5,0.05,0,146,0.0,,0
intfloat/multilingual-e5-small,HYBRID_PROTOTYPE,SCORE_AND_GAP,0.5,0.06,0,146,0.0,,0
intfloat/multilingual-e5-small,HYBRID_PROTOTYPE,SCORE_AND_GAP,0.5,0.08,0,146,0.0,,0
intfloat/multilingual-e5-small,HYBRID_PROTOTYPE,SCORE_AND_GAP,0.5,0.1,0,146,0.0,,0
intfloat/multilingual-e5-small,HYBRID_PROTOTYPE,SCORE_AND_GAP,0.5,0.12,0,146,0.0,,0
intfloat/multilingual-e5-small,HYBRID_PROTOTYPE,SCORE_AND_GAP,0.5,0.15,0,146,0.0,,0
intfloat/multilingual-e5-small,HYBRID_PROTOTYPE,SCORE_AND_GAP,0.5,0.2,0,146,0.0,,0
intfloat/multilingual-e5-small,HYBRID_PROTOTYPE,SCORE_AND_GAP,0.55,0.01,63,83,43.15068493150685,0.9523809523809523,3
intfloat/multilingual-e5-small,HYBRID_PROTOTYPE,SCORE_AND_GAP,0.55,0.02,27,119,18.493150684931507,1.0,0
intfloat/multilingual-e5-small,HYBRID_PROTOTYPE,SCORE_AND_GAP,0.55,0.03,6,140,4.109589041095891,1.0,0
intfloat/multilingual-e5-small,HYBRID_PROTOTYPE,SCORE_AND_GAP,0.55,0.04,2,144,1.36986301369863,1.0,0
intfloat/multilingual-e5-small,HYBRID_PROTOTYPE,SCORE_AND_GAP,0.55,0.05,0,146,0.0,,0
intfloat/multilingual-e5-small,HYBRID_PROTOTYPE,SCORE_AND_GAP,0.55,0.06,0,146,0.0,,0
intfloat/multilingual-e5-small,HYBRID_PROTOTYPE,SCORE_AND_GAP,0.55,0.08,0,146,0.0,,0
intfloat/multilingual-e5-small,HYBRID_PROTOTYPE,SCORE_AND_GAP,0.55,0.1,0,146,0.0,,0
intfloat/multilingual-e5-small,HYBRID_PROTOTYPE,SCORE_AND_GAP,0.55,0.12,0,146,0.0,,0
intfloat/multilingual-e5-small,HYBRID_PROTOTYPE,SCORE_AND_GAP,0.55,0.15,0,146,0.0,,0
intfloat/multilingual-e5-small,HYBRID_PROTOTYPE,SCORE_AND_GAP,0.55,0.2,0,146,0.0,,0
intfloat/multilingual-e5-small,HYBRID_PROTOTYPE,SCORE_AND_GAP,0.6,0.01,63,83,43.15068493150685,0.9523809523809523,3
intfloat/multilingual-e5-small,HYBRID_PROTOTYPE,SCORE_AND_GAP,0.6,0.02,27,119,18.493150684931507,1.0,0
intfloat/multilingual-e5-small,HYBRID_PROTOTYPE,SCORE_AND_GAP,0.6,0.03,6,140,4.109589041095891,1.0,0
intfloat/multilingual-e5-small,HYBRID_PROTOTYPE,SCORE_AND_GAP,0.6,0.04,2,144,1.36986301369863,1.0,0
intfloat/multilingual-e5-small,HYBRID_PROTOTYPE,SCORE_AND_GAP,0.6,0.05,0,146,0.0,,0
intfloat/multilingual-e5-small,HYBRID_PROTOTYPE,SCORE_AND_GAP,0.6,0.06,0,146,0.0,,0
intfloat/multilingual-e5-small,HYBRID_PROTOTYPE,SCORE_AND_GAP,0.6,0.08,0,146,0.0,,0
intfloat/multilingual-e5-small,HYBRID_PROTOTYPE,SCORE_AND_GAP,0.6,0.1,0,146,0.0,,0
intfloat/multilingual-e5-small,HYBRID_PROTOTYPE,SCORE_AND_GAP,0.6,0.12,0,146,0.0,,0
intfloat/multilingual-e5-small,HYBRID_PROTOTYPE,SCORE_AND_GAP,0.6,0.15,0,146,0.0,,0
intfloat/multilingual-e5-small,HYBRID_PROTOTYPE,SCORE_AND_GAP,0.6,0.2,0,146,0.0,,0
intfloat/multilingual-e5-small,HYBRID_PROTOTYPE,SCORE_AND_GAP,0.65,0.01,63,83,43.15068493150685,0.9523809523809523,3
intfloat/multilingual-e5-small,HYBRID_PROTOTYPE,SCORE_AND_GAP,0.65,0.02,27,119,18.493150684931507,1.0,0
intfloat/multilingual-e5-small,HYBRID_PROTOTYPE,SCORE_AND_GAP,0.65,0.03,6,140,4.109589041095891,1.0,0
intfloat/multilingual-e5-small,HYBRID_PROTOTYPE,SCORE_AND_GAP,0.65,0.04,2,144,1.36986301369863,1.0,0
intfloat/multilingual-e5-small,HYBRID_PROTOTYPE,SCORE_AND_GAP,0.65,0.05,0,146,0.0,,0
intfloat/multilingual-e5-small,HYBRID_PROTOTYPE,SCORE_AND_GAP,0.65,0.06,0,146,0.0,,0
intfloat/multilingual-e5-small,HYBRID_PROTOTYPE,SCORE_AND_GAP,0.65,0.08,0,146,0.0,,0
intfloat/multilingual-e5-small,HYBRID_PROTOTYPE,SCORE_AND_GAP,0.65,0.1,0,146,0.0,,0
intfloat/multilingual-e5-small,HYBRID_PROTOTYPE,SCORE_AND_GAP,0.65,0.12,0,146,0.0,,0
intfloat/multilingual-e5-small,HYBRID_PROTOTYPE,SCORE_AND_GAP,0.65,0.15,0,146,0.0,,0
intfloat/multilingual-e5-small,HYBRID_PROTOTYPE,SCORE_AND_GAP,0.65,0.2,0,146,0.0,,0
intfloat/multilingual-e5-small,HYBRID_PROTOTYPE,SCORE_AND_GAP,0.7,0.01,63,83,43.15068493150685,0.9523809523809523,3
intfloat/multilingual-e5-small,HYBRID_PROTOTYPE,SCORE_AND_GAP,0.7,0.02,27,119,18.493150684931507,1.0,0
intfloat/multilingual-e5-small,HYBRID_PROTOTYPE,SCORE_AND_GAP,0.7,0.03,6,140,4.109589041095891,1.0,0
intfloat/multilingual-e5-small,HYBRID_PROTOTYPE,SCORE_AND_GAP,0.7,0.04,2,144,1.36986301369863,1.0,0
intfloat/multilingual-e5-small,HYBRID_PROTOTYPE,SCORE_AND_GAP,0.7,0.05,0,146,0.0,,0
intfloat/multilingual-e5-small,HYBRID_PROTOTYPE,SCORE_AND_GAP,0.7,0.06,0,146,0.0,,0
intfloat/multilingual-e5-small,HYBRID_PROTOTYPE,SCORE_AND_GAP,0.7,0.08,0,146,0.0,,0
intfloat/multilingual-e5-small,HYBRID_PROTOTYPE,SCORE_AND_GAP,0.7,0.1,0,146,0.0,,0
intfloat/multilingual-e5-small,HYBRID_PROTOTYPE,SCORE_AND_GAP,0.7,0.12,0,146,0.0,,0
intfloat/multilingual-e5-small,HYBRID_PROTOTYPE,SCORE_AND_GAP,0.7,0.15,0,146,0.0,,0
intfloat/multilingual-e5-small,HYBRID_PROTOTYPE,SCORE_AND_GAP,0.7,0.2,0,146,0.0,,0
intfloat/multilingual-e5-small,HYBRID_PROTOTYPE,SCORE_AND_GAP,0.75,0.01,63,83,43.15068493150685,0.9523809523809523,3
intfloat/multilingual-e5-small,HYBRID_PROTOTYPE,SCORE_AND_GAP,0.75,0.02,27,119,18.493150684931507,1.0,0
intfloat/multilingual-e5-small,HYBRID_PROTOTYPE,SCORE_AND_GAP,0.75,0.03,6,140,4.109589041095891,1.0,0
intfloat/multilingual-e5-small,HYBRID_PROTOTYPE,SCORE_AND_GAP,0.75,0.04,2,144,1.36986301369863,1.0,0
intfloat/multilingual-e5-small,HYBRID_PROTOTYPE,SCORE_AND_GAP,0.75,0.05,0,146,0.0,,0
intfloat/multilingual-e5-small,HYBRID_PROTOTYPE,SCORE_AND_GAP,0.75,0.06,0,146,0.0,,0
intfloat/multilingual-e5-small,HYBRID_PROTOTYPE,SCORE_AND_GAP,0.75,0.08,0,146,0.0,,0
intfloat/multilingual-e5-small,HYBRID_PROTOTYPE,SCORE_AND_GAP,0.75,0.1,0,146,0.0,,0
intfloat/multilingual-e5-small,HYBRID_PROTOTYPE,SCORE_AND_GAP,0.75,0.12,0,146,0.0,,0
intfloat/multilingual-e5-small,HYBRID_PROTOTYPE,SCORE_AND_GAP,0.75,0.15,0,146,0.0,,0
intfloat/multilingual-e5-small,HYBRID_PROTOTYPE,SCORE_AND_GAP,0.75,0.2,0,146,0.0,,0
intfloat/multilingual-e5-small,HYBRID_PROTOTYPE,SCORE_AND_GAP,0.8,0.01,63,83,43.15068493150685,0.9523809523809523,3
intfloat/multilingual-e5-small,HYBRID_PROTOTYPE,SCORE_AND_GAP,0.8,0.02,27,119,18.493150684931507,1.0,0
intfloat/multilingual-e5-small,HYBRID_PROTOTYPE,SCORE_AND_GAP,0.8,0.03,6,140,4.109589041095891,1.0,0
intfloat/multilingual-e5-small,HYBRID_PROTOTYPE,SCORE_AND_GAP,0.8,0.04,2,144,1.36986301369863,1.0,0
intfloat/multilingual-e5-small,HYBRID_PROTOTYPE,SCORE_AND_GAP,0.8,0.05,0,146,0.0,,0
intfloat/multilingual-e5-small,HYBRID_PROTOTYPE,SCORE_AND_GAP,0.8,0.06,0,146,0.0,,0
intfloat/multilingual-e5-small,HYBRID_PROTOTYPE,SCORE_AND_GAP,0.8,0.08,0,146,0.0,,0
intfloat/multilingual-e5-small,HYBRID_PROTOTYPE,SCORE_AND_GAP,0.8,0.1,0,146,0.0,,0
intfloat/multilingual-e5-small,HYBRID_PROTOTYPE,SCORE_AND_GAP,0.8,0.12,0,146,0.0,,0
intfloat/multilingual-e5-small,HYBRID_PROTOTYPE,SCORE_AND_GAP,0.8,0.15,0,146,0.0,,0
intfloat/multilingual-e5-small,HYBRID_PROTOTYPE,SCORE_AND_GAP,0.8,0.2,0,146,0.0,,0
intfloat/multilingual-e5-small,HYBRID_PROTOTYPE,SCORE_AND_GAP,0.85,0.01,59,87,40.41095890410959,0.9491525423728814,3
intfloat/multilingual-e5-small,HYBRID_PROTOTYPE,SCORE_AND_GAP,0.85,0.02,26,120,17.80821917808219,1.0,0
intfloat/multilingual-e5-small,HYBRID_PROTOTYPE,SCORE_AND_GAP,0.85,0.03,6,140,4.109589041095891,1.0,0
intfloat/multilingual-e5-small,HYBRID_PROTOTYPE,SCORE_AND_GAP,0.85,0.04,2,144,1.36986301369863,1.0,0
intfloat/multilingual-e5-small,HYBRID_PROTOTYPE,SCORE_AND_GAP,0.85,0.05,0,146,0.0,,0
intfloat/multilingual-e5-small,HYBRID_PROTOTYPE,SCORE_AND_GAP,0.85,0.06,0,146,0.0,,0
intfloat/multilingual-e5-small,HYBRID_PROTOTYPE,SCORE_AND_GAP,0.85,0.08,0,146,0.0,,0
intfloat/multilingual-e5-small,HYBRID_PROTOTYPE,SCORE_AND_GAP,0.85,0.1,0,146,0.0,,0
intfloat/multilingual-e5-small,HYBRID_PROTOTYPE,SCORE_AND_GAP,0.85,0.12,0,146,0.0,,0
intfloat/multilingual-e5-small,HYBRID_PROTOTYPE,SCORE_AND_GAP,0.85,0.15,0,146,0.0,,0
intfloat/multilingual-e5-small,HYBRID_PROTOTYPE,SCORE_AND_GAP,0.85,0.2,0,146,0.0,,0
intfloat/multilingual-e5-small,HYBRID_PROTOTYPE,SCORE_AND_GAP,0.9,0.01,17,129,11.643835616438356,1.0,0
intfloat/multilingual-e5-small,HYBRID_PROTOTYPE,SCORE_AND_GAP,0.9,0.02,10,136,6.8493150684931505,1.0,0
intfloat/multilingual-e5-small,HYBRID_PROTOTYPE,SCORE_AND_GAP,0.9,0.03,2,144,1.36986301369863,1.0,0
intfloat/multilingual-e5-small,HYBRID_PROTOTYPE,SCORE_AND_GAP,0.9,0.04,1,145,0.684931506849315,1.0,0
intfloat/multilingual-e5-small,HYBRID_PROTOTYPE,SCORE_AND_GAP,0.9,0.05,0,146,0.0,,0
intfloat/multilingual-e5-small,HYBRID_PROTOTYPE,SCORE_AND_GAP,0.9,0.06,0,146,0.0,,0
intfloat/multilingual-e5-small,HYBRID_PROTOTYPE,SCORE_AND_GAP,0.9,0.08,0,146,0.0,,0
intfloat/multilingual-e5-small,HYBRID_PROTOTYPE,SCORE_AND_GAP,0.9,0.1,0,146,0.0,,0
intfloat/multilingual-e5-small,HYBRID_PROTOTYPE,SCORE_AND_GAP,0.9,0.12,0,146,0.0,,0
intfloat/multilingual-e5-small,HYBRID_PROTOTYPE,SCORE_AND_GAP,0.9,0.15,0,146,0.0,,0
intfloat/multilingual-e5-small,HYBRID_PROTOTYPE,SCORE_AND_GAP,0.9,0.2,0,146,0.0,,0
